[INFO] [launch]: All log files can be found below /home/asus/.ros/log/2026-08-11-23-18-23-828918-LAPTOP-FHNQ6FG2-31873
[INFO] [launch]: Default logging verbosity is set to INFO
[INFO] [gazebo-1]: process started with pid [31912]
[INFO] [parameter_bridge-2]: process started with pid [31913]
[INFO] [robot_state_publisher-3]: process started with pid [31914]
[INFO] [gazebo_sensor_delay-4]: process started with pid [31915]
[robot_state_publisher-3] [WARN] [1786461512.123593630] [kdl_parser]: The root link base_link has an inertia specified in the URDF, but KDL does not support a root link with an inertia.  As a workaround, you can add an extra dummy link to your URDF.
[robot_state_publisher-3] [INFO] [1786461512.123825017] [robot_state_publisher]: Robot initialized
[parameter_bridge-2] [INFO] [1786461512.131477639] [ros_gz_bridge]: Creating GZ->ROS Bridge: [/model/my_drone/odometry (gz.msgs.Odometry) -> /model/my_drone/odometry (nav_msgs/msg/Odometry)] (Lazy 0)
[parameter_bridge-2] [INFO] [1786461512.134277693] [ros_gz_bridge]: Creating ROS->GZ Bridge: [/world/flight_world/wrench (ros_gz_interfaces/msg/EntityWrench) -> /world/flight_world/wrench (gz.msgs.EntityWrench)] (Lazy 0)
[parameter_bridge-2] [INFO] [1786461512.136014596] [ros_gz_bridge]: Creating ROS->GZ Bridge: [/world/flight_world/wrench/latest (ros_gz_interfaces/msg/EntityWrench) -> /world/flight_world/wrench/latest (gz.msgs.EntityWrench)] (Lazy 0)
[parameter_bridge-2] [INFO] [1786461512.136437664] [ros_gz_bridge]: Creating ROS->GZ Bridge: [/world/flight_world/wrench/persistent (ros_gz_interfaces/msg/EntityWrench) -> /world/flight_world/wrench/persistent (gz.msgs.EntityWrench)] (Lazy 0)
[parameter_bridge-2] [INFO] [1786461512.136784048] [ros_gz_bridge]: Creating ROS->GZ Bridge: [/world/flight_world/wrench/clear (ros_gz_interfaces/msg/Entity) -> /world/flight_world/wrench/clear (gz.msgs.Entity)] (Lazy 0)
[parameter_bridge-2] [INFO] [1786461512.137219056] [ros_gz_bridge]: Creating GZ->ROS Bridge: [/my_drone/command/motor_speed (gz.msgs.Actuators) -> /my_drone/command/motor_speed (actuator_msgs/msg/Actuators)] (Lazy 0)
[parameter_bridge-2] [INFO] [1786461512.138330600] [ros_gz_bridge]: Creating GZ->ROS Bridge: [/world/flight_world/model/my_drone/joint_state (gz.msgs.Model) -> /world/flight_world/model/my_drone/joint_state (sensor_msgs/msg/JointState)] (Lazy 0)
[parameter_bridge-2] [INFO] [1786461512.139730773] [ros_gz_bridge]: Creating ROS->GZ Bridge: [/world/flight_world/model/my_drone/joint_state (sensor_msgs/msg/JointState) -> /world/flight_world/model/my_drone/joint_state (gz.msgs.Model)] (Lazy 0)
[parameter_bridge-2] [INFO] [1786461512.140379871] [ros_gz_bridge]: Creating GZ->ROS Bridge: [/clock (gz.msgs.Clock) -> /clock (rosgraph_msgs/msg/Clock)] (Lazy 0)
[INFO] [gazebo_direct_motor_model-5]: process started with pid [31952]
[gazebo-1] [1;32m[Msg] [0m[1;32mGazebo Sim Server v[0m[1;32m8.11.0[0m[1;32m[0m
[gazebo-1] [1;32m[Msg] [0m[1;32mSetting seed value: [0m[1;32m4027[0m[1;32m[0m
[gazebo-1] [1;32m[Msg] [0m[1;32mLoading SDF world file[[0m[1;32m/mnt/e/清洁无人机/drone_sim_ws/src/drone_arm_sim/worlds/flight_world_debug_4kg.sdf[0m[1;32m].[0m
[gazebo-1] [1;32m[Msg] [0m[1;32mServing entity system service on [[0m[1;32m/[0m[1;32mentity/system/add[0m[1;32m][0m[1;32m[0m
[gazebo-1] [1;32m[Msg] [0m[1;32mCreate[0m[1;32m service on [[0m[1;32m/world/flight_world/create_multiple[0m[1;32m] (async)[0m[1;32m[0m
[gazebo-1] [1;32m[Msg] [0m[1;32mCreate[0m[1;32m service on [[0m[1;32m/world/flight_world/create_multiple/blocking[0m[1;32m] (blocking)[0m[1;32m[0m
[gazebo-1] [1;32m[Msg] [0m[1;32mRemove[0m[1;32m service on [[0m[1;32m/world/flight_world/remove[0m[1;32m] (async)[0m[1;32m[0m
[gazebo-1] [1;32m[Msg] [0m[1;32mRemove[0m[1;32m service on [[0m[1;32m/world/flight_world/remove/blocking[0m[1;32m] (blocking)[0m[1;32m[0m
[gazebo-1] [1;32m[Msg] [0m[1;32mPose[0m[1;32m service on [[0m[1;32m/world/flight_world/set_pose[0m[1;32m] (async)[0m[1;32m[0m
[gazebo-1] [1;32m[Msg] [0m[1;32mPose[0m[1;32m service on [[0m[1;32m/world/flight_world/set_pose/blocking[0m[1;32m] (blocking)[0m[1;32m[0m
[gazebo-1] [1;32m[Msg] [0m[1;32mPose[0m[1;32m service on [[0m[1;32m/world/flight_world/set_pose_vector[0m[1;32m] (async)[0m[1;32m[0m
[gazebo-1] [1;32m[Msg] [0m[1;32mPose[0m[1;32m service on [[0m[1;32m/world/flight_world/set_pose_vector/blocking[0m[1;32m] (blocking)[0m[1;32m[0m
[gazebo-1] [1;32m[Msg] [0m[1;32mLight configuration[0m[1;32m service on [[0m[1;32m/world/flight_world/light_config[0m[1;32m] (async)[0m[1;32m[0m
[gazebo-1] [1;32m[Msg] [0m[1;32mLight configuration[0m[1;32m service on [[0m[1;32m/world/flight_world/light_config/blocking[0m[1;32m] (blocking)[0m[1;32m[0m
[gazebo-1] [1;32m[Msg] [0m[1;32mPhysics[0m[1;32m service on [[0m[1;32m/world/flight_world/set_physics[0m[1;32m] (async)[0m[1;32m[0m
[gazebo-1] [1;32m[Msg] [0m[1;32mPhysics[0m[1;32m service on [[0m[1;32m/world/flight_world/set_physics/blocking[0m[1;32m] (blocking)[0m[1;32m[0m
[gazebo-1] [1;32m[Msg] [0m[1;32mSphericalCoordinates[0m[1;32m service on [[0m[1;32m/world/flight_world/set_spherical_coordinates[0m[1;32m] (async)[0m[1;32m[0m
[gazebo-1] [1;32m[Msg] [0m[1;32mSphericalCoordinates[0m[1;32m service on [[0m[1;32m/world/flight_world/set_spherical_coordinates/blocking[0m[1;32m] (blocking)[0m[1;32m[0m
[gazebo-1] [1;32m[Msg] [0m[1;32mEnable collision[0m[1;32m service on [[0m[1;32m/world/flight_world/enable_collision[0m[1;32m] (async)[0m[1;32m[0m
[gazebo-1] [1;32m[Msg] [0m[1;32mEnable collision[0m[1;32m service on [[0m[1;32m/world/flight_world/enable_collision/blocking[0m[1;32m] (blocking)[0m[1;32m[0m
[gazebo-1] [1;32m[Msg] [0m[1;32mDisable collision[0m[1;32m service on [[0m[1;32m/world/flight_world/disable_collision[0m[1;32m] (async)[0m[1;32m[0m
[gazebo-1] [1;32m[Msg] [0m[1;32mDisable collision[0m[1;32m service on [[0m[1;32m/world/flight_world/disable_collision/blocking[0m[1;32m] (blocking)[0m[1;32m[0m
[gazebo-1] [1;32m[Msg] [0m[1;32mMaterial[0m[1;32m service on [[0m[1;32m/world/flight_world/visual_config[0m[1;32m] (async)[0m[1;32m[0m
[gazebo-1] [1;32m[Msg] [0m[1;32mMaterial[0m[1;32m service on [[0m[1;32m/world/flight_world/visual_config/blocking[0m[1;32m] (blocking)[0m[1;32m[0m
[gazebo-1] [1;32m[Msg] [0m[1;32mMaterial[0m[1;32m service on [[0m[1;32m/world/flight_world/wheel_slip[0m[1;32m] (async)[0m[1;32m[0m
[gazebo-1] [1;32m[Msg] [0m[1;32mMaterial[0m[1;32m service on [[0m[1;32m/world/flight_world/wheel_slip/blocking[0m[1;32m] (blocking)[0m[1;32m[0m
[gazebo-1] [1;32m[Msg] [0m[1;32mListening to instantaneous wrench commands in [[0m[1;32m/world/flight_world/wrench[0m[1;32m][0m[1;32m[0m
[gazebo-1] [1;32m[Msg] [0m[1;32mListening to persistent wrench commands in [[0m[1;32m/world/flight_world/wrench/persistent[0m[1;32m][0m[1;32m[0m
[gazebo-1] [1;32m[Msg] [0m[1;32mListening to wrench clear commands in [[0m[1;32m/world/flight_world/wrench/clear[0m[1;32m][0m[1;32m[0m
[gazebo_sensor_delay-4] [INFO] [1786461513.552463315] [my_drone_gazebo_sensor_delay]: sensor delay imu: 0.0 ms
[gazebo_sensor_delay-4] [INFO] [1786461513.646428657] [my_drone_gazebo_sensor_delay]: sensor delay magnetometer: 0.0 ms
[gazebo_sensor_delay-4] [INFO] [1786461513.659246691] [my_drone_gazebo_sensor_delay]: sensor delay air_pressure: 0.0 ms
[gazebo_sensor_delay-4] [INFO] [1786461513.670780297] [my_drone_gazebo_sensor_delay]: sensor delay navsat: 0.0 ms
[INFO] [create-6]: process started with pid [31983]
[create-6] [INFO] [1786461514.348865508] [ros_gz_sim]: Entity creation successful.
[gazebo-1] [1;32m[Msg] [0m[1;32mHolding latest wrench from [[0m[1;32m/world/flight_world/wrench/latest[0m[1;32m] for every physics step; wall timeout [[0m[1;32m1[0m[1;32m s].[0m[1;32m[0m
[gazebo-1] [1;32m[Msg] [0m[1;32mLoaded level [[0m[1;32mdefault[0m[1;32m][0m[1;32m[0m
[gazebo-1] [1;32m[Msg] [0m[1;32mServing world controls on [[0m[1;32m/world/flight_world[0m[1;32m/control], [[0m[1;32m/world/flight_world[0m[1;32m/control/state] and [[0m[1;32m/world/flight_world[0m[1;32m/playback/control][0m[1;32m[0m
[gazebo-1] [1;32m[Msg] [0m[1;32mServing GUI information on [[0m[1;32m/world/flight_world[0m[1;32m/[0m[1;32mgui/info[0m[1;32m][0m[1;32m[0m
[gazebo-1] [1;32m[Msg] [0m[1;32mWorld [[0m[1;32mflight_world[0m[1;32m] initialized with [[0m[1;32mflight_step[0m[1;32m] physics profile.[0m[1;32m[0m
[gazebo-1] [1;32m[Msg] [0m[1;32mServing world SDF generation service on [[0m[1;32m/world/flight_world[0m[1;32m/[0m[1;32mgenerate_world_sdf[0m[1;32m][0m[1;32m[0m
[gazebo-1] [1;32m[Msg] [0m[1;32mServing world names on [[0m[1;32m/gazebo/worlds[0m[1;32m][0m[1;32m[0m
[gazebo-1] [1;32m[Msg] [0m[1;32mResource path add service on [[0m[1;32m/gazebo/resource_paths/add[0m[1;32m].[0m[1;32m[0m
[gazebo-1] [1;32m[Msg] [0m[1;32mResource path get service on [[0m[1;32m/gazebo/resource_paths/get[0m[1;32m].[0m[1;32m[0m
[gazebo-1] [1;32m[Msg] [0m[1;32mResource path resolve service on [[0m[1;32m/gazebo/resource_paths/resolve[0m[1;32m].[0m[1;32m[0m
[gazebo-1] [1;32m[Msg] [0m[1;32mResource paths published on [[0m[1;32m/gazebo/resource_paths[0m[1;32m].[0m[1;32m[0m
[gazebo-1] [1;32m[Msg] [0m[1;32mServer control service on [[0m[1;32m/server_control[0m[1;32m].[0m[1;32m[0m
[gazebo-1] [1;32m[Msg] [0m[1;32mFound no publishers on /stats, adding root stats topic[0m[1;32m[0m
[gazebo-1] [1;32m[Msg] [0m[1;32mFound no publishers on /clock, adding root clock topic[0m[1;32m[0m
[gazebo-1] [1;33mWarning [Utils.cc:132][0m [/sdf/model[@name="my_drone_v3_cad_debug_4kg"]/link[@name="base_link"]/sensor[@name="air_pressure_sensor"]/gz_frame_id:<urdf-string>:L0]: XML Element[gz_frame_id], child of element[sensor], not defined in SDF. Copying[gz_frame_id] as children of [sensor].
[gazebo-1] [1;33mWarning [Utils.cc:132][0m [/sdf/model[@name="my_drone_v3_cad_debug_4kg"]/link[@name="base_link"]/sensor[@name="magnetometer_sensor"]/gz_frame_id:<urdf-string>:L0]: XML Element[gz_frame_id], child of element[sensor], not defined in SDF. Copying[gz_frame_id] as children of [sensor].
[gazebo-1] [1;33mWarning [Utils.cc:132][0m [/sdf/model[@name="my_drone_v3_cad_debug_4kg"]/link[@name="base_link"]/sensor[@name="imu_sensor"]/gz_frame_id:<urdf-string>:L0]: XML Element[gz_frame_id], child of element[sensor], not defined in SDF. Copying[gz_frame_id] as children of [sensor].
[gazebo-1] [1;33mWarning [Utils.cc:132][0m [/sdf/model[@name="my_drone_v3_cad_debug_4kg"]/link[@name="base_link"]/sensor[@name="navsat_sensor"]/gz_frame_id:<urdf-string>:L0]: XML Element[gz_frame_id], child of element[sensor], not defined in SDF. Copying[gz_frame_id] as children of [sensor].
[INFO] [create-6]: process has finished cleanly [pid 31983]
[gazebo_direct_motor_model-5] [INFO] [1786461514.795308618] [my_drone_gazebo_direct_motor_model]: reaction moment trial enabled: Q/T=0.005 m
[gazebo_direct_motor_model-5] [INFO] [1786461514.816150437] [my_drone_gazebo_direct_motor_model]: battery dynamics override: enabled=False R=0.005 ohm capacity=10 Ah
[gazebo_direct_motor_model-5] [WARN] [1786461514.864400578] [my_drone_gazebo_direct_motor_model]: experimental arm disturbance-observer trim enabled: gain=0.500, max_delta=1.000 N
[gazebo-1] [INFO] [1786461514.946956252] [gz_ros_control]: [gz_ros2_control] Fixed joint ['arm_mount'] (Entity='76') is skipped.
[gazebo-1] [INFO] [1786461515.174734334] [gz_ros_control]: Loading controller_manager
[gazebo-1] [INFO] [1786461515.598347822] [controller_manager]: Using ROS clock for triggering controller manager cycles.
[gazebo-1] [INFO] [1786461515.603707282] [controller_manager]: Subscribing to '/robot_description' topic for robot description.
[gazebo-1] [WARN] [1786461515.608580564] [gz_ros_control]: Waiting RM to load and initialize hardware...
[gazebo-1] [INFO] [1786461515.614776024] [controller_manager]: Received robot description from topic.
[gazebo-1] [INFO] [1786461515.614903955] [controller_manager]: Enforcing command limits is disabled. Command limits from URDF will be ignored.
[gazebo-1] [INFO] [1786461515.781650117] [gz_ros_control]: The position_proportional_gain has been set to: 0.5
[gazebo-1] [INFO] [1786461515.781777968] [gz_ros_control]: Loading joint: shoulder_pan
[gazebo-1] [INFO] [1786461515.781799702] [gz_ros_control]: 	State:
[gazebo-1] [INFO] [1786461515.781833642] [gz_ros_control]: 		 position
[gazebo-1] [INFO] [1786461515.781849177] [gz_ros_control]: 			 found initial value: 0.000000
[gazebo-1] [INFO] [1786461515.781860078] [gz_ros_control]: 		 velocity
[gazebo-1] [INFO] [1786461515.781869946] [gz_ros_control]: 	Command:
[gazebo-1] [INFO] [1786461515.781872916] [gz_ros_control]: 		 position
[gazebo-1] [INFO] [1786461515.781902757] [gz_ros_control]: Loading joint: shoulder_lift
[gazebo-1] [INFO] [1786461515.781906714] [gz_ros_control]: 	State:
[gazebo-1] [INFO] [1786461515.781909418] [gz_ros_control]: 		 position
[gazebo-1] [INFO] [1786461515.781913134] [gz_ros_control]: 			 found initial value: 0.000000
[gazebo-1] [INFO] [1786461515.781916044] [gz_ros_control]: 		 velocity
[gazebo-1] [INFO] [1786461515.781918930] [gz_ros_control]: 	Command:
[gazebo-1] [INFO] [1786461515.781921781] [gz_ros_control]: 		 position
[gazebo-1] [INFO] [1786461515.781930237] [gz_ros_control]: Loading joint: elbow_flex
[gazebo-1] [INFO] [1786461515.781933368] [gz_ros_control]: 	State:
[gazebo-1] [INFO] [1786461515.781936549] [gz_ros_control]: 		 position
[gazebo-1] [INFO] [1786461515.781939334] [gz_ros_control]: 			 found initial value: 0.000000
[gazebo-1] [INFO] [1786461515.781941959] [gz_ros_control]: 		 velocity
[gazebo-1] [INFO] [1786461515.781944366] [gz_ros_control]: 	Command:
[gazebo-1] [INFO] [1786461515.781946756] [gz_ros_control]: 		 position
[gazebo-1] [INFO] [1786461515.781955819] [gz_ros_control]: Loading joint: wrist_flex
[gazebo-1] [INFO] [1786461515.781958322] [gz_ros_control]: 	State:
[gazebo-1] [INFO] [1786461515.781961383] [gz_ros_control]: 		 position
[gazebo-1] [INFO] [1786461515.781963668] [gz_ros_control]: 			 found initial value: 0.000000
[gazebo-1] [INFO] [1786461515.781966109] [gz_ros_control]: 		 velocity
[gazebo-1] [INFO] [1786461515.781968351] [gz_ros_control]: 	Command:
[gazebo-1] [INFO] [1786461515.781970676] [gz_ros_control]: 		 position
[gazebo-1] [INFO] [1786461515.781979564] [gz_ros_control]: Loading joint: wrist_roll
[gazebo-1] [INFO] [1786461515.781982333] [gz_ros_control]: 	State:
[gazebo-1] [INFO] [1786461515.781984955] [gz_ros_control]: 		 position
[gazebo-1] [INFO] [1786461515.781989037] [gz_ros_control]: 			 found initial value: -1.570796
[gazebo-1] [INFO] [1786461515.781992039] [gz_ros_control]: 		 velocity
[gazebo-1] [INFO] [1786461515.781994460] [gz_ros_control]: 	Command:
[gazebo-1] [INFO] [1786461515.781996857] [gz_ros_control]: 		 position
[gazebo-1] [INFO] [1786461515.782004408] [gz_ros_control]: Loading joint: gripper
[gazebo-1] [INFO] [1786461515.782010856] [gz_ros_control]: 	State:
[gazebo-1] [INFO] [1786461515.782013265] [gz_ros_control]: 		 position
[gazebo-1] [INFO] [1786461515.782015502] [gz_ros_control]: 			 found initial value: 0.000000
[gazebo-1] [INFO] [1786461515.782018184] [gz_ros_control]: 		 velocity
[gazebo-1] [INFO] [1786461515.782021308] [gz_ros_control]: 	Command:
[gazebo-1] [INFO] [1786461515.782023989] [gz_ros_control]: 		 position
[gazebo-1] [INFO] [1786461515.782091552] [gz_ros_control]: Loading sensor: imu_sensor
[gazebo-1] [INFO] [1786461515.782095260] [gz_ros_control]: 	State:
[gazebo-1] [WARN] [1786461515.782098417] [gz_ros_control]: IMU sensor 'imu_sensor' not found in hardware_info, skipping.
[gazebo-1] [INFO] [1786461515.782277789] [controller_manager]: Initialize hardware 'GazeboSimSystem' 
[gazebo-1] [WARN] [1786461515.782317400] [controller_manager.hardware_component.system.GazeboSimSystem]: Executor is not available during hardware component initialization for 'GazeboSimSystem'. Skipping node creation!
[gazebo-1] [INFO] [1786461515.782422165] [controller_manager]: Successful initialization of hardware 'GazeboSimSystem'
[gazebo-1] [INFO] [1786461515.782693368] [controller_manager]: Activating component 'GazeboSimSystem'.
[gazebo-1] [INFO] [1786461515.782726280] [resource_manager]: 'configure' hardware 'GazeboSimSystem' 
[gazebo-1] [INFO] [1786461515.782732790] [gz_ros_control]: System Successfully configured!
[gazebo-1] [INFO] [1786461515.782739732] [resource_manager]: Successful 'configure' of hardware 'GazeboSimSystem'
[gazebo-1] [INFO] [1786461515.782748970] [resource_manager]: 'activate' hardware 'GazeboSimSystem' 
[gazebo-1] [INFO] [1786461515.782767645] [resource_manager]: Successful 'activate' of hardware 'GazeboSimSystem'
[gazebo-1] [WARN] [1786461515.782869927] [controller_manager]: Component 'GazeboSimSystem' does not have read or write statistics initialized, skipping registration.
[gazebo-1] [INFO] [1786461515.782882926] [controller_manager]: Resource Manager has been successfully initialized. Starting Controller Manager services...
[INFO] [spawner-7]: process started with pid [32070]
[spawner-7] [INFO] [1786461518.360631357] [spawner_joint_state_broadcaster]: waiting for service /controller_manager/list_controllers to become available...
[gazebo-1] [INFO] [1786461518.862526082] [controller_manager]: Loading controller : 'joint_state_broadcaster' of type 'joint_state_broadcaster/JointStateBroadcaster'
[gazebo-1] [INFO] [1786461518.862584383] [controller_manager]: Loading controller 'joint_state_broadcaster'
[gazebo-1] [INFO] [1786461518.926618550] [controller_manager]: Controller 'joint_state_broadcaster' node arguments: --ros-args --params-file /mnt/e/清洁无人机/drone_sim_ws/install/drone_arm_sim/share/drone_arm_sim/config/so101_ros2_control.yaml -p use_sim_time:=true --param use_sim_time:=true 
[spawner-7] [INFO] [1786461518.946710878] [spawner_joint_state_broadcaster]: Loaded joint_state_broadcaster
[gazebo-1] [INFO] [1786461518.948240503] [controller_manager]: Configuring controller: 'joint_state_broadcaster'
[gazebo-1] [INFO] [1786461518.948817193] [joint_state_broadcaster]: 'joints' or 'interfaces' parameter is empty. All available state interfaces will be published
[gazebo-1] [INFO] [1786461518.984714665] [controller_manager]: Activating controllers: [ joint_state_broadcaster ]
[gazebo-1] [1;32m[Msg] [0m[1;32mOdometryPublisher publishing odometry on [[0m[1;32m/model/my_drone/odometry[0m[1;32m][0m[1;32m[0m
[gazebo-1] [1;32m[Msg] [0m[1;32mOdometryPublisher publishing odometry with covariance on [[0m[1;32m/model/my_drone/odometry_with_covariance[0m[1;32m][0m[1;32m[0m
[gazebo-1] [1;32m[Msg] [0m[1;32mOdometryPublisher publishing Pose_V (TF) on [[0m[1;32m/model/my_drone/pose[0m[1;32m][0m[1;32m[0m
[INFO] [spawner-8]: process started with pid [32088]
[gazebo-1] [INFO] [1786461520.242589818] [controller_manager]: Successfully switched controllers!
[spawner-7] [INFO] [1786461520.246007563] [spawner_joint_state_broadcaster]: Configured and activated joint_state_broadcaster
[gazebo_direct_motor_model-5] [INFO] [1786461520.268470684] [my_drone_gazebo_direct_motor_model]: MOTOR_DYNAMIC_STATE sim_s=0.012 cmd_min=0.0000 cmd_mean=0.0000 cmd_max=0.0000 filtered_mean=0.0000 filtered_max=0.0000 esc_throttle_mean=0.0000 total_thrust_n=0.0000 body_up_force_n=0.0000 saturated_motors=0 rated_cap_command=1.0000 voltage_v=14.8000 thrust_scale=1.000000 current_a=0.0000
[parameter_bridge-2] [INFO] [1786461520.269689336] [ros_gz_bridge]: Passing message from ROS ros_gz_interfaces/msg/EntityWrench to Gazebo gz.msgs.EntityWrench (showing msg only once per type)
[INFO] [spawner-7]: process has finished cleanly [pid 32070]
[gazebo_direct_motor_model-5] [INFO] [1786461521.266617258] [my_drone_gazebo_direct_motor_model]: MOTOR_DYNAMIC_STATE sim_s=1.012 cmd_min=0.0000 cmd_mean=0.0000 cmd_max=0.0000 filtered_mean=0.0000 filtered_max=0.0000 esc_throttle_mean=0.0000 total_thrust_n=0.0000 body_up_force_n=0.0000 saturated_motors=0 rated_cap_command=1.0000 voltage_v=14.8000 thrust_scale=1.000000 current_a=0.0000
[spawner-8] [INFO] [1786461521.432134487] [spawner_arm_controller]: waiting for service /controller_manager/list_controllers to become available...
[gazebo-1] [INFO] [1786461521.934178717] [controller_manager]: Loading controller : 'arm_controller' of type 'joint_trajectory_controller/JointTrajectoryController'
[gazebo-1] [INFO] [1786461521.934243693] [controller_manager]: Loading controller 'arm_controller'
[gazebo-1] [INFO] [1786461521.955895972] [controller_manager]: Controller 'arm_controller' node arguments: --ros-args --params-file /mnt/e/清洁无人机/drone_sim_ws/install/drone_arm_sim/share/drone_arm_sim/config/so101_ros2_control.yaml -p use_sim_time:=true --param use_sim_time:=true 
[INFO] [arm_coupling_monitor-9]: process started with pid [32114]
[spawner-8] [INFO] [1786461522.061892619] [spawner_arm_controller]: Loaded arm_controller
[gazebo-1] [INFO] [1786461522.062950269] [controller_manager]: Configuring controller: 'arm_controller'
[gazebo-1] [INFO] [1786461522.063482268] [arm_controller]: No specific joint names are used for command interfaces. Using 'joints' parameter.
[gazebo-1] [INFO] [1786461522.063876092] [arm_controller]: Command interfaces are [position] and state interfaces are [position velocity].
[gazebo-1] [INFO] [1786461522.063940789] [arm_controller]: Using 'splines' interpolation method.
[gazebo-1] [INFO] [1786461522.066996788] [arm_controller]: Action status changes will be monitored at 20.00 Hz.
[gazebo-1] [INFO] [1786461522.076381213] [arm_controller]: Setting initial scaling factor to 1.000000
[gazebo-1] [INFO] [1786461522.076429840] [arm_controller]: No scaling interface set. This controller will not read speed scaling from the hardware.
[gazebo-1] [INFO] [1786461522.078277475] [controller_manager]: Activating controllers: [ arm_controller ]
[gazebo-1] [INFO] [1786461522.081058489] [controller_manager]: Successfully switched controllers!
[spawner-8] [INFO] [1786461522.085720410] [spawner_arm_controller]: Configured and activated arm_controller
[INFO] [spawner-8]: process has finished cleanly [pid 32088]
[gazebo_direct_motor_model-5] [INFO] [1786461522.261640970] [my_drone_gazebo_direct_motor_model]: MOTOR_DYNAMIC_STATE sim_s=2.012 cmd_min=0.0000 cmd_mean=0.0000 cmd_max=0.0000 filtered_mean=0.0000 filtered_max=0.0000 esc_throttle_mean=0.0000 total_thrust_n=0.0000 body_up_force_n=0.0000 saturated_motors=0 rated_cap_command=1.0000 voltage_v=14.8000 thrust_scale=1.000000 current_a=0.0000
[INFO] [arm_disturbance_observer-10]: process started with pid [32116]
[gazebo_direct_motor_model-5] [INFO] [1786461523.266840704] [my_drone_gazebo_direct_motor_model]: MOTOR_DYNAMIC_STATE sim_s=3.012 cmd_min=0.0000 cmd_mean=0.0000 cmd_max=0.0000 filtered_mean=0.0000 filtered_max=0.0000 esc_throttle_mean=0.0000 total_thrust_n=0.0000 body_up_force_n=0.0000 saturated_motors=0 rated_cap_command=1.0000 voltage_v=14.8000 thrust_scale=1.000000 current_a=0.0000
[arm_coupling_monitor-9] [INFO] [1786461524.207442834] [my_drone_arm_coupling_monitor]: ARM_COUPLING_STATE {"com_body_flu_m": [-0.004002203544225107, 0.0002570449062536378, -0.204253946559876], "com_shift_m": [-2.0157439581825615e-06, 0.0009297014245570057, 0.0002274985014387998], "feedforward_acceleration_ned_m_s2": [4.018649715068068e-10, 4.877389778032797e-10, 4.613102729577639e-08], "filtered_joint_acceleration_peak_rad_s2": 2.5910478277443838e-06, "inertia_diag_kg_m2": [0.20777478246576248, 0.20843718634213795, 0.2128836640900554], "mass_kg": 4.0, "raw_joint_acceleration_peak_rad_s2": 4.909541657479289e-06, "reaction_force_body_n": [-1.950801618724756e-09, -1.607483300261178e-09, 1.845241106103891e-07], "reaction_torque_body_nm": [-4.767163729286604e-07, -5.499160159783207e-05, -4.840635922104357e-07]}
[gazebo_direct_motor_model-5] [INFO] [1786461524.269714751] [my_drone_gazebo_direct_motor_model]: MOTOR_DYNAMIC_STATE sim_s=4.016 cmd_min=0.0000 cmd_mean=0.0000 cmd_max=0.0000 filtered_mean=0.0000 filtered_max=0.0000 esc_throttle_mean=0.0000 total_thrust_n=0.0000 body_up_force_n=0.0000 saturated_motors=0 rated_cap_command=1.0000 voltage_v=14.8000 thrust_scale=1.000000 current_a=0.0000
[arm_disturbance_observer-10] usage: arm_disturbance_observer [-h] [--config CONFIG]
[arm_disturbance_observer-10]                                 [--velocity-command-scale VELOCITY_COMMAND_SCALE]
[arm_disturbance_observer-10]                                 [--maximum-torque-nm MAXIMUM_TORQUE_NM]
[arm_disturbance_observer-10] arm_disturbance_observer: error: unrecognized arguments: --ros-args
[ERROR] [arm_disturbance_observer-10]: process has died [pid 32116, exit code 2, cmd '/mnt/e/清洁无人机/drone_sim_ws/install/drone_arm_sim/lib/drone_arm_sim/arm_disturbance_observer --config /mnt/e/清洁无人机/drone_sim_ws/src/drone_arm_sim/config/my_drone_v3_cad_debug_4kg.json --maximum-torque-nm 0.08 --ros-args'].
[gazebo-1] [1;32m[Msg] [0m[1;32mServing scene information on [[0m[1;32m/world/flight_world[0m[1;32m/[0m[1;32mscene/info[0m[1;32m][0m[1;32m[0m
[gazebo-1] [1;32m[Msg] [0m[1;32mServing graph information on [[0m[1;32m/world/flight_world[0m[1;32m/[0m[1;32mscene/graph[0m[1;32m][0m[1;32m[0m
[gazebo-1] [1;32m[Msg] [0m[1;32mServing full state on [[0m[1;32m/world/flight_world[0m[1;32m/[0m[1;32mstate[0m[1;32m][0m[1;32m[0m
[gazebo-1] [1;32m[Msg] [0m[1;32mServing full state (async) on [[0m[1;32m/world/flight_world[0m[1;32m/[0m[1;32mstate_async[0m[1;32m][0m[1;32m[0m
[gazebo-1] [1;32m[Msg] [0m[1;32mPublishing scene information on [[0m[1;32m/world/flight_world/scene/info[0m[1;32m][0m[1;32m[0m
[gazebo-1] [1;32m[Msg] [0m[1;32mPublishing entity deletions on [[0m[1;32m/world/flight_world/scene/deletion[0m[1;32m][0m[1;32m[0m
[gazebo-1] [1;32m[Msg] [0m[1;32mPublishing state changes on [[0m[1;32m/world/flight_world/state[0m[1;32m][0m[1;32m[0m
[gazebo-1] [1;32m[Msg] [0m[1;32mPublishing pose messages on [[0m[1;32m/world/flight_world[0m[1;32m/[0m[1;32mpose/info[0m[1;32m][0m[1;32m[0m
[gazebo-1] [1;32m[Msg] [0m[1;32mPublishing dynamic pose messages on [[0m[1;32m/world/flight_world[0m[1;32m/[0m[1;32mdynamic_pose/info[0m[1;32m][0m[1;32m[0m
[gazebo_direct_motor_model-5] [INFO] [1786461525.269075907] [my_drone_gazebo_direct_motor_model]: MOTOR_DYNAMIC_STATE sim_s=5.016 cmd_min=0.0000 cmd_mean=0.0000 cmd_max=0.0000 filtered_mean=0.0000 filtered_max=0.0000 esc_throttle_mean=0.0000 total_thrust_n=0.0000 body_up_force_n=0.0000 saturated_motors=0 rated_cap_command=1.0000 voltage_v=14.8000 thrust_scale=1.000000 current_a=0.0000
[arm_coupling_monitor-9] [INFO] [1786461525.436494674] [my_drone_arm_coupling_monitor]: ARM_COUPLING_STATE {"com_body_flu_m": [-0.004002203632013911, 0.0002570448339167964, -0.2042539382562617], "com_shift_m": [-2.0158317469865655e-06, 0.0009297013522201643, 0.00022750680505309595], "feedforward_acceleration_ned_m_s2": [3.4837295167560085e-11, 4.2283908053795525e-11, 3.999063054267119e-09], "filtered_joint_acceleration_peak_rad_s2": 2.2461592788353658e-07, "inertia_diag_kg_m2": [0.20777477950799716, 0.208437183121404, 0.2128836638326545], "mass_kg": 4.0, "raw_joint_acceleration_peak_rad_s2": 2.0081591646905286e-06, "reaction_force_body_n": [-1.6912225671935254e-10, -1.3935121045057536e-10, 1.5996252340805785e-08], "reaction_torque_body_nm": [-2.4744567435406833e-08, -2.8502572583635125e-06, -2.5088725149166018e-08]}
[gazebo_direct_motor_model-5] [INFO] [1786461526.267886969] [my_drone_gazebo_direct_motor_model]: MOTOR_DYNAMIC_STATE sim_s=6.016 cmd_min=0.0000 cmd_mean=0.0000 cmd_max=0.0000 filtered_mean=0.0000 filtered_max=0.0000 esc_throttle_mean=0.0000 total_thrust_n=0.0000 body_up_force_n=0.0000 saturated_motors=0 rated_cap_command=1.0000 voltage_v=14.8000 thrust_scale=1.000000 current_a=0.0000
[arm_coupling_monitor-9] [INFO] [1786461526.756986880] [my_drone_arm_coupling_monitor]: ARM_COUPLING_STATE {"com_body_flu_m": [-0.004002203636565208, 0.00025704483016667293, -0.20425393782578125], "com_shift_m": [-2.015836298283405e-06, 0.0009297013484700408, 0.0002275072355335528], "feedforward_acceleration_ned_m_s2": [1.8156115569841059e-12, 2.2036743133293198e-12, 2.084167714370627e-10], "filtered_joint_acceleration_peak_rad_s2": 1.1706176247578367e-08, "inertia_diag_kg_m2": [0.2077747793546592, 0.20843718295443306, 0.2128836638193101], "mass_kg": 4.0, "raw_joint_acceleration_peak_rad_s2": 1.1645823837556506e-07, "reaction_force_body_n": [-8.814000170476213e-12, -7.26255201269022e-12, 8.336670921969515e-10], "reaction_torque_body_nm": [-1.286729164442824e-09, -1.4824798993218552e-07, -1.304912370527131e-09]}
[gazebo_direct_motor_model-5] [INFO] [1786461527.265238564] [my_drone_gazebo_direct_motor_model]: MOTOR_DYNAMIC_STATE sim_s=7.016 cmd_min=0.0000 cmd_mean=0.0000 cmd_max=0.0000 filtered_mean=0.0000 filtered_max=0.0000 esc_throttle_mean=0.0000 total_thrust_n=0.0000 body_up_force_n=0.0000 saturated_motors=0 rated_cap_command=1.0000 voltage_v=14.8000 thrust_scale=1.000000 current_a=0.0000
[arm_coupling_monitor-9] [INFO] [1786461527.772486635] [my_drone_arm_coupling_monitor]: ARM_COUPLING_STATE {"com_body_flu_m": [-0.00400220363678736, 0.0002570448299836284, -0.2042539378047693], "com_shift_m": [-2.0158365204355627e-06, 0.0009297013482869963, 0.00022750725654549497], "feedforward_acceleration_ned_m_s2": [2.0041509779935494e-13, 2.4329112063945127e-13, 2.3004560970903238e-11], "filtered_joint_acceleration_peak_rad_s2": 1.29207680716786e-09, "inertia_diag_kg_m2": [0.20777477934717475, 0.20843718294628313, 0.21288366381865875], "mass_kg": 4.0, "raw_joint_acceleration_peak_rad_s2": 6.136270464803652e-09, "reaction_force_body_n": [-9.730875400647125e-13, -8.016720679350344e-13, 9.201824459557932e-11], "reaction_torque_body_nm": [-1.417516188402745e-10, -1.636162877792367e-08, -1.4385348981706116e-10]}
[gazebo_direct_motor_model-5] [INFO] [1786461528.268028991] [my_drone_gazebo_direct_motor_model]: MOTOR_DYNAMIC_STATE sim_s=8.016 cmd_min=0.0000 cmd_mean=0.0000 cmd_max=0.0000 filtered_mean=0.0000 filtered_max=0.0000 esc_throttle_mean=0.0000 total_thrust_n=0.0000 body_up_force_n=0.0000 saturated_motors=0 rated_cap_command=1.0000 voltage_v=14.8000 thrust_scale=1.000000 current_a=0.0000
[arm_coupling_monitor-9] [INFO] [1786461528.790151008] [my_drone_arm_coupling_monitor]: ARM_COUPLING_STATE {"com_body_flu_m": [-0.004002203636813657, 0.0002570448299619582, -0.2042539378022819], "com_shift_m": [-2.015836546732236e-06, 0.0009297013482653261, 0.00022750725903289415], "feedforward_acceleration_ned_m_s2": [7.908599576804038e-15, 9.600056731580976e-15, 9.076369912402774e-13], "filtered_joint_acceleration_peak_rad_s2": 5.0970295383340856e-11, "inertia_diag_kg_m2": [0.2077747793462887, 0.20843718294531838, 0.2128836638185817], "mass_kg": 4.0, "raw_joint_acceleration_peak_rad_s2": 6.657987209282566e-10, "reaction_force_body_n": [-3.8397191175989756e-14, -3.163485901805567e-14, 3.630547993054521e-12], "reaction_torque_body_nm": [-3.441625951381125e-11, -4.021898948659915e-09, -3.535840711368186e-11]}
[gazebo_direct_motor_model-5] [INFO] [1786461529.278204994] [my_drone_gazebo_direct_motor_model]: MOTOR_DYNAMIC_STATE sim_s=9.016 cmd_min=0.0000 cmd_mean=0.0000 cmd_max=0.0000 filtered_mean=0.0000 filtered_max=0.0000 esc_throttle_mean=0.0000 total_thrust_n=0.0000 body_up_force_n=0.0000 saturated_motors=0 rated_cap_command=1.0000 voltage_v=14.8000 thrust_scale=1.000000 current_a=0.0000
[arm_coupling_monitor-9] [INFO] [1786461530.159238601] [my_drone_arm_coupling_monitor]: ARM_COUPLING_STATE {"com_body_flu_m": [-0.004002203636833781, 0.0002570448299453777, -0.20425393780037865], "com_shift_m": [-2.015836566856763e-06, 0.0009297013482487456, 0.00022750726093614948], "feedforward_acceleration_ned_m_s2": [3.818566984368595e-17, 5.492208504894789e-17, 1.986582183953825e-15], "filtered_joint_acceleration_peak_rad_s2": 9.536170837355356e-14, "inertia_diag_kg_m2": [0.20777477934561078, 0.20843718294458013, 0.2128836638185227], "mass_kg": 4.0, "raw_joint_acceleration_peak_rad_s2": 8.48742565178502e-12, "reaction_force_body_n": [-2.1968151952135966e-16, -1.5274397397075332e-16, 7.946328899495725e-15], "reaction_torque_body_nm": [-3.444329408479744e-11, -4.018921047413275e-09, -3.525795786369743e-11]}
[gazebo_direct_motor_model-5] [INFO] [1786461530.279912523] [my_drone_gazebo_direct_motor_model]: MOTOR_DYNAMIC_STATE sim_s=10.016 cmd_min=0.0000 cmd_mean=0.0000 cmd_max=0.0000 filtered_mean=0.0000 filtered_max=0.0000 esc_throttle_mean=0.0000 total_thrust_n=0.0000 body_up_force_n=0.0000 saturated_motors=0 rated_cap_command=1.0000 voltage_v=14.8000 thrust_scale=1.000000 current_a=0.0000
[gazebo_direct_motor_model-5] [INFO] [1786461531.270820093] [my_drone_gazebo_direct_motor_model]: MOTOR_DYNAMIC_STATE sim_s=11.016 cmd_min=0.0000 cmd_mean=0.0000 cmd_max=0.0000 filtered_mean=0.0000 filtered_max=0.0000 esc_throttle_mean=0.0000 total_thrust_n=0.0000 body_up_force_n=0.0000 saturated_motors=0 rated_cap_command=1.0000 voltage_v=14.8000 thrust_scale=1.000000 current_a=0.0000
[arm_coupling_monitor-9] [INFO] [1786461531.468142687] [my_drone_arm_coupling_monitor]: ARM_COUPLING_STATE {"com_body_flu_m": [-0.004002203636853833, 0.0002570448299288562, -0.20425393779848225], "com_shift_m": [-2.0158365869084316e-06, 0.0009297013482322241, 0.00022750726283254918], "feedforward_acceleration_ned_m_s2": [-2.6810920459985803e-18, 3.359002081781984e-17, 7.662491806145933e-16], "filtered_joint_acceleration_peak_rad_s2": 3.4233462025058764e-14, "inertia_diag_kg_m2": [0.20777477934493527, 0.20843718294384456, 0.21288366381846385], "mass_kg": 4.0, "raw_joint_acceleration_peak_rad_s2": 5.731001760764817e-12, "reaction_force_body_n": [-1.3435759940125133e-16, 1.0723764129608319e-17, 3.064996833456147e-15], "reaction_torque_body_nm": [-3.416847359585237e-11, -4.016652101860881e-09, -3.536364670790204e-11]}
[gazebo_direct_motor_model-5] [INFO] [1786461532.270133805] [my_drone_gazebo_direct_motor_model]: MOTOR_DYNAMIC_STATE sim_s=12.016 cmd_min=0.0000 cmd_mean=0.0000 cmd_max=0.0000 filtered_mean=0.0000 filtered_max=0.0000 esc_throttle_mean=0.0000 total_thrust_n=0.0000 body_up_force_n=0.0000 saturated_motors=0 rated_cap_command=1.0000 voltage_v=14.8000 thrust_scale=1.000000 current_a=0.0000
[arm_coupling_monitor-9] [INFO] [1786461532.795296881] [my_drone_arm_coupling_monitor]: ARM_COUPLING_STATE {"com_body_flu_m": [-0.004002203636873872, 0.0002570448299123451, -0.20425393779658696], "com_shift_m": [-2.015836606947957e-06, 0.000929701348215713, 0.00022750726472783867], "feedforward_acceleration_ned_m_s2": [-8.099457712746009e-18, 1.0873580919012383e-17, 6.009432509748155e-16], "filtered_joint_acceleration_peak_rad_s2": 3.809188090603656e-14, "inertia_diag_kg_m2": [0.2077747793442602, 0.20843718294310942, 0.21288366381840518], "mass_kg": 4.0, "raw_joint_acceleration_peak_rad_s2": 8.951336270978255e-12, "reaction_force_body_n": [-4.3492426277201175e-17, 3.239748768634512e-17, 2.4037730428555237e-15], "reaction_torque_body_nm": [-3.411726204156875e-11, -4.014511232107028e-09, -3.540140805571838e-11]}
[gazebo_direct_motor_model-5] [INFO] [1786461533.272380595] [my_drone_gazebo_direct_motor_model]: MOTOR_DYNAMIC_STATE sim_s=13.016 cmd_min=0.0000 cmd_mean=0.0000 cmd_max=0.0000 filtered_mean=0.0000 filtered_max=0.0000 esc_throttle_mean=0.0000 total_thrust_n=0.0000 body_up_force_n=0.0000 saturated_motors=0 rated_cap_command=1.0000 voltage_v=14.8000 thrust_scale=1.000000 current_a=0.0000
[arm_coupling_monitor-9] [INFO] [1786461533.799838121] [my_drone_arm_coupling_monitor]: ARM_COUPLING_STATE {"com_body_flu_m": [-0.004002203636888909, 0.0002570448298999557, -0.20425393779516482], "com_shift_m": [-2.0158366219845403e-06, 0.0009297013482033236, 0.00022750726614997885], "feedforward_acceleration_ned_m_s2": [2.5678282971657158e-18, 1.2350752138565977e-17, 4.2738604145456273e-16], "filtered_joint_acceleration_peak_rad_s2": 4.378666079626469e-14, "inertia_diag_kg_m2": [0.20777477934375357, 0.2084371829425578, 0.21288366381836105], "mass_kg": 4.0, "raw_joint_acceleration_peak_rad_s2": 7.249969980195454e-12, "reaction_force_body_n": [-4.9401588845560456e-17, -1.0271596219198273e-17, 1.70954420514437e-15], "reaction_torque_body_nm": [-3.447734362100086e-11, -4.012833212359369e-09, -3.543599154521921e-11]}
[gazebo_direct_motor_model-5] [INFO] [1786461534.279052902] [my_drone_gazebo_direct_motor_model]: MOTOR_DYNAMIC_STATE sim_s=14.016 cmd_min=0.0000 cmd_mean=0.0000 cmd_max=0.0000 filtered_mean=0.0000 filtered_max=0.0000 esc_throttle_mean=0.0000 total_thrust_n=0.0000 body_up_force_n=0.0000 saturated_motors=0 rated_cap_command=1.0000 voltage_v=14.8000 thrust_scale=1.000000 current_a=0.0000
[arm_coupling_monitor-9] [INFO] [1786461534.826034925] [my_drone_arm_coupling_monitor]: ARM_COUPLING_STATE {"com_body_flu_m": [-0.004002203636903939, 0.00025704482988757327, -0.20425393779374326], "com_shift_m": [-2.0158366370141845e-06, 0.0009297013481909411, 0.00022750726757153616], "feedforward_acceleration_ned_m_s2": [3.2969279242309797e-18, 2.526192017595693e-17, 7.271148727761084e-16], "filtered_joint_acceleration_peak_rad_s2": 3.776761128072891e-14, "inertia_diag_kg_m2": [0.20777477934324726, 0.20843718294200642, 0.21288366381831697], "mass_kg": 4.0, "raw_joint_acceleration_peak_rad_s2": 5.806370542913483e-12, "reaction_force_body_n": [-1.01045274389447e-16, -1.3188229086889166e-17, 2.908459572359224e-15], "reaction_torque_body_nm": [-3.418161420734656e-11, -4.010571213262938e-09, -3.5231451517035215e-11]}
[gazebo_direct_motor_model-5] [INFO] [1786461535.279715933] [my_drone_gazebo_direct_motor_model]: MOTOR_DYNAMIC_STATE sim_s=15.016 cmd_min=0.0000 cmd_mean=0.0000 cmd_max=0.0000 filtered_mean=0.0000 filtered_max=0.0000 esc_throttle_mean=0.0000 total_thrust_n=0.0000 body_up_force_n=0.0000 saturated_motors=0 rated_cap_command=1.0000 voltage_v=14.8000 thrust_scale=1.000000 current_a=0.0000
[arm_coupling_monitor-9] [INFO] [1786461536.121398966] [my_drone_arm_coupling_monitor]: ARM_COUPLING_STATE {"com_body_flu_m": [-0.004002203636924008, 0.0002570448298710379, -0.2042539377918452], "com_shift_m": [-2.0158366570832004e-06, 0.0009297013481744058, 0.0002275072694696012], "feedforward_acceleration_ned_m_s2": [1.6922037480269306e-18, -1.9978424659645503e-17, 7.240765485371776e-16], "filtered_joint_acceleration_peak_rad_s2": 3.9933222569915496e-14, "inertia_diag_kg_m2": [0.20777477934257116, 0.2084371829412702, 0.2128836638182581], "mass_kg": 4.0, "raw_joint_acceleration_peak_rad_s2": 7.3559526448504e-12, "reaction_force_body_n": [7.99160814689918e-17, -6.7689492575887176e-18, 2.8963061280878566e-15], "reaction_torque_body_nm": [-3.437040221049698e-11, -4.008220873356205e-09, -3.5263772769959e-11]}
[gazebo_direct_motor_model-5] [INFO] [1786461536.273071140] [my_drone_gazebo_direct_motor_model]: MOTOR_DYNAMIC_STATE sim_s=16.020 cmd_min=0.0000 cmd_mean=0.0000 cmd_max=0.0000 filtered_mean=0.0000 filtered_max=0.0000 esc_throttle_mean=0.0000 total_thrust_n=0.0000 body_up_force_n=0.0000 saturated_motors=0 rated_cap_command=1.0000 voltage_v=14.8000 thrust_scale=1.000000 current_a=0.0000
[gazebo_direct_motor_model-5] [INFO] [1786461537.270517496] [my_drone_gazebo_direct_motor_model]: MOTOR_DYNAMIC_STATE sim_s=17.020 cmd_min=0.0000 cmd_mean=0.0000 cmd_max=0.0000 filtered_mean=0.0000 filtered_max=0.0000 esc_throttle_mean=0.0000 total_thrust_n=0.0000 body_up_force_n=0.0000 saturated_motors=0 rated_cap_command=1.0000 voltage_v=14.8000 thrust_scale=1.000000 current_a=0.0000
[arm_coupling_monitor-9] [INFO] [1786461537.436471726] [my_drone_arm_coupling_monitor]: ARM_COUPLING_STATE {"com_body_flu_m": [-0.004002203636944004, 0.00025704482985455974, -0.20425393778995388], "com_shift_m": [-2.015836677079358e-06, 0.0009297013481579276, 0.00022750727136092164], "feedforward_acceleration_ned_m_s2": [-2.6251797395002136e-18, -5.0010265519363667e-17, 5.093832819212743e-16], "filtered_joint_acceleration_peak_rad_s2": 3.305003065580602e-14, "inertia_diag_kg_m2": [0.20777477934189745, 0.20843718294053667, 0.21288366381819948], "mass_kg": 4.0, "raw_joint_acceleration_peak_rad_s2": 8.064944081166813e-12, "reaction_force_body_n": [2.0004270617717887e-16, 1.0500927987928491e-17, 2.0375329651926198e-15], "reaction_torque_body_nm": [-3.426450432572318e-11, -4.006003692313468e-09, -3.530494440792376e-11]}
[gazebo_direct_motor_model-5] [INFO] [1786461538.272419911] [my_drone_gazebo_direct_motor_model]: MOTOR_DYNAMIC_STATE sim_s=18.020 cmd_min=0.0000 cmd_mean=0.0000 cmd_max=0.0000 filtered_mean=0.0000 filtered_max=0.0000 esc_throttle_mean=0.0000 total_thrust_n=0.0000 body_up_force_n=0.0000 saturated_motors=0 rated_cap_command=1.0000 voltage_v=14.8000 thrust_scale=1.000000 current_a=0.0000
[arm_coupling_monitor-9] [INFO] [1786461538.437779982] [my_drone_arm_coupling_monitor]: ARM_COUPLING_STATE {"com_body_flu_m": [-0.004002203636959006, 0.00025704482984219637, -0.20425393778853473], "com_shift_m": [-2.0158366920812465e-06, 0.0009297013481455643, 0.00022750727278006422], "feedforward_acceleration_ned_m_s2": [-1.3162310278632446e-17, 5.2517572521940404e-17, 8.42466709985574e-16], "filtered_joint_acceleration_peak_rad_s2": 7.681142879654956e-14, "inertia_diag_kg_m2": [0.20777477934139188, 0.2084371829399862, 0.21288366381815552], "mass_kg": 4.0, "raw_joint_acceleration_peak_rad_s2": 9.205155570720535e-12, "reaction_force_body_n": [-2.1006764536747301e-16, 5.26484454178695e-17, 3.369867017238961e-15], "reaction_torque_body_nm": [-3.397303184174147e-11, -4.0036937398403285e-09, -3.5048804444454844e-11]}
[gazebo_direct_motor_model-5] [INFO] [1786461539.277771498] [my_drone_gazebo_direct_motor_model]: MOTOR_DYNAMIC_STATE sim_s=19.020 cmd_min=0.0000 cmd_mean=0.0000 cmd_max=0.0000 filtered_mean=0.0000 filtered_max=0.0000 esc_throttle_mean=0.0000 total_thrust_n=0.0000 body_up_force_n=0.0000 saturated_motors=0 rated_cap_command=1.0000 voltage_v=14.8000 thrust_scale=1.000000 current_a=0.0000
[arm_coupling_monitor-9] [INFO] [1786461539.473990037] [my_drone_arm_coupling_monitor]: ARM_COUPLING_STATE {"com_body_flu_m": [-0.004002203636974002, 0.0002570448298298382, -0.20425393778711626], "com_shift_m": [-2.015836707077931e-06, 0.0009297013481332061, 0.00022750727419854067], "feedforward_acceleration_ned_m_s2": [-2.4791908456693915e-18, 1.4421860589739615e-17, 8.507288617014573e-16], "filtered_joint_acceleration_peak_rad_s2": 6.311101927552977e-14, "inertia_diag_kg_m2": [0.20777477934088667, 0.208437182939436, 0.21288366381811158], "mass_kg": 4.0, "raw_joint_acceleration_peak_rad_s2": 7.0510376328460105e-12, "reaction_force_body_n": [-5.76846804410713e-17, 9.916285778765692e-18, 3.4029154950175282e-15], "reaction_torque_body_nm": [-3.392200919546553e-11, -4.00218274072825e-09, -3.505078208023001e-11]}
[gazebo_direct_motor_model-5] [INFO] [1786461540.282260871] [my_drone_gazebo_direct_motor_model]: MOTOR_DYNAMIC_STATE sim_s=20.020 cmd_min=0.0000 cmd_mean=0.0000 cmd_max=0.0000 filtered_mean=0.0000 filtered_max=0.0000 esc_throttle_mean=0.0000 total_thrust_n=0.0000 body_up_force_n=0.0000 saturated_motors=0 rated_cap_command=1.0000 voltage_v=14.8000 thrust_scale=1.000000 current_a=0.0000
[arm_coupling_monitor-9] [INFO] [1786461540.774711168] [my_drone_arm_coupling_monitor]: ARM_COUPLING_STATE {"com_body_flu_m": [-0.004002203636993967, 0.0002570448298133878, -0.2042539377852278], "com_shift_m": [-2.0158367270428634e-06, 0.0009297013481167557, 0.00022750727608700227], "feedforward_acceleration_ned_m_s2": [1.8343729900089207e-17, 3.2113689318203174e-17, 7.491477910780885e-16], "filtered_joint_acceleration_peak_rad_s2": 3.3708394109028984e-14, "inertia_diag_kg_m2": [0.20777477934021396, 0.20843718293870353, 0.212883663818053], "mass_kg": 4.0, "raw_joint_acceleration_peak_rad_s2": 6.8061197495098175e-12, "reaction_force_body_n": [-1.284521518825344e-16, -7.33755040396779e-17, 2.99659126168567e-15], "reaction_torque_body_nm": [-3.402806042745156e-11, -3.999810250308833e-09, -3.5040203559718983e-11]}
[gazebo_direct_motor_model-5] [INFO] [1786461541.274559350] [my_drone_gazebo_direct_motor_model]: MOTOR_DYNAMIC_STATE sim_s=21.020 cmd_min=0.0000 cmd_mean=0.0000 cmd_max=0.0000 filtered_mean=0.0000 filtered_max=0.0000 esc_throttle_mean=0.0000 total_thrust_n=0.0000 body_up_force_n=0.0000 saturated_motors=0 rated_cap_command=1.0000 voltage_v=14.8000 thrust_scale=1.000000 current_a=0.0000
[arm_coupling_monitor-9] [INFO] [1786461542.112528657] [my_drone_arm_coupling_monitor]: ARM_COUPLING_STATE {"com_body_flu_m": [-0.004002203637013986, 0.0002570448297968958, -0.20425393778333475], "com_shift_m": [-2.0158367470615723e-06, 0.0009297013481002637, 0.00022750727798004355], "feedforward_acceleration_ned_m_s2": [-2.052344786127848e-18, 9.083665231955533e-18, 1.0156145835394257e-15], "filtered_joint_acceleration_peak_rad_s2": 5.455237545777989e-14, "inertia_diag_kg_m2": [0.2077747793395397, 0.20843718293796934, 0.21288366381799428], "mass_kg": 4.0, "raw_joint_acceleration_peak_rad_s2": 6.6307279947716095e-12, "reaction_force_body_n": [-3.6331356044778716e-17, 8.20887762321417e-18, 4.0624583647286986e-15], "reaction_torque_body_nm": [-3.396585173003712e-11, -3.997162921570055e-09, -3.5053292668968715e-11]}
[gazebo_direct_motor_model-5] [INFO] [1786461542.272522739] [my_drone_gazebo_direct_motor_model]: MOTOR_DYNAMIC_STATE sim_s=22.020 cmd_min=0.0000 cmd_mean=0.0000 cmd_max=0.0000 filtered_mean=0.0000 filtered_max=0.0000 esc_throttle_mean=0.0000 total_thrust_n=0.0000 body_up_force_n=0.0000 saturated_motors=0 rated_cap_command=1.0000 voltage_v=14.8000 thrust_scale=1.000000 current_a=0.0000
[arm_coupling_monitor-9] [INFO] [1786461543.160375700] [my_drone_arm_coupling_monitor]: ARM_COUPLING_STATE {"com_body_flu_m": [-0.004002203637028957, 0.00025704482978455845, -0.20425393778191864], "com_shift_m": [-2.015836762032236e-06, 0.0009297013480879263, 0.00022750727939616078], "feedforward_acceleration_ned_m_s2": [-1.3987050701799413e-17, 2.7027385143295605e-17, 8.183077993688257e-16], "filtered_joint_acceleration_peak_rad_s2": 4.701106300625785e-14, "inertia_diag_kg_m2": [0.20777477933903524, 0.20843718293742003, 0.2128836638179503], "mass_kg": 4.0, "raw_joint_acceleration_peak_rad_s2": 6.461596189404308e-12, "reaction_force_body_n": [-1.0810698184132216e-16, 5.594763236791183e-17, 3.273231291735353e-15], "reaction_torque_body_nm": [-3.3913158927596187e-11, -3.995514882911911e-09, -3.510717063579753e-11]}
[gazebo_direct_motor_model-5] [INFO] [1786461543.274769444] [my_drone_gazebo_direct_motor_model]: MOTOR_DYNAMIC_STATE sim_s=23.020 cmd_min=0.0000 cmd_mean=0.0000 cmd_max=0.0000 filtered_mean=0.0000 filtered_max=0.0000 esc_throttle_mean=0.0000 total_thrust_n=0.0000 body_up_force_n=0.0000 saturated_motors=0 rated_cap_command=1.0000 voltage_v=14.8000 thrust_scale=1.000000 current_a=0.0000
[arm_coupling_monitor-9] [INFO] [1786461544.152456575] [my_drone_arm_coupling_monitor]: ARM_COUPLING_STATE {"com_body_flu_m": [-0.004002203637043924, 0.00025704482977222803, -0.2042539377805031], "com_shift_m": [-2.01583677699943e-06, 0.0009297013480755959, 0.00022750728081169513], "feedforward_acceleration_ned_m_s2": [7.568898643170783e-18, -1.6097231100703758e-17, 8.014991359919825e-16], "filtered_joint_acceleration_peak_rad_s2": 4.249327530976887e-14, "inertia_diag_kg_m2": [0.20777477933853106, 0.20843718293687097, 0.21288366381790652], "mass_kg": 4.0, "raw_joint_acceleration_peak_rad_s2": 6.867321406470288e-12, "reaction_force_body_n": [6.439161009505247e-17, -3.027579398481219e-17, 3.205996488144481e-15], "reaction_torque_body_nm": [-3.4000259158877026e-11, -3.993736784002714e-09, -3.509992764340758e-11]}
[gazebo_direct_motor_model-5] [INFO] [1786461544.278235281] [my_drone_gazebo_direct_motor_model]: MOTOR_DYNAMIC_STATE sim_s=24.020 cmd_min=0.0000 cmd_mean=0.0000 cmd_max=0.0000 filtered_mean=0.0000 filtered_max=0.0000 esc_throttle_mean=0.0000 total_thrust_n=0.0000 body_up_force_n=0.0000 saturated_motors=0 rated_cap_command=1.0000 voltage_v=14.8000 thrust_scale=1.000000 current_a=0.0000
[gazebo_direct_motor_model-5] [INFO] [1786461545.271051645] [my_drone_gazebo_direct_motor_model]: MOTOR_DYNAMIC_STATE sim_s=25.020 cmd_min=0.0000 cmd_mean=0.0000 cmd_max=0.0000 filtered_mean=0.0000 filtered_max=0.0000 esc_throttle_mean=0.0000 total_thrust_n=0.0000 body_up_force_n=0.0000 saturated_motors=0 rated_cap_command=1.0000 voltage_v=14.8000 thrust_scale=1.000000 current_a=0.0000
[arm_coupling_monitor-9] [INFO] [1786461545.449178341] [my_drone_arm_coupling_monitor]: ARM_COUPLING_STATE {"com_body_flu_m": [-0.004002203637063851, 0.0002570448297558106, -0.20425393777861864], "com_shift_m": [-2.0158367969261987e-06, 0.0009297013480591785, 0.00022750728269615994], "feedforward_acceleration_ned_m_s2": [-1.7731976628025217e-18, 3.453138930895287e-17, 6.994184813874689e-16], "filtered_joint_acceleration_peak_rad_s2": 3.2457956897914656e-14, "inertia_diag_kg_m2": [0.20777477933785982, 0.20843718293614005, 0.21288366381784815], "mass_kg": 4.0, "raw_joint_acceleration_peak_rad_s2": 6.40756663590615e-12, "reaction_force_body_n": [-1.3812328431445297e-16, 7.092206607663629e-18, 2.797674039247281e-15], "reaction_torque_body_nm": [-3.3920635558143617e-11, -3.991379691589142e-09, -3.507955026118891e-11]}
[gazebo_direct_motor_model-5] [INFO] [1786461546.275734506] [my_drone_gazebo_direct_motor_model]: MOTOR_DYNAMIC_STATE sim_s=26.020 cmd_min=0.0000 cmd_mean=0.0000 cmd_max=0.0000 filtered_mean=0.0000 filtered_max=0.0000 esc_throttle_mean=0.0000 total_thrust_n=0.0000 body_up_force_n=0.0000 saturated_motors=0 rated_cap_command=1.0000 voltage_v=14.8000 thrust_scale=1.000000 current_a=0.0000
[arm_coupling_monitor-9] [INFO] [1786461546.801336734] [my_drone_arm_coupling_monitor]: ARM_COUPLING_STATE {"com_body_flu_m": [-0.00400220363708376, 0.0002570448297394036, -0.20425393777673526], "com_shift_m": [-2.01583681683562e-06, 0.0009297013480427715, 0.00022750728457954228], "feedforward_acceleration_ned_m_s2": [2.848426096442078e-18, -1.3416735959502987e-17, 7.701436298269608e-16], "filtered_joint_acceleration_peak_rad_s2": 4.6131053301962034e-14, "inertia_diag_kg_m2": [0.20777477933718896, 0.20843718293540953, 0.21288366381778975], "mass_kg": 4.0, "raw_joint_acceleration_peak_rad_s2": 6.7275214191988156e-12, "reaction_force_body_n": [5.36694871189896e-17, -1.1393913306219111e-17, 3.0805744742273714e-15], "reaction_torque_body_nm": [-3.394024691089909e-11, -3.989085299488558e-09, -3.5036025243093424e-11]}
[gazebo_direct_motor_model-5] [INFO] [1786461547.274440410] [my_drone_gazebo_direct_motor_model]: MOTOR_DYNAMIC_STATE sim_s=27.020 cmd_min=0.0000 cmd_mean=0.0000 cmd_max=0.0000 filtered_mean=0.0000 filtered_max=0.0000 esc_throttle_mean=0.0000 total_thrust_n=0.0000 body_up_force_n=0.0000 saturated_motors=0 rated_cap_command=1.0000 voltage_v=14.8000 thrust_scale=1.000000 current_a=0.0000
[arm_coupling_monitor-9] [INFO] [1786461547.808384339] [my_drone_arm_coupling_monitor]: ARM_COUPLING_STATE {"com_body_flu_m": [-0.004002203637098701, 0.00025704482972709053, -0.2042539377753221], "com_shift_m": [-2.0158368317767933e-06, 0.0009297013480304584, 0.00022750728599268966], "feedforward_acceleration_ned_m_s2": [-1.4263478034656494e-18, 1.2196582472891783e-17, 7.774423393882435e-16], "filtered_joint_acceleration_peak_rad_s2": 7.415414678134719e-14, "inertia_diag_kg_m2": [0.20777477933668556, 0.2084371829348614, 0.21288366381774593], "mass_kg": 4.0, "raw_joint_acceleration_peak_rad_s2": 7.566384286824806e-12, "reaction_force_body_n": [-4.8783798816762477e-17, 5.704963049627624e-18, 3.109769398045173e-15], "reaction_torque_body_nm": [-3.376796348827962e-11, -3.987240075964622e-09, -3.50191332296795e-11]}
[gazebo_direct_motor_model-5] [INFO] [1786461548.273657162] [my_drone_gazebo_direct_motor_model]: MOTOR_DYNAMIC_STATE sim_s=28.020 cmd_min=0.0000 cmd_mean=0.0000 cmd_max=0.0000 filtered_mean=0.0000 filtered_max=0.0000 esc_throttle_mean=0.0000 total_thrust_n=0.0000 body_up_force_n=0.0000 saturated_motors=0 rated_cap_command=1.0000 voltage_v=14.8000 thrust_scale=1.000000 current_a=0.0000
[arm_coupling_monitor-9] [INFO] [1786461549.113982640] [my_drone_arm_coupling_monitor]: ARM_COUPLING_STATE {"com_body_flu_m": [-0.004002203637118654, 0.0002570448297106523, -0.20425393777343506], "com_shift_m": [-2.0158368517295827e-06, 0.0009297013480140202, 0.00022750728787973573], "feedforward_acceleration_ned_m_s2": [-2.1952036314656076e-18, 4.246549940553806e-17, 7.89246766863597e-16], "filtered_joint_acceleration_peak_rad_s2": 3.862580271583006e-14, "inertia_diag_kg_m2": [0.2077747793360134, 0.2084371829341295, 0.21288366381768747], "mass_kg": 4.0, "raw_joint_acceleration_peak_rad_s2": 6.417090204375474e-12, "reaction_force_body_n": [-1.6985943442280548e-16, 8.780125937226294e-18, 3.1569872072816943e-15], "reaction_torque_body_nm": [-3.3809608655774576e-11, -3.984774910401878e-09, -3.494222717178668e-11]}
[gazebo_direct_motor_model-5] [INFO] [1786461549.278238738] [my_drone_gazebo_direct_motor_model]: MOTOR_DYNAMIC_STATE sim_s=29.020 cmd_min=0.0000 cmd_mean=0.0000 cmd_max=0.0000 filtered_mean=0.0000 filtered_max=0.0000 esc_throttle_mean=0.0000 total_thrust_n=0.0000 body_up_force_n=0.0000 saturated_motors=0 rated_cap_command=1.0000 voltage_v=14.8000 thrust_scale=1.000000 current_a=0.0000
[gazebo_direct_motor_model-5] [INFO] [1786461550.273993026] [my_drone_gazebo_direct_motor_model]: MOTOR_DYNAMIC_STATE sim_s=30.020 cmd_min=0.0000 cmd_mean=0.0000 cmd_max=0.0000 filtered_mean=0.0000 filtered_max=0.0000 esc_throttle_mean=0.0000 total_thrust_n=0.0000 body_up_force_n=0.0000 saturated_motors=0 rated_cap_command=1.0000 voltage_v=14.8000 thrust_scale=1.000000 current_a=0.0000
[arm_coupling_monitor-9] [INFO] [1786461550.445863677] [my_drone_arm_coupling_monitor]: ARM_COUPLING_STATE {"com_body_flu_m": [-0.004002203637138532, 0.00025704482969427303, -0.20425393777155487], "com_shift_m": [-2.015836871607779e-06, 0.0009297013479976409, 0.00022750728975992618], "feedforward_acceleration_ned_m_s2": [-6.508649739261769e-18, 4.461595099811864e-17, 6.21050698642103e-16], "filtered_joint_acceleration_peak_rad_s2": 3.009671127930323e-14, "inertia_diag_kg_m2": [0.20777477933534372, 0.2084371829334002, 0.21288366381762905], "mass_kg": 4.0, "raw_joint_acceleration_peak_rad_s2": 5.870763532395266e-12, "reaction_force_body_n": [-1.784618273919363e-16, 2.6033962576858982e-17, 2.484202943234772e-15], "reaction_torque_body_nm": [-3.4083367182873916e-11, -3.982526822677451e-09, -3.510326283819437e-11]}
[gazebo_direct_motor_model-5] [INFO] [1786461551.275026393] [my_drone_gazebo_direct_motor_model]: MOTOR_DYNAMIC_STATE sim_s=31.020 cmd_min=0.0000 cmd_mean=0.0000 cmd_max=0.0000 filtered_mean=0.0000 filtered_max=0.0000 esc_throttle_mean=0.0000 total_thrust_n=0.0000 body_up_force_n=0.0000 saturated_motors=0 rated_cap_command=1.0000 voltage_v=14.8000 thrust_scale=1.000000 current_a=0.0000
[arm_coupling_monitor-9] [INFO] [1786461551.790779701] [my_drone_arm_coupling_monitor]: ARM_COUPLING_STATE {"com_body_flu_m": [-0.004002203637158398, 0.00025704482967790244, -0.20425393776967574], "com_shift_m": [-2.0158368914738323e-06, 0.0009297013479812703, 0.00022750729163906191], "feedforward_acceleration_ned_m_s2": [2.323537299627969e-17, 4.4878863203034216e-17, 8.574864871311258e-16], "filtered_joint_acceleration_peak_rad_s2": 6.159200496981908e-14, "inertia_diag_kg_m2": [0.20777477933467434, 0.2084371829326713, 0.21288366381757096], "mass_kg": 4.0, "raw_joint_acceleration_peak_rad_s2": 7.388858126542356e-12, "reaction_force_body_n": [-1.7951245174375522e-16, -9.2942229489573e-17, 3.429946085607888e-15], "reaction_torque_body_nm": [-3.419840192692884e-11, -3.979763692879243e-09, -3.501172999575574e-11]}
[gazebo_direct_motor_model-5] [INFO] [1786461552.282376816] [my_drone_gazebo_direct_motor_model]: MOTOR_DYNAMIC_STATE sim_s=32.020 cmd_min=0.0000 cmd_mean=0.0000 cmd_max=0.0000 filtered_mean=0.0000 filtered_max=0.0000 esc_throttle_mean=0.0000 total_thrust_n=0.0000 body_up_force_n=0.0000 saturated_motors=0 rated_cap_command=1.0000 voltage_v=14.8000 thrust_scale=1.000000 current_a=0.0000
[arm_coupling_monitor-9] [INFO] [1786461552.790908636] [my_drone_arm_coupling_monitor]: ARM_COUPLING_STATE {"com_body_flu_m": [-0.004002203637173308, 0.00025704482966561887, -0.20425393776826573], "com_shift_m": [-2.0158369063837805e-06, 0.0009297013479689867, 0.0002275072930490729], "feedforward_acceleration_ned_m_s2": [-6.0446599990294994e-18, 1.6322926383444515e-17, 6.51842760014474e-16], "filtered_joint_acceleration_peak_rad_s2": 4.035858451233699e-14, "inertia_diag_kg_m2": [0.2077747793341721, 0.20843718293212438, 0.21288366381752719], "mass_kg": 4.0, "raw_joint_acceleration_peak_rad_s2": 5.43986691030222e-12, "reaction_force_body_n": [-6.528962429240842e-17, 2.417822954381617e-17, 2.607371095980019e-15], "reaction_torque_body_nm": [-3.381334795524774e-11, -3.978455780729897e-09, -3.4979087262384716e-11]}
[gazebo_direct_motor_model-5] [INFO] [1786461553.275856665] [my_drone_gazebo_direct_motor_model]: MOTOR_DYNAMIC_STATE sim_s=33.020 cmd_min=0.0000 cmd_mean=0.0000 cmd_max=0.0000 filtered_mean=0.0000 filtered_max=0.0000 esc_throttle_mean=0.0000 total_thrust_n=0.0000 body_up_force_n=0.0000 saturated_motors=0 rated_cap_command=1.0000 voltage_v=14.8000 thrust_scale=1.000000 current_a=0.0000
[arm_coupling_monitor-9] [INFO] [1786461554.125929930] [my_drone_arm_coupling_monitor]: ARM_COUPLING_STATE {"com_body_flu_m": [-0.004002203637193214, 0.0002570448296492153, -0.20425393776638295], "com_shift_m": [-2.0158369262897324e-06, 0.0009297013479525832, 0.00022750729493184463], "feedforward_acceleration_ned_m_s2": [2.8938221166591523e-18, 6.187668728889269e-17, 6.095771334011631e-16], "filtered_joint_acceleration_peak_rad_s2": 2.8167209207659857e-14, "inertia_diag_kg_m2": [0.20777477933350139, 0.20843718293139413, 0.21288366381746884], "mass_kg": 4.0, "raw_joint_acceleration_peak_rad_s2": 7.336133959927962e-12, "reaction_force_body_n": [-2.4750473072430725e-16, -1.157606573729221e-17, 2.4383087347998098e-15], "reaction_torque_body_nm": [-3.394573440485776e-11, -3.9759890945734795e-09, -3.49263606055857e-11]}
[gazebo_direct_motor_model-5] [INFO] [1786461554.277739552] [my_drone_gazebo_direct_motor_model]: MOTOR_DYNAMIC_STATE sim_s=34.020 cmd_min=0.0000 cmd_mean=0.0000 cmd_max=0.0000 filtered_mean=0.0000 filtered_max=0.0000 esc_throttle_mean=0.0000 total_thrust_n=0.0000 body_up_force_n=0.0000 saturated_motors=0 rated_cap_command=1.0000 voltage_v=14.8000 thrust_scale=1.000000 current_a=0.0000
[gazebo_direct_motor_model-5] [INFO] [1786461555.276150021] [my_drone_gazebo_direct_motor_model]: MOTOR_DYNAMIC_STATE sim_s=35.020 cmd_min=0.0000 cmd_mean=0.0000 cmd_max=0.0000 filtered_mean=0.0000 filtered_max=0.0000 esc_throttle_mean=0.0000 total_thrust_n=0.0000 body_up_force_n=0.0000 saturated_motors=0 rated_cap_command=1.0000 voltage_v=14.8000 thrust_scale=1.000000 current_a=0.0000
[arm_coupling_monitor-9] [INFO] [1786461555.482171123] [my_drone_arm_coupling_monitor]: ARM_COUPLING_STATE {"com_body_flu_m": [-0.004002203637213047, 0.0002570448296328725, -0.20425393776450695], "com_shift_m": [-2.015836946122826e-06, 0.0009297013479362404, 0.00022750729680784398], "feedforward_acceleration_ned_m_s2": [-5.913220079875522e-18, -7.303304348715398e-18, 7.115251066161914e-16], "filtered_joint_acceleration_peak_rad_s2": 4.2748766766404436e-14, "inertia_diag_kg_m2": [0.20777477933283325, 0.20843718293066651, 0.21288366381741067], "mass_kg": 4.0, "raw_joint_acceleration_peak_rad_s2": 7.377344246752902e-12, "reaction_force_body_n": [2.921549497404345e-17, 2.3652644319430316e-17, 2.846100405047406e-15], "reaction_torque_body_nm": [-3.384534393041199e-11, -3.973535803554494e-09, -3.4965727711010106e-11]}
[gazebo_direct_motor_model-5] [INFO] [1786461556.275662145] [my_drone_gazebo_direct_motor_model]: MOTOR_DYNAMIC_STATE sim_s=36.020 cmd_min=0.0000 cmd_mean=0.0000 cmd_max=0.0000 filtered_mean=0.0000 filtered_max=0.0000 esc_throttle_mean=0.0000 total_thrust_n=0.0000 body_up_force_n=0.0000 saturated_motors=0 rated_cap_command=1.0000 voltage_v=14.8000 thrust_scale=1.000000 current_a=0.0000
[arm_coupling_monitor-9] [INFO] [1786461556.795278464] [my_drone_arm_coupling_monitor]: ARM_COUPLING_STATE {"com_body_flu_m": [-0.004002203637232868, 0.00025704482961654007, -0.20425393776263207], "com_shift_m": [-2.0158369659437764e-06, 0.000929701347919908, 0.00022750729868273312], "feedforward_acceleration_ned_m_s2": [8.046430374194347e-18, -5.212705275111217e-17, 4.845059858405869e-16], "filtered_joint_acceleration_peak_rad_s2": 3.985742171081752e-14, "inertia_diag_kg_m2": [0.20777477933216532, 0.2084371829299393, 0.21288366381735263], "mass_kg": 4.0, "raw_joint_acceleration_peak_rad_s2": 7.261961889897772e-12, "reaction_force_body_n": [2.085098638016007e-16, -3.218548419327324e-17, 1.9380237694814194e-15], "reaction_torque_body_nm": [-3.4178576871219376e-11, -3.971140294155447e-09, -3.5065853012257245e-11]}
[gazebo_direct_motor_model-5] [INFO] [1786461557.270930558] [my_drone_gazebo_direct_motor_model]: MOTOR_DYNAMIC_STATE sim_s=37.020 cmd_min=0.0000 cmd_mean=0.0000 cmd_max=0.0000 filtered_mean=0.0000 filtered_max=0.0000 esc_throttle_mean=0.0000 total_thrust_n=0.0000 body_up_force_n=0.0000 saturated_motors=0 rated_cap_command=1.0000 voltage_v=14.8000 thrust_scale=1.000000 current_a=0.0000
[arm_coupling_monitor-9] [INFO] [1786461557.843526066] [my_drone_arm_coupling_monitor]: ARM_COUPLING_STATE {"com_body_flu_m": [-0.004002203637247745, 0.0002570448296042825, -0.20425393776122527], "com_shift_m": [-2.015836980820765e-06, 0.0009297013479076504, 0.00022750730008952447], "feedforward_acceleration_ned_m_s2": [-9.832401900776481e-18, 1.4693042400569635e-17, 4.476493587839065e-16], "filtered_joint_acceleration_peak_rad_s2": 2.4827379246118776e-14, "inertia_diag_kg_m2": [0.2077747793316643, 0.20843718292939362, 0.21288366381730886], "mass_kg": 4.0, "raw_joint_acceleration_peak_rad_s2": 5.565247591311947e-12, "reaction_force_body_n": [-5.87707882744265e-17, 3.932929632571993e-17, 1.7905974873109763e-15], "reaction_torque_body_nm": [-3.3918953134288586e-11, -3.969485553722783e-09, -3.497465711416267e-11]}
[gazebo_direct_motor_model-5] [INFO] [1786461558.276974358] [my_drone_gazebo_direct_motor_model]: MOTOR_DYNAMIC_STATE sim_s=38.020 cmd_min=0.0000 cmd_mean=0.0000 cmd_max=0.0000 filtered_mean=0.0000 filtered_max=0.0000 esc_throttle_mean=0.0000 total_thrust_n=0.0000 body_up_force_n=0.0000 saturated_motors=0 rated_cap_command=1.0000 voltage_v=14.8000 thrust_scale=1.000000 current_a=0.0000
[arm_coupling_monitor-9] [INFO] [1786461559.120442495] [my_drone_arm_coupling_monitor]: ARM_COUPLING_STATE {"com_body_flu_m": [-0.004002203637267604, 0.00025704482958791887, -0.20425393775934672], "com_shift_m": [-2.0158370006798793e-06, 0.0009297013478912868, 0.00022750730196807734], "feedforward_acceleration_ned_m_s2": [-1.9969738156994627e-18, 3.775842562575514e-17, 7.601479447095603e-16], "filtered_joint_acceleration_peak_rad_s2": 3.673843487592535e-14, "inertia_diag_kg_m2": [0.2077747793309952, 0.20843718292866503, 0.2128836638172507], "mass_kg": 4.0, "raw_joint_acceleration_peak_rad_s2": 8.496185943072309e-12, "reaction_force_body_n": [-1.5103123281654117e-16, 7.987258577036127e-18, 3.0405919031852235e-15], "reaction_torque_body_nm": [-3.384349071958092e-11, -3.966884177722369e-09, -3.483697387859169e-11]}
[gazebo_direct_motor_model-5] [INFO] [1786461559.280448773] [my_drone_gazebo_direct_motor_model]: MOTOR_DYNAMIC_STATE sim_s=39.020 cmd_min=0.0000 cmd_mean=0.0000 cmd_max=0.0000 filtered_mean=0.0000 filtered_max=0.0000 esc_throttle_mean=0.0000 total_thrust_n=0.0000 body_up_force_n=0.0000 saturated_motors=0 rated_cap_command=1.0000 voltage_v=14.8000 thrust_scale=1.000000 current_a=0.0000
[arm_coupling_monitor-9] [INFO] [1786461560.152201010] [my_drone_arm_coupling_monitor]: ARM_COUPLING_STATE {"com_body_flu_m": [-0.004002203637282466, 0.0002570448295756752, -0.2042539377579414], "com_shift_m": [-2.0158370155412553e-06, 0.0009297013478790431, 0.00022750730337339764], "feedforward_acceleration_ned_m_s2": [2.0957074408192816e-17, 1.4178253951387123e-17, 5.958658496330406e-16], "filtered_joint_acceleration_peak_rad_s2": 2.678468243628744e-14, "inertia_diag_kg_m2": [0.20777477933049449, 0.2084371829281199, 0.2128836638172071], "mass_kg": 4.0, "raw_joint_acceleration_peak_rad_s2": 8.964874914145228e-12, "reaction_force_body_n": [-5.671088976231986e-17, -8.382866656644778e-17, 2.3834634361433597e-15], "reaction_torque_body_nm": [-3.4022429935556604e-11, -3.9651350323450825e-09, -3.4778428060299566e-11]}
[gazebo_direct_motor_model-5] [INFO] [1786461560.275695966] [my_drone_gazebo_direct_motor_model]: MOTOR_DYNAMIC_STATE sim_s=40.020 cmd_min=0.0000 cmd_mean=0.0000 cmd_max=0.0000 filtered_mean=0.0000 filtered_max=0.0000 esc_throttle_mean=0.0000 total_thrust_n=0.0000 body_up_force_n=0.0000 saturated_motors=0 rated_cap_command=1.0000 voltage_v=14.8000 thrust_scale=1.000000 current_a=0.0000
[gazebo_direct_motor_model-5] [INFO] [1786461561.279724581] [my_drone_gazebo_direct_motor_model]: MOTOR_DYNAMIC_STATE sim_s=41.020 cmd_min=0.0000 cmd_mean=0.0000 cmd_max=0.0000 filtered_mean=0.0000 filtered_max=0.0000 esc_throttle_mean=0.0000 total_thrust_n=0.0000 body_up_force_n=0.0000 saturated_motors=0 rated_cap_command=1.0000 voltage_v=14.8000 thrust_scale=1.000000 current_a=0.0000
[arm_coupling_monitor-9] [INFO] [1786461561.477546637] [my_drone_arm_coupling_monitor]: ARM_COUPLING_STATE {"com_body_flu_m": [-0.004002203637272517, 0.00025704482955986666, -0.20425393775583764], "com_shift_m": [-2.015837005592616e-06, 0.0009297013478632345, 0.00022750730547715925], "feedforward_acceleration_ned_m_s2": [-2.8822158985746734e-13, -3.7916572225690375e-14, 2.8017625754667615e-12], "filtered_joint_acceleration_peak_rad_s2": 8.716096033120058e-10, "inertia_diag_kg_m2": [0.20777477932974725, 0.20843718292731359, 0.2128836638171492], "mass_kg": 4.0, "raw_joint_acceleration_peak_rad_s2": 2.467245649240018e-06, "reaction_force_body_n": [1.516730210785595e-13, 1.1528855074356778e-12, 1.1207050298403631e-11], "reaction_torque_body_nm": [1.3288829315905101e-08, 8.807661677013627e-09, 8.352314615606112e-10]}
[gazebo_direct_motor_model-5] [INFO] [1786461562.287129531] [my_drone_gazebo_direct_motor_model]: MOTOR_DYNAMIC_STATE sim_s=42.020 cmd_min=0.0000 cmd_mean=0.0000 cmd_max=0.0000 filtered_mean=0.0000 filtered_max=0.0000 esc_throttle_mean=0.0000 total_thrust_n=0.0000 body_up_force_n=0.0000 saturated_motors=0 rated_cap_command=1.0000 voltage_v=14.8000 thrust_scale=1.000000 current_a=0.0000
[arm_coupling_monitor-9] [INFO] [1786461562.799791813] [my_drone_arm_coupling_monitor]: ARM_COUPLING_STATE {"com_body_flu_m": [-0.0040022036373339644, 0.00025704482897287786, -0.20425393775923914], "com_shift_m": [-2.015837067039991e-06, 0.0009297013472762457, 0.00022750730207565795], "feedforward_acceleration_ned_m_s2": [-4.589877266817135e-13, -3.386522041555675e-14, 4.2678264502517795e-12], "filtered_joint_acceleration_peak_rad_s2": 1.4246544736889338e-09, "inertia_diag_kg_m2": [0.20777477933074703, 0.2084371829288732, 0.21288366381773383], "mass_kg": 4.0, "raw_joint_acceleration_peak_rad_s2": 2.0389067269067568e-07, "reaction_force_body_n": [1.3547096816097468e-13, 1.835949407254202e-12, 1.707130588222997e-11], "reaction_torque_body_nm": [6.821414007287687e-08, 6.145196098155921e-08, 4.421053852278093e-09]}
[gazebo_direct_motor_model-5] [INFO] [1786461563.275384483] [my_drone_gazebo_direct_motor_model]: MOTOR_DYNAMIC_STATE sim_s=43.020 cmd_min=0.0000 cmd_mean=0.0000 cmd_max=0.0000 filtered_mean=0.0000 filtered_max=0.0000 esc_throttle_mean=0.0000 total_thrust_n=0.0000 body_up_force_n=0.0000 saturated_motors=0 rated_cap_command=1.0000 voltage_v=14.8000 thrust_scale=1.000000 current_a=0.0000
[arm_coupling_monitor-9] [INFO] [1786461564.158874144] [my_drone_arm_coupling_monitor]: ARM_COUPLING_STATE {"com_body_flu_m": [-0.004002203637450987, 0.00025704482764115147, -0.20425393776954817], "com_shift_m": [-2.015837184062702e-06, 0.0009297013459445194, 0.00022750729176662654], "feedforward_acceleration_ned_m_s2": [-2.3853994203456093e-13, -1.569597611284445e-14, 2.4197906413497827e-12], "filtered_joint_acceleration_peak_rad_s2": 7.43597281719631e-10, "inertia_diag_kg_m2": [0.20777477933392854, 0.20843718293342767, 0.212883663819162], "mass_kg": 4.0, "raw_joint_acceleration_peak_rad_s2": 6.745370069421929e-07, "reaction_force_body_n": [6.278980648864592e-14, 9.541588883762187e-13, 9.67916261383956e-12], "reaction_torque_body_nm": [1.0960917413108898e-07, 1.0110587550995538e-07, 7.123367252388474e-09]}
[gazebo_direct_motor_model-5] [INFO] [1786461564.276764384] [my_drone_gazebo_direct_motor_model]: MOTOR_DYNAMIC_STATE sim_s=44.020 cmd_min=0.0000 cmd_mean=0.0000 cmd_max=0.0000 filtered_mean=0.0000 filtered_max=0.0000 esc_throttle_mean=0.0000 total_thrust_n=0.0000 body_up_force_n=0.0000 saturated_motors=0 rated_cap_command=1.0000 voltage_v=14.8000 thrust_scale=1.000000 current_a=0.0000
[arm_coupling_monitor-9] [INFO] [1786461565.170800047] [my_drone_arm_coupling_monitor]: ARM_COUPLING_STATE {"com_body_flu_m": [-0.004002203637707055, 0.00025704482629418206, -0.20425393776498835], "com_shift_m": [-2.0158374401304385e-06, 0.0009297013445975499, 0.00022750729632645128], "feedforward_acceleration_ned_m_s2": [2.98421023782666e-15, -7.571404114040584e-14, -8.288146080161516e-12], "filtered_joint_acceleration_peak_rad_s2": 4.291848936337752e-10, "inertia_diag_kg_m2": [0.20777477933185315, 0.20843718293217015, 0.21288366382004023], "mass_kg": 4.0, "raw_joint_acceleration_peak_rad_s2": 2.6542805528639473e-09, "reaction_force_body_n": [3.028290781578479e-13, -1.1932734800092018e-14, -3.315258456955346e-11], "reaction_torque_body_nm": [1.1107355290652183e-07, 4.478502290685015e-08, 6.73917419964887e-09]}
[gazebo_direct_motor_model-5] [INFO] [1786461565.274335981] [my_drone_gazebo_direct_motor_model]: MOTOR_DYNAMIC_STATE sim_s=45.020 cmd_min=0.0000 cmd_mean=0.0000 cmd_max=0.0000 filtered_mean=0.0000 filtered_max=0.0000 esc_throttle_mean=0.0000 total_thrust_n=0.0000 body_up_force_n=0.0000 saturated_motors=0 rated_cap_command=1.0000 voltage_v=14.8000 thrust_scale=1.000000 current_a=0.0000
[gazebo_direct_motor_model-5] [INFO] [1786461566.281078394] [my_drone_gazebo_direct_motor_model]: MOTOR_DYNAMIC_STATE sim_s=46.020 cmd_min=0.0000 cmd_mean=0.0000 cmd_max=0.0000 filtered_mean=0.0000 filtered_max=0.0000 esc_throttle_mean=0.0000 total_thrust_n=0.0000 body_up_force_n=0.0000 saturated_motors=0 rated_cap_command=1.0000 voltage_v=14.8000 thrust_scale=1.000000 current_a=0.0000
[arm_coupling_monitor-9] [INFO] [1786461566.476840858] [my_drone_arm_coupling_monitor]: ARM_COUPLING_STATE {"com_body_flu_m": [-0.004002203638091903, 0.0002570448246907303, -0.2042539377508496], "com_shift_m": [-2.0158378249788417e-06, 0.0009297013429940982, 0.000227507310465197], "feedforward_acceleration_ned_m_s2": [4.53153510392289e-13, 1.090319437848727e-13, 4.019554393768076e-12], "filtered_joint_acceleration_peak_rad_s2": 1.1979298622887864e-09, "inertia_diag_kg_m2": [0.20777477932630609, 0.208437182927265, 0.21288366382075624], "mass_kg": 4.0, "raw_joint_acceleration_peak_rad_s2": 5.823722070788658e-07, "reaction_force_body_n": [-4.361108017932796e-13, -1.8126166433079676e-12, 1.6078217742158733e-11], "reaction_torque_body_nm": [7.381745893842204e-08, 2.63433581551148e-08, 4.450233521279275e-09]}
[gazebo_direct_motor_model-5] [INFO] [1786461567.276957935] [my_drone_gazebo_direct_motor_model]: MOTOR_DYNAMIC_STATE sim_s=47.020 cmd_min=0.0000 cmd_mean=0.0000 cmd_max=0.0000 filtered_mean=0.0000 filtered_max=0.0000 esc_throttle_mean=0.0000 total_thrust_n=0.0000 body_up_force_n=0.0000 saturated_motors=0 rated_cap_command=1.0000 voltage_v=14.8000 thrust_scale=1.000000 current_a=0.0000
[arm_coupling_monitor-9] [INFO] [1786461567.795988716] [my_drone_arm_coupling_monitor]: ARM_COUPLING_STATE {"com_body_flu_m": [-0.004002203638275826, 0.000257044823928727, -0.20425393774407813], "com_shift_m": [-2.0158380089011635e-06, 0.0009297013422320949, 0.00022750731723666928], "feedforward_acceleration_ned_m_s2": [4.892252242120895e-13, 1.222439944432969e-13, 4.585650015249396e-12], "filtered_joint_acceleration_peak_rad_s2": 1.2859838835702696e-09, "inertia_diag_kg_m2": [0.20777477932365065, 0.20843718292491406, 0.21288366382109608], "mass_kg": 4.0, "raw_joint_acceleration_peak_rad_s2": 2.146804445552386e-07, "reaction_force_body_n": [-4.889568481900969e-13, -1.956903846911991e-12, 1.8342600256211844e-11], "reaction_torque_body_nm": [1.8342611998384297e-08, 7.522630560170228e-09, 1.127336183734849e-09]}
[gazebo_direct_motor_model-5] [INFO] [1786461568.276340564] [my_drone_gazebo_direct_motor_model]: MOTOR_DYNAMIC_STATE sim_s=48.020 cmd_min=0.0000 cmd_mean=0.0000 cmd_max=0.0000 filtered_mean=0.0000 filtered_max=0.0000 esc_throttle_mean=0.0000 total_thrust_n=0.0000 body_up_force_n=0.0000 saturated_motors=0 rated_cap_command=1.0000 voltage_v=14.8000 thrust_scale=1.000000 current_a=0.0000
[arm_coupling_monitor-9] [INFO] [1786461568.804636339] [my_drone_arm_coupling_monitor]: ARM_COUPLING_STATE {"com_body_flu_m": [-0.004002203638299496, 0.0002570448238489488, -0.20425393774289147], "com_shift_m": [-2.0158380325714653e-06, 0.0009297013421523167, 0.00022750731842333116], "feedforward_acceleration_ned_m_s2": [7.068046978486252e-14, 7.780169038619245e-15, -3.8533313118100133e-13], "filtered_joint_acceleration_peak_rad_s2": 2.123355531665029e-10, "inertia_diag_kg_m2": [0.20777477932320385, 0.2084371829244811, 0.21288366382111376], "mass_kg": 4.0, "raw_joint_acceleration_peak_rad_s2": 1.0908210581440755e-09, "reaction_force_body_n": [-3.1121340046407497e-14, -2.827217836158609e-13, -1.541332528840974e-12], "reaction_torque_body_nm": [-3.395948473286929e-11, -4.019559513104371e-09, -3.522744227336456e-11]}
[gazebo_direct_motor_model-5] [INFO] [1786461569.297802138] [my_drone_gazebo_direct_motor_model]: MOTOR_DYNAMIC_STATE sim_s=49.020 cmd_min=0.0000 cmd_mean=0.0000 cmd_max=0.0000 filtered_mean=0.0000 filtered_max=0.0000 esc_throttle_mean=0.0000 total_thrust_n=0.0000 body_up_force_n=0.0000 saturated_motors=0 rated_cap_command=1.0000 voltage_v=14.8000 thrust_scale=1.000000 current_a=0.0000
[arm_coupling_monitor-9] [INFO] [1786461569.970041131] [my_drone_arm_coupling_monitor]: ARM_COUPLING_STATE {"com_body_flu_m": [-0.0040022036383145585, 0.00025704482383654206, -0.20425393774146722], "com_shift_m": [-2.0158380476340693e-06, 0.0009297013421399099, 0.00022750731984758077], "feedforward_acceleration_ned_m_s2": [4.602500137919169e-16, 5.110979361276028e-17, -2.047487430802702e-15], "filtered_joint_acceleration_peak_rad_s2": 1.3890072180191481e-12, "inertia_diag_kg_m2": [0.20777477932269658, 0.2084371829239287, 0.21288366382106963], "mass_kg": 4.0, "raw_joint_acceleration_peak_rad_s2": 9.07227487923769e-12, "reaction_force_body_n": [-2.0444198728082433e-16, -1.840999630057085e-15, -8.189949748555525e-15], "reaction_torque_body_nm": [-3.4154392326733513e-11, -4.018802107417689e-09, -3.53870348027937e-11]}
[gazebo_direct_motor_model-5] [INFO] [1786461570.352149247] [my_drone_gazebo_direct_motor_model]: MOTOR_DYNAMIC_STATE sim_s=50.020 cmd_min=0.0000 cmd_mean=0.0000 cmd_max=0.0000 filtered_mean=0.0000 filtered_max=0.0000 esc_throttle_mean=0.0000 total_thrust_n=0.0000 body_up_force_n=0.0000 saturated_motors=0 rated_cap_command=1.0000 voltage_v=14.8000 thrust_scale=1.000000 current_a=0.0000
[arm_coupling_monitor-9] [INFO] [1786461571.176448968] [my_drone_arm_coupling_monitor]: ARM_COUPLING_STATE {"com_body_flu_m": [-0.004002203638334664, 0.000257044823819972, -0.20425393773956538], "com_shift_m": [-2.0158380677395143e-06, 0.0009297013421233399, 0.00022750732174942057], "feedforward_acceleration_ned_m_s2": [-2.2333048039775305e-17, -2.5943424302999382e-17, 5.591137134515382e-16], "filtered_joint_acceleration_peak_rad_s2": 6.4728008917872e-14, "inertia_diag_kg_m2": [0.20777477932201913, 0.20843718292319102, 0.2128836638210106], "mass_kg": 4.0, "raw_joint_acceleration_peak_rad_s2": 6.274408298703321e-12, "reaction_force_body_n": [1.0377533764131023e-16, 8.933217724826521e-17, 2.236454778283615e-15], "reaction_torque_body_nm": [-3.391951796721961e-11, -4.016172201909157e-09, -3.53006107094399e-11]}
[gazebo_direct_motor_model-5] [INFO] [1786461571.292295129] [my_drone_gazebo_direct_motor_model]: MOTOR_DYNAMIC_STATE sim_s=51.020 cmd_min=0.0000 cmd_mean=0.0000 cmd_max=0.0000 filtered_mean=0.0000 filtered_max=0.0000 esc_throttle_mean=0.0000 total_thrust_n=0.0000 body_up_force_n=0.0000 saturated_motors=0 rated_cap_command=1.0000 voltage_v=14.8000 thrust_scale=1.000000 current_a=0.0000
[gazebo_direct_motor_model-5] [INFO] [1786461572.278778061] [my_drone_gazebo_direct_motor_model]: MOTOR_DYNAMIC_STATE sim_s=52.020 cmd_min=0.0000 cmd_mean=0.0000 cmd_max=0.0000 filtered_mean=0.0000 filtered_max=0.0000 esc_throttle_mean=0.0000 total_thrust_n=0.0000 body_up_force_n=0.0000 saturated_motors=0 rated_cap_command=1.0000 voltage_v=14.8000 thrust_scale=1.000000 current_a=0.0000
[arm_coupling_monitor-9] [INFO] [1786461572.447278702] [my_drone_arm_coupling_monitor]: ARM_COUPLING_STATE {"com_body_flu_m": [-0.004002203638354698, 0.00025704482380346436, -0.20425393773767042], "com_shift_m": [-2.0158380877738358e-06, 0.0009297013421068322, 0.00022750732364437698], "feedforward_acceleration_ned_m_s2": [6.3562967052033304e-18, 3.5578216255637826e-17, 9.228872724459618e-16], "filtered_joint_acceleration_peak_rad_s2": 8.28108216007475e-14, "inertia_diag_kg_m2": [0.20777477932134408, 0.20843718292245608, 0.21288366382095197], "mass_kg": 4.0, "raw_joint_acceleration_peak_rad_s2": 7.625191591644279e-12, "reaction_force_body_n": [-1.423097924886142e-16, -2.5425873181160756e-17, 3.691549203504481e-15], "reaction_torque_body_nm": [-3.4139158056589296e-11, -4.0132320951190476e-09, -3.514416088144679e-11]}
[gazebo_direct_motor_model-5] [INFO] [1786461573.281261004] [my_drone_gazebo_direct_motor_model]: MOTOR_DYNAMIC_STATE sim_s=53.020 cmd_min=0.0000 cmd_mean=0.0000 cmd_max=0.0000 filtered_mean=0.0000 filtered_max=0.0000 esc_throttle_mean=0.0000 total_thrust_n=0.0000 body_up_force_n=0.0000 saturated_motors=0 rated_cap_command=1.0000 voltage_v=14.8000 thrust_scale=1.000000 current_a=0.0000
[arm_coupling_monitor-9] [INFO] [1786461573.478708179] [my_drone_arm_coupling_monitor]: ARM_COUPLING_STATE {"com_body_flu_m": [-0.004002203638369731, 0.0002570448237910767, -0.20425393773624848], "com_shift_m": [-2.0158381028069494e-06, 0.0009297013420944446, 0.00022750732506632287], "feedforward_acceleration_ned_m_s2": [4.5389167961811603e-17, 3.581840379940731e-17, 8.469522845059516e-16], "filtered_joint_acceleration_peak_rad_s2": 6.02570397983398e-14, "inertia_diag_kg_m2": [0.2077747793208376, 0.2084371829219045, 0.2128836638209079], "mass_kg": 4.0, "raw_joint_acceleration_peak_rad_s2": 8.150044580874672e-12, "reaction_force_body_n": [-1.4327046159780646e-16, -1.8155732846956904e-16, 3.387809236201796e-15], "reaction_torque_body_nm": [-3.476001251063684e-11, -4.0117345234288126e-09, -3.530659811233976e-11]}
[gazebo_direct_motor_model-5] [INFO] [1786461574.285453417] [my_drone_gazebo_direct_motor_model]: MOTOR_DYNAMIC_STATE sim_s=54.020 cmd_min=0.0000 cmd_mean=0.0000 cmd_max=0.0000 filtered_mean=0.0000 filtered_max=0.0000 esc_throttle_mean=0.0000 total_thrust_n=0.0000 body_up_force_n=0.0000 saturated_motors=0 rated_cap_command=1.0000 voltage_v=14.8000 thrust_scale=1.000000 current_a=0.0000
[arm_coupling_monitor-9] [INFO] [1786461574.511352563] [my_drone_arm_coupling_monitor]: ARM_COUPLING_STATE {"com_body_flu_m": [-0.004002203638384759, 0.000257044823778696, -0.2042539377348272], "com_shift_m": [-2.015838117834859e-06, 0.0009297013420820639, 0.00022750732648760263], "feedforward_acceleration_ned_m_s2": [7.645919147175078e-18, 1.425681015799447e-17, 8.666228306405725e-16], "filtered_joint_acceleration_peak_rad_s2": 4.0746414321288474e-14, "inertia_diag_kg_m2": [0.2077747793203314, 0.2084371829213532, 0.21288366382086385], "mass_kg": 4.0, "raw_joint_acceleration_peak_rad_s2": 8.423266673332751e-12, "reaction_force_body_n": [-5.70243412613562e-17, -3.058415944814235e-17, 3.4664913659984776e-15], "reaction_torque_body_nm": [-3.436696127924677e-11, -4.009878654514687e-09, -3.53159658477397e-11]}
[gazebo_direct_motor_model-5] [INFO] [1786461575.279328456] [my_drone_gazebo_direct_motor_model]: MOTOR_DYNAMIC_STATE sim_s=55.020 cmd_min=0.0000 cmd_mean=0.0000 cmd_max=0.0000 filtered_mean=0.0000 filtered_max=0.0000 esc_throttle_mean=0.0000 total_thrust_n=0.0000 body_up_force_n=0.0000 saturated_motors=0 rated_cap_command=1.0000 voltage_v=14.8000 thrust_scale=1.000000 current_a=0.0000
[arm_coupling_monitor-9] [INFO] [1786461575.819888597] [my_drone_arm_coupling_monitor]: ARM_COUPLING_STATE {"com_body_flu_m": [-0.004002203638404764, 0.00025704482376221263, -0.2042539377329351], "com_shift_m": [-2.01583813783969e-06, 0.0009297013420655805, 0.00022750732837970022], "feedforward_acceleration_ned_m_s2": [-1.0283381115132464e-17, 2.188331748263709e-17, 7.127677533869596e-16], "filtered_joint_acceleration_peak_rad_s2": 4.3343180553024295e-14, "inertia_diag_kg_m2": [0.20777477931965738, 0.20843718292061933, 0.2128836638208052], "mass_kg": 4.0, "raw_joint_acceleration_peak_rad_s2": 8.740739356713807e-12, "reaction_force_body_n": [-8.753102517278297e-17, 4.113304158937926e-17, 2.8510710894317916e-15], "reaction_torque_body_nm": [-3.4130065812277876e-11, -4.007492572636396e-09, -3.5268839543371035e-11]}
[gazebo_direct_motor_model-5] [INFO] [1786461576.280461607] [my_drone_gazebo_direct_motor_model]: MOTOR_DYNAMIC_STATE sim_s=56.020 cmd_min=0.0000 cmd_mean=0.0000 cmd_max=0.0000 filtered_mean=0.0000 filtered_max=0.0000 esc_throttle_mean=0.0000 total_thrust_n=0.0000 body_up_force_n=0.0000 saturated_motors=0 rated_cap_command=1.0000 voltage_v=14.8000 thrust_scale=1.000000 current_a=0.0000
[arm_coupling_monitor-9] [INFO] [1786461577.119944586] [my_drone_arm_coupling_monitor]: ARM_COUPLING_STATE {"com_body_flu_m": [-0.0040022036384248175, 0.00025704482374568766, -0.20425393773103842], "com_shift_m": [-2.0158381578930934e-06, 0.0009297013420490555, 0.00022750733027637748], "feedforward_acceleration_ned_m_s2": [2.9055392896289004e-17, -4.382809768740025e-18, 6.932496726612528e-16], "filtered_joint_acceleration_peak_rad_s2": 5.132568277329539e-14, "inertia_diag_kg_m2": [0.20777477931898175, 0.20843718291988367, 0.21288366382074642], "mass_kg": 4.0, "raw_joint_acceleration_peak_rad_s2": 7.272781708314469e-12, "reaction_force_body_n": [1.7533752027284496e-17, -1.1622182459055615e-16, 2.7729986641527363e-15], "reaction_torque_body_nm": [-3.44090392792167e-11, -4.005042266549941e-09, -3.514046500462483e-11]}
[gazebo_direct_motor_model-5] [INFO] [1786461577.272836161] [my_drone_gazebo_direct_motor_model]: MOTOR_DYNAMIC_STATE sim_s=57.020 cmd_min=0.0000 cmd_mean=0.0000 cmd_max=0.0000 filtered_mean=0.0000 filtered_max=0.0000 esc_throttle_mean=0.0000 total_thrust_n=0.0000 body_up_force_n=0.0000 saturated_motors=0 rated_cap_command=1.0000 voltage_v=14.8000 thrust_scale=1.000000 current_a=0.0000
[gazebo_direct_motor_model-5] [INFO] [1786461578.295402285] [my_drone_gazebo_direct_motor_model]: MOTOR_DYNAMIC_STATE sim_s=58.020 cmd_min=0.0000 cmd_mean=0.0000 cmd_max=0.0000 filtered_mean=0.0000 filtered_max=0.0000 esc_throttle_mean=0.0000 total_thrust_n=0.0000 body_up_force_n=0.0000 saturated_motors=0 rated_cap_command=1.0000 voltage_v=14.8000 thrust_scale=1.000000 current_a=0.0000
[arm_coupling_monitor-9] [INFO] [1786461578.461454245] [my_drone_arm_coupling_monitor]: ARM_COUPLING_STATE {"com_body_flu_m": [-0.0040022036384448, 0.00025704482372922513, -0.20425393772914852], "com_shift_m": [-2.015838177875373e-06, 0.000929701342032593, 0.00022750733216628238], "feedforward_acceleration_ned_m_s2": [2.862814206992391e-17, 9.475039189936122e-18, 8.826356020546657e-16], "filtered_joint_acceleration_peak_rad_s2": 4.778289911283515e-14, "inertia_diag_kg_m2": [0.20777477931830868, 0.20843718291915064, 0.21288366382068774], "mass_kg": 4.0, "raw_joint_acceleration_peak_rad_s2": 8.990519942400418e-12, "reaction_force_body_n": [-3.7897027907787904e-17, -1.1451301747659544e-16, 3.530542427235654e-15], "reaction_torque_body_nm": [-3.4382963412921214e-11, -4.002818853413705e-09, -3.5210492488197816e-11]}
[gazebo_direct_motor_model-5] [INFO] [1786461579.286329498] [my_drone_gazebo_direct_motor_model]: MOTOR_DYNAMIC_STATE sim_s=59.020 cmd_min=0.0000 cmd_mean=0.0000 cmd_max=0.0000 filtered_mean=0.0000 filtered_max=0.0000 esc_throttle_mean=0.0000 total_thrust_n=0.0000 body_up_force_n=0.0000 saturated_motors=0 rated_cap_command=1.0000 voltage_v=14.8000 thrust_scale=1.000000 current_a=0.0000
[arm_coupling_monitor-9] [INFO] [1786461579.487925936] [my_drone_arm_coupling_monitor]: ARM_COUPLING_STATE {"com_body_flu_m": [-0.004002203638459793, 0.00025704482371687043, -0.20425393772773048], "com_shift_m": [-2.015838192868588e-06, 0.0009297013420202383, 0.00022750733358431474], "feedforward_acceleration_ned_m_s2": [1.663417887645495e-17, 3.305769211249276e-18, 3.2982906992205305e-16], "filtered_joint_acceleration_peak_rad_s2": 6.287994491632706e-14, "inertia_diag_kg_m2": [0.20777477931780355, 0.20843718291860067, 0.21288366382064378], "mass_kg": 4.0, "raw_joint_acceleration_peak_rad_s2": 7.118404678251793e-12, "reaction_force_body_n": [-1.3221857530014745e-17, -6.653688138171262e-17, 1.3193162835428613e-15], "reaction_torque_body_nm": [-3.46792457253287e-11, -4.001588972887727e-09, -3.5364138786013054e-11]}
[gazebo_direct_motor_model-5] [INFO] [1786461580.295413003] [my_drone_gazebo_direct_motor_model]: MOTOR_DYNAMIC_STATE sim_s=60.020 cmd_min=0.0000 cmd_mean=0.0000 cmd_max=0.0000 filtered_mean=0.0000 filtered_max=0.0000 esc_throttle_mean=0.0000 total_thrust_n=0.0000 body_up_force_n=0.0000 saturated_motors=0 rated_cap_command=1.0000 voltage_v=14.8000 thrust_scale=1.000000 current_a=0.0000
[arm_coupling_monitor-9] [INFO] [1786461580.531991010] [my_drone_arm_coupling_monitor]: ARM_COUPLING_STATE {"com_body_flu_m": [-0.004002203638474779, 0.00025704482370452267, -0.20425393772631303], "com_shift_m": [-2.0158382078548642e-06, 0.0009297013420078905, 0.00022750733500176423], "feedforward_acceleration_ned_m_s2": [2.2934927172952555e-17, 4.9208520258787137e-17, 9.76517115435551e-16], "filtered_joint_acceleration_peak_rad_s2": 9.752214854988092e-14, "inertia_diag_kg_m2": [0.20777477931729862, 0.20843718291805088, 0.21288366382059992], "mass_kg": 4.0, "raw_joint_acceleration_peak_rad_s2": 8.417405411023345e-12, "reaction_force_body_n": [-1.9683069313816304e-16, -9.174053253365065e-17, 3.906068613113973e-15], "reaction_torque_body_nm": [-3.4198683793831435e-11, -3.998687949114482e-09, -3.5018929357509355e-11]}
[gazebo_direct_motor_model-5] [INFO] [1786461581.277117810] [my_drone_gazebo_direct_motor_model]: MOTOR_DYNAMIC_STATE sim_s=61.020 cmd_min=0.0000 cmd_mean=0.0000 cmd_max=0.0000 filtered_mean=0.0000 filtered_max=0.0000 esc_throttle_mean=0.0000 total_thrust_n=0.0000 body_up_force_n=0.0000 saturated_motors=0 rated_cap_command=1.0000 voltage_v=14.8000 thrust_scale=1.000000 current_a=0.0000
[arm_coupling_monitor-9] [INFO] [1786461581.776500758] [my_drone_arm_coupling_monitor]: ARM_COUPLING_STATE {"com_body_flu_m": [-0.004002203638494727, 0.0002570448236880827, -0.204253937724426], "com_shift_m": [-2.0158382278024495e-06, 0.0009297013419914506, 0.0002275073368888103], "feedforward_acceleration_ned_m_s2": [1.2738905043071072e-17, 1.7038928182311164e-17, 4.2318167471679405e-16], "filtered_joint_acceleration_peak_rad_s2": 4.9268874123072034e-14, "inertia_diag_kg_m2": [0.20777477931662644, 0.20843718291731897, 0.21288366382054139], "mass_kg": 4.0, "raw_joint_acceleration_peak_rad_s2": 7.708344841338094e-12, "reaction_force_body_n": [-6.81542209240121e-17, -5.0955941014762205e-17, 1.692726749274106e-15], "reaction_torque_body_nm": [-3.454138368835431e-11, -3.997169352393447e-09, -3.531256045642794e-11]}
[gazebo_direct_motor_model-5] [INFO] [1786461582.279676005] [my_drone_gazebo_direct_motor_model]: MOTOR_DYNAMIC_STATE sim_s=62.020 cmd_min=0.0000 cmd_mean=0.0000 cmd_max=0.0000 filtered_mean=0.0000 filtered_max=0.0000 esc_throttle_mean=0.0000 total_thrust_n=0.0000 body_up_force_n=0.0000 saturated_motors=0 rated_cap_command=1.0000 voltage_v=14.8000 thrust_scale=1.000000 current_a=0.0000
[arm_coupling_monitor-9] [INFO] [1786461582.787695870] [my_drone_arm_coupling_monitor]: ARM_COUPLING_STATE {"com_body_flu_m": [-0.0040022036385096976, 0.0002570448236757471, -0.20425393772301007], "com_shift_m": [-2.015838242773113e-06, 0.000929701341979115, 0.00022750733830473324], "feedforward_acceleration_ned_m_s2": [2.4711703062003216e-18, 2.514184080872523e-17, 5.343918366224662e-16], "filtered_joint_acceleration_peak_rad_s2": 3.288836254259523e-14, "inertia_diag_kg_m2": [0.2077747793161221, 0.20843718291676971, 0.21288366382049756], "mass_kg": 4.0, "raw_joint_acceleration_peak_rad_s2": 8.120045504822121e-12, "reaction_force_body_n": [-1.0056559431220023e-16, -9.885116981672745e-18, 2.137567427697557e-15], "reaction_torque_body_nm": [-3.428251688247494e-11, -3.995284560391545e-09, -3.524564610915965e-11]}
[gazebo_direct_motor_model-5] [INFO] [1786461583.281702826] [my_drone_gazebo_direct_motor_model]: MOTOR_DYNAMIC_STATE sim_s=63.020 cmd_min=0.0000 cmd_mean=0.0000 cmd_max=0.0000 filtered_mean=0.0000 filtered_max=0.0000 esc_throttle_mean=0.0000 total_thrust_n=0.0000 body_up_force_n=0.0000 saturated_motors=0 rated_cap_command=1.0000 voltage_v=14.8000 thrust_scale=1.000000 current_a=0.0000
[arm_coupling_monitor-9] [INFO] [1786461583.812494857] [my_drone_arm_coupling_monitor]: ARM_COUPLING_STATE {"com_body_flu_m": [-0.004002203638524661, 0.00025704482366341666, -0.20425393772159475], "com_shift_m": [-2.0158382577368378e-06, 0.0009297013419667845, 0.00022750733972004555], "feedforward_acceleration_ned_m_s2": [-8.692509910316775e-18, -1.3503634026292367e-17, 5.389187613649725e-16], "filtered_joint_acceleration_peak_rad_s2": 3.6946674121085285e-14, "inertia_diag_kg_m2": [0.20777477931561797, 0.2084371829162207, 0.2128836638204536], "mass_kg": 4.0, "raw_joint_acceleration_peak_rad_s2": 6.585256530542038e-12, "reaction_force_body_n": [5.401622560800044e-17, 3.476992817976538e-17, 2.155675004923342e-15], "reaction_torque_body_nm": [-3.410338782756722e-11, -3.9934768355063295e-09, -3.517293159895241e-11]}
[gazebo_direct_motor_model-5] [INFO] [1786461584.284983856] [my_drone_gazebo_direct_motor_model]: MOTOR_DYNAMIC_STATE sim_s=64.024 cmd_min=0.0000 cmd_mean=0.0000 cmd_max=0.0000 filtered_mean=0.0000 filtered_max=0.0000 esc_throttle_mean=0.0000 total_thrust_n=0.0000 body_up_force_n=0.0000 saturated_motors=0 rated_cap_command=1.0000 voltage_v=14.8000 thrust_scale=1.000000 current_a=0.0000
[arm_coupling_monitor-9] [INFO] [1786461584.812863563] [my_drone_arm_coupling_monitor]: ARM_COUPLING_STATE {"com_body_flu_m": [-0.004002203638539623, 0.0002570448236510932, -0.20425393772018008], "com_shift_m": [-2.0158382726988278e-06, 0.0009297013419544611, 0.0002275073411347195], "feedforward_acceleration_ned_m_s2": [4.422364352342324e-18, 2.3653291889523464e-17, 7.625765822197136e-16], "filtered_joint_acceleration_peak_rad_s2": 3.456186132433926e-14, "inertia_diag_kg_m2": [0.207774779315114, 0.20843718291567204, 0.2128836638204098], "mass_kg": 4.0, "raw_joint_acceleration_peak_rad_s2": 7.141403590075325e-12, "reaction_force_body_n": [-9.46106357446139e-17, -1.768997605589332e-17, 3.050306404400769e-15], "reaction_torque_body_nm": [-3.406677068107579e-11, -3.991339949725899e-09, -3.5096405787368454e-11]}
[gazebo_direct_motor_model-5] [INFO] [1786461585.288283824] [my_drone_gazebo_direct_motor_model]: MOTOR_DYNAMIC_STATE sim_s=65.024 cmd_min=0.0000 cmd_mean=0.0000 cmd_max=0.0000 filtered_mean=0.0000 filtered_max=0.0000 esc_throttle_mean=0.0000 total_thrust_n=0.0000 body_up_force_n=0.0000 saturated_motors=0 rated_cap_command=1.0000 voltage_v=14.8000 thrust_scale=1.000000 current_a=0.0000
[arm_coupling_monitor-9] [INFO] [1786461585.812794447] [my_drone_arm_coupling_monitor]: ARM_COUPLING_STATE {"com_body_flu_m": [-0.00400220363855457, 0.0002570448236387749, -0.20425393771876607], "com_shift_m": [-2.0158382876452052e-06, 0.0009297013419421428, 0.0002275073425487273], "feedforward_acceleration_ned_m_s2": [-1.3399021874670034e-17, 5.467785492420117e-17, 6.724229734786648e-16], "filtered_joint_acceleration_peak_rad_s2": 4.148906411166031e-14, "inertia_diag_kg_m2": [0.20777477931461033, 0.20843718291512356, 0.21288366382036597], "mass_kg": 4.0, "raw_joint_acceleration_peak_rad_s2": 8.304864086768092e-12, "reaction_force_body_n": [-2.1870933320939412e-16, 5.359534470044021e-17, 2.6896920783771377e-15], "reaction_torque_body_nm": [-3.3930960350297403e-11, -3.989558851914703e-09, -3.5073663294414236e-11]}
[gazebo_direct_motor_model-5] [INFO] [1786461586.283653334] [my_drone_gazebo_direct_motor_model]: MOTOR_DYNAMIC_STATE sim_s=66.024 cmd_min=0.0000 cmd_mean=0.0000 cmd_max=0.0000 filtered_mean=0.0000 filtered_max=0.0000 esc_throttle_mean=0.0000 total_thrust_n=0.0000 body_up_force_n=0.0000 saturated_motors=0 rated_cap_command=1.0000 voltage_v=14.8000 thrust_scale=1.000000 current_a=0.0000
[arm_coupling_monitor-9] [INFO] [1786461587.135762766] [my_drone_arm_coupling_monitor]: ARM_COUPLING_STATE {"com_body_flu_m": [-0.004002203638574538, 0.00025704482362232453, -0.20425393771687791], "com_shift_m": [-2.015838307613607e-06, 0.0009297013419256924, 0.00022750734443688359], "feedforward_acceleration_ned_m_s2": [-1.6401375837371373e-18, 5.038727637724309e-18, 6.628643994188498e-16], "filtered_joint_acceleration_peak_rad_s2": 4.10384769896262e-14, "inertia_diag_kg_m2": [0.20777477931393784, 0.20843718291439123, 0.2128836638203074], "mass_kg": 4.0, "raw_joint_acceleration_peak_rad_s2": 9.274523802632416e-12, "reaction_force_body_n": [-2.0152756079841915e-17, 6.5602305170065605e-18, 2.6514576148429302e-15], "reaction_torque_body_nm": [-3.4054879042559664e-11, -3.987378982716728e-09, -3.513495512984033e-11]}
[gazebo_direct_motor_model-5] [INFO] [1786461587.280281675] [my_drone_gazebo_direct_motor_model]: MOTOR_DYNAMIC_STATE sim_s=67.024 cmd_min=0.0000 cmd_mean=0.0000 cmd_max=0.0000 filtered_mean=0.0000 filtered_max=0.0000 esc_throttle_mean=0.0000 total_thrust_n=0.0000 body_up_force_n=0.0000 saturated_motors=0 rated_cap_command=1.0000 voltage_v=14.8000 thrust_scale=1.000000 current_a=0.0000
[arm_coupling_monitor-9] [INFO] [1786461588.133053249] [my_drone_arm_coupling_monitor]: ARM_COUPLING_STATE {"com_body_flu_m": [-0.004002203638589469, 0.00025704482361002014, -0.20425393771546538], "com_shift_m": [-2.015838322544372e-06, 0.000929701341913388, 0.00022750734584942034], "feedforward_acceleration_ned_m_s2": [3.252470992380081e-17, -2.4654136199807352e-17, 4.501413953238302e-16], "filtered_joint_acceleration_peak_rad_s2": 4.797291665845944e-14, "inertia_diag_kg_m2": [0.20777477931343463, 0.20843718291384336, 0.21288366382026364], "mass_kg": 4.0, "raw_joint_acceleration_peak_rad_s2": 7.580736012777323e-12, "reaction_force_body_n": [9.861829179586792e-17, -1.3009881990274326e-16, 1.8005654870419767e-15], "reaction_torque_body_nm": [-3.440572272098665e-11, -3.98579007296675e-09, -3.5131418791617007e-11]}
[gazebo_direct_motor_model-5] [INFO] [1786461588.287090184] [my_drone_gazebo_direct_motor_model]: MOTOR_DYNAMIC_STATE sim_s=68.024 cmd_min=0.0000 cmd_mean=0.0000 cmd_max=0.0000 filtered_mean=0.0000 filtered_max=0.0000 esc_throttle_mean=0.0000 total_thrust_n=0.0000 body_up_force_n=0.0000 saturated_motors=0 rated_cap_command=1.0000 voltage_v=14.8000 thrust_scale=1.000000 current_a=0.0000
[gazebo_direct_motor_model-5] [INFO] [1786461589.282419645] [my_drone_gazebo_direct_motor_model]: MOTOR_DYNAMIC_STATE sim_s=69.024 cmd_min=0.0000 cmd_mean=0.0000 cmd_max=0.0000 filtered_mean=0.0000 filtered_max=0.0000 esc_throttle_mean=0.0000 total_thrust_n=0.0000 body_up_force_n=0.0000 saturated_motors=0 rated_cap_command=1.0000 voltage_v=14.8000 thrust_scale=1.000000 current_a=0.0000
[arm_coupling_monitor-9] [INFO] [1786461589.459838579] [my_drone_arm_coupling_monitor]: ARM_COUPLING_STATE {"com_body_flu_m": [-0.0040022036386093505, 0.0002570448235936374, -0.20425393771358488], "com_shift_m": [-2.015838342426038e-06, 0.0009297013418970053, 0.0002275073477299161], "feedforward_acceleration_ned_m_s2": [4.4661608478425865e-17, -2.0807126952887074e-17, 1.0429625835832971e-15], "filtered_joint_acceleration_peak_rad_s2": 6.636932276656322e-14, "inertia_diag_kg_m2": [0.20777477931276486, 0.20843718291311406, 0.21288366382020535], "mass_kg": 4.0, "raw_joint_acceleration_peak_rad_s2": 8.728335820361893e-12, "reaction_force_body_n": [8.323229644467526e-17, -1.7864669457994651e-16, 4.171850247585927e-15], "reaction_torque_body_nm": [-3.440508064807696e-11, -3.98315621359173e-09, -3.5104413841760105e-11]}
[gazebo_direct_motor_model-5] [INFO] [1786461589.582904759] [my_drone_gazebo_direct_motor_model]: first nonzero velocity motor command: raw=[0.949920654296875, 1.04248046875, 0.948944091796875, 1.031036376953125, 0.9765625, 1.041473388671875, 0.9775390625, 1.03204345703125], normalized=[0.000949920654296875, 0.00104248046875, 0.000948944091796875, 0.001031036376953125, 0.0009765625, 0.001041473388671875, 0.0009775390625, 0.00103204345703125]
[gazebo_direct_motor_model-5] [INFO] [1786461590.283759618] [my_drone_gazebo_direct_motor_model]: MOTOR_DYNAMIC_STATE sim_s=70.024 cmd_min=0.0009 cmd_mean=0.0010 cmd_max=0.0011 filtered_mean=0.0010 filtered_max=0.0011 esc_throttle_mean=0.0069 total_thrust_n=0.0941 body_up_force_n=0.0815 saturated_motors=0 rated_cap_command=1.0000 voltage_v=14.8000 thrust_scale=1.000000 current_a=0.0000
[arm_coupling_monitor-9] [INFO] [1786461590.801809627] [my_drone_arm_coupling_monitor]: ARM_COUPLING_STATE {"com_body_flu_m": [-0.0040022036386293085, 0.0002570448235772668, -0.2042539377117382], "com_shift_m": [-2.0158383623840315e-06, 0.0009297013418806347, 0.00022750734957660557], "feedforward_acceleration_ned_m_s2": [1.3528699858284375e-14, 1.4037525897423014e-14, 2.3587991338083284e-12], "filtered_joint_acceleration_peak_rad_s2": 1.2789593368403617e-10, "inertia_diag_kg_m2": [0.20777477931210694, 0.20843718291239768, 0.2128836638201482], "mass_kg": 4.0, "raw_joint_acceleration_peak_rad_s2": 9.619885386891917e-10, "reaction_force_body_n": [-5.614227346462707e-14, -5.4115904646239845e-14, 9.435196575489252e-12], "reaction_torque_body_nm": [1.1893559530438246e-10, -2.0721012008857614e-09, -2.715242768684903e-11]}
[gazebo_direct_motor_model-5] [INFO] [1786461591.286823441] [my_drone_gazebo_direct_motor_model]: MOTOR_DYNAMIC_STATE sim_s=71.024 cmd_min=0.3165 cmd_mean=0.3297 cmd_max=0.3430 filtered_mean=0.3296 filtered_max=0.3430 esc_throttle_mean=0.4139 total_thrust_n=31.0326 body_up_force_n=26.8750 saturated_motors=0 rated_cap_command=1.0000 voltage_v=14.8000 thrust_scale=1.000000 current_a=0.0000
[arm_coupling_monitor-9] [INFO] [1786461592.125773803] [my_drone_arm_coupling_monitor]: ARM_COUPLING_STATE {"com_body_flu_m": [-0.004002110349650357, 0.0002571236017488987, -0.20426297837851473], "com_shift_m": [-1.9225493834325313e-06, 0.0009297801200522666, 0.00021846668280006698], "feedforward_acceleration_ned_m_s2": [7.171508724503685e-09, -1.140395782718603e-08, -7.704250765709445e-07], "filtered_joint_acceleration_peak_rad_s2": 4.327512468654763e-05, "inertia_diag_kg_m2": [0.20777800287202816, 0.20844069062367765, 0.2128839419086353], "mass_kg": 4.0, "raw_joint_acceleration_peak_rad_s2": 2.2585776582673662, "reaction_force_body_n": [3.1018889010502814e-08, 2.6861569427464697e-08, -3.081898238914799e-06], "reaction_torque_body_nm": [2.0504940112660912e-08, 3.603630211435791e-07, 2.908824711479391e-09]}
[gazebo_direct_motor_model-5] [INFO] [1786461592.286360499] [my_drone_gazebo_direct_motor_model]: MOTOR_DYNAMIC_STATE sim_s=72.024 cmd_min=0.4634 cmd_mean=0.4833 cmd_max=0.5032 filtered_mean=0.4833 filtered_max=0.5032 esc_throttle_mean=0.5600 total_thrust_n=45.5030 body_up_force_n=39.4067 saturated_motors=0 rated_cap_command=1.0000 voltage_v=14.8000 thrust_scale=1.000000 current_a=0.0000
[gazebo_direct_motor_model-5] [INFO] [1786461593.282696863] [my_drone_gazebo_direct_motor_model]: MOTOR_DYNAMIC_STATE sim_s=73.024 cmd_min=0.4636 cmd_mean=0.4821 cmd_max=0.4972 filtered_mean=0.4821 filtered_max=0.4972 esc_throttle_mean=0.5591 total_thrust_n=45.3841 body_up_force_n=39.3037 saturated_motors=0 rated_cap_command=1.0000 voltage_v=14.8000 thrust_scale=1.000000 current_a=0.0000
[arm_coupling_monitor-9] [INFO] [1786461593.435594787] [my_drone_arm_coupling_monitor]: ARM_COUPLING_STATE {"com_body_flu_m": [-0.004002110349650381, 0.0002571236017489091, -0.20426297837851393], "com_shift_m": [-1.9225493834568175e-06, 0.000929780120052277, 0.0002184666828008719], "feedforward_acceleration_ned_m_s2": [-4.1424220288297224e-11, -2.8042294395207353e-12, -9.863084621757522e-10], "filtered_joint_acceleration_peak_rad_s2": 5.544188092040973e-08, "inertia_diag_kg_m2": [0.20777800287202802, 0.2084406906236774, 0.21288394190863524], "mass_kg": 4.0, "raw_joint_acceleration_peak_rad_s2": 9.746630585937578e-11, "reaction_force_body_n": [3.9739812329288444e-11, 3.4411044022329904e-11, -3.948377897818948e-09], "reaction_torque_body_nm": [2.5849846247862737e-11, 4.571207874315939e-10, 5.045362088885815e-12]}
[gazebo_direct_motor_model-5] [INFO] [1786461594.283296353] [my_drone_gazebo_direct_motor_model]: MOTOR_DYNAMIC_STATE sim_s=74.024 cmd_min=0.4672 cmd_mean=0.4822 cmd_max=0.4971 filtered_mean=0.4822 filtered_max=0.4971 esc_throttle_mean=0.5615 total_thrust_n=45.3950 body_up_force_n=39.3133 saturated_motors=0 rated_cap_command=1.0000 voltage_v=14.8000 thrust_scale=1.000000 current_a=0.0000
[arm_coupling_monitor-9] [INFO] [1786461594.490914737] [my_drone_arm_coupling_monitor]: ARM_COUPLING_STATE {"com_body_flu_m": [-0.004002110349650381, 0.00025712360174889523, -0.20426297837851415], "com_shift_m": [-1.9225493834568175e-06, 0.0009297801200522631, 0.00021846668280064985], "feedforward_acceleration_ned_m_s2": [-5.7405780788172e-14, 1.3911585366545645e-15, -6.64058239848748e-12], "filtered_joint_acceleration_peak_rad_s2": 3.7324182884827293e-10, "inertia_diag_kg_m2": [0.20777800287202802, 0.20844069062367745, 0.21288394190863524], "mass_kg": 4.0, "raw_joint_acceleration_peak_rad_s2": 8.175665006094901e-11, "reaction_force_body_n": [2.682682542866802e-13, 2.354182088501142e-13, -2.6560924713047004e-11], "reaction_torque_body_nm": [1.0229785854501981e-12, 1.4431507028176077e-11, -2.7401223472057843e-12]}
[gazebo_direct_motor_model-5] [INFO] [1786461595.283433211] [my_drone_gazebo_direct_motor_model]: MOTOR_DYNAMIC_STATE sim_s=75.024 cmd_min=0.4648 cmd_mean=0.4824 cmd_max=0.4994 filtered_mean=0.4824 filtered_max=0.4994 esc_throttle_mean=0.5601 total_thrust_n=45.4129 body_up_force_n=39.3287 saturated_motors=0 rated_cap_command=1.0000 voltage_v=14.8000 thrust_scale=1.000000 current_a=0.0000
[arm_coupling_monitor-9] [INFO] [1786461595.843728465] [my_drone_arm_coupling_monitor]: ARM_COUPLING_STATE {"com_body_flu_m": [-0.004002110349650371, 0.00025712360174888135, -0.20426297837851384], "com_shift_m": [-1.922549383446409e-06, 0.0009297801200522492, 0.00021846668280095516], "feedforward_acceleration_ned_m_s2": [7.866814132068048e-17, -6.230644313846605e-17, -1.817595932303852e-14], "filtered_joint_acceleration_peak_rad_s2": 7.869967047066176e-13, "inertia_diag_kg_m2": [0.207778002872028, 0.20844069062367737, 0.21288394190863522], "mass_kg": 4.0, "raw_joint_acceleration_peak_rad_s2": 1.0250654491882023e-10, "reaction_force_body_n": [-7.097095803353916e-16, 7.176439747167935e-16, -7.269793937072904e-14], "reaction_torque_body_nm": [5.208790526218614e-13, -5.334015857274754e-12, -1.3051432046199387e-13]}
[gazebo_direct_motor_model-5] [INFO] [1786461596.278105632] [my_drone_gazebo_direct_motor_model]: MOTOR_DYNAMIC_STATE sim_s=76.024 cmd_min=0.4659 cmd_mean=0.4820 cmd_max=0.4965 filtered_mean=0.4820 filtered_max=0.4965 esc_throttle_mean=0.5605 total_thrust_n=45.3781 body_up_force_n=39.2986 saturated_motors=0 rated_cap_command=1.0000 voltage_v=14.8000 thrust_scale=1.000000 current_a=0.0000
[arm_coupling_monitor-9] [INFO] [1786461597.123102171] [my_drone_arm_coupling_monitor]: ARM_COUPLING_STATE {"com_body_flu_m": [-0.004002110349650395, 0.00025712360174888135, -0.20426297837851312], "com_shift_m": [-1.9225493834706953e-06, 0.0009297801200522492, 0.0002184666828016768], "feedforward_acceleration_ned_m_s2": [3.75722228044821e-17, -1.4495733679463998e-17, 4.122802452015274e-15], "filtered_joint_acceleration_peak_rad_s2": 3.235239916687204e-13, "inertia_diag_kg_m2": [0.20777800287202766, 0.20844069062367704, 0.21288394190863513], "mass_kg": 4.0, "raw_joint_acceleration_peak_rad_s2": 1.0046997955802595e-10, "reaction_force_body_n": [-2.2859008101926037e-17, 8.684508677434669e-18, 1.6491978406185542e-14], "reaction_torque_body_nm": [2.4207482623275383e-13, -4.7315432002240885e-12, -6.207787328870674e-14]}
[gazebo_direct_motor_model-5] [INFO] [1786461597.286159491] [my_drone_gazebo_direct_motor_model]: MOTOR_DYNAMIC_STATE sim_s=77.024 cmd_min=0.4651 cmd_mean=0.4800 cmd_max=0.4951 filtered_mean=0.4800 filtered_max=0.4951 esc_throttle_mean=0.5570 total_thrust_n=45.1881 body_up_force_n=39.1340 saturated_motors=0 rated_cap_command=1.0000 voltage_v=14.8000 thrust_scale=1.000000 current_a=0.0000
[arm_coupling_monitor-9] [INFO] [1786461598.131840593] [my_drone_arm_coupling_monitor]: ARM_COUPLING_STATE {"com_body_flu_m": [-0.004002110349650397, 0.0002571236017488796, -0.20426297837851295], "com_shift_m": [-1.92254938347243e-06, 0.0009297801200522475, 0.00021846668280184334], "feedforward_acceleration_ned_m_s2": [-4.0646938717577835e-16, 1.5455277126681677e-16, -6.665975032308301e-15], "filtered_joint_acceleration_peak_rad_s2": 5.358911563732773e-13, "inertia_diag_kg_m2": [0.20777800287202755, 0.20844069062367693, 0.21288394190863513], "mass_kg": 4.0, "raw_joint_acceleration_peak_rad_s2": 9.119701521720326e-11, "reaction_force_body_n": [-5.679368534617718e-16, 1.3886766370502567e-15, -2.6678423075192997e-14], "reaction_torque_body_nm": [1.188193686927405e-13, -2.8485859109044427e-12, -5.450173209623436e-13]}
[gazebo_direct_motor_model-5] [INFO] [1786461598.281601589] [my_drone_gazebo_direct_motor_model]: MOTOR_DYNAMIC_STATE sim_s=78.024 cmd_min=0.4653 cmd_mean=0.4801 cmd_max=0.4952 filtered_mean=0.4801 filtered_max=0.4952 esc_throttle_mean=0.5571 total_thrust_n=45.1983 body_up_force_n=39.1429 saturated_motors=0 rated_cap_command=1.0000 voltage_v=14.8000 thrust_scale=1.000000 current_a=0.0000
[gazebo_direct_motor_model-5] [INFO] [1786461599.283334609] [my_drone_gazebo_direct_motor_model]: MOTOR_DYNAMIC_STATE sim_s=79.024 cmd_min=0.4648 cmd_mean=0.4804 cmd_max=0.4959 filtered_mean=0.4804 filtered_max=0.4959 esc_throttle_mean=0.5577 total_thrust_n=45.2234 body_up_force_n=39.1646 saturated_motors=0 rated_cap_command=1.0000 voltage_v=14.8000 thrust_scale=1.000000 current_a=0.0000
[arm_coupling_monitor-9] [INFO] [1786461599.450624731] [my_drone_arm_coupling_monitor]: ARM_COUPLING_STATE {"com_body_flu_m": [-0.004002110349650399, 0.0002571236017488779, -0.20426297837851307], "com_shift_m": [-1.9225493834741647e-06, 0.0009297801200522458, 0.00021846668280173231], "feedforward_acceleration_ned_m_s2": [-2.690420989819443e-16, -5.3640155315379106e-17, 5.845354813455004e-15], "filtered_joint_acceleration_peak_rad_s2": 4.626479867205237e-13, "inertia_diag_kg_m2": [0.20777800287202763, 0.208440690623677, 0.21288394190863513], "mass_kg": 4.0, "raw_joint_acceleration_peak_rad_s2": 8.083551189520645e-11, "reaction_force_body_n": [1.7194670152446045e-16, 8.56765968593434e-16, 2.3390838535768448e-14], "reaction_torque_body_nm": [3.887671708368092e-15, 8.508293966481902e-12, -5.315094605438151e-13]}
[gazebo_direct_motor_model-5] [INFO] [1786461600.298915485] [my_drone_gazebo_direct_motor_model]: MOTOR_DYNAMIC_STATE sim_s=80.024 cmd_min=0.4644 cmd_mean=0.4802 cmd_max=0.4962 filtered_mean=0.4802 filtered_max=0.4962 esc_throttle_mean=0.5571 total_thrust_n=45.2068 body_up_force_n=39.1502 saturated_motors=0 rated_cap_command=1.0000 voltage_v=14.8000 thrust_scale=1.000000 current_a=0.0000
[arm_coupling_monitor-9] [INFO] [1786461600.474101711] [my_drone_arm_coupling_monitor]: ARM_COUPLING_STATE {"com_body_flu_m": [-0.004002110349650397, 0.0002571236017488675, -0.20426297837851293], "com_shift_m": [-1.92254938347243e-06, 0.0009297801200522354, 0.0002184666828018711], "feedforward_acceleration_ned_m_s2": [1.4333667136648043e-15, 1.1883329479304377e-16, 1.373680636018651e-14], "filtered_joint_acceleration_peak_rad_s2": 1.0865285543902566e-12, "inertia_diag_kg_m2": [0.20777800287202758, 0.2084406906236769, 0.21288394190863513], "mass_kg": 4.0, "raw_joint_acceleration_peak_rad_s2": 1.3747423338577998e-10, "reaction_force_body_n": [-1.163630690591769e-16, -5.8265874444739855e-15, 5.4939362080651465e-14], "reaction_torque_body_nm": [-1.5377210888509835e-12, 1.3889622404156232e-11, 2.7171033004583393e-12]}
[gazebo_direct_motor_model-5] [INFO] [1786461601.281747242] [my_drone_gazebo_direct_motor_model]: MOTOR_DYNAMIC_STATE sim_s=81.024 cmd_min=0.4658 cmd_mean=0.4807 cmd_max=0.4956 filtered_mean=0.4807 filtered_max=0.4956 esc_throttle_mean=0.5578 total_thrust_n=45.2562 body_up_force_n=39.1930 saturated_motors=0 rated_cap_command=1.0000 voltage_v=14.8000 thrust_scale=1.000000 current_a=0.0000
[arm_coupling_monitor-9] [INFO] [1786461601.831129337] [my_drone_arm_coupling_monitor]: ARM_COUPLING_STATE {"com_body_flu_m": [-0.00400211034965039, 0.0002571236017488831, -0.20426297837851323], "com_shift_m": [-1.922549383465491e-06, 0.000929780120052251, 0.00021846668280156578], "feedforward_acceleration_ned_m_s2": [1.430360317550106e-16, -2.270450212154049e-16, 5.251216406028228e-15], "filtered_joint_acceleration_peak_rad_s2": 4.385063241600697e-13, "inertia_diag_kg_m2": [0.20777800287202772, 0.20844069062367712, 0.21288394190863513], "mass_kg": 4.0, "raw_joint_acceleration_peak_rad_s2": 1.0319609750052017e-10, "reaction_force_body_n": [9.60797221212803e-16, -4.41981706086943e-16, 2.1005666871748144e-14], "reaction_torque_body_nm": [-8.021170703180923e-14, 7.35983931980955e-12, 2.159596096604229e-13]}
[gazebo_direct_motor_model-5] [INFO] [1786461602.293809979] [my_drone_gazebo_direct_motor_model]: MOTOR_DYNAMIC_STATE sim_s=82.024 cmd_min=0.4664 cmd_mean=0.4813 cmd_max=0.4966 filtered_mean=0.4813 filtered_max=0.4966 esc_throttle_mean=0.5602 total_thrust_n=45.3109 body_up_force_n=39.2404 saturated_motors=0 rated_cap_command=1.0000 voltage_v=14.8000 thrust_scale=1.000000 current_a=0.0000
[arm_coupling_monitor-9] [INFO] [1786461602.911644966] [my_drone_arm_coupling_monitor]: ARM_COUPLING_STATE {"com_body_flu_m": [-0.0040021103496503865, 0.0002571236017488883, -0.20426297837851365], "com_shift_m": [-1.9225493834620216e-06, 0.0009297801200522562, 0.00021846668280114945], "feedforward_acceleration_ned_m_s2": [1.6812413537474776e-16, -4.47401055610515e-16, 1.2216300035032465e-14], "filtered_joint_acceleration_peak_rad_s2": 9.953477398187239e-13, "inertia_diag_kg_m2": [0.20777800287202794, 0.20844069062367726, 0.21288394190863522], "mass_kg": 4.0, "raw_joint_acceleration_peak_rad_s2": 1.0973947445189669e-10, "reaction_force_body_n": [1.4094154239547537e-15, -8.380883820591622e-16, 4.8875084405378104e-14], "reaction_torque_body_nm": [-5.634766374970367e-13, 1.5295600440007102e-11, 1.5743000949721757e-13]}
[gazebo_direct_motor_model-5] [INFO] [1786461603.287339202] [my_drone_gazebo_direct_motor_model]: MOTOR_DYNAMIC_STATE sim_s=83.024 cmd_min=0.4665 cmd_mean=0.4820 cmd_max=0.4973 filtered_mean=0.4820 filtered_max=0.4973 esc_throttle_mean=0.5608 total_thrust_n=45.3784 body_up_force_n=39.2989 saturated_motors=0 rated_cap_command=1.0000 voltage_v=14.8000 thrust_scale=1.000000 current_a=0.0000
[arm_coupling_monitor-9] [INFO] [1786461604.142727606] [my_drone_arm_coupling_monitor]: ARM_COUPLING_STATE {"com_body_flu_m": [-0.0040021103496503865, 0.0002571236017488848, -0.20426297837851354], "com_shift_m": [-1.9225493834620216e-06, 0.0009297801200522527, 0.00021846668280126047], "feedforward_acceleration_ned_m_s2": [-1.2307021517873448e-17, -1.9801902842289236e-17, -3.3385782193298207e-15], "filtered_joint_acceleration_peak_rad_s2": 2.5044426400504344e-13, "inertia_diag_kg_m2": [0.20777800287202777, 0.20844069062367723, 0.2128839419086352], "mass_kg": 4.0, "raw_joint_acceleration_peak_rad_s2": 1.0705325514934988e-10, "reaction_force_body_n": [5.075150072006061e-17, 6.355922052438553e-17, -1.3354390820481243e-14], "reaction_torque_body_nm": [5.24756638519514e-13, -7.32227213530662e-12, 1.474044461925506e-13]}
[gazebo_direct_motor_model-5] [INFO] [1786461604.280349116] [my_drone_gazebo_direct_motor_model]: MOTOR_DYNAMIC_STATE sim_s=84.024 cmd_min=0.4658 cmd_mean=0.4811 cmd_max=0.4964 filtered_mean=0.4811 filtered_max=0.4964 esc_throttle_mean=0.5594 total_thrust_n=45.2934 body_up_force_n=39.2252 saturated_motors=0 rated_cap_command=1.0000 voltage_v=14.8000 thrust_scale=1.000000 current_a=0.0000
[gazebo_direct_motor_model-5] [INFO] [1786461605.286339252] [my_drone_gazebo_direct_motor_model]: MOTOR_DYNAMIC_STATE sim_s=85.024 cmd_min=0.4665 cmd_mean=0.4813 cmd_max=0.4965 filtered_mean=0.4813 filtered_max=0.4965 esc_throttle_mean=0.5591 total_thrust_n=45.3128 body_up_force_n=39.2420 saturated_motors=0 rated_cap_command=1.0000 voltage_v=14.8000 thrust_scale=1.000000 current_a=0.0000
[arm_coupling_monitor-9] [INFO] [1786461605.462031106] [my_drone_arm_coupling_monitor]: ARM_COUPLING_STATE {"com_body_flu_m": [-0.004002110349650385, 0.00025712360174888656, -0.2042629783785135], "com_shift_m": [-1.922549383460287e-06, 0.0009297801200522544, 0.00021846668280128823], "feedforward_acceleration_ned_m_s2": [2.8641010269692964e-16, -3.9160239771699774e-16, -3.1471575593037916e-17], "filtered_joint_acceleration_peak_rad_s2": 1.0882238323356628e-13, "inertia_diag_kg_m2": [0.20777800287202774, 0.20844069062367718, 0.2128839419086352], "mass_kg": 4.0, "raw_joint_acceleration_peak_rad_s2": 1.3437168044899926e-10, "reaction_force_body_n": [1.6012297049982101e-15, -1.0967490784255992e-15, -1.232201652407445e-16], "reaction_torque_body_nm": [-1.9232644229792153e-13, 2.2879915664811826e-12, 9.510445838735269e-13]}
[gazebo_direct_motor_model-5] [INFO] [1786461606.283685510] [my_drone_gazebo_direct_motor_model]: MOTOR_DYNAMIC_STATE sim_s=86.024 cmd_min=0.4665 cmd_mean=0.4811 cmd_max=0.4968 filtered_mean=0.4811 filtered_max=0.4968 esc_throttle_mean=0.5600 total_thrust_n=45.2913 body_up_force_n=39.2234 saturated_motors=0 rated_cap_command=1.0000 voltage_v=14.8000 thrust_scale=1.000000 current_a=0.0000
[arm_coupling_monitor-9] [INFO] [1786461606.795094883] [my_drone_arm_coupling_monitor]: ARM_COUPLING_STATE {"com_body_flu_m": [-0.00400211034965039, 0.0002571236017488779, -0.20426297837851348], "com_shift_m": [-1.922549383465491e-06, 0.0009297801200522458, 0.00021846668280131598], "feedforward_acceleration_ned_m_s2": [-6.932204412588501e-18, -8.274604017521324e-17, 1.3671402531238152e-14], "filtered_joint_acceleration_peak_rad_s2": 1.0690987384081842e-12, "inertia_diag_kg_m2": [0.20777800287202777, 0.20844069062367718, 0.2128839419086352], "mass_kg": 4.0, "raw_joint_acceleration_peak_rad_s2": 9.245989390771283e-11, "reaction_force_body_n": [1.4284569633911617e-17, -6.476917447170342e-16, 5.468278125237576e-14], "reaction_torque_body_nm": [-3.3220637440761103e-13, 1.3151210944308098e-11, -3.78973893331629e-13]}
[gazebo_direct_motor_model-5] [INFO] [1786461607.283405483] [my_drone_gazebo_direct_motor_model]: MOTOR_DYNAMIC_STATE sim_s=87.024 cmd_min=0.4657 cmd_mean=0.4815 cmd_max=0.4963 filtered_mean=0.4815 filtered_max=0.4963 esc_throttle_mean=0.5599 total_thrust_n=45.3259 body_up_force_n=39.2534 saturated_motors=0 rated_cap_command=1.0000 voltage_v=14.8000 thrust_scale=1.000000 current_a=0.0000
[arm_coupling_monitor-9] [INFO] [1786461607.811576171] [my_drone_arm_coupling_monitor]: ARM_COUPLING_STATE {"com_body_flu_m": [-0.004002110349650383, 0.00025712360174888656, -0.20426297837851362], "com_shift_m": [-1.922549383458552e-06, 0.0009297801200522544, 0.0002184666828011772], "feedforward_acceleration_ned_m_s2": [7.580043856597489e-17, -2.3065762773484756e-16, 5.416223748190587e-15], "filtered_joint_acceleration_peak_rad_s2": 4.50527369027265e-13, "inertia_diag_kg_m2": [0.20777800287202788, 0.2084406906236773, 0.21288394190863522], "mass_kg": 4.0, "raw_joint_acceleration_peak_rad_s2": 9.98359381275572e-11, "reaction_force_body_n": [9.32595980258458e-16, -2.963700492329453e-16, 2.1664562837556808e-14], "reaction_torque_body_nm": [-8.301126360441775e-13, 7.37923503658494e-12, 6.241194073068328e-14]}
[gazebo_direct_motor_model-5] [INFO] [1786461608.287941620] [my_drone_gazebo_direct_motor_model]: MOTOR_DYNAMIC_STATE sim_s=88.024 cmd_min=0.4662 cmd_mean=0.4814 cmd_max=0.4970 filtered_mean=0.4814 filtered_max=0.4970 esc_throttle_mean=0.5596 total_thrust_n=45.3255 body_up_force_n=39.2530 saturated_motors=0 rated_cap_command=1.0000 voltage_v=14.8000 thrust_scale=1.000000 current_a=0.0000
[arm_coupling_monitor-9] [INFO] [1786461609.134033203] [my_drone_arm_coupling_monitor]: ARM_COUPLING_STATE {"com_body_flu_m": [-0.004002110349650393, 0.0002571236017488831, -0.20426297837851337], "com_shift_m": [-1.9225493834689605e-06, 0.000929780120052251, 0.000218466682801427], "feedforward_acceleration_ned_m_s2": [9.028920312136117e-17, 3.81520118936327e-16, -6.749251122577962e-15], "filtered_joint_acceleration_peak_rad_s2": 5.793773863783067e-13, "inertia_diag_kg_m2": [0.20777800287202772, 0.20844069062367718, 0.21288394190863516], "mass_kg": 4.0, "raw_joint_acceleration_peak_rad_s2": 8.361106945676595e-11, "reaction_force_body_n": [-1.4746253513291783e-15, -4.784666516360167e-16, -2.699803987418463e-14], "reaction_torque_body_nm": [6.997366133227958e-13, -7.460096227228231e-12, 6.796828363203133e-13]}
[gazebo_direct_motor_model-5] [INFO] [1786461609.286282484] [my_drone_gazebo_direct_motor_model]: MOTOR_DYNAMIC_STATE sim_s=89.024 cmd_min=0.4664 cmd_mean=0.4812 cmd_max=0.4961 filtered_mean=0.4812 filtered_max=0.4961 esc_throttle_mean=0.5596 total_thrust_n=45.3055 body_up_force_n=39.2357 saturated_motors=0 rated_cap_command=1.0000 voltage_v=14.8000 thrust_scale=1.000000 current_a=0.0000
[arm_coupling_monitor-9] [INFO] [1786461610.140315667] [my_drone_arm_coupling_monitor]: ARM_COUPLING_STATE {"com_body_flu_m": [-0.004002110349650383, 0.0002571236017488848, -0.20426297837851354], "com_shift_m": [-1.922549383458552e-06, 0.0009297801200522527, 0.00021846668280126047], "feedforward_acceleration_ned_m_s2": [-2.516972927622759e-16, 2.690717080287349e-16, -1.2322313463088947e-14], "filtered_joint_acceleration_peak_rad_s2": 1.0005051506268765e-12, "inertia_diag_kg_m2": [0.20777800287202777, 0.20844069062367723, 0.2128839419086352], "mass_kg": 4.0, "raw_joint_acceleration_peak_rad_s2": 8.052846583995893e-11, "reaction_force_body_n": [-1.1974833914191877e-15, 7.898668451856857e-16, -4.92904119174921e-14], "reaction_torque_body_nm": [4.050621951501488e-13, -1.4262458378764576e-11, -2.0421891669759604e-13]}
[gazebo_direct_motor_model-5] [INFO] [1786461610.279383788] [my_drone_gazebo_direct_motor_model]: MOTOR_DYNAMIC_STATE sim_s=90.024 cmd_min=0.4653 cmd_mean=0.4814 cmd_max=0.4970 filtered_mean=0.4814 filtered_max=0.4970 esc_throttle_mean=0.5594 total_thrust_n=45.3171 body_up_force_n=39.2458 saturated_motors=0 rated_cap_command=1.0000 voltage_v=14.8000 thrust_scale=1.000000 current_a=0.0000
[gazebo_direct_motor_model-5] [INFO] [1786461611.280270676] [my_drone_gazebo_direct_motor_model]: MOTOR_DYNAMIC_STATE sim_s=91.024 cmd_min=0.4654 cmd_mean=0.4810 cmd_max=0.4967 filtered_mean=0.4810 filtered_max=0.4967 esc_throttle_mean=0.5592 total_thrust_n=45.2824 body_up_force_n=39.2157 saturated_motors=0 rated_cap_command=1.0000 voltage_v=14.8000 thrust_scale=1.000000 current_a=0.0000
[arm_coupling_monitor-9] [INFO] [1786461611.463876515] [my_drone_arm_coupling_monitor]: ARM_COUPLING_STATE {"com_body_flu_m": [-0.004002110349650393, 0.00025712360174888135, -0.20426297837851343], "com_shift_m": [-1.9225493834689605e-06, 0.0009297801200522492, 0.0002184666828013715], "feedforward_acceleration_ned_m_s2": [6.050781452129932e-17, 2.2310950204693927e-16, -4.9920228333314335e-15], "filtered_joint_acceleration_peak_rad_s2": 4.1563621076832684e-13, "inertia_diag_kg_m2": [0.20777800287202774, 0.20844069062367715, 0.21288394190863516], "mass_kg": 4.0, "raw_joint_acceleration_peak_rad_s2": 6.299908511523472e-11, "reaction_force_body_n": [-8.681189594773226e-16, -1.8477088903506793e-16, -1.9969775297062006e-14], "reaction_torque_body_nm": [6.327957978004009e-14, -5.9121246006656484e-12, 1.9737081021866542e-13]}
[gazebo_direct_motor_model-5] [INFO] [1786461612.283324937] [my_drone_gazebo_direct_motor_model]: MOTOR_DYNAMIC_STATE sim_s=92.024 cmd_min=0.4662 cmd_mean=0.4813 cmd_max=0.4965 filtered_mean=0.4813 filtered_max=0.4965 esc_throttle_mean=0.5591 total_thrust_n=45.3093 body_up_force_n=39.2390 saturated_motors=0 rated_cap_command=1.0000 voltage_v=14.8000 thrust_scale=1.000000 current_a=0.0000
[arm_coupling_monitor-9] [INFO] [1786461612.823370163] [my_drone_arm_coupling_monitor]: ARM_COUPLING_STATE {"com_body_flu_m": [-0.004002110349650383, 0.0002571236017488883, -0.20426297837851357], "com_shift_m": [-1.922549383458552e-06, 0.0009297801200522562, 0.00021846668280123271], "feedforward_acceleration_ned_m_s2": [-1.8491730154702183e-16, -8.642133117427745e-17, -4.116052751238241e-15], "filtered_joint_acceleration_peak_rad_s2": 3.1766371096053454e-13, "inertia_diag_kg_m2": [0.20777800287202786, 0.20844069062367723, 0.2128839419086352], "mass_kg": 4.0, "raw_joint_acceleration_peak_rad_s2": 1.1484129619473825e-10, "reaction_force_body_n": [2.591166810335751e-16, 6.734269980396413e-16, -1.6468643159587542e-14], "reaction_torque_body_nm": [8.910314834884307e-14, -3.3389120018386968e-12, -2.1747165895780888e-13]}
[gazebo_direct_motor_model-5] [INFO] [1786461613.285275663] [my_drone_gazebo_direct_motor_model]: MOTOR_DYNAMIC_STATE sim_s=93.024 cmd_min=0.4659 cmd_mean=0.4812 cmd_max=0.4966 filtered_mean=0.4812 filtered_max=0.4966 esc_throttle_mean=0.5595 total_thrust_n=45.2995 body_up_force_n=39.2305 saturated_motors=0 rated_cap_command=1.0000 voltage_v=14.8000 thrust_scale=1.000000 current_a=0.0000
[arm_coupling_monitor-9] [INFO] [1786461614.133562141] [my_drone_arm_coupling_monitor]: ARM_COUPLING_STATE {"com_body_flu_m": [-0.004002110349650395, 0.00025712360174888135, -0.2042629783785133], "com_shift_m": [-1.9225493834706953e-06, 0.0009297801200522492, 0.00021846668280151027], "feedforward_acceleration_ned_m_s2": [-5.0294680322341824e-17, 4.4569170503183936e-17, 1.1562443942561973e-15], "filtered_joint_acceleration_peak_rad_s2": 8.764335363452749e-14, "inertia_diag_kg_m2": [0.20777800287202772, 0.2084406906236771, 0.21288394190863516], "mass_kg": 4.0, "raw_joint_acceleration_peak_rad_s2": 8.97892871164498e-11, "reaction_force_body_n": [-2.035388018994721e-16, 1.728238589126581e-16, 4.6250812869768085e-15], "reaction_torque_body_nm": [4.607837099192491e-13, -1.4033951217185219e-12, -1.1243764456623417e-13]}
[gazebo_direct_motor_model-5] [INFO] [1786461614.287380175] [my_drone_gazebo_direct_motor_model]: MOTOR_DYNAMIC_STATE sim_s=94.024 cmd_min=0.4654 cmd_mean=0.4808 cmd_max=0.4960 filtered_mean=0.4808 filtered_max=0.4960 esc_throttle_mean=0.5585 total_thrust_n=45.2639 body_up_force_n=39.1997 saturated_motors=0 rated_cap_command=1.0000 voltage_v=14.8000 thrust_scale=1.000000 current_a=0.0000
[arm_coupling_monitor-9] [INFO] [1786461615.183680775] [my_drone_arm_coupling_monitor]: ARM_COUPLING_STATE {"com_body_flu_m": [-0.004002110339290257, 0.00025712360532692546, -0.20426297848137662], "com_shift_m": [-1.9225390233326006e-06, 0.0009297801236302933, 0.0002184665799381813], "feedforward_acceleration_ned_m_s2": [6.882273142615835e-10, 2.090801901866615e-09, 2.0094684024589887e-08], "filtered_joint_acceleration_peak_rad_s2": 1.1864259803003983e-06, "inertia_diag_kg_m2": [0.20777800290878842, 0.20844069066525192, 0.2128839419132555], "mass_kg": 4.0, "raw_joint_acceleration_peak_rad_s2": 8.131730580581775e-06, "reaction_force_body_n": [-8.113952800525388e-09, -2.8039210292389246e-09, 8.040251715242181e-08], "reaction_torque_body_nm": [6.571002831610284e-09, 6.750133027642955e-06, 5.8796427498777595e-06]}
[gazebo_direct_motor_model-5] [INFO] [1786461615.285634268] [my_drone_gazebo_direct_motor_model]: MOTOR_DYNAMIC_STATE sim_s=95.024 cmd_min=0.4664 cmd_mean=0.4811 cmd_max=0.4959 filtered_mean=0.4811 filtered_max=0.4959 esc_throttle_mean=0.5588 total_thrust_n=45.2914 body_up_force_n=39.2235 saturated_motors=0 rated_cap_command=1.0000 voltage_v=14.8000 thrust_scale=1.000000 current_a=0.0000
[gazebo_direct_motor_model-5] [INFO] [1786461616.280148479] [my_drone_gazebo_direct_motor_model]: MOTOR_DYNAMIC_STATE sim_s=96.024 cmd_min=0.4655 cmd_mean=0.4811 cmd_max=0.4968 filtered_mean=0.4811 filtered_max=0.4968 esc_throttle_mean=0.5593 total_thrust_n=45.2891 body_up_force_n=39.2215 saturated_motors=0 rated_cap_command=1.0000 voltage_v=14.8000 thrust_scale=1.000000 current_a=0.0000
[arm_coupling_monitor-9] [INFO] [1786461616.453928223] [my_drone_arm_coupling_monitor]: ARM_COUPLING_STATE {"com_body_flu_m": [-0.004002007509781828, 0.0002571591384574329, -0.2042639976309103], "com_shift_m": [-1.819709514903553e-06, 0.0009298156567608008, 0.00021744743040449932], "feedforward_acceleration_ned_m_s2": [7.056945334678869e-08, 2.6823639550628686e-07, 2.632648471750716e-06], "filtered_joint_acceleration_peak_rad_s2": 0.00015535519517945805, "inertia_diag_kg_m2": [0.20777836719511375, 0.2084411025549977, 0.21288398759268032], "mass_kg": 4.0, "raw_joint_acceleration_peak_rad_s2": 0.020877433339207357, "reaction_force_body_n": [-1.0622560676089258e-06, -3.670862105005623e-07, 1.0529062653426864e-05], "reaction_torque_body_nm": [3.469518892551454e-06, 0.0032546404840601137, 0.0028520957286837455]}
[gazebo_direct_motor_model-5] [INFO] [1786461617.281792127] [my_drone_gazebo_direct_motor_model]: MOTOR_DYNAMIC_STATE sim_s=97.024 cmd_min=0.4663 cmd_mean=0.4817 cmd_max=0.4971 filtered_mean=0.4817 filtered_max=0.4971 esc_throttle_mean=0.5602 total_thrust_n=45.3507 body_up_force_n=39.2749 saturated_motors=0 rated_cap_command=1.0000 voltage_v=14.8000 thrust_scale=1.000000 current_a=0.0000
[arm_coupling_monitor-9] [INFO] [1786461617.481629939] [my_drone_arm_coupling_monitor]: ARM_COUPLING_STATE {"com_body_flu_m": [-0.004001599178888992, 0.0002573002468997526, -0.20426804503777876], "com_shift_m": [-1.4113786220674995e-06, 0.0009299567652031205, 0.0002134000235360367], "feedforward_acceleration_ned_m_s2": [1.375224787540884e-07, 4.904929072550725e-07, 4.6696768958588805e-06], "filtered_joint_acceleration_peak_rad_s2": 0.00027568469580627495, "inertia_diag_kg_m2": [0.2077798144957535, 0.20844273878601197, 0.212884168892025], "mass_kg": 4.0, "raw_joint_acceleration_peak_rad_s2": 0.06675895770859476, "reaction_force_body_n": [-1.8841326216932087e-06, -6.512569019493912e-07, 1.8683467485633114e-05], "reaction_torque_body_nm": [7.277339314245572e-06, 0.00877603635489325, 0.008052994170637548]}
[gazebo_direct_motor_model-5] [INFO] [1786461618.283471256] [my_drone_gazebo_direct_motor_model]: MOTOR_DYNAMIC_STATE sim_s=98.024 cmd_min=0.4660 cmd_mean=0.4812 cmd_max=0.4963 filtered_mean=0.4812 filtered_max=0.4963 esc_throttle_mean=0.5598 total_thrust_n=45.3062 body_up_force_n=39.2364 saturated_motors=0 rated_cap_command=1.0000 voltage_v=14.8000 thrust_scale=1.000000 current_a=0.0000
[arm_coupling_monitor-9] [INFO] [1786461618.787417358] [my_drone_arm_coupling_monitor]: ARM_COUPLING_STATE {"com_body_flu_m": [-0.0040002287749625765, 0.000257773917603581, -0.20428163342956762], "com_shift_m": [-4.097469565207679e-08, 0.0009304304359069489, 0.00019981163174717653], "feedforward_acceleration_ned_m_s2": [2.4085758342255654e-07, 7.199170974264317e-07, 7.163721943718488e-06], "filtered_joint_acceleration_peak_rad_s2": 0.0004228546816725822, "inertia_diag_kg_m2": [0.20778468041903805, 0.20844823760653824, 0.21288477628455607], "mass_kg": 4.0, "raw_joint_acceleration_peak_rad_s2": 0.0005323874254144935, "reaction_force_body_n": [-2.8853626932812654e-06, -9.981500942410087e-07, 2.8653126530114526e-05], "reaction_torque_body_nm": [-8.896478780624971e-06, 0.015087536800171575, 0.017142757630990723]}
[gazebo_direct_motor_model-5] [INFO] [1786461619.283092414] [my_drone_gazebo_direct_motor_model]: MOTOR_DYNAMIC_STATE sim_s=99.024 cmd_min=0.4674 cmd_mean=0.4817 cmd_max=0.4960 filtered_mean=0.4817 filtered_max=0.4960 esc_throttle_mean=0.5606 total_thrust_n=45.3493 body_up_force_n=39.2736 saturated_motors=0 rated_cap_command=1.0000 voltage_v=14.8000 thrust_scale=1.000000 current_a=0.0000
[arm_coupling_monitor-9] [INFO] [1786461619.794480960] [my_drone_arm_coupling_monitor]: ARM_COUPLING_STATE {"com_body_flu_m": [-0.003998339322264406, 0.00025842723426832553, -0.20430038076322687], "com_shift_m": [1.8484780025182501e-06, 0.0009310837525716934, 0.00018106429808792401], "feedforward_acceleration_ned_m_s2": [2.6876139049985113e-07, 7.923154082742404e-07, 8.153381256274398e-06], "filtered_joint_acceleration_peak_rad_s2": 0.00048122516334210845, "inertia_diag_kg_m2": [0.2077914111563811, 0.20845583798319045, 0.21288561102684952], "mass_kg": 4.0, "raw_joint_acceleration_peak_rad_s2": 0.22060386678258398, "reaction_force_body_n": [-3.2757447518425797e-06, -1.1345915828222694e-06, 3.260098395881674e-05], "reaction_torque_body_nm": [-4.7841119615092684e-05, 0.014886179604307272, 0.023256483234749794]}
[gazebo_direct_motor_model-5] [INFO] [1786461620.282626043] [my_drone_gazebo_direct_motor_model]: MOTOR_DYNAMIC_STATE sim_s=100.024 cmd_min=0.4655 cmd_mean=0.4807 cmd_max=0.4960 filtered_mean=0.4807 filtered_max=0.4960 esc_throttle_mean=0.5586 total_thrust_n=45.2504 body_up_force_n=39.1880 saturated_motors=0 rated_cap_command=1.0000 voltage_v=14.8000 thrust_scale=1.000000 current_a=0.0000
[arm_coupling_monitor-9] [INFO] [1786461620.806240435] [my_drone_arm_coupling_monitor]: ARM_COUPLING_STATE {"com_body_flu_m": [-0.003995524365825759, 0.0002594010797235414, -0.204328337446553], "com_shift_m": [4.66343444116557e-06, 0.0009320575980269093, 0.00015310761476181045], "feedforward_acceleration_ned_m_s2": [2.6588768040553614e-07, 1.096571527585109e-06, 1.063608455756063e-05], "filtered_joint_acceleration_peak_rad_s2": 0.0006281767807612933, "inertia_diag_kg_m2": [0.20780148580528449, 0.20846720183759923, 0.21288684881837353], "mass_kg": 4.0, "raw_joint_acceleration_peak_rad_s2": 0.34404671965455463, "reaction_force_body_n": [-4.263537599599418e-06, -1.4789295542215154e-06, 4.25444047547848e-05], "reaction_torque_body_nm": [-8.91680204088672e-05, 0.011126987859843378, 0.027320932459785206]}
[gazebo_direct_motor_model-5] [INFO] [1786461621.280585047] [my_drone_gazebo_direct_motor_model]: MOTOR_DYNAMIC_STATE sim_s=101.024 cmd_min=0.4653 cmd_mean=0.4808 cmd_max=0.4966 filtered_mean=0.4808 filtered_max=0.4966 esc_throttle_mean=0.5579 total_thrust_n=45.2649 body_up_force_n=39.2006 saturated_motors=0 rated_cap_command=1.0000 voltage_v=14.8000 thrust_scale=1.000000 current_a=0.0000
[arm_coupling_monitor-9] [INFO] [1786461622.143134751] [my_drone_arm_coupling_monitor]: ARM_COUPLING_STATE {"com_body_flu_m": [-0.003990058297683782, 0.00026129385742089915, -0.20438271421469834], "com_shift_m": [1.0129502583142852e-05, 0.000933950375724267, 9.87308466164627e-05], "feedforward_acceleration_ned_m_s2": [4.1830758817084795e-07, 1.281103969495624e-06, 1.2337098444351377e-05], "filtered_joint_acceleration_peak_rad_s2": 0.0007293840062678782, "inertia_diag_kg_m2": [0.2078212100766033, 0.20848940748687741, 0.21288923233623364], "mass_kg": 4.0, "raw_joint_acceleration_peak_rad_s2": 0.0007449354083189516, "reaction_force_body_n": [-4.918513260331262e-06, -1.7117123721899612e-06, 4.936802177904612e-05], "reaction_torque_body_nm": [-0.00010676257270338276, 0.00558501952662335, 0.029850650292403844]}
[gazebo_direct_motor_model-5] [INFO] [1786461622.286016002] [my_drone_gazebo_direct_motor_model]: MOTOR_DYNAMIC_STATE sim_s=102.024 cmd_min=0.4667 cmd_mean=0.4812 cmd_max=0.4958 filtered_mean=0.4812 filtered_max=0.4958 esc_throttle_mean=0.5598 total_thrust_n=45.2985 body_up_force_n=39.2296 saturated_motors=0 rated_cap_command=1.0000 voltage_v=14.8000 thrust_scale=1.000000 current_a=0.0000
[arm_coupling_monitor-9] [INFO] [1786461623.137643857] [my_drone_arm_coupling_monitor]: ARM_COUPLING_STATE {"com_body_flu_m": [-0.003984517555006093, 0.0002632148813193902, -0.20443795658445216], "com_shift_m": [1.5670245260831356e-05, 0.0009358713996227581, 4.34884768626409e-05], "feedforward_acceleration_ned_m_s2": [3.3136197243785127e-07, 1.3558008447503095e-06, 1.3613599081805275e-05], "filtered_joint_acceleration_peak_rad_s2": 0.0008048474334908229, "inertia_diag_kg_m2": [0.2078414224335416, 0.20851210530578349, 0.2128916212712791], "mass_kg": 4.0, "raw_joint_acceleration_peak_rad_s2": 0.5659152609753254, "reaction_force_body_n": [-5.391345657580108e-06, -1.882619413155195e-06, 5.44411458595999e-05], "reaction_torque_body_nm": [-8.362848506839187e-05, 0.002935093062321614, 0.030549364405391924]}
[gazebo_direct_motor_model-5] [INFO] [1786461623.286346802] [my_drone_gazebo_direct_motor_model]: MOTOR_DYNAMIC_STATE sim_s=103.024 cmd_min=0.4650 cmd_mean=0.4813 cmd_max=0.4972 filtered_mean=0.4813 filtered_max=0.4972 esc_throttle_mean=0.5592 total_thrust_n=45.3082 body_up_force_n=39.2381 saturated_motors=0 rated_cap_command=1.0000 voltage_v=14.8000 thrust_scale=1.000000 current_a=0.0000
[arm_coupling_monitor-9] [INFO] [1786461624.192460049] [my_drone_arm_coupling_monitor]: ARM_COUPLING_STATE {"com_body_flu_m": [-0.003977607397915724, 0.00026561406943502106, -0.20450702663427672], "com_shift_m": [2.2580402351200443e-05, 0.0009382705877383889, -2.5581572961924648e-05], "feedforward_acceleration_ned_m_s2": [4.3173904155433223e-07, 1.450736042101594e-06, 1.448589889510136e-05], "filtered_joint_acceleration_peak_rad_s2": 0.000857390802590937, "inertia_diag_kg_m2": [0.207866941005814, 0.20854068123331654, 0.21289456202557827], "mass_kg": 4.0, "raw_joint_acceleration_peak_rad_s2": 0.7618432897584225, "reaction_force_body_n": [-5.694030245491128e-06, -1.9968723571431637e-06, 5.7945727433176366e-05], "reaction_torque_body_nm": [-3.385040227913627e-05, 0.001541465827160864, 0.030851629938863253]}
[gazebo_direct_motor_model-5] [INFO] [1786461624.294754144] [my_drone_gazebo_direct_motor_model]: MOTOR_DYNAMIC_STATE sim_s=104.024 cmd_min=0.4668 cmd_mean=0.4814 cmd_max=0.4955 filtered_mean=0.4814 filtered_max=0.4955 esc_throttle_mean=0.5605 total_thrust_n=45.3202 body_up_force_n=39.2485 saturated_motors=0 rated_cap_command=1.0000 voltage_v=14.8000 thrust_scale=1.000000 current_a=0.0000
[arm_coupling_monitor-9] [INFO] [1786461625.156521119] [my_drone_arm_coupling_monitor]: ARM_COUPLING_STATE {"com_body_flu_m": [-0.003969230137226517, 0.000268527670100294, -0.2045910225832129], "com_shift_m": [3.095766304040716e-05, 0.0009411841884036619, -0.00010957752189810765], "feedforward_acceleration_ned_m_s2": [5.916919982259251e-07, 1.534919240994174e-06, 1.5555822782618624e-05], "filtered_joint_acceleration_peak_rad_s2": 0.0009218748263727843, "inertia_diag_kg_m2": [0.20789834377810032, 0.20857572677665848, 0.21289806909878267], "mass_kg": 4.0, "raw_joint_acceleration_peak_rad_s2": 0.9548726433167337, "reaction_force_body_n": [-6.060066660258635e-06, -2.135873429344221e-06, 6.223944745761364e-05], "reaction_torque_body_nm": [3.768662089567192e-05, 0.0009387148279848579, 0.03101566753301488]}
[gazebo_direct_motor_model-5] [INFO] [1786461625.285720433] [my_drone_gazebo_direct_motor_model]: MOTOR_DYNAMIC_STATE sim_s=105.024 cmd_min=0.4667 cmd_mean=0.4815 cmd_max=0.4964 filtered_mean=0.4815 filtered_max=0.4964 esc_throttle_mean=0.5601 total_thrust_n=45.3349 body_up_force_n=39.2612 saturated_motors=0 rated_cap_command=1.0000 voltage_v=14.8000 thrust_scale=1.000000 current_a=0.0000
[gazebo_direct_motor_model-5] [INFO] [1786461626.283526507] [my_drone_gazebo_direct_motor_model]: MOTOR_DYNAMIC_STATE sim_s=106.024 cmd_min=0.4664 cmd_mean=0.4816 cmd_max=0.4970 filtered_mean=0.4816 filtered_max=0.4970 esc_throttle_mean=0.5604 total_thrust_n=45.3373 body_up_force_n=39.2633 saturated_motors=0 rated_cap_command=1.0000 voltage_v=14.8000 thrust_scale=1.000000 current_a=0.0000
[arm_coupling_monitor-9] [INFO] [1786461626.458581627] [my_drone_arm_coupling_monitor]: ARM_COUPLING_STATE {"com_body_flu_m": [-0.003955655746307131, 0.0002732605889106954, -0.20472774374173636], "com_shift_m": [4.4532053959793136e-05, 0.0009459171072140633, -0.00024629868042155834], "feedforward_acceleration_ned_m_s2": [4.2569883774415727e-07, 1.6377715303545003e-06, 1.6758403175223802e-05], "filtered_joint_acceleration_peak_rad_s2": 0.0009945587204756262, "inertia_diag_kg_m2": [0.20795032620026305, 0.20863346176807232, 0.21290361504265903], "mass_kg": 4.0, "raw_joint_acceleration_peak_rad_s2": 1.1831155410324508, "reaction_force_body_n": [-6.425645618947326e-06, -2.284228596189504e-06, 6.702846299305405e-05], "reaction_torque_body_nm": [0.0001622077652259174, 0.0007349835299995985, 0.031179046893413612]}
[gazebo_direct_motor_model-5] [INFO] [1786461627.282058015] [my_drone_gazebo_direct_motor_model]: MOTOR_DYNAMIC_STATE sim_s=107.024 cmd_min=0.4668 cmd_mean=0.4818 cmd_max=0.4967 filtered_mean=0.4818 filtered_max=0.4967 esc_throttle_mean=0.5609 total_thrust_n=45.3616 body_up_force_n=39.2843 saturated_motors=0 rated_cap_command=1.0000 voltage_v=14.8000 thrust_scale=1.000000 current_a=0.0000
[arm_coupling_monitor-9] [INFO] [1786461627.791096009] [my_drone_arm_coupling_monitor]: ARM_COUPLING_STATE {"com_body_flu_m": [-0.0039391915756514205, 0.0002790206857333499, -0.2048946073396961], "com_shift_m": [6.099622461550394e-05, 0.0009516772040367178, -0.0004131622783813127], "feedforward_acceleration_ned_m_s2": [4.112091854908955e-07, 1.6358678289379332e-06, 1.7769769057457066e-05], "filtered_joint_acceleration_peak_rad_s2": 0.0010565667193351519, "inertia_diag_kg_m2": [0.20801522588726123, 0.20870508516127861, 0.2129101103424458], "mass_kg": 4.0, "raw_joint_acceleration_peak_rad_s2": 0.0010641444879608095, "reaction_force_body_n": [-6.681223853935674e-06, -2.3996505894701874e-06, 7.104477818471651e-05], "reaction_torque_body_nm": [0.0003184118829239101, 0.0008016926601808911, 0.031334459064684544]}
[gazebo_direct_motor_model-5] [INFO] [1786461628.289960621] [my_drone_gazebo_direct_motor_model]: MOTOR_DYNAMIC_STATE sim_s=108.024 cmd_min=0.4665 cmd_mean=0.4817 cmd_max=0.4973 filtered_mean=0.4817 filtered_max=0.4973 esc_throttle_mean=0.5605 total_thrust_n=45.3452 body_up_force_n=39.2701 saturated_motors=0 rated_cap_command=1.0000 voltage_v=14.8000 thrust_scale=1.000000 current_a=0.0000
[arm_coupling_monitor-9] [INFO] [1786461629.143715416] [my_drone_arm_coupling_monitor]: ARM_COUPLING_STATE {"com_body_flu_m": [-0.003919682666241346, 0.00028587399782053005, -0.20509382901830284], "com_shift_m": [8.050513402557864e-05, 0.0009585305161238979, -0.0006123839569880385], "feedforward_acceleration_ned_m_s2": [7.504906078868622e-07, 1.770874050182987e-06, 1.8398423888958618e-05], "filtered_joint_acceleration_peak_rad_s2": 0.001098507625865996, "inertia_diag_kg_m2": [0.20809480866323807, 0.2087922671905436, 0.21291747083806656], "mass_kg": 4.0, "raw_joint_acceleration_peak_rad_s2": 1.6885716372117734, "reaction_force_body_n": [-6.759648848807604e-06, -2.4594661639213754e-06, 7.364426587359261e-05], "reaction_torque_body_nm": [0.0005073577985789529, 0.000956493131916335, 0.03149379419190249]}
[gazebo_direct_motor_model-5] [INFO] [1786461629.284174921] [my_drone_gazebo_direct_motor_model]: MOTOR_DYNAMIC_STATE sim_s=109.024 cmd_min=0.4666 cmd_mean=0.4814 cmd_max=0.4960 filtered_mean=0.4814 filtered_max=0.4960 esc_throttle_mean=0.5603 total_thrust_n=45.3222 body_up_force_n=39.2502 saturated_motors=0 rated_cap_command=1.0000 voltage_v=14.8000 thrust_scale=1.000000 current_a=0.0000
[gazebo_direct_motor_model-5] [INFO] [1786461630.294875535] [my_drone_gazebo_direct_motor_model]: MOTOR_DYNAMIC_STATE sim_s=110.024 cmd_min=0.4659 cmd_mean=0.4812 cmd_max=0.4964 filtered_mean=0.4812 filtered_max=0.4964 esc_throttle_mean=0.5597 total_thrust_n=45.3025 body_up_force_n=39.2331 saturated_motors=0 rated_cap_command=1.0000 voltage_v=14.8000 thrust_scale=1.000000 current_a=0.0000
[arm_coupling_monitor-9] [INFO] [1786461630.509030048] [my_drone_arm_coupling_monitor]: ARM_COUPLING_STATE {"com_body_flu_m": [-0.0038972063911713022, 0.00029380762064179153, -0.2053254170649682], "com_shift_m": [0.00010298140909562221, 0.0009664641389451594, -0.0008439720036534093], "feedforward_acceleration_ned_m_s2": [4.987270598000581e-07, 1.6670266675054323e-06, 1.8568022441841265e-05], "filtered_joint_acceleration_peak_rad_s2": 0.001112097572349587, "inertia_diag_kg_m2": [0.2081901909727102, 0.208895896563321, 0.21292548631526242], "mass_kg": 4.0, "raw_joint_acceleration_peak_rad_s2": 2.021427912325596, "reaction_force_body_n": [-6.610834810059403e-06, -2.444328954607437e-06, 7.426377813532601e-05], "reaction_torque_body_nm": [0.0007291618095531939, 0.0011389683413918332, 0.031656000169065786]}
[gazebo_direct_motor_model-5] [INFO] [1786461631.283500874] [my_drone_gazebo_direct_motor_model]: MOTOR_DYNAMIC_STATE sim_s=111.024 cmd_min=0.4655 cmd_mean=0.4804 cmd_max=0.4955 filtered_mean=0.4804 filtered_max=0.4955 esc_throttle_mean=0.5582 total_thrust_n=45.2278 body_up_force_n=39.1684 saturated_motors=0 rated_cap_command=1.0000 voltage_v=14.8000 thrust_scale=1.000000 current_a=0.0000
[arm_coupling_monitor-9] [INFO] [1786461631.823549896] [my_drone_arm_coupling_monitor]: ARM_COUPLING_STATE {"com_body_flu_m": [-0.0038717211544539807, 0.00030285281737546, -0.20559075611377267], "com_shift_m": [0.00012846664581294374, 0.0009755093356788279, -0.001109311052457873], "feedforward_acceleration_ned_m_s2": [4.537789938050682e-07, 1.7007486144054556e-06, 1.9259280506555805e-05], "filtered_joint_acceleration_peak_rad_s2": 0.0011587223183396203, "inertia_diag_kg_m2": [0.2083032678545513, 0.20901764561972488, 0.2129339531588296], "mass_kg": 4.0, "raw_joint_acceleration_peak_rad_s2": 2.1894667544576665, "reaction_force_body_n": [-6.631775004596132e-06, -2.494528691622428e-06, 7.703304769105418e-05], "reaction_torque_body_nm": [0.0009855775226884425, 0.0013312131122554473, 0.0318194774794847]}
[gazebo_direct_motor_model-5] [INFO] [1786461632.287513362] [my_drone_gazebo_direct_motor_model]: MOTOR_DYNAMIC_STATE sim_s=112.024 cmd_min=0.4657 cmd_mean=0.4811 cmd_max=0.4968 filtered_mean=0.4811 filtered_max=0.4968 esc_throttle_mean=0.5595 total_thrust_n=45.2965 body_up_force_n=39.2279 saturated_motors=0 rated_cap_command=1.0000 voltage_v=14.8000 thrust_scale=1.000000 current_a=0.0000
[arm_coupling_monitor-9] [INFO] [1786461633.131816137] [my_drone_arm_coupling_monitor]: ARM_COUPLING_STATE {"com_body_flu_m": [-0.003843199465696284, 0.0003130386090356846, -0.20589128301616058], "com_shift_m": [0.00015698833457064056, 0.0009856951273390525, -0.001409837954845783], "feedforward_acceleration_ned_m_s2": [5.84225758198801e-07, 1.7176811167234601e-06, 2.0041465664083875e-05], "filtered_joint_acceleration_peak_rad_s2": 0.0012124067514762426, "inertia_diag_kg_m2": [0.20843623432055508, 0.20915943061410922, 0.212942615412071], "mass_kg": 4.0, "raw_joint_acceleration_peak_rad_s2": 2.5695112605190435, "reaction_force_body_n": [-6.648759079131666e-06, -2.5480963891638388e-06, 8.01781436141939e-05], "reaction_torque_body_nm": [0.0012786358694522773, 0.00152799272160614, 0.03198234972250036]}
[gazebo_direct_motor_model-5] [INFO] [1786461633.282901192] [my_drone_gazebo_direct_motor_model]: MOTOR_DYNAMIC_STATE sim_s=113.024 cmd_min=0.4667 cmd_mean=0.4816 cmd_max=0.4964 filtered_mean=0.4816 filtered_max=0.4964 esc_throttle_mean=0.5606 total_thrust_n=45.3352 body_up_force_n=39.2615 saturated_motors=0 rated_cap_command=1.0000 voltage_v=14.8000 thrust_scale=1.000000 current_a=0.0000
[arm_coupling_monitor-9] [INFO] [1786461634.150397139] [my_drone_arm_coupling_monitor]: ARM_COUPLING_STATE {"com_body_flu_m": [-0.003819975794156839, 0.00032138184806022353, -0.2061388664717274], "com_shift_m": [0.00018021200611008543, 0.0009940383663635914, -0.0016574214104126128], "feedforward_acceleration_ned_m_s2": [5.718160485101171e-07, 1.5636081972580695e-06, 1.9412373248723202e-05], "filtered_joint_acceleration_peak_rad_s2": 0.001180937485684394, "inertia_diag_kg_m2": [0.20854968217378395, 0.20927934107552598, 0.21294900923280916], "mass_kg": 4.0, "raw_joint_acceleration_peak_rad_s2": 2.758774935832543, "reaction_force_body_n": [-6.180055208625877e-06, -2.417806133981067e-06, 7.765149322766813e-05], "reaction_torque_body_nm": [0.0015220462001655805, 0.0016765435095791262, 0.03210208763882053]}
[gazebo_direct_motor_model-5] [INFO] [1786461634.287816117] [my_drone_gazebo_direct_motor_model]: MOTOR_DYNAMIC_STATE sim_s=114.024 cmd_min=0.4664 cmd_mean=0.4813 cmd_max=0.4965 filtered_mean=0.4813 filtered_max=0.4965 esc_throttle_mean=0.5602 total_thrust_n=45.3158 body_up_force_n=39.2447 saturated_motors=0 rated_cap_command=1.0000 voltage_v=14.8000 thrust_scale=1.000000 current_a=0.0000
[arm_coupling_monitor-9] [INFO] [1786461635.182927475] [my_drone_arm_coupling_monitor]: ARM_COUPLING_STATE {"com_body_flu_m": [-0.0037952157450131686, 0.0003303263888193575, -0.20640577265079815], "com_shift_m": [0.00020497205525375588, 0.0010029829071227254, -0.0019243275894833545], "feedforward_acceleration_ned_m_s2": [4.827150647206809e-07, 1.3817915941117065e-06, 1.8776849884170504e-05], "filtered_joint_acceleration_peak_rad_s2": 0.00114964773752985, "inertia_diag_kg_m2": [0.20867593718142902, 0.2094117497450983, 0.21295514846168542], "mass_kg": 4.0, "raw_joint_acceleration_peak_rad_s2": 3.001285408373573, "reaction_force_body_n": [-5.6973816044133974e-06, -2.2819797680187523e-06, 7.508482979834931e-05], "reaction_torque_body_nm": [0.0017862395742018952, 0.0018250395336067492, 0.03221875265361405]}
[gazebo_direct_motor_model-5] [INFO] [1786461635.300196171] [my_drone_gazebo_direct_motor_model]: MOTOR_DYNAMIC_STATE sim_s=115.024 cmd_min=0.4658 cmd_mean=0.4812 cmd_max=0.4961 filtered_mean=0.4812 filtered_max=0.4961 esc_throttle_mean=0.5597 total_thrust_n=45.2973 body_up_force_n=39.2286 saturated_motors=0 rated_cap_command=1.0000 voltage_v=14.8000 thrust_scale=1.000000 current_a=0.0000
[gazebo_direct_motor_model-5] [INFO] [1786461636.286583025] [my_drone_gazebo_direct_motor_model]: MOTOR_DYNAMIC_STATE sim_s=116.024 cmd_min=0.4660 cmd_mean=0.4806 cmd_max=0.4950 filtered_mean=0.4806 filtered_max=0.4950 esc_throttle_mean=0.5587 total_thrust_n=45.2416 body_up_force_n=39.1804 saturated_motors=0 rated_cap_command=1.0000 voltage_v=14.8000 thrust_scale=1.000000 current_a=0.0000
[arm_coupling_monitor-9] [INFO] [1786461636.455299423] [my_drone_arm_coupling_monitor]: ARM_COUPLING_STATE {"com_body_flu_m": [-0.0037599831651137314, 0.00034314269576268645, -0.20679100402248252], "com_shift_m": [0.000240204635153193, 0.0010157992140660543, -0.002309558961167718], "feedforward_acceleration_ned_m_s2": [5.523231463873032e-07, 1.4435664673305337e-06, 1.8541439342264233e-05], "filtered_joint_acceleration_peak_rad_s2": 0.001147301219718737, "inertia_diag_kg_m2": [0.2088653968688609, 0.20960860053565555, 0.21296262603796906], "mass_kg": 4.0, "raw_joint_acceleration_peak_rad_s2": 3.237815079956503, "reaction_force_body_n": [-5.270534194712914e-06, -2.178610128443101e-06, 7.420416304625106e-05], "reaction_torque_body_nm": [0.0021705438877965147, 0.0020214334880768593, 0.03236749330199234]}
[gazebo_direct_motor_model-5] [INFO] [1786461637.288020138] [my_drone_gazebo_direct_motor_model]: MOTOR_DYNAMIC_STATE sim_s=117.024 cmd_min=0.4663 cmd_mean=0.4815 cmd_max=0.4968 filtered_mean=0.4815 filtered_max=0.4968 esc_throttle_mean=0.5603 total_thrust_n=45.3338 body_up_force_n=39.2603 saturated_motors=0 rated_cap_command=1.0000 voltage_v=14.8000 thrust_scale=1.000000 current_a=0.0000
[arm_coupling_monitor-9] [INFO] [1786461637.473229918] [my_drone_arm_coupling_monitor]: ARM_COUPLING_STATE {"com_body_flu_m": [-0.003731959258511351, 0.0003534117105829706, -0.20710216032378423], "com_shift_m": [0.00026822854175557326, 0.0010260682288863385, -0.0026207152624694308], "feedforward_acceleration_ned_m_s2": [3.925310463446775e-07, 1.2607520748587026e-06, 1.8666651728682656e-05], "filtered_joint_acceleration_peak_rad_s2": 0.0011633559215692237, "inertia_diag_kg_m2": [0.2090246654964467, 0.20977255105089448, 0.21296746847802905], "mass_kg": 4.0, "raw_joint_acceleration_peak_rad_s2": 3.5287875741709835, "reaction_force_body_n": [-5.036012112086271e-06, -2.131783582144124e-06, 7.465315459905496e-05], "reaction_torque_body_nm": [0.002483351803897498, 0.002167074201678678, 0.032472752070261006]}
[gazebo_direct_motor_model-5] [INFO] [1786461638.280917479] [my_drone_gazebo_direct_motor_model]: MOTOR_DYNAMIC_STATE sim_s=118.024 cmd_min=0.4667 cmd_mean=0.4809 cmd_max=0.4952 filtered_mean=0.4809 filtered_max=0.4952 esc_throttle_mean=0.5600 total_thrust_n=45.2771 body_up_force_n=39.2111 saturated_motors=0 rated_cap_command=1.0000 voltage_v=14.8000 thrust_scale=1.000000 current_a=0.0000
[arm_coupling_monitor-9] [INFO] [1786461638.775867188] [my_drone_arm_coupling_monitor]: ARM_COUPLING_STATE {"com_body_flu_m": [-0.003692733457085243, 0.00036789816798018377, -0.2075451025683955], "com_shift_m": [0.0003074543431816814, 0.0010405546862835516, -0.003063657507080708], "feedforward_acceleration_ned_m_s2": [8.149601152294187e-07, 2.0551606140542125e-06, 2.961934630691496e-05], "filtered_joint_acceleration_peak_rad_s2": 0.0018366266539119897, "inertia_diag_kg_m2": [0.20926100992885055, 0.21001357089585626, 0.2129725088212634], "mass_kg": 4.0, "raw_joint_acceleration_peak_rad_s2": 3.881469391248743, "reaction_force_body_n": [-8.485693919233861e-06, -3.4641489931626872e-06, 0.0001184528978247014], "reaction_torque_body_nm": [0.0029319808696291524, 0.0023600522022793153, 0.03260653804777618]}
[gazebo_direct_motor_model-5] [INFO] [1786461639.278991616] [my_drone_gazebo_direct_motor_model]: MOTOR_DYNAMIC_STATE sim_s=119.024 cmd_min=0.4667 cmd_mean=0.4812 cmd_max=0.4958 filtered_mean=0.4812 filtered_max=0.4958 esc_throttle_mean=0.5603 total_thrust_n=45.3044 body_up_force_n=39.2348 saturated_motors=0 rated_cap_command=1.0000 voltage_v=14.8000 thrust_scale=1.000000 current_a=0.0000
[arm_coupling_monitor-9] [INFO] [1786461639.807448547] [my_drone_arm_coupling_monitor]: ARM_COUPLING_STATE {"com_body_flu_m": [-0.003662008444161943, 0.00037933778379141414, -0.20789838375307282], "com_shift_m": [0.0003381793561049815, 0.001051994302094782, -0.0034169386917580202], "feedforward_acceleration_ned_m_s2": [5.183526030768448e-07, 1.2828078409583772e-06, 2.0146181677116185e-05], "filtered_joint_acceleration_peak_rad_s2": 0.0012793313757093999, "inertia_diag_kg_m2": [0.2094576151873262, 0.21021222679272372, 0.21297496247570574], "mass_kg": 4.0, "raw_joint_acceleration_peak_rad_s2": 4.055835207216263, "reaction_force_body_n": [-4.8683260471749426e-06, -2.158100388086863e-06, 8.059881357028986e-05], "reaction_torque_body_nm": [0.003292570591622115, 0.0024971794869900303, 0.03269021938028739]}
[gazebo_direct_motor_model-5] [INFO] [1786461640.293061811] [my_drone_gazebo_direct_motor_model]: MOTOR_DYNAMIC_STATE sim_s=120.024 cmd_min=0.4662 cmd_mean=0.4811 cmd_max=0.4960 filtered_mean=0.4811 filtered_max=0.4960 esc_throttle_mean=0.5599 total_thrust_n=45.2920 body_up_force_n=39.2241 saturated_motors=0 rated_cap_command=1.0000 voltage_v=14.8000 thrust_scale=1.000000 current_a=0.0000
[arm_coupling_monitor-9] [INFO] [1786461640.807068457] [my_drone_arm_coupling_monitor]: ARM_COUPLING_STATE {"com_body_flu_m": [-0.003630327531022527, 0.0003912191590444668, -0.20826878502887552], "com_shift_m": [0.00036986026924439724, 0.0010638756773478347, -0.0037873399675607267], "feedforward_acceleration_ned_m_s2": [6.599896992243556e-07, 1.8235200583608527e-06, 2.634227331305389e-05], "filtered_joint_acceleration_peak_rad_s2": 0.0016683119008475702, "inertia_diag_kg_m2": [0.2096714694301737, 0.21042662886225771, 0.21297603655767014], "mass_kg": 4.0, "raw_joint_acceleration_peak_rad_s2": 4.288076238283122, "reaction_force_body_n": [-6.661195878329486e-06, -2.867845387360937e-06, 0.00010540504131207408], "reaction_torque_body_nm": [0.0036726796375705635, 0.0026321473280864894, 0.03276878411251455]}
[gazebo_direct_motor_model-5] [INFO] [1786461641.280627006] [my_drone_gazebo_direct_motor_model]: MOTOR_DYNAMIC_STATE sim_s=121.024 cmd_min=0.4682 cmd_mean=0.4821 cmd_max=0.4963 filtered_mean=0.4821 filtered_max=0.4963 esc_throttle_mean=0.5621 total_thrust_n=45.3848 body_up_force_n=39.3044 saturated_motors=0 rated_cap_command=1.0000 voltage_v=14.8000 thrust_scale=1.000000 current_a=0.0000
[arm_coupling_monitor-9] [INFO] [1786461642.165156350] [my_drone_arm_coupling_monitor]: ARM_COUPLING_STATE {"com_body_flu_m": [-0.003586739236495504, 0.0004077096817624252, -0.2087891550168304], "com_shift_m": [0.00041344856377142046, 0.001080366200065793, -0.004307709955515604], "feedforward_acceleration_ned_m_s2": [2.3396238572253203e-07, 5.313928594516983e-07, 1.4974137646479085e-05], "filtered_joint_acceleration_peak_rad_s2": 0.0009983522919632388, "inertia_diag_kg_m2": [0.2099852625355234, 0.21073841630057014, 0.2129749439103402], "mass_kg": 4.0, "raw_joint_acceleration_peak_rad_s2": 4.520668737959396, "reaction_force_body_n": [-2.42013444822667e-06, -1.3059900398830973e-06, 5.9878443363731625e-05], "reaction_torque_body_nm": [0.004211416085128637, 0.002811309408724955, 0.032857781854285326]}
[gazebo_direct_motor_model-5] [INFO] [1786461642.284478078] [my_drone_gazebo_direct_motor_model]: MOTOR_DYNAMIC_STATE sim_s=122.024 cmd_min=0.4667 cmd_mean=0.4813 cmd_max=0.4956 filtered_mean=0.4813 filtered_max=0.4956 esc_throttle_mean=0.5603 total_thrust_n=45.3094 body_up_force_n=39.2391 saturated_motors=0 rated_cap_command=1.0000 voltage_v=14.8000 thrust_scale=1.000000 current_a=0.0000
[gazebo_direct_motor_model-5] [INFO] [1786461643.285883732] [my_drone_gazebo_direct_motor_model]: MOTOR_DYNAMIC_STATE sim_s=123.024 cmd_min=0.4674 cmd_mean=0.4813 cmd_max=0.4947 filtered_mean=0.4813 filtered_max=0.4948 esc_throttle_mean=0.5609 total_thrust_n=45.3118 body_up_force_n=39.2411 saturated_motors=0 rated_cap_command=1.0000 voltage_v=14.8000 thrust_scale=1.000000 current_a=0.0000
[arm_coupling_monitor-9] [INFO] [1786461643.459699818] [my_drone_arm_coupling_monitor]: ARM_COUPLING_STATE {"com_body_flu_m": [-0.0035421440336170576, 0.0004247541787935679, -0.2093353077362768], "com_shift_m": [0.00045804376664986685, 0.0010974106970969358, -0.0048538626749619895], "feedforward_acceleration_ned_m_s2": [2.7231449172909713e-07, 5.485045156982838e-07, 1.4683206956971026e-05], "filtered_joint_acceleration_peak_rad_s2": 0.0010022445680481894, "inertia_diag_kg_m2": [0.21033138370179044, 0.21107893872990405, 0.21297051326117247], "mass_kg": 4.0, "raw_joint_acceleration_peak_rad_s2": 4.803820405281086, "reaction_force_body_n": [-1.950395559595848e-06, -1.1531201827172065e-06, 5.8740203726609174e-05], "reaction_torque_body_nm": [0.0047808526832313816, 0.0029808342821375546, 0.03292686359519967]}
[gazebo_direct_motor_model-5] [INFO] [1786461644.292301017] [my_drone_gazebo_direct_motor_model]: MOTOR_DYNAMIC_STATE sim_s=124.024 cmd_min=0.4661 cmd_mean=0.4808 cmd_max=0.4959 filtered_mean=0.4808 filtered_max=0.4959 esc_throttle_mean=0.5596 total_thrust_n=45.2671 body_up_force_n=39.2025 saturated_motors=0 rated_cap_command=1.0000 voltage_v=14.8000 thrust_scale=1.000000 current_a=0.0000
[arm_coupling_monitor-9] [INFO] [1786461644.540656454] [my_drone_arm_coupling_monitor]: ARM_COUPLING_STATE {"com_body_flu_m": [-0.0035081204353090405, 0.00043787626803849095, -0.20976202869033503], "com_shift_m": [0.0004920673649578839, 0.0011105327863418588, -0.00528058362902023], "feedforward_acceleration_ned_m_s2": [2.2543908902097377e-07, 4.309741071504038e-07, 1.339498626179179e-05], "filtered_joint_acceleration_peak_rad_s2": 0.0009404222788474149, "inertia_diag_kg_m2": [0.21061377544171486, 0.2113544619499716, 0.21296470050459168], "mass_kg": 4.0, "raw_joint_acceleration_peak_rad_s2": 0.0009702284819746295, "reaction_force_body_n": [-1.266838111985158e-06, -9.036787527574453e-07, 5.359266722779873e-05], "reaction_torque_body_nm": [0.005228276092347095, 0.0030998097938471705, 0.03296126888325596]}
[gazebo_direct_motor_model-5] [INFO] [1786461645.483293374] [my_drone_gazebo_direct_motor_model]: MOTOR_DYNAMIC_STATE sim_s=125.028 cmd_min=0.4670 cmd_mean=0.4815 cmd_max=0.4960 filtered_mean=0.4815 filtered_max=0.4960 esc_throttle_mean=0.5607 total_thrust_n=45.3286 body_up_force_n=39.2557 saturated_motors=0 rated_cap_command=1.0000 voltage_v=14.8000 thrust_scale=1.000000 current_a=0.0000
[arm_coupling_monitor-9] [INFO] [1786461645.782836577] [my_drone_arm_coupling_monitor]: ARM_COUPLING_STATE {"com_body_flu_m": [-0.003474626062889485, 0.0004508941041505461, -0.21019118797364106], "com_shift_m": [0.0005255617373774394, 0.001123550622453914, -0.00570974291232626], "feedforward_acceleration_ned_m_s2": [9.07900360309642e-06, 2.260207905710837e-05, 0.0003095162571358164], "filtered_joint_acceleration_peak_rad_s2": 0.019228770001753326, "inertia_diag_kg_m2": [0.21090836206975605, 0.21163993109012186, 0.21295676591866436], "mass_kg": 4.0, "raw_joint_acceleration_peak_rad_s2": 9.332400755283718, "reaction_force_body_n": [-9.203829792553567e-05, -3.6379087910474654e-05, 0.001237943070228058], "reaction_torque_body_nm": [0.005700770420269757, 0.003351035558480868, 0.03316345765649628]}
[gazebo_direct_motor_model-5] [INFO] [1786461646.484231630] [my_drone_gazebo_direct_motor_model]: MOTOR_DYNAMIC_STATE sim_s=126.028 cmd_min=0.4680 cmd_mean=0.4818 cmd_max=0.4952 filtered_mean=0.4818 filtered_max=0.4952 esc_throttle_mean=0.5617 total_thrust_n=45.3594 body_up_force_n=39.2824 saturated_motors=0 rated_cap_command=1.0000 voltage_v=14.8000 thrust_scale=1.000000 current_a=0.0000
[arm_coupling_monitor-9] [INFO] [1786461646.752443942] [my_drone_arm_coupling_monitor]: ARM_COUPLING_STATE {"com_body_flu_m": [-0.00344026728896896, 0.00046435047580038746, -0.21064139858704017], "com_shift_m": [0.0005599205112979642, 0.0011370069941037553, -0.006159953525725376], "feedforward_acceleration_ned_m_s2": [1.7689700494224183e-06, 4.9159935720201696e-06, 9.472708474164773e-05], "filtered_joint_acceleration_peak_rad_s2": 0.006010260410184921, "inertia_diag_kg_m2": [0.2112288031061057, 0.211948423007165, 0.21294618255817066], "mass_kg": 4.0, "raw_joint_acceleration_peak_rad_s2": 0.0009196390731527363, "reaction_force_body_n": [-2.5257605479723883e-05, -1.034669384745981e-05, 0.00037850134556650244], "reaction_torque_body_nm": [0.006154275743566327, 0.0033009151623993103, 0.0329899730285793]}
[gazebo_direct_motor_model-5] [INFO] [1786461647.476026731] [my_drone_gazebo_direct_motor_model]: MOTOR_DYNAMIC_STATE sim_s=127.028 cmd_min=0.4682 cmd_mean=0.4812 cmd_max=0.4943 filtered_mean=0.4812 filtered_max=0.4943 esc_throttle_mean=0.5612 total_thrust_n=45.3026 body_up_force_n=39.2332 saturated_motors=0 rated_cap_command=1.0000 voltage_v=14.8000 thrust_scale=1.000000 current_a=0.0000
[arm_coupling_monitor-9] [INFO] [1786461647.833833870] [my_drone_arm_coupling_monitor]: ARM_COUPLING_STATE {"com_body_flu_m": [-0.0034069984824288135, 0.00047747820286352105, -0.2110876178436229], "com_shift_m": [0.0005931893178381109, 0.001150134721166889, -0.006606172782308101], "feedforward_acceleration_ned_m_s2": [3.7951956813171674e-08, -1.1923609408727332e-07, 1.0919682493799094e-05], "filtered_joint_acceleration_peak_rad_s2": 0.0008429687992339928, "inertia_diag_kg_m2": [0.2115579245327472, 0.21226328973763453, 0.21293340163108368], "mass_kg": 4.0, "raw_joint_acceleration_peak_rad_s2": 0.0008164414903301156, "reaction_force_body_n": [2.1410721270040022e-07, -3.2458928568149563e-07, 4.367986691483566e-05], "reaction_torque_body_nm": [0.0066325688200059955, 0.0034209653833234942, 0.032982326215911066]}
[gazebo_direct_motor_model-5] [INFO] [1786461648.385627963] [my_drone_gazebo_direct_motor_model]: MOTOR_DYNAMIC_STATE sim_s=128.032 cmd_min=0.4668 cmd_mean=0.4812 cmd_max=0.4952 filtered_mean=0.4812 filtered_max=0.4952 esc_throttle_mean=0.5603 total_thrust_n=45.2978 body_up_force_n=39.2290 saturated_motors=0 rated_cap_command=1.0000 voltage_v=14.8000 thrust_scale=1.000000 current_a=0.0000
[arm_coupling_monitor-9] [INFO] [1786461648.975331470] [my_drone_arm_coupling_monitor]: ARM_COUPLING_STATE {"com_body_flu_m": [-0.0033617769094768483, 0.0004954750509476025, -0.2117117155362172], "com_shift_m": [0.0006384108907900761, 0.0011681315692509704, -0.007230270474902406], "feedforward_acceleration_ned_m_s2": [-5.439389444055426e-07, -1.8173311284113482e-06, -8.022157645311532e-06], "filtered_joint_acceleration_peak_rad_s2": 0.00032295643852284515, "inertia_diag_kg_m2": [0.21203748215572546, 0.21271887919364568, 0.21291168345830758], "mass_kg": 4.0, "raw_joint_acceleration_peak_rad_s2": 5.604378229546419, "reaction_force_body_n": [5.9153892237421225e-06, 1.9738554316460905e-06, -3.23785310002604e-05], "reaction_torque_body_nm": [0.007300731529907393, 0.0035525314586707397, 0.032947588217624335]}
[gazebo_direct_motor_model-5] [INFO] [1786461649.425967239] [my_drone_gazebo_direct_motor_model]: MOTOR_DYNAMIC_STATE sim_s=129.032 cmd_min=0.4660 cmd_mean=0.4823 cmd_max=0.4983 filtered_mean=0.4823 filtered_max=0.4983 esc_throttle_mean=0.5597 total_thrust_n=45.4010 body_up_force_n=39.3185 saturated_motors=0 rated_cap_command=1.0000 voltage_v=14.8000 thrust_scale=1.000000 current_a=0.0000
[arm_coupling_monitor-9] [INFO] [1786461650.241169740] [my_drone_arm_coupling_monitor]: ARM_COUPLING_STATE {"com_body_flu_m": [-0.0033163880231715723, 0.0005137104453857861, -0.2123604231920725], "com_shift_m": [0.0006837997770953522, 0.001186366963689154, -0.007878978130757691], "feedforward_acceleration_ned_m_s2": [-1.8066760260015598e-07, -6.78538271780148e-07, 7.089019472116862e-06], "filtered_joint_acceleration_peak_rad_s2": 0.0006587059408002247, "inertia_diag_kg_m2": [0.21255972366215864, 0.21321122001646242, 0.21288433764048992], "mass_kg": 4.0, "raw_joint_acceleration_peak_rad_s2": 5.690062941110207, "reaction_force_body_n": [1.8090120766300084e-06, 3.6771583716514363e-07, 2.8434983613305147e-05], "reaction_torque_body_nm": [0.007997162324077788, 0.0036644651597053015, 0.03288097602945055]}
[gazebo_direct_motor_model-5] [INFO] [1786461650.402422499] [my_drone_gazebo_direct_motor_model]: MOTOR_DYNAMIC_STATE sim_s=130.032 cmd_min=0.4706 cmd_mean=0.4815 cmd_max=0.4943 filtered_mean=0.4815 filtered_max=0.4943 esc_throttle_mean=0.5616 total_thrust_n=45.3292 body_up_force_n=39.2562 saturated_motors=0 rated_cap_command=1.0000 voltage_v=14.8000 thrust_scale=1.000000 current_a=0.0000
[gazebo_direct_motor_model-5] [INFO] [1786461651.384450575] [my_drone_gazebo_direct_motor_model]: MOTOR_DYNAMIC_STATE sim_s=131.032 cmd_min=0.4667 cmd_mean=0.4822 cmd_max=0.4938 filtered_mean=0.4822 filtered_max=0.4938 esc_throttle_mean=0.5614 total_thrust_n=45.4007 body_up_force_n=39.3182 saturated_motors=0 rated_cap_command=1.0000 voltage_v=14.8000 thrust_scale=1.000000 current_a=0.0000
[arm_coupling_monitor-9] [INFO] [1786461651.499060575] [my_drone_arm_coupling_monitor]: ARM_COUPLING_STATE {"com_body_flu_m": [-0.0032719601780922536, 0.0005317185894781109, -0.21301946994631368], "com_shift_m": [0.0007282276221746709, 0.0012043751077814788, -0.008538024884998885], "feedforward_acceleration_ned_m_s2": [-1.4371836677512914e-07, -6.460975737664933e-07, 6.32082333767318e-06], "filtered_joint_acceleration_peak_rad_s2": 0.0006375743054075722, "inertia_diag_kg_m2": [0.2131150973686691, 0.21373100596560574, 0.21285155024376465], "mass_kg": 4.0, "raw_joint_acceleration_peak_rad_s2": 5.896681327021538, "reaction_force_body_n": [2.210013856934109e-06, 5.784049576786608e-07, 2.5318684045871776e-05], "reaction_torque_body_nm": [0.008708524403805583, 0.0037678839144183723, 0.03278312495025437]}
[gazebo_direct_motor_model-5] [INFO] [1786461652.426914279] [my_drone_gazebo_direct_motor_model]: MOTOR_DYNAMIC_STATE sim_s=132.032 cmd_min=0.4649 cmd_mean=0.4814 cmd_max=0.4973 filtered_mean=0.4814 filtered_max=0.4973 esc_throttle_mean=0.5592 total_thrust_n=45.3193 body_up_force_n=39.2477 saturated_motors=0 rated_cap_command=1.0000 voltage_v=14.8000 thrust_scale=1.000000 current_a=0.0000
[arm_coupling_monitor-9] [INFO] [1786461652.576543490] [my_drone_arm_coupling_monitor]: ARM_COUPLING_STATE {"com_body_flu_m": [-0.003239318545971707, 0.0005450427506279928, -0.21352051644782385], "com_shift_m": [0.0007608692542952177, 0.0012176992689313607, -0.009039071386509057], "feedforward_acceleration_ned_m_s2": [-6.103161670131985e-08, -5.517994885083604e-07, 4.169437264563458e-06], "filtered_joint_acceleration_peak_rad_s2": 0.0005181538724199007, "inertia_diag_kg_m2": [0.2135540518236189, 0.21413938809681116, 0.21282323136461295], "mass_kg": 4.0, "raw_joint_acceleration_peak_rad_s2": 5.996857047176878, "reaction_force_body_n": [2.89178194334184e-06, 9.02070898122024e-07, 1.6549999984202242e-05], "reaction_torque_body_nm": [0.009251160591155657, 0.0038373783205928108, 0.03268824571409559]}
[gazebo_direct_motor_model-5] [INFO] [1786461653.368437774] [my_drone_gazebo_direct_motor_model]: MOTOR_DYNAMIC_STATE sim_s=133.032 cmd_min=0.4684 cmd_mean=0.4817 cmd_max=0.4940 filtered_mean=0.4817 filtered_max=0.4940 esc_throttle_mean=0.5618 total_thrust_n=45.3455 body_up_force_n=39.2704 saturated_motors=0 rated_cap_command=1.0000 voltage_v=14.8000 thrust_scale=1.000000 current_a=0.0000
[arm_coupling_monitor-9] [INFO] [1786461653.820196273] [my_drone_arm_coupling_monitor]: ARM_COUPLING_STATE {"com_body_flu_m": [-0.0031968726524301046, 0.0005624751401523721, -0.21419586228840493], "com_shift_m": [0.0008033151478368198, 0.00123513165845574, -0.009714417227090127], "feedforward_acceleration_ned_m_s2": [-2.932177640286028e-07, -9.739665413474082e-07, 1.0045169303167487e-06], "filtered_joint_acceleration_peak_rad_s2": 0.00034346333053008037, "inertia_diag_kg_m2": [0.21416855947344357, 0.2147078792776514, 0.2127804026655671], "mass_kg": 4.0, "raw_joint_acceleration_peak_rad_s2": 6.174554948928877, "reaction_force_body_n": [3.7683317704896535e-06, 1.3328561458749059e-06, 4.089185501723809e-06], "reaction_torque_body_nm": [0.009984470469455359, 0.003918385747195851, 0.03253227642068543]}
[gazebo_direct_motor_model-5] [INFO] [1786461654.389750409] [my_drone_gazebo_direct_motor_model]: MOTOR_DYNAMIC_STATE sim_s=134.032 cmd_min=0.4680 cmd_mean=0.4815 cmd_max=0.4947 filtered_mean=0.4815 filtered_max=0.4947 esc_throttle_mean=0.5614 total_thrust_n=45.3283 body_up_force_n=39.2554 saturated_motors=0 rated_cap_command=1.0000 voltage_v=14.8000 thrust_scale=1.000000 current_a=0.0000
[arm_coupling_monitor-9] [INFO] [1786461654.936872164] [my_drone_arm_coupling_monitor]: ARM_COUPLING_STATE {"com_body_flu_m": [-0.00316622273962742, 0.0005751271025888904, -0.21470210481363383], "com_shift_m": [0.0008339650606395046, 0.0012477836208922583, -0.010220659752319033], "feedforward_acceleration_ned_m_s2": [-3.223640916609807e-07, -1.0067214703740644e-06, 5.368284444918208e-07], "filtered_joint_acceleration_peak_rad_s2": 0.0003324788958519174, "inertia_diag_kg_m2": [0.2146463985046604, 0.21514760177872325, 0.21274477488635457], "mass_kg": 4.0, "raw_joint_acceleration_peak_rad_s2": 6.256342687550368, "reaction_force_body_n": [3.914865169507885e-06, 1.4528594912856477e-06, 2.247775364282598e-06], "reaction_torque_body_nm": [0.01053517106418528, 0.003969150233262121, 0.03239405011975985]}
[gazebo_direct_motor_model-5] [INFO] [1786461655.407954005] [my_drone_gazebo_direct_motor_model]: MOTOR_DYNAMIC_STATE sim_s=135.032 cmd_min=0.4665 cmd_mean=0.4808 cmd_max=0.4951 filtered_mean=0.4808 filtered_max=0.4951 esc_throttle_mean=0.5598 total_thrust_n=45.2666 body_up_force_n=39.2021 saturated_motors=0 rated_cap_command=1.0000 voltage_v=14.8000 thrust_scale=1.000000 current_a=0.0000
[arm_coupling_monitor-9] [INFO] [1786461656.166792242] [my_drone_arm_coupling_monitor]: ARM_COUPLING_STATE {"com_body_flu_m": [-0.0031266105043716557, 0.0005915391120083005, -0.21538242326453202], "com_shift_m": [0.0008735772958952687, 0.0012641956303116684, -0.010900978203217226], "feedforward_acceleration_ned_m_s2": [-5.368787089995942e-07, -1.3901365649820887e-06, -4.982068495562095e-06], "filtered_joint_acceleration_peak_rad_s2": 1.2571377953295972e-05, "inertia_diag_kg_m2": [0.2153117503841936, 0.21575683965446393, 0.2126921174845146], "mass_kg": 4.0, "raw_joint_acceleration_peak_rad_s2": 1.0493677752345836, "reaction_force_body_n": [5.194991268702755e-06, 2.0711417559031153e-06, -2.003472076511801e-05], "reaction_torque_body_nm": [0.011276354415923886, 0.004026286401024367, 0.03217938860542892]}
[gazebo_direct_motor_model-5] [INFO] [1786461656.382349714] [my_drone_gazebo_direct_motor_model]: MOTOR_DYNAMIC_STATE sim_s=136.032 cmd_min=0.4684 cmd_mean=0.4808 cmd_max=0.4934 filtered_mean=0.4808 filtered_max=0.4934 esc_throttle_mean=0.5610 total_thrust_n=45.2680 body_up_force_n=39.2032 saturated_motors=0 rated_cap_command=1.0000 voltage_v=14.8000 thrust_scale=1.000000 current_a=0.0000
[arm_coupling_monitor-9] [INFO] [1786461657.263389369] [my_drone_arm_coupling_monitor]: ARM_COUPLING_STATE {"com_body_flu_m": [-0.003098184031740602, 0.000603342687791459, -0.2158909381255714], "com_shift_m": [0.0009020037685263226, 0.0012759992060948269, -0.011409493064256593], "feedforward_acceleration_ned_m_s2": [-3.8341674089666284e-07, -1.0632152803611105e-06, -4.969819642470615e-07], "filtered_joint_acceleration_peak_rad_s2": 0.000303522305491174, "inertia_diag_kg_m2": [0.21582644870163686, 0.21622593028943007, 0.21264916203255801], "mass_kg": 4.0, "raw_joint_acceleration_peak_rad_s2": 6.370695884451964, "reaction_force_body_n": [4.153649484137242e-06, 1.707561043122124e-06, -2.0548115448913473e-06], "reaction_torque_body_nm": [0.011830325520623365, 0.004056917873423739, 0.031996707220476324]}
[gazebo_direct_motor_model-5] [INFO] [1786461657.462812158] [my_drone_gazebo_direct_motor_model]: MOTOR_DYNAMIC_STATE sim_s=137.032 cmd_min=0.4675 cmd_mean=0.4806 cmd_max=0.4942 filtered_mean=0.4806 filtered_max=0.4942 esc_throttle_mean=0.5602 total_thrust_n=45.2408 body_up_force_n=39.1797 saturated_motors=0 rated_cap_command=1.0000 voltage_v=14.8000 thrust_scale=1.000000 current_a=0.0000
[gazebo_direct_motor_model-5] [INFO] [1786461658.926392188] [my_drone_gazebo_direct_motor_model]: MOTOR_DYNAMIC_STATE sim_s=138.032 cmd_min=0.4680 cmd_mean=0.4816 cmd_max=0.4950 filtered_mean=0.4816 filtered_max=0.4950 esc_throttle_mean=0.5615 total_thrust_n=45.3403 body_up_force_n=39.2658 saturated_motors=0 rated_cap_command=1.0000 voltage_v=14.8000 thrust_scale=1.000000 current_a=0.0000
[arm_coupling_monitor-9] [INFO] [1786461658.929018127] [my_drone_arm_coupling_monitor]: ARM_COUPLING_STATE {"com_body_flu_m": [-0.0030690632390652246, 0.0006154387222830592, -0.21643176380491122], "com_shift_m": [0.0009311245612016999, 0.001288095240586427, -0.011950318743596422], "feedforward_acceleration_ned_m_s2": [-2.8850812312080066e-07, -3.8284648889474614e-07, 1.3722367883462537e-05], "filtered_joint_acceleration_peak_rad_s2": 0.0012986465546573462, "inertia_diag_kg_m2": [0.21639015057684047, 0.21673768478565694, 0.21260008448923928], "mass_kg": 4.0, "raw_joint_acceleration_peak_rad_s2": 0.0014701946186596005, "reaction_force_body_n": [1.2320301082577383e-06, 5.726424002210308e-07, 5.490614903358104e-05], "reaction_torque_body_nm": [0.012440972832534215, 0.004145822422288585, 0.03183642062504699]}
[gazebo_direct_motor_model-5] [INFO] [1786461659.583487461] [my_drone_gazebo_direct_motor_model]: MOTOR_DYNAMIC_STATE sim_s=139.032 cmd_min=0.4648 cmd_mean=0.4817 cmd_max=0.4978 filtered_mean=0.4817 filtered_max=0.4978 esc_throttle_mean=0.5595 total_thrust_n=45.3525 body_up_force_n=39.2764 saturated_motors=0 rated_cap_command=1.0000 voltage_v=14.8000 thrust_scale=1.000000 current_a=0.0000
[arm_coupling_monitor-9] [INFO] [1786461659.720999778] [my_drone_arm_coupling_monitor]: ARM_COUPLING_STATE {"com_body_flu_m": [-0.0030344234844480455, 0.0006298010357486221, -0.21710489397393498], "com_shift_m": [0.0009657643158188789, 0.00130245755405199, -0.012623448912620183], "feedforward_acceleration_ned_m_s2": [-4.356296701999943e-07, -1.1285522183527843e-06, -2.820921521572385e-06], "filtered_joint_acceleration_peak_rad_s2": 0.0001846191572004984, "inertia_diag_kg_m2": [0.21711521352361235, 0.21739313305069374, 0.2125340896779185], "mass_kg": 4.0, "raw_joint_acceleration_peak_rad_s2": 9.690179717969483e-05, "reaction_force_body_n": [4.498291068496912e-06, 2.0231849508260983e-06, -1.1243136791726615e-05], "reaction_torque_body_nm": [0.013152780979929331, 0.004102345443070488, 0.03148391990327443]}
[gazebo_direct_motor_model-5] [INFO] [1786461660.533611037] [my_drone_gazebo_direct_motor_model]: MOTOR_DYNAMIC_STATE sim_s=140.032 cmd_min=0.4704 cmd_mean=0.4815 cmd_max=0.4934 filtered_mean=0.4815 filtered_max=0.4934 esc_throttle_mean=0.5617 total_thrust_n=45.3344 body_up_force_n=39.2607 saturated_motors=0 rated_cap_command=1.0000 voltage_v=14.8000 thrust_scale=1.000000 current_a=0.0000
[arm_coupling_monitor-9] [INFO] [1786461660.801810878] [my_drone_arm_coupling_monitor]: ARM_COUPLING_STATE {"com_body_flu_m": [-0.0030118174162243397, 0.000639135364927327, -0.21756408944264952], "com_shift_m": [0.0009883703840425848, 0.0013117918832306948, -0.013082644381334718], "feedforward_acceleration_ned_m_s2": [2.309748433320689e-05, 2.2088515806124534e-05, 0.0003708973012919592], "filtered_joint_acceleration_peak_rad_s2": 0.02624195640214077, "inertia_diag_kg_m2": [0.21762475848609905, 0.21785203007040876, 0.21248592714937553], "mass_kg": 4.0, "raw_joint_acceleration_peak_rad_s2": 6.445262715455832, "reaction_force_body_n": [-6.800020955770649e-05, -2.7774242702774455e-05, 0.0014872739605202437], "reaction_torque_body_nm": [0.013638354326442602, 0.003984649110437843, 0.031251187385143014]}
[gazebo_direct_motor_model-5] [INFO] [1786461661.777515698] [my_drone_gazebo_direct_motor_model]: MOTOR_DYNAMIC_STATE sim_s=141.036 cmd_min=0.4650 cmd_mean=0.4818 cmd_max=0.4981 filtered_mean=0.4818 filtered_max=0.4981 esc_throttle_mean=0.5597 total_thrust_n=45.3551 body_up_force_n=39.2787 saturated_motors=0 rated_cap_command=1.0000 voltage_v=14.8000 thrust_scale=1.000000 current_a=0.0000
[arm_coupling_monitor-9] [INFO] [1786461661.837864077] [my_drone_arm_coupling_monitor]: ARM_COUPLING_STATE {"com_body_flu_m": [-0.0029882866230154497, 0.0006487946557449317, -0.21806116512952559], "com_shift_m": [0.0010119011772514747, 0.0013214511740482996, -0.013579720068210788], "feedforward_acceleration_ned_m_s2": [1.5186888787311e-06, 2.5499031203253295e-06, 5.805723034214443e-05], "filtered_joint_acceleration_peak_rad_s2": 0.004495428979097108, "inertia_diag_kg_m2": [0.21818997349446137, 0.21835952875240056, 0.21243090253857744], "mass_kg": 4.0, "raw_joint_acceleration_peak_rad_s2": 0.0002906488920603619, "reaction_force_body_n": [-6.96433011728465e-06, -2.5261704120800517e-06, 0.00023241412013562016], "reaction_torque_body_nm": [0.014193997225490734, 0.004097506921915529, 0.031009239840666142]}
[gazebo_direct_motor_model-5] [INFO] [1786461662.880199181] [my_drone_gazebo_direct_motor_model]: MOTOR_DYNAMIC_STATE sim_s=142.036 cmd_min=0.4663 cmd_mean=0.4812 cmd_max=0.4963 filtered_mean=0.4812 filtered_max=0.4963 esc_throttle_mean=0.5601 total_thrust_n=45.3046 body_up_force_n=39.2349 saturated_motors=0 rated_cap_command=1.0000 voltage_v=14.8000 thrust_scale=1.000000 current_a=0.0000
[arm_coupling_monitor-9] [INFO] [1786461663.133687040] [my_drone_arm_coupling_monitor]: ARM_COUPLING_STATE {"com_body_flu_m": [-0.002959885321200976, 0.0006603339667247549, -0.21869091028398277], "com_shift_m": [0.0010403024790659483, 0.0013329904850281227, -0.014209465222667972], "feedforward_acceleration_ned_m_s2": [-3.3083271914091756e-06, 4.873913839743728e-07, 4.88582918456378e-05], "filtered_joint_acceleration_peak_rad_s2": 0.003918443280785966, "inertia_diag_kg_m2": [0.21892639429848482, 0.21901850810291432, 0.21235685299192616], "mass_kg": 4.0, "raw_joint_acceleration_peak_rad_s2": 0.0301832393935932, "reaction_force_body_n": [-4.93371810894867e-06, -1.5633299717238552e-06, 0.00019582200745795313], "reaction_torque_body_nm": [0.014868038975554861, 0.00406501415399138, 0.030635416583897422]}
[gazebo_direct_motor_model-5] [INFO] [1786461663.843013236] [my_drone_gazebo_direct_motor_model]: MOTOR_DYNAMIC_STATE sim_s=143.040 cmd_min=0.4625 cmd_mean=0.4821 cmd_max=0.4969 filtered_mean=0.4821 filtered_max=0.4969 esc_throttle_mean=0.5584 total_thrust_n=45.3838 body_up_force_n=39.3035 saturated_motors=0 rated_cap_command=1.0000 voltage_v=14.8000 thrust_scale=1.000000 current_a=0.0000
[arm_coupling_monitor-9] [INFO] [1786461664.850506664] [my_drone_arm_coupling_monitor]: ARM_COUPLING_STATE {"com_body_flu_m": [-0.0029383219921607136, 0.000668967058637903, -0.21919430691688555], "com_shift_m": [0.0010618658081062108, 0.001341623576941271, -0.014712861855570747], "feedforward_acceleration_ned_m_s2": [-3.189535588587817e-07, -1.1482194617176667e-06, -8.918941872776333e-06], "filtered_joint_acceleration_peak_rad_s2": 0.00021327968900321505, "inertia_diag_kg_m2": [0.21953141664433126, 0.21955814708580704, 0.21229414915482034], "mass_kg": 4.0, "raw_joint_acceleration_peak_rad_s2": 0.00023927750371787268, "reaction_force_body_n": [5.015399208527267e-06, 2.5079442104636157e-06, -3.5553320542184636e-05], "reaction_torque_body_nm": [0.015410645070206399, 0.004058941773741554, 0.03032410937186682]}
[gazebo_direct_motor_model-5] [INFO] [1786461665.101880363] [my_drone_gazebo_direct_motor_model]: MOTOR_DYNAMIC_STATE sim_s=144.040 cmd_min=0.4623 cmd_mean=0.4827 cmd_max=0.5068 filtered_mean=0.4827 filtered_max=0.5068 esc_throttle_mean=0.5588 total_thrust_n=45.4414 body_up_force_n=39.3534 saturated_motors=0 rated_cap_command=1.0000 voltage_v=14.8000 thrust_scale=1.000000 current_a=0.0000
[arm_coupling_monitor-9] [INFO] [1786461665.338542498] [my_drone_arm_coupling_monitor]: ARM_COUPLING_STATE {"com_body_flu_m": [-0.0029178363612915193, 0.0006770235037675734, -0.21969623921116707], "com_shift_m": [0.0010823514389754051, 0.0013496800220709412, -0.015214794149852273], "feedforward_acceleration_ned_m_s2": [-9.162443382872857e-07, -1.0634594161038992e-06, -8.870270430506996e-06], "filtered_joint_acceleration_peak_rad_s2": 0.00021327968900321505, "inertia_diag_kg_m2": [0.22014914088682003, 0.22010759328311572, 0.2122284988748442], "mass_kg": 4.0, "raw_joint_acceleration_peak_rad_s2": 0.0, "reaction_force_body_n": [4.805990386929582e-06, 2.475851197248415e-06, -3.551347591111505e-05], "reaction_torque_body_nm": [0.015946835817808834, 0.0040235912844004676, 0.0299902864249354]}
[gazebo_direct_motor_model-5] [INFO] [1786461665.516599243] [my_drone_gazebo_direct_motor_model]: MOTOR_DYNAMIC_STATE sim_s=145.040 cmd_min=0.4624 cmd_mean=0.4816 cmd_max=0.4988 filtered_mean=0.4816 filtered_max=0.4988 esc_throttle_mean=0.5579 total_thrust_n=45.3434 body_up_force_n=39.2685 saturated_motors=0 rated_cap_command=1.0000 voltage_v=14.8000 thrust_scale=1.000000 current_a=0.0000
[gazebo_direct_motor_model-5] [INFO] [1786461666.404585178] [my_drone_gazebo_direct_motor_model]: MOTOR_DYNAMIC_STATE sim_s=146.040 cmd_min=0.4680 cmd_mean=0.4829 cmd_max=0.4968 filtered_mean=0.4829 filtered_max=0.4968 esc_throttle_mean=0.5627 total_thrust_n=45.4631 body_up_force_n=39.3722 saturated_motors=0 rated_cap_command=1.0000 voltage_v=14.8000 thrust_scale=1.000000 current_a=0.0000
[arm_coupling_monitor-9] [INFO] [1786461666.514402287] [my_drone_arm_coupling_monitor]: ARM_COUPLING_STATE {"com_body_flu_m": [-0.002891662803961177, 0.0006870270236896056, -0.22037759910829244], "com_shift_m": [0.0011085249963057476, 0.0013596835419929735, -0.01589615404697764], "feedforward_acceleration_ned_m_s2": [-1.5361261319491491e-06, -1.577990068222565e-06, -1.1253731182275975e-05], "filtered_joint_acceleration_peak_rad_s2": 0.0004068018194936656, "inertia_diag_kg_m2": [0.221010786321431, 0.2208716092944867, 0.21213433928633632], "mass_kg": 4.0, "raw_joint_acceleration_peak_rad_s2": 0.00041888201937423207, "reaction_force_body_n": [4.875251931802185e-06, 2.5511420870425485e-06, -4.553748806641323e-05], "reaction_torque_body_nm": [0.016668710235014206, 0.003958903177111277, 0.02950001748061197]}
[gazebo_direct_motor_model-5] [INFO] [1786461667.400200050] [my_drone_gazebo_direct_motor_model]: MOTOR_DYNAMIC_STATE sim_s=147.040 cmd_min=0.4672 cmd_mean=0.4816 cmd_max=0.4971 filtered_mean=0.4816 filtered_max=0.4971 esc_throttle_mean=0.5610 total_thrust_n=45.3386 body_up_force_n=39.2644 saturated_motors=0 rated_cap_command=1.0000 voltage_v=14.8000 thrust_scale=1.000000 current_a=0.0000
[arm_coupling_monitor-9] [INFO] [1786461667.512123683] [my_drone_arm_coupling_monitor]: ARM_COUPLING_STATE {"com_body_flu_m": [-0.0028759436700996604, 0.0006928203297663603, -0.220812690780294], "com_shift_m": [0.001124244130167264, 0.0013654768480697282, -0.016331245718979204], "feedforward_acceleration_ned_m_s2": [-4.5573026577484507e-07, -1.0141129616489806e-06, -5.223173990017062e-06], "filtered_joint_acceleration_peak_rad_s2": 5.136320372239857e-05, "inertia_diag_kg_m2": [0.2215749175431664, 0.2213704085906892, 0.21207114826125056], "mass_kg": 4.0, "raw_joint_acceleration_peak_rad_s2": 6.1427642735781065, "reaction_force_body_n": [3.7827301188343397e-06, 2.1720155674560594e-06, -2.091066446789023e-05], "reaction_torque_body_nm": [0.017125066073691433, 0.0039035163397056678, 0.029163484510814016]}
[gazebo_direct_motor_model-5] [INFO] [1786461668.412104276] [my_drone_gazebo_direct_motor_model]: MOTOR_DYNAMIC_STATE sim_s=148.040 cmd_min=0.4672 cmd_mean=0.4818 cmd_max=0.4956 filtered_mean=0.4818 filtered_max=0.4956 esc_throttle_mean=0.5612 total_thrust_n=45.3560 body_up_force_n=39.2794 saturated_motors=0 rated_cap_command=1.0000 voltage_v=14.8000 thrust_scale=1.000000 current_a=0.0000
[arm_coupling_monitor-9] [INFO] [1786461668.831563623] [my_drone_arm_coupling_monitor]: ARM_COUPLING_STATE {"com_body_flu_m": [-0.0028567977246683595, 0.0006995755563518509, -0.22137474826718587], "com_shift_m": [0.001143390075598565, 0.0013722320746552188, -0.01689330320587107], "feedforward_acceleration_ned_m_s2": [3.8478774032799456e-08, -1.2531619933813751e-06, -1.2984643711834546e-05], "filtered_joint_acceleration_peak_rad_s2": 0.0005565307514641207, "inertia_diag_kg_m2": [0.2223197241852985, 0.2220273534772332, 0.21198594572697424], "mass_kg": 4.0, "raw_joint_acceleration_peak_rad_s2": 6.0324912165329465, "reaction_force_body_n": [4.555416720131068e-06, 2.456325812577135e-06, -5.192283244146331e-05], "reaction_torque_body_nm": [0.01770852636392658, 0.003822615829470967, 0.02870034839597562]}
[gazebo_direct_motor_model-5] [INFO] [1786461669.405670839] [my_drone_gazebo_direct_motor_model]: MOTOR_DYNAMIC_STATE sim_s=149.040 cmd_min=0.4679 cmd_mean=0.4812 cmd_max=0.4921 filtered_mean=0.4812 filtered_max=0.4921 esc_throttle_mean=0.5612 total_thrust_n=45.3017 body_up_force_n=39.2324 saturated_motors=0 rated_cap_command=1.0000 voltage_v=14.8000 thrust_scale=1.000000 current_a=0.0000
[arm_coupling_monitor-9] [INFO] [1786461669.933524484] [my_drone_arm_coupling_monitor]: ARM_COUPLING_STATE {"com_body_flu_m": [-0.002843855476230119, 0.0007038956550231741, -0.22177865851800632], "com_shift_m": [0.0011563323240368056, 0.001376552173326542, -0.017297213456691524], "feedforward_acceleration_ned_m_s2": [-2.5112725864452564e-07, -7.537715782010738e-07, -1.350043177471529e-05], "filtered_joint_acceleration_peak_rad_s2": 0.0006119610323341878, "inertia_diag_kg_m2": [0.22286613927044774, 0.2225082049407952, 0.21192220689568594], "mass_kg": 4.0, "raw_joint_acceleration_peak_rad_s2": 0.0006513732326542937, "reaction_force_body_n": [4.3761789859024425e-06, 2.38167635021347e-06, -5.386522986844357e-05], "reaction_torque_body_nm": [0.018122525645969965, 0.003751647363173206, 0.028346719180222156]}
[gazebo_direct_motor_model-5] [INFO] [1786461670.439250624] [my_drone_gazebo_direct_motor_model]: MOTOR_DYNAMIC_STATE sim_s=150.040 cmd_min=0.4688 cmd_mean=0.4810 cmd_max=0.4951 filtered_mean=0.4810 filtered_max=0.4951 esc_throttle_mean=0.5612 total_thrust_n=45.2839 body_up_force_n=39.2170 saturated_motors=0 rated_cap_command=1.0000 voltage_v=14.8000 thrust_scale=1.000000 current_a=0.0000
[arm_coupling_monitor-9] [INFO] [1786461670.933324152] [my_drone_arm_coupling_monitor]: ARM_COUPLING_STATE {"com_body_flu_m": [-0.0028320026847895984, 0.0007076239158651694, -0.22216906677658335], "com_shift_m": [0.001168185115477326, 0.0013802804341685373, -0.017687621715268553], "feedforward_acceleration_ned_m_s2": [-4.276501947075936e-07, -6.315828939640617e-07, 8.913133907158047e-07], "filtered_joint_acceleration_peak_rad_s2": 0.000511297900143597, "inertia_diag_kg_m2": [0.22340317245867317, 0.22297992926479568, 0.21185858369016378], "mass_kg": 4.0, "raw_joint_acceleration_peak_rad_s2": 5.756600007671374, "reaction_force_body_n": [2.436448785538002e-06, 1.7620414755230365e-06, 3.6025638616406594e-06], "reaction_torque_body_nm": [0.01851799613012718, 0.003668798042620819, 0.027987984149924424]}
[gazebo_direct_motor_model-5] [INFO] [1786461671.415793804] [my_drone_gazebo_direct_motor_model]: MOTOR_DYNAMIC_STATE sim_s=151.040 cmd_min=0.4683 cmd_mean=0.4809 cmd_max=0.4940 filtered_mean=0.4809 filtered_max=0.4940 esc_throttle_mean=0.5611 total_thrust_n=45.2735 body_up_force_n=39.2080 saturated_motors=0 rated_cap_command=1.0000 voltage_v=14.8000 thrust_scale=1.000000 current_a=0.0000
[arm_coupling_monitor-9] [INFO] [1786461672.159688422] [my_drone_arm_coupling_monitor]: ARM_COUPLING_STATE {"com_body_flu_m": [-0.0028177316978009338, 0.0007117349584421333, -0.22267075781343246], "com_shift_m": [0.0011824561024659907, 0.0013843914767455012, -0.01818931275211766], "feedforward_acceleration_ned_m_s2": [-1.090413165066792e-06, -1.2536795889517176e-06, -1.5889926910878072e-05], "filtered_joint_acceleration_peak_rad_s2": 0.0008644607371208502, "inertia_diag_kg_m2": [0.22410610640365747, 0.22359612580611185, 0.21177388595430938], "mass_kg": 4.0, "raw_joint_acceleration_peak_rad_s2": 5.636631311060702, "reaction_force_body_n": [4.077002863942938e-06, 2.194614240969248e-06, -6.373828963681385e-05], "reaction_torque_body_nm": [0.019017568027247182, 0.0035575827628641786, 0.02749955498793479]}
[gazebo_direct_motor_model-5] [INFO] [1786461672.407473507] [my_drone_gazebo_direct_motor_model]: MOTOR_DYNAMIC_STATE sim_s=152.040 cmd_min=0.4701 cmd_mean=0.4817 cmd_max=0.4933 filtered_mean=0.4817 filtered_max=0.4933 esc_throttle_mean=0.5618 total_thrust_n=45.3528 body_up_force_n=39.2766 saturated_motors=0 rated_cap_command=1.0000 voltage_v=14.8000 thrust_scale=1.000000 current_a=0.0000
[arm_coupling_monitor-9] [INFO] [1786461673.175283476] [my_drone_arm_coupling_monitor]: ARM_COUPLING_STATE {"com_body_flu_m": [-0.002808203966882805, 0.0007141796909258362, -0.22302929651653672], "com_shift_m": [0.0011919838333841193, 0.001386836209229204, -0.01854785145522192], "feedforward_acceleration_ned_m_s2": [-5.940086497804226e-07, -1.2105968911129139e-06, -1.4636303306576847e-05], "filtered_joint_acceleration_peak_rad_s2": 0.0007891179086140949, "inertia_diag_kg_m2": [0.22461730510768027, 0.22404338485790648, 0.21171130741767527], "mass_kg": 4.0, "raw_joint_acceleration_peak_rad_s2": 5.5467600020630075, "reaction_force_body_n": [3.69221830764753e-06, 2.0259825714100264e-06, -5.8642127929018675e-05], "reaction_torque_body_nm": [0.019368038580671588, 0.003461892574697069, 0.027131496111977942]}
[gazebo_direct_motor_model-5] [INFO] [1786461673.404160666] [my_drone_gazebo_direct_motor_model]: MOTOR_DYNAMIC_STATE sim_s=153.040 cmd_min=0.4677 cmd_mean=0.4819 cmd_max=0.4961 filtered_mean=0.4819 filtered_max=0.4961 esc_throttle_mean=0.5615 total_thrust_n=45.3647 body_up_force_n=39.2870 saturated_motors=0 rated_cap_command=1.0000 voltage_v=14.8000 thrust_scale=1.000000 current_a=0.0000
[gazebo_direct_motor_model-5] [INFO] [1786461674.423505423] [my_drone_gazebo_direct_motor_model]: MOTOR_DYNAMIC_STATE sim_s=154.040 cmd_min=0.4687 cmd_mean=0.4825 cmd_max=0.4955 filtered_mean=0.4825 filtered_max=0.4955 esc_throttle_mean=0.5625 total_thrust_n=45.4208 body_up_force_n=39.3356 saturated_motors=0 rated_cap_command=1.0000 voltage_v=14.8000 thrust_scale=1.000000 current_a=0.0000
[arm_coupling_monitor-9] [INFO] [1786461674.666933844] [my_drone_arm_coupling_monitor]: ARM_COUPLING_STATE {"com_body_flu_m": [-0.002796945351189361, 0.0007166534302285449, -0.22348373171973696], "com_shift_m": [0.0012032424490775635, 0.0013893099485319128, -0.019002286658422157], "feedforward_acceleration_ned_m_s2": [5.199720012272711e-07, -1.2148280898643083e-06, -4.538942249783398e-05], "filtered_joint_acceleration_peak_rad_s2": 0.0034080585854330604, "inertia_diag_kg_m2": [0.22527582447491348, 0.22461850495447902, 0.21162950544610398], "mass_kg": 4.0, "raw_joint_acceleration_peak_rad_s2": 0.8757450283334033, "reaction_force_body_n": [6.287827541709259e-06, 2.4125042031904853e-06, -0.0001815097151504158], "reaction_torque_body_nm": [0.019803226666425252, 0.0033368207973545126, 0.02664082769206511]}
[gazebo_direct_motor_model-5] [INFO] [1786461675.412189800] [my_drone_gazebo_direct_motor_model]: MOTOR_DYNAMIC_STATE sim_s=155.040 cmd_min=0.4692 cmd_mean=0.4815 cmd_max=0.4937 filtered_mean=0.4815 filtered_max=0.4937 esc_throttle_mean=0.5616 total_thrust_n=45.3301 body_up_force_n=39.2570 saturated_motors=0 rated_cap_command=1.0000 voltage_v=14.8000 thrust_scale=1.000000 current_a=0.0000
[arm_coupling_monitor-9] [INFO] [1786461675.817027465] [my_drone_arm_coupling_monitor]: ARM_COUPLING_STATE {"com_body_flu_m": [-0.002787202208655172, 0.000718306945752558, -0.22391127684437728], "com_shift_m": [0.0012129855916117524, 0.001390963464055926, -0.019429831783062484], "feedforward_acceleration_ned_m_s2": [-4.041054932359934e-07, -4.880057078891028e-07, -1.90177870572726e-06], "filtered_joint_acceleration_peak_rad_s2": 0.00021589754950529093, "inertia_diag_kg_m2": [0.22590619560966826, 0.225167982288576, 0.21154997176446763], "mass_kg": 4.0, "raw_joint_acceleration_peak_rad_s2": 5.115771477165171, "reaction_force_body_n": [1.9438250922871585e-06, 1.4896255182833295e-06, -7.63504871525585e-06], "reaction_torque_body_nm": [0.020200408244097037, 0.003172137844390371, 0.02615117516335849]}
[gazebo_direct_motor_model-5] [INFO] [1786461676.409367897] [my_drone_gazebo_direct_motor_model]: MOTOR_DYNAMIC_STATE sim_s=156.040 cmd_min=0.4703 cmd_mean=0.4811 cmd_max=0.4930 filtered_mean=0.4811 filtered_max=0.4930 esc_throttle_mean=0.5612 total_thrust_n=45.2886 body_up_force_n=39.2210 saturated_motors=0 rated_cap_command=1.0000 voltage_v=14.8000 thrust_scale=1.000000 current_a=0.0000
[arm_coupling_monitor-9] [INFO] [1786461676.850897237] [my_drone_arm_coupling_monitor]: ARM_COUPLING_STATE {"com_body_flu_m": [-0.0027808029407213365, 0.0007190613670288067, -0.22421439147213976], "com_shift_m": [0.001219384859545588, 0.0013917178853321745, -0.01973294641082496], "feedforward_acceleration_ned_m_s2": [-5.057257877854017e-07, -7.374284298290516e-07, -1.5273242414493363e-05], "filtered_joint_acceleration_peak_rad_s2": 0.000964255712984759, "inertia_diag_kg_m2": [0.2263594648047838, 0.22556245896745653, 0.2114920527128784], "mass_kg": 4.0, "raw_joint_acceleration_peak_rad_s2": 4.887369946194326, "reaction_force_body_n": [2.879190179593971e-06, 1.499542856223891e-06, -6.111141894070995e-05], "reaction_torque_body_nm": [0.020474549970487862, 0.003059811478023357, 0.02578761960079776]}
[gazebo_direct_motor_model-5] [INFO] [1786461677.428762099] [my_drone_gazebo_direct_motor_model]: MOTOR_DYNAMIC_STATE sim_s=157.040 cmd_min=0.4671 cmd_mean=0.4806 cmd_max=0.4939 filtered_mean=0.4806 filtered_max=0.4939 esc_throttle_mean=0.5600 total_thrust_n=45.2446 body_up_force_n=39.1830 saturated_motors=0 rated_cap_command=1.0000 voltage_v=14.8000 thrust_scale=1.000000 current_a=0.0000
[arm_coupling_monitor-9] [INFO] [1786461677.970799378] [my_drone_arm_coupling_monitor]: ARM_COUPLING_STATE {"com_body_flu_m": [-0.002775125847689323, 0.0007194408289152125, -0.22450211280539958], "com_shift_m": [0.0012250619525776014, 0.0013920973472185804, -0.020020667744084786], "feedforward_acceleration_ned_m_s2": [1.2519338409060999e-08, -7.380184607478133e-07, -1.5313397230901036e-05], "filtered_joint_acceleration_peak_rad_s2": 0.0010054524058261314, "inertia_diag_kg_m2": [0.22679459894834827, 0.22594066859684023, 0.211435882835593], "mass_kg": 4.0, "raw_joint_acceleration_peak_rad_s2": 0.0010129897201151465, "reaction_force_body_n": [2.658174437234362e-06, 1.3417453993662626e-06, -6.125237327387579e-05], "reaction_torque_body_nm": [0.020727532004291102, 0.0029370001358194303, 0.025428293661832285]}
[gazebo_direct_motor_model-5] [INFO] [1786461678.477774199] [my_drone_gazebo_direct_motor_model]: MOTOR_DYNAMIC_STATE sim_s=158.040 cmd_min=0.4665 cmd_mean=0.4812 cmd_max=0.4951 filtered_mean=0.4812 filtered_max=0.4951 esc_throttle_mean=0.5601 total_thrust_n=45.3019 body_up_force_n=39.2326 saturated_motors=0 rated_cap_command=1.0000 voltage_v=14.8000 thrust_scale=1.000000 current_a=0.0000
[arm_coupling_monitor-9] [INFO] [1786461679.123962028] [my_drone_arm_coupling_monitor]: ARM_COUPLING_STATE {"com_body_flu_m": [-0.0027701148572467655, 0.0007194848520154888, -0.2247744386524425], "com_shift_m": [0.001230072943020159, 0.0013921413703188567, -0.02029299359112771], "feedforward_acceleration_ned_m_s2": [-1.429886340262835e-07, -6.067543897022748e-07, -1.5324933757631693e-05], "filtered_joint_acceleration_peak_rad_s2": 0.001045688564962369, "inertia_diag_kg_m2": [0.22721083441406878, 0.2263020131257359, 0.211381635627932], "mass_kg": 4.0, "raw_joint_acceleration_peak_rad_s2": 4.5162831456191395, "reaction_force_body_n": [2.442606924842063e-06, 1.182081393657061e-06, -6.129038599996262e-05], "reaction_torque_body_nm": [0.02095962562888733, 0.0028093535820301017, 0.02507469366717851]}
[gazebo_direct_motor_model-5] [INFO] [1786461679.781004027] [my_drone_gazebo_direct_motor_model]: MOTOR_DYNAMIC_STATE sim_s=159.040 cmd_min=0.4674 cmd_mean=0.4820 cmd_max=0.4969 filtered_mean=0.4820 filtered_max=0.4969 esc_throttle_mean=0.5615 total_thrust_n=45.3815 body_up_force_n=39.3015 saturated_motors=0 rated_cap_command=1.0000 voltage_v=14.8000 thrust_scale=1.000000 current_a=0.0000
[arm_coupling_monitor-9] [INFO] [1786461680.046801278] [my_drone_arm_coupling_monitor]: ARM_COUPLING_STATE {"com_body_flu_m": [-0.002765830795927725, 0.0007192441952030351, -0.22502440175831742], "com_shift_m": [0.0012343570043391993, 0.001391900713506403, -0.020542956697002623], "feedforward_acceleration_ned_m_s2": [-1.6917465705281793e-07, -2.5625521718179445e-07, 6.060905665218231e-06], "filtered_joint_acceleration_peak_rad_s2": 0.0008665071606347833, "inertia_diag_kg_m2": [0.22759664579921143, 0.22663656593596818, 0.21133090449691058], "mass_kg": 4.0, "raw_joint_acceleration_peak_rad_s2": 0.0015828740406424542, "reaction_force_body_n": [9.035177806349541e-07, 1.2263184167318446e-06, 2.4226878199603043e-05], "reaction_torque_body_nm": [0.0212160638458664, 0.002762565134086411, 0.024796428567454027]}
[gazebo_direct_motor_model-5] [INFO] [1786461680.627958713] [my_drone_gazebo_direct_motor_model]: MOTOR_DYNAMIC_STATE sim_s=160.040 cmd_min=0.4713 cmd_mean=0.4811 cmd_max=0.4915 filtered_mean=0.4811 filtered_max=0.4915 esc_throttle_mean=0.5613 total_thrust_n=45.2960 body_up_force_n=39.2275 saturated_motors=0 rated_cap_command=1.0000 voltage_v=14.8000 thrust_scale=1.000000 current_a=0.0000
[arm_coupling_monitor-9] [INFO] [1786461681.366353803] [my_drone_arm_coupling_monitor]: ARM_COUPLING_STATE {"com_body_flu_m": [-0.002760870762827817, 0.000718540700726418, -0.2253393701782739], "com_shift_m": [0.0012393170374391076, 0.001391197219029786, -0.02085792511695911], "feedforward_acceleration_ned_m_s2": [5.597538044034607e-06, 5.821117573066751e-06, 0.00047284273554127015], "filtered_joint_acceleration_peak_rad_s2": 0.04359213442421912, "inertia_diag_kg_m2": [0.2280879153719225, 0.22706204040376995, 0.2112656831636301], "mass_kg": 4.0, "raw_joint_acceleration_peak_rad_s2": 7.2665747528838205, "reaction_force_body_n": [-2.784040429290905e-05, 6.035204121092671e-06, 0.0018914322653845448], "reaction_torque_body_nm": [0.020882696293906662, 0.0013690233060812285, 0.023689899370101634]}
[gazebo_direct_motor_model-5] [INFO] [1786461681.518190212] [my_drone_gazebo_direct_motor_model]: MOTOR_DYNAMIC_STATE sim_s=161.040 cmd_min=0.4720 cmd_mean=0.4818 cmd_max=0.4912 filtered_mean=0.4818 filtered_max=0.4912 esc_throttle_mean=0.5619 total_thrust_n=45.3630 body_up_force_n=39.2855 saturated_motors=0 rated_cap_command=1.0000 voltage_v=14.8000 thrust_scale=1.000000 current_a=0.0000
[gazebo_direct_motor_model-5] [INFO] [1786461682.468844549] [my_drone_gazebo_direct_motor_model]: MOTOR_DYNAMIC_STATE sim_s=162.040 cmd_min=0.4633 cmd_mean=0.4812 cmd_max=0.4980 filtered_mean=0.4812 filtered_max=0.4980 esc_throttle_mean=0.5581 total_thrust_n=45.3067 body_up_force_n=39.2368 saturated_motors=0 rated_cap_command=1.0000 voltage_v=14.8000 thrust_scale=1.000000 current_a=0.0000
[arm_coupling_monitor-9] [INFO] [1786461682.512037457] [my_drone_arm_coupling_monitor]: ARM_COUPLING_STATE {"com_body_flu_m": [-0.002756721135157859, 0.0007174718712349079, -0.22563114599616602], "com_shift_m": [0.0012434666651090654, 0.0013901283895382758, -0.021149700934851218], "feedforward_acceleration_ned_m_s2": [4.1427203998313606e-07, -5.623891806279452e-07, -1.182814361467733e-05], "filtered_joint_acceleration_peak_rad_s2": 0.0008673507119642913, "inertia_diag_kg_m2": [0.22854811432487285, 0.227460073605544, 0.21120395397787634], "mass_kg": 4.0, "raw_joint_acceleration_peak_rad_s2": 0.013636916617787388, "reaction_force_body_n": [1.5485628595659026e-06, 6.67601717446862e-07, -4.73649913918005e-05], "reaction_torque_body_nm": [0.02162874814326039, 0.002313885527127001, 0.023863912064587028]}
[gazebo_direct_motor_model-5] [INFO] [1786461683.466587540] [my_drone_gazebo_direct_motor_model]: MOTOR_DYNAMIC_STATE sim_s=163.040 cmd_min=0.4707 cmd_mean=0.4811 cmd_max=0.4911 filtered_mean=0.4811 filtered_max=0.4911 esc_throttle_mean=0.5612 total_thrust_n=45.2904 body_up_force_n=39.2227 saturated_motors=0 rated_cap_command=1.0000 voltage_v=14.8000 thrust_scale=1.000000 current_a=0.0000
[arm_coupling_monitor-9] [INFO] [1786461683.519975297] [my_drone_arm_coupling_monitor]: ARM_COUPLING_STATE {"com_body_flu_m": [-0.0027540954470313857, 0.0007164820873900787, -0.2258338776833619], "com_shift_m": [0.0012460923532355388, 0.0013891386056934466, -0.021352432622047113], "feedforward_acceleration_ned_m_s2": [-2.83780028429399e-07, -3.2191959782357557e-07, -1.101019347503971e-05], "filtered_joint_acceleration_peak_rad_s2": 0.0008255359375349305, "inertia_diag_kg_m2": [0.22887076348818874, 0.22773883135463308, 0.21116030962249663], "mass_kg": 4.0, "raw_joint_acceleration_peak_rad_s2": 3.4779807926054738, "reaction_force_body_n": [1.3482258164981974e-06, 5.465974324149358e-07, -4.405019747324057e-05], "reaction_torque_body_nm": [0.021769169035298082, 0.0021698854062898827, 0.023551802081266223]}
[gazebo_direct_motor_model-5] [INFO] [1786461684.490681513] [my_drone_gazebo_direct_motor_model]: MOTOR_DYNAMIC_STATE sim_s=164.040 cmd_min=0.4722 cmd_mean=0.4815 cmd_max=0.4922 filtered_mean=0.4815 filtered_max=0.4922 esc_throttle_mean=0.5616 total_thrust_n=45.3315 body_up_force_n=39.2583 saturated_motors=0 rated_cap_command=1.0000 voltage_v=14.8000 thrust_scale=1.000000 current_a=0.0000
[arm_coupling_monitor-9] [INFO] [1786461684.569106840] [my_drone_arm_coupling_monitor]: ARM_COUPLING_STATE {"com_body_flu_m": [-0.002751850483615606, 0.0007153744877249797, -0.22602209578612623], "com_shift_m": [0.0012483373166513184, 0.0013880310060283476, -0.021540650724811428], "feedforward_acceleration_ned_m_s2": [-4.743105053591345e-07, -9.313564932814029e-08, -1.4331521684344687e-05], "filtered_joint_acceleration_peak_rad_s2": 0.001178545952046164, "inertia_diag_kg_m2": [0.22917244050339272, 0.2279992410312513, 0.21111922876971395], "mass_kg": 4.0, "raw_joint_acceleration_peak_rad_s2": 3.327369904025501, "reaction_force_body_n": [1.3544768242746294e-06, 3.3030995667501114e-07, -5.7341737188205356e-05], "reaction_torque_body_nm": [0.021891202166741557, 0.0020256505104390117, 0.02325147314656849]}
[gazebo_direct_motor_model-5] [INFO] [1786461685.463940597] [my_drone_gazebo_direct_motor_model]: MOTOR_DYNAMIC_STATE sim_s=165.040 cmd_min=0.4669 cmd_mean=0.4821 cmd_max=0.4969 filtered_mean=0.4821 filtered_max=0.4969 esc_throttle_mean=0.5612 total_thrust_n=45.3828 body_up_force_n=39.3026 saturated_motors=0 rated_cap_command=1.0000 voltage_v=14.8000 thrust_scale=1.000000 current_a=0.0000
[arm_coupling_monitor-9] [INFO] [1786461685.822180186] [my_drone_arm_coupling_monitor]: ARM_COUPLING_STATE {"com_body_flu_m": [-0.0027493775349617736, 0.0007137752556539909, -0.22625076282752812], "com_shift_m": [0.0012508102653051509, 0.0013864317739573587, -0.021769317766213325], "feedforward_acceleration_ned_m_s2": [3.0287411271247763e-07, -4.830476512071544e-07, -1.4504867446097497e-05], "filtered_joint_acceleration_peak_rad_s2": 0.0012453634734355325, "inertia_diag_kg_m2": [0.22954170713450706, 0.22831769252346026, 0.2110685827415469], "mass_kg": 4.0, "raw_joint_acceleration_peak_rad_s2": 0.12966461460877898, "reaction_force_body_n": [1.1663613506358204e-06, 1.4162410008887124e-07, -5.805238584295713e-05], "reaction_torque_body_nm": [0.022026606029084725, 0.0018297959487006557, 0.0228710936108654]}
[gazebo_direct_motor_model-5] [INFO] [1786461686.463999545] [my_drone_gazebo_direct_motor_model]: MOTOR_DYNAMIC_STATE sim_s=166.040 cmd_min=0.4675 cmd_mean=0.4817 cmd_max=0.4950 filtered_mean=0.4817 filtered_max=0.4950 esc_throttle_mean=0.5613 total_thrust_n=45.3469 body_up_force_n=39.2716 saturated_motors=0 rated_cap_command=1.0000 voltage_v=14.8000 thrust_scale=1.000000 current_a=0.0000
[arm_coupling_monitor-9] [INFO] [1786461687.126665923] [my_drone_arm_coupling_monitor]: ARM_COUPLING_STATE {"com_body_flu_m": [-0.0027474099254754924, 0.0007121028742985147, -0.22645496386809486], "com_shift_m": [0.001252777874791432, 0.0013847593926018826, -0.021973518806780057], "feedforward_acceleration_ned_m_s2": [-1.5581728006614965e-07, -2.3725494313375362e-07, -1.3571278578106266e-05], "filtered_joint_acceleration_peak_rad_s2": 0.001199846731605672, "inertia_diag_kg_m2": [0.22987402487764233, 0.2286039940646696, 0.21102266249625826], "mass_kg": 4.0, "raw_joint_acceleration_peak_rad_s2": 2.8851856983487316, "reaction_force_body_n": [9.561968714771273e-07, 3.3064263158719203e-09, -5.428856615760373e-05], "reaction_torque_body_nm": [0.022132744410219864, 0.001632649143917998, 0.02251468309649576]}
[gazebo_direct_motor_model-5] [INFO] [1786461687.460883507] [my_drone_gazebo_direct_motor_model]: MOTOR_DYNAMIC_STATE sim_s=167.040 cmd_min=0.4711 cmd_mean=0.4812 cmd_max=0.4919 filtered_mean=0.4812 filtered_max=0.4919 esc_throttle_mean=0.5614 total_thrust_n=45.3034 body_up_force_n=39.2339 saturated_motors=0 rated_cap_command=1.0000 voltage_v=14.8000 thrust_scale=1.000000 current_a=0.0000
[arm_coupling_monitor-9] [INFO] [1786461688.141101810] [my_drone_arm_coupling_monitor]: ARM_COUPLING_STATE {"com_body_flu_m": [-0.0027462135060377178, 0.0007108398876603701, -0.22659270606944146], "com_shift_m": [0.0012539742942292067, 0.001383496405963738, -0.02211126100812666], "feedforward_acceleration_ned_m_s2": [-1.0279992655703231e-07, -1.9299916833880015e-08, -1.2937868516465339e-05], "filtered_joint_acceleration_peak_rad_s2": 0.0011689398192498452, "inertia_diag_kg_m2": [0.23009955326192527, 0.2287981383187174, 0.2109913128648453], "mass_kg": 4.0, "raw_joint_acceleration_peak_rad_s2": 0.002850933916879722, "reaction_force_body_n": [8.185519266049666e-07, -8.840575365715216e-08, -5.174661602600435e-05], "reaction_torque_body_nm": [0.0221944446973698, 0.0014851818200290728, 0.022263675713867604]}
[gazebo_direct_motor_model-5] [INFO] [1786461688.470290753] [my_drone_gazebo_direct_motor_model]: MOTOR_DYNAMIC_STATE sim_s=168.040 cmd_min=0.4691 cmd_mean=0.4811 cmd_max=0.4934 filtered_mean=0.4811 filtered_max=0.4934 esc_throttle_mean=0.5613 total_thrust_n=45.2923 body_up_force_n=39.2243 saturated_motors=0 rated_cap_command=1.0000 voltage_v=14.8000 thrust_scale=1.000000 current_a=0.0000
[gazebo_direct_motor_model-5] [INFO] [1786461689.464709747] [my_drone_gazebo_direct_motor_model]: MOTOR_DYNAMIC_STATE sim_s=169.040 cmd_min=0.4671 cmd_mean=0.4812 cmd_max=0.4950 filtered_mean=0.4812 filtered_max=0.4950 esc_throttle_mean=0.5606 total_thrust_n=45.3052 body_up_force_n=39.2355 saturated_motors=0 rated_cap_command=1.0000 voltage_v=14.8000 thrust_scale=1.000000 current_a=0.0000
[arm_coupling_monitor-9] [INFO] [1786461689.476460528] [my_drone_arm_coupling_monitor]: ARM_COUPLING_STATE {"com_body_flu_m": [-0.002744929313147043, 0.0007091901648618205, -0.22675666324548727], "com_shift_m": [0.0012552584871198813, 0.0013818466831651884, -0.02227521818417247], "feedforward_acceleration_ned_m_s2": [1.6347212490443303e-07, -3.6366846278338324e-07, -1.2363037782233737e-05], "filtered_joint_acceleration_peak_rad_s2": 0.0011506563229285785, "inertia_diag_kg_m2": [0.23036944047033717, 0.2290303024951929, 0.21095359831142765], "mass_kg": 4.0, "raw_joint_acceleration_peak_rad_s2": 0.001165668650024182, "reaction_force_body_n": [6.653924676961826e-07, -2.030361285512267e-07, -4.947297167804419e-05], "reaction_torque_body_nm": [0.022254692149443377, 0.0012909975403734965, 0.02195142079057272]}
[gazebo_direct_motor_model-5] [INFO] [1786461690.469009417] [my_drone_gazebo_direct_motor_model]: MOTOR_DYNAMIC_STATE sim_s=170.040 cmd_min=0.4689 cmd_mean=0.4815 cmd_max=0.4940 filtered_mean=0.4815 filtered_max=0.4940 esc_throttle_mean=0.5616 total_thrust_n=45.3300 body_up_force_n=39.2569 saturated_motors=0 rated_cap_command=1.0000 voltage_v=14.8000 thrust_scale=1.000000 current_a=0.0000
[arm_coupling_monitor-9] [INFO] [1786461690.522487017] [my_drone_arm_coupling_monitor]: ARM_COUPLING_STATE {"com_body_flu_m": [-0.002744168784700041, 0.0007080158438641758, -0.22686451592453694], "com_shift_m": [0.0012560190155668834, 0.0013806723621675437, -0.022383070863222138], "feedforward_acceleration_ned_m_s2": [1.1759451480913635e-07, -1.6094213155326976e-07, -1.1625389606855695e-05], "filtered_joint_acceleration_peak_rad_s2": 0.0011012552985299603, "inertia_diag_kg_m2": [0.23054782721100345, 0.22918365557015521, 0.21092855050336393], "mass_kg": 4.0, "raw_joint_acceleration_peak_rad_s2": 2.120908131407518, "reaction_force_body_n": [5.575623165704869e-07, -2.607036578615578e-07, -4.6504320094792124e-05], "reaction_torque_body_nm": [0.022284436647107792, 0.0011504911244931578, 0.02173625696508994]}
[gazebo_direct_motor_model-5] [INFO] [1786461691.561596998] [my_drone_gazebo_direct_motor_model]: MOTOR_DYNAMIC_STATE sim_s=171.040 cmd_min=0.4704 cmd_mean=0.4818 cmd_max=0.4934 filtered_mean=0.4818 filtered_max=0.4934 esc_throttle_mean=0.5619 total_thrust_n=45.3563 body_up_force_n=39.2797 saturated_motors=0 rated_cap_command=1.0000 voltage_v=14.8000 thrust_scale=1.000000 current_a=0.0000
[arm_coupling_monitor-9] [INFO] [1786461691.654283403] [my_drone_arm_coupling_monitor]: ARM_COUPLING_STATE {"com_body_flu_m": [-0.0027435439327780295, 0.0007069001089838635, -0.22696131808178255], "com_shift_m": [0.001256643867488895, 0.0013795566272872314, -0.02247987302046775], "feedforward_acceleration_ned_m_s2": [3.4869949226516834e-08, 1.2890343681524528e-08, -1.1437276158885826e-05], "filtered_joint_acceleration_peak_rad_s2": 0.001104785982262585, "inertia_diag_kg_m2": [0.23070851306628284, 0.22932172321290115, 0.21090590602073353], "mass_kg": 4.0, "raw_joint_acceleration_peak_rad_s2": 0.0011244225043332543, "reaction_force_body_n": [4.757642612473671e-07, -3.3214371811405674e-07, -4.5745666647904865e-05], "reaction_torque_body_nm": [0.02230251408741277, 0.0010176005056354949, 0.021534865698988697]}
[gazebo_direct_motor_model-5] [INFO] [1786461692.465279001] [my_drone_gazebo_direct_motor_model]: MOTOR_DYNAMIC_STATE sim_s=172.040 cmd_min=0.4681 cmd_mean=0.4808 cmd_max=0.4935 filtered_mean=0.4808 filtered_max=0.4935 esc_throttle_mean=0.5609 total_thrust_n=45.2665 body_up_force_n=39.2020 saturated_motors=0 rated_cap_command=1.0000 voltage_v=14.8000 thrust_scale=1.000000 current_a=0.0000
[arm_coupling_monitor-9] [INFO] [1786461692.818972081] [my_drone_arm_coupling_monitor]: ARM_COUPLING_STATE {"com_body_flu_m": [-0.0027428965770115356, 0.0007055496146338817, -0.22707213213644914], "com_shift_m": [0.0012572912232553888, 0.0013782061329372496, -0.02259068707513434], "feedforward_acceleration_ned_m_s2": [1.0690170614282292e-07, -9.033374290436436e-08, -9.838736834357548e-06], "filtered_joint_acceleration_peak_rad_s2": 0.0009668827393479701, "inertia_diag_kg_m2": [0.2308931279817422, 0.22948027088380019, 0.21087979268546947], "mass_kg": 4.0, "raw_joint_acceleration_peak_rad_s2": 1.626836343910923, "reaction_force_body_n": [3.54378875207452e-07, -3.43499539183728e-07, -3.935583456324392e-05], "reaction_torque_body_nm": [0.022309915616883846, 0.0008742004032143896, 0.021291650195779104]}
[gazebo_direct_motor_model-5] [INFO] [1786461693.462017806] [my_drone_gazebo_direct_motor_model]: MOTOR_DYNAMIC_STATE sim_s=173.040 cmd_min=0.4681 cmd_mean=0.4814 cmd_max=0.4947 filtered_mean=0.4814 filtered_max=0.4947 esc_throttle_mean=0.5614 total_thrust_n=45.3205 body_up_force_n=39.2487 saturated_motors=0 rated_cap_command=1.0000 voltage_v=14.8000 thrust_scale=1.000000 current_a=0.0000
[arm_coupling_monitor-9] [INFO] [1786461693.827306752] [my_drone_arm_coupling_monitor]: ARM_COUPLING_STATE {"com_body_flu_m": [-0.0027425220247454564, 0.0007046466334142722, -0.22714280875592058], "com_shift_m": [0.001257665775521468, 0.00137730315171764, -0.02266136369460578], "feedforward_acceleration_ned_m_s2": [7.031399765298749e-08, -1.961930011076575e-07, -1.0192707094661176e-05], "filtered_joint_acceleration_peak_rad_s2": 0.0010192837843545639, "inertia_diag_kg_m2": [0.23101124835131723, 0.2295816673086894, 0.21086303028924902], "mass_kg": 4.0, "raw_joint_acceleration_peak_rad_s2": 0.0010508291768212708, "reaction_force_body_n": [3.115023058919169e-07, -4.1685047427213125e-07, -4.077602997727484e-05], "reaction_torque_body_nm": [0.022303719224420294, 0.0008326980106192327, 0.02112602877753311]}
[gazebo_direct_motor_model-5] [INFO] [1786461694.465033637] [my_drone_gazebo_direct_motor_model]: MOTOR_DYNAMIC_STATE sim_s=174.040 cmd_min=0.4694 cmd_mean=0.4815 cmd_max=0.4938 filtered_mean=0.4815 filtered_max=0.4938 esc_throttle_mean=0.5617 total_thrust_n=45.3340 body_up_force_n=39.2604 saturated_motors=0 rated_cap_command=1.0000 voltage_v=14.8000 thrust_scale=1.000000 current_a=0.0000
[arm_coupling_monitor-9] [INFO] [1786461694.829624555] [my_drone_arm_coupling_monitor]: ARM_COUPLING_STATE {"com_body_flu_m": [-0.002742225054986164, 0.0007038465762250652, -0.22720337489964035], "com_shift_m": [0.0012579627452807603, 0.001376503094528433, -0.02272192983832555], "feedforward_acceleration_ned_m_s2": [1.0205576441512869e-07, -3.535135415751075e-08, -9.612502653893418e-06], "filtered_joint_acceleration_peak_rad_s2": 0.000972458549373232, "inertia_diag_kg_m2": [0.23111270320745067, 0.2296687292187811, 0.2108485987133798], "mass_kg": 4.0, "raw_joint_acceleration_peak_rad_s2": 0.0010178792976496512, "reaction_force_body_n": [2.5720957896660315e-07, -4.3242282273007694e-07, -3.844914578543009e-05], "reaction_torque_body_nm": [0.022285163738307287, 0.0009323971556449433, 0.020970862771807673]}
[gazebo_direct_motor_model-5] [INFO] [1786461695.460698375] [my_drone_gazebo_direct_motor_model]: MOTOR_DYNAMIC_STATE sim_s=175.040 cmd_min=0.4695 cmd_mean=0.4814 cmd_max=0.4932 filtered_mean=0.4814 filtered_max=0.4932 esc_throttle_mean=0.5616 total_thrust_n=45.3248 body_up_force_n=39.2524 saturated_motors=0 rated_cap_command=1.0000 voltage_v=14.8000 thrust_scale=1.000000 current_a=0.0000
[arm_coupling_monitor-9] [INFO] [1786461696.129523529] [my_drone_arm_coupling_monitor]: ARM_COUPLING_STATE {"com_body_flu_m": [-0.002741926824974081, 0.0007029465639463838, -0.22726938924966955], "com_shift_m": [0.0012582609752928436, 0.0013756030822497517, -0.022787944188354753], "feedforward_acceleration_ned_m_s2": [1.540396317164001e-07, 1.3450731225883235e-08, -8.759432942874438e-06], "filtered_joint_acceleration_peak_rad_s2": 0.0008977019136144609, "inertia_diag_kg_m2": [0.23122352835865603, 0.229763801776703, 0.2108327979873369], "mass_kg": 4.0, "raw_joint_acceleration_peak_rad_s2": 1.0279704988607008, "reaction_force_body_n": [1.9816512582469296e-07, -4.3379584998924974e-07, -3.50399449988127e-05], "reaction_torque_body_nm": [0.022215518262414854, 0.001601950098641298, 0.020752380278973807]}
[gazebo_direct_motor_model-5] [INFO] [1786461696.465815522] [my_drone_gazebo_direct_motor_model]: MOTOR_DYNAMIC_STATE sim_s=176.040 cmd_min=0.4684 cmd_mean=0.4814 cmd_max=0.4945 filtered_mean=0.4814 filtered_max=0.4945 esc_throttle_mean=0.5616 total_thrust_n=45.3242 body_up_force_n=39.2519 saturated_motors=0 rated_cap_command=1.0000 voltage_v=14.8000 thrust_scale=1.000000 current_a=0.0000
[arm_coupling_monitor-9] [INFO] [1786461697.215015164] [my_drone_arm_coupling_monitor]: ARM_COUPLING_STATE {"com_body_flu_m": [-0.0027417616005161894, 0.0007023954074181285, -0.22730878327023116], "com_shift_m": [0.001258426199750735, 0.0013750519257214964, -0.02282733820891636], "feedforward_acceleration_ned_m_s2": [1.0910062705087824e-07, -1.3382355216415698e-07, -8.193280734422092e-06], "filtered_joint_acceleration_peak_rad_s2": 0.000846411331214297, "inertia_diag_kg_m2": [0.23128978449725168, 0.22982062513240153, 0.21082333346129797], "mass_kg": 4.0, "raw_joint_acceleration_peak_rad_s2": 0.748695407551427, "reaction_force_body_n": [1.6433932912731975e-07, -4.288102458368848e-07, -3.2777182436655384e-05], "reaction_torque_body_nm": [0.02205573668271413, 0.0029537319044891925, 0.020507410173644706]}
[gazebo_direct_motor_model-5] [INFO] [1786461697.468997674] [my_drone_gazebo_direct_motor_model]: MOTOR_DYNAMIC_STATE sim_s=177.040 cmd_min=0.4687 cmd_mean=0.4816 cmd_max=0.4945 filtered_mean=0.4816 filtered_max=0.4945 esc_throttle_mean=0.5617 total_thrust_n=45.3376 body_up_force_n=39.2635 saturated_motors=0 rated_cap_command=1.0000 voltage_v=14.8000 thrust_scale=1.000000 current_a=0.0000
[gazebo_direct_motor_model-5] [INFO] [1786461698.465931347] [my_drone_gazebo_direct_motor_model]: MOTOR_DYNAMIC_STATE sim_s=178.040 cmd_min=0.4695 cmd_mean=0.4812 cmd_max=0.4929 filtered_mean=0.4812 filtered_max=0.4929 esc_throttle_mean=0.5613 total_thrust_n=45.2988 body_up_force_n=39.2299 saturated_motors=0 rated_cap_command=1.0000 voltage_v=14.8000 thrust_scale=1.000000 current_a=0.0000
[arm_coupling_monitor-9] [INFO] [1786461698.495451913] [my_drone_arm_coupling_monitor]: ARM_COUPLING_STATE {"com_body_flu_m": [-0.002741602262102046, 0.000701819679928762, -0.22734914531278075], "com_shift_m": [0.0012585855381648785, 0.0013744761982321298, -0.02286770025146595], "feedforward_acceleration_ned_m_s2": [4.221599290610191e-08, 2.3570208028127607e-08, -7.1092000295778735e-06], "filtered_joint_acceleration_peak_rad_s2": 0.0007400190193132663, "inertia_diag_kg_m2": [0.23135776282106954, 0.2298789136253401, 0.2108136087494103], "mass_kg": 4.0, "raw_joint_acceleration_peak_rad_s2": 0.601274896214268, "reaction_force_body_n": [1.2466269012193402e-07, -3.917680853126465e-07, -2.8434485785152494e-05], "reaction_torque_body_nm": [0.021346150047275858, 0.006741123872704555, 0.019743146375502185]}
[gazebo_direct_motor_model-5] [INFO] [1786461699.471355098] [my_drone_gazebo_direct_motor_model]: MOTOR_DYNAMIC_STATE sim_s=179.040 cmd_min=0.4687 cmd_mean=0.4807 cmd_max=0.4926 filtered_mean=0.4807 filtered_max=0.4926 esc_throttle_mean=0.5609 total_thrust_n=45.2539 body_up_force_n=39.1910 saturated_motors=0 rated_cap_command=1.0000 voltage_v=14.8000 thrust_scale=1.000000 current_a=0.0000
[arm_coupling_monitor-9] [INFO] [1786461699.526230270] [my_drone_arm_coupling_monitor]: ARM_COUPLING_STATE {"com_body_flu_m": [-0.002741519616819777, 0.0007015009205533392, -0.22737116005419905], "com_shift_m": [0.0012586681834471473, 0.001374157438856707, -0.022889714992884252], "feedforward_acceleration_ned_m_s2": [1.2550216995143414e-07, 2.491215749684854e-08, -6.275025903890144e-06], "filtered_joint_acceleration_peak_rad_s2": 0.0006561212456975993, "inertia_diag_kg_m2": [0.23139488051007778, 0.22991073536309142, 0.21080829276214855], "mass_kg": 4.0, "raw_joint_acceleration_peak_rad_s2": 0.0007194755612273494, "reaction_force_body_n": [1.0139945662736949e-07, -3.555378012073641e-07, -2.5102598572618813e-05], "reaction_torque_body_nm": [0.01989399323141328, 0.011032230150901498, 0.018341484487473688]}
[gazebo_direct_motor_model-5] [INFO] [1786461700.475874482] [my_drone_gazebo_direct_motor_model]: MOTOR_DYNAMIC_STATE sim_s=180.040 cmd_min=0.4669 cmd_mean=0.4812 cmd_max=0.4955 filtered_mean=0.4812 filtered_max=0.4955 esc_throttle_mean=0.5604 total_thrust_n=45.3010 body_up_force_n=39.2318 saturated_motors=0 rated_cap_command=1.0000 voltage_v=14.8000 thrust_scale=1.000000 current_a=0.0000
[arm_coupling_monitor-9] [INFO] [1786461700.556910042] [my_drone_arm_coupling_monitor]: ARM_COUPLING_STATE {"com_body_flu_m": [-0.00274146177168535, 0.000701268469180576, -0.2273870693919118], "com_shift_m": [0.0012587260285815745, 0.001373924987483944, -0.022905624330597008], "feedforward_acceleration_ned_m_s2": [1.2738687489713616e-07, -9.779305190685214e-08, -5.353499420536654e-06], "filtered_joint_acceleration_peak_rad_s2": 0.0005616384518270566, "inertia_diag_kg_m2": [0.23142172190250856, 0.22993374478250372, 0.21080444586395997], "mass_kg": 4.0, "raw_joint_acceleration_peak_rad_s2": 0.2986731996954283, "reaction_force_body_n": [8.113902703221877e-08, -3.0935424399045753e-07, -2.1421243369406808e-05], "reaction_torque_body_nm": [0.017034095107563495, 0.0148576915772261, 0.01566885758103217]}
[gazebo_direct_motor_model-5] [INFO] [1786461701.464859359] [my_drone_gazebo_direct_motor_model]: MOTOR_DYNAMIC_STATE sim_s=181.040 cmd_min=0.4710 cmd_mean=0.4817 cmd_max=0.4928 filtered_mean=0.4817 filtered_max=0.4928 esc_throttle_mean=0.5618 total_thrust_n=45.3534 body_up_force_n=39.2772 saturated_motors=0 rated_cap_command=1.0000 voltage_v=14.8000 thrust_scale=1.000000 current_a=0.0000
[arm_coupling_monitor-9] [INFO] [1786461701.817418150] [my_drone_arm_coupling_monitor]: ARM_COUPLING_STATE {"com_body_flu_m": [-0.002741414858122203, 0.0007010737616700534, -0.22740030350368587], "com_shift_m": [0.0012587729421447216, 0.0013737302799734213, -0.02291885844237107], "feedforward_acceleration_ned_m_s2": [7.971698336853092e-08, 1.652426827761807e-07, -2.1261072911615993e-05], "filtered_joint_acceleration_peak_rad_s2": 0.0022373740526077344, "inertia_diag_kg_m2": [0.2314440610774108, 0.2299528932990329, 0.21080124250446738], "mass_kg": 4.0, "raw_joint_acceleration_peak_rad_s2": 0.16599627864156802, "reaction_force_body_n": [2.982544325236375e-07, -1.2546993055257467e-06, -8.503767914672525e-05], "reaction_torque_body_nm": [0.005887683117975457, 0.008860563321144361, 0.0054089228229844705]}
[gazebo_direct_motor_model-5] [INFO] [1786461702.461484932] [my_drone_gazebo_direct_motor_model]: MOTOR_DYNAMIC_STATE sim_s=182.040 cmd_min=0.4696 cmd_mean=0.4816 cmd_max=0.4933 filtered_mean=0.4816 filtered_max=0.4933 esc_throttle_mean=0.5617 total_thrust_n=45.3408 body_up_force_n=39.2662 saturated_motors=0 rated_cap_command=1.0000 voltage_v=14.8000 thrust_scale=1.000000 current_a=0.0000
[arm_coupling_monitor-9] [INFO] [1786461703.140507795] [my_drone_arm_coupling_monitor]: ARM_COUPLING_STATE {"com_body_flu_m": [-0.0027413929508238767, 0.0007009808158609694, -0.22740659180488848], "com_shift_m": [0.0012587948494430477, 0.0013736373341643373, -0.022925146743573682], "feedforward_acceleration_ned_m_s2": [1.8469264377505063e-07, -1.6218110565746364e-10, -9.48253041753388e-06], "filtered_joint_acceleration_peak_rad_s2": 0.0009985475406810859, "inertia_diag_kg_m2": [0.23145467931860847, 0.22996199450016466, 0.21079971933826852], "mass_kg": 4.0, "raw_joint_acceleration_peak_rad_s2": 0.0713247433882161, "reaction_force_body_n": [1.3145710646279633e-07, -5.614599065197882e-07, -3.7932932843339346e-05], "reaction_torque_body_nm": [0.002325501067976447, 0.0036603173193654214, 0.0021351435922174217]}
[gazebo_direct_motor_model-5] [INFO] [1786461703.467314050] [my_drone_gazebo_direct_motor_model]: MOTOR_DYNAMIC_STATE sim_s=183.040 cmd_min=0.4683 cmd_mean=0.4809 cmd_max=0.4933 filtered_mean=0.4809 filtered_max=0.4933 esc_throttle_mean=0.5611 total_thrust_n=45.2699 body_up_force_n=39.2049 saturated_motors=0 rated_cap_command=1.0000 voltage_v=14.8000 thrust_scale=1.000000 current_a=0.0000
[gazebo_direct_motor_model-5] [INFO] [1786461704.455921203] [my_drone_gazebo_direct_motor_model]: MOTOR_DYNAMIC_STATE sim_s=184.040 cmd_min=0.4672 cmd_mean=0.4810 cmd_max=0.4950 filtered_mean=0.4810 filtered_max=0.4950 esc_throttle_mean=0.5604 total_thrust_n=45.2817 body_up_force_n=39.2151 saturated_motors=0 rated_cap_command=1.0000 voltage_v=14.8000 thrust_scale=1.000000 current_a=0.0000
[arm_coupling_monitor-9] [INFO] [1786461704.461020990] [my_drone_arm_coupling_monitor]: ARM_COUPLING_STATE {"com_body_flu_m": [-0.0027413866140240523, 0.0007009536810326893, -0.22740842410462367], "com_shift_m": [0.0012588011862428722, 0.0013736101993360571, -0.02292697904330887], "feedforward_acceleration_ned_m_s2": [2.1807343682732727e-08, -2.2084253621793942e-08, -1.191363808067769e-06], "filtered_joint_acceleration_peak_rad_s2": 0.00012549275364060204, "inertia_diag_kg_m2": [0.2314577737216059, 0.22996464674669068, 0.21079927538569856], "mass_kg": 4.0, "raw_joint_acceleration_peak_rad_s2": 0.029642290124071175, "reaction_force_body_n": [1.6460910523195147e-08, -7.061466303689662e-08, -4.766520593736396e-06], "reaction_torque_body_nm": [0.0006364702887917272, 0.0010085507518472093, 0.0005842276441396155]}
[gazebo_direct_motor_model-5] [INFO] [1786461705.466584667] [my_drone_gazebo_direct_motor_model]: MOTOR_DYNAMIC_STATE sim_s=185.040 cmd_min=0.4704 cmd_mean=0.4816 cmd_max=0.4927 filtered_mean=0.4816 filtered_max=0.4927 esc_throttle_mean=0.5617 total_thrust_n=45.3395 body_up_force_n=39.2651 saturated_motors=0 rated_cap_command=1.0000 voltage_v=14.8000 thrust_scale=1.000000 current_a=0.0000
[arm_coupling_monitor-9] [INFO] [1786461705.497482629] [my_drone_arm_coupling_monitor]: ARM_COUPLING_STATE {"com_body_flu_m": [-0.0027413862873022395, 0.0007009522788421901, -0.22740851874543455], "com_shift_m": [0.001258801512964685, 0.001373608797145558, -0.022927073684119753], "feedforward_acceleration_ned_m_s2": [6.524126619766302e-10, 1.863001616435476e-10, -7.934934881057883e-08], "filtered_joint_acceleration_peak_rad_s2": 8.355898560024016e-06, "inertia_diag_kg_m2": [0.23145793355712949, 0.22996478374276913, 0.21079925245334705], "mass_kg": 4.0, "raw_joint_acceleration_peak_rad_s2": 0.004121694539695078, "reaction_force_body_n": [1.0953647550026896e-09, -4.702293844179011e-09, -3.173722746488275e-07], "reaction_torque_body_nm": [-1.5714938299579852e-09, 3.700152128727527e-08, 5.955547979497374e-10]}
[gazebo_direct_motor_model-5] [INFO] [1786461706.468052850] [my_drone_gazebo_direct_motor_model]: MOTOR_DYNAMIC_STATE sim_s=186.040 cmd_min=0.4694 cmd_mean=0.4812 cmd_max=0.4929 filtered_mean=0.4812 filtered_max=0.4929 esc_throttle_mean=0.5614 total_thrust_n=45.3057 body_up_force_n=39.2359 saturated_motors=0 rated_cap_command=1.0000 voltage_v=14.8000 thrust_scale=1.000000 current_a=0.0000
[arm_coupling_monitor-9] [INFO] [1786461706.818071000] [my_drone_arm_coupling_monitor]: ARM_COUPLING_STATE {"com_body_flu_m": [-0.002741386287301818, 0.0007009522788421658, -0.22740851874543425], "com_shift_m": [0.0012588015129651065, 0.0013736087971455337, -0.022927073684119448], "feedforward_acceleration_ned_m_s2": [1.7569928885777548e-12, 1.8922940730275374e-13, -1.0166593119894518e-10], "filtered_joint_acceleration_peak_rad_s2": 1.070629468874409e-08, "inertia_diag_kg_m2": [0.23145793355712888, 0.2299647837427689, 0.21079925245334744], "mass_kg": 4.0, "raw_joint_acceleration_peak_rad_s2": 1.1472853916920749e-10, "reaction_force_body_n": [1.2843984065017821e-12, -6.022639875436566e-12, -4.066785321392171e-10], "reaction_torque_body_nm": [-5.619178387089835e-13, 1.221585631675769e-11, -1.4580672759361991e-12]}
[gazebo_direct_motor_model-5] [INFO] [1786461707.466616619] [my_drone_gazebo_direct_motor_model]: MOTOR_DYNAMIC_STATE sim_s=187.040 cmd_min=0.4678 cmd_mean=0.4815 cmd_max=0.4952 filtered_mean=0.4815 filtered_max=0.4952 esc_throttle_mean=0.5612 total_thrust_n=45.3297 body_up_force_n=39.2566 saturated_motors=0 rated_cap_command=1.0000 voltage_v=14.8000 thrust_scale=1.000000 current_a=0.0000
[arm_coupling_monitor-9] [INFO] [1786461708.144975354] [my_drone_arm_coupling_monitor]: ARM_COUPLING_STATE {"com_body_flu_m": [-0.0027413862873020244, 0.0007009522788421763, -0.22740851874543438], "com_shift_m": [0.0012588015129649, 0.0013736087971455441, -0.022927073684119587], "feedforward_acceleration_ned_m_s2": [2.711982584244371e-15, -1.4693253893168455e-14, -1.2132125686463579e-13], "filtered_joint_acceleration_peak_rad_s2": 1.318608783549992e-11, "inertia_diag_kg_m2": [0.2314579335571292, 0.22996478374276905, 0.21079925245334724], "mass_kg": 4.0, "raw_joint_acceleration_peak_rad_s2": 1.697214417621454e-10, "reaction_force_body_n": [5.5743574875036485e-14, -6.43734290941999e-15, -4.857208223907623e-13], "reaction_torque_body_nm": [-5.27403294687425e-13, 1.542904442490839e-11, 2.474932792778682e-13]}
[gazebo_direct_motor_model-5] [INFO] [1786461708.463903264] [my_drone_gazebo_direct_motor_model]: MOTOR_DYNAMIC_STATE sim_s=188.040 cmd_min=0.4694 cmd_mean=0.4815 cmd_max=0.4940 filtered_mean=0.4815 filtered_max=0.4940 esc_throttle_mean=0.5617 total_thrust_n=45.3345 body_up_force_n=39.2608 saturated_motors=0 rated_cap_command=1.0000 voltage_v=14.8000 thrust_scale=1.000000 current_a=0.0000
[arm_coupling_monitor-9] [INFO] [1786461709.154616119] [my_drone_arm_coupling_monitor]: ARM_COUPLING_STATE {"com_body_flu_m": [-0.0027413862873018387, 0.0007009522788421884, -0.22740851874543425], "com_shift_m": [0.0012588015129650857, 0.0013736087971455563, -0.022927073684119448], "feedforward_acceleration_ned_m_s2": [4.461438491205044e-16, -7.374062894907433e-15, 4.820483078873174e-15], "filtered_joint_acceleration_peak_rad_s2": 4.60513583755872e-13, "inertia_diag_kg_m2": [0.23145793355712896, 0.2299647837427689, 0.21079925245334738], "mass_kg": 4.0, "raw_joint_acceleration_peak_rad_s2": 1.3267512088902467e-10, "reaction_force_body_n": [2.951177687785697e-14, -6.11185500279723e-16, 1.9331010273899672e-14], "reaction_torque_body_nm": [-9.229425391506942e-13, 1.0825416078778945e-11, 2.8841315245300394e-13]}
[gazebo_direct_motor_model-5] [INFO] [1786461709.464866360] [my_drone_gazebo_direct_motor_model]: MOTOR_DYNAMIC_STATE sim_s=189.040 cmd_min=0.4701 cmd_mean=0.4815 cmd_max=0.4929 filtered_mean=0.4815 filtered_max=0.4929 esc_throttle_mean=0.5616 total_thrust_n=45.3290 body_up_force_n=39.2560 saturated_motors=0 rated_cap_command=1.0000 voltage_v=14.8000 thrust_scale=1.000000 current_a=0.0000
[arm_coupling_monitor-9] [INFO] [1786461710.192476657] [my_drone_arm_coupling_monitor]: ARM_COUPLING_STATE {"com_body_flu_m": [-0.0027413862873022134, 0.000700952278842171, -0.22740851874543447], "com_shift_m": [0.001258801512964711, 0.001373608797145539, -0.02292707368411967], "feedforward_acceleration_ned_m_s2": [2.9395109650831804e-15, -2.719491693794939e-14, 1.7721947638492473e-14], "filtered_joint_acceleration_peak_rad_s2": 1.2970141948759113e-12, "inertia_diag_kg_m2": [0.23145793355712932, 0.22996478374276913, 0.2107992524533471], "mass_kg": 4.0, "raw_joint_acceleration_peak_rad_s2": 1.23232587328459e-10, "reaction_force_body_n": [1.0858755638305048e-13, -7.769467189528948e-15, 7.172673518002298e-14], "reaction_torque_body_nm": [-1.39133461620316e-12, 2.5758632635794728e-11, 3.328938731553084e-12]}
[gazebo_direct_motor_model-5] [INFO] [1786461710.465287603] [my_drone_gazebo_direct_motor_model]: MOTOR_DYNAMIC_STATE sim_s=190.040 cmd_min=0.4689 cmd_mean=0.4814 cmd_max=0.4936 filtered_mean=0.4814 filtered_max=0.4936 esc_throttle_mean=0.5615 total_thrust_n=45.3180 body_up_force_n=39.2465 saturated_motors=0 rated_cap_command=1.0000 voltage_v=14.8000 thrust_scale=1.000000 current_a=0.0000
[gazebo_direct_motor_model-5] [INFO] [1786461711.459318170] [my_drone_gazebo_direct_motor_model]: MOTOR_DYNAMIC_STATE sim_s=191.040 cmd_min=0.4678 cmd_mean=0.4810 cmd_max=0.4944 filtered_mean=0.4810 filtered_max=0.4944 esc_throttle_mean=0.5609 total_thrust_n=45.2870 body_up_force_n=39.2197 saturated_motors=0 rated_cap_command=1.0000 voltage_v=14.8000 thrust_scale=1.000000 current_a=0.0000
[arm_coupling_monitor-9] [INFO] [1786461711.467277939] [my_drone_arm_coupling_monitor]: ARM_COUPLING_STATE {"com_body_flu_m": [-0.002741387070816637, 0.0007009556399974123, -0.2274082918775308], "com_shift_m": [0.0012588007294502875, 0.0013736121583007802, -0.022926846816216012], "feedforward_acceleration_ned_m_s2": [1.537552787880545e-08, -1.1046585065903954e-08, -1.0305350265473115e-06], "filtered_joint_acceleration_peak_rad_s2": 0.00010852956083879674, "inertia_diag_kg_m2": [0.231457550408857, 0.22996445534362359, 0.21079930742516267], "mass_kg": 4.0, "raw_joint_acceleration_peak_rad_s2": 0.0001338443318531772, "reaction_force_body_n": [1.4248872491037278e-08, -6.10593113034472e-08, -4.122358879037158e-06], "reaction_torque_body_nm": [-0.0011258617278286389, -0.0017801937690623932, -0.0010333807109796536]}
[gazebo_direct_motor_model-5] [INFO] [1786461712.462790925] [my_drone_gazebo_direct_motor_model]: MOTOR_DYNAMIC_STATE sim_s=192.040 cmd_min=0.4696 cmd_mean=0.4810 cmd_max=0.4924 filtered_mean=0.4810 filtered_max=0.4924 esc_throttle_mean=0.5611 total_thrust_n=45.2800 body_up_force_n=39.2136 saturated_motors=0 rated_cap_command=1.0000 voltage_v=14.8000 thrust_scale=1.000000 current_a=0.0000
[arm_coupling_monitor-9] [INFO] [1786461714.319483983] [my_drone_arm_coupling_monitor]: ARM_COUPLING_STATE {"com_body_flu_m": [-0.0027413950827983955, 0.0007009899188661524, -0.22740597676213684], "com_shift_m": [0.001258792717468529, 0.0013736464371695203, -0.022924531700822037], "feedforward_acceleration_ned_m_s2": [1.9083828609974063e-08, -5.035983858217295e-09, -2.5266681209132716e-06], "filtered_joint_acceleration_peak_rad_s2": 0.00026592999482628025, "inertia_diag_kg_m2": [0.23145364067338625, 0.22996110426028102, 0.21079986834538053], "mass_kg": 4.0, "raw_joint_acceleration_peak_rad_s2": 0.044921131908550516, "reaction_force_body_n": [3.5306800239516673e-08, -1.49255071929483e-07, -1.0105817032954632e-05], "reaction_torque_body_nm": [-0.005458060195898097, -0.008264049436508027, -0.005010647988350735]}
[gazebo_direct_motor_model-5] [INFO] [1786461715.029389635] [my_drone_gazebo_direct_motor_model]: MOTOR_DYNAMIC_STATE sim_s=193.040 cmd_min=0.4692 cmd_mean=0.4815 cmd_max=0.4938 filtered_mean=0.4815 filtered_max=0.4938 esc_throttle_mean=0.5616 total_thrust_n=45.3316 body_up_force_n=39.2584 saturated_motors=0 rated_cap_command=1.0000 voltage_v=14.8000 thrust_scale=1.000000 current_a=0.0000
[arm_coupling_monitor-9] [INFO] [1786461715.480213903] [my_drone_arm_coupling_monitor]: ARM_COUPLING_STATE {"com_body_flu_m": [-0.0027414153045698195, 0.0007010756412382142, -0.2274001761474594], "com_shift_m": [0.001258772495697105, 0.001373732159541582, -0.02291873108614459], "feedforward_acceleration_ned_m_s2": [1.04193806974953e-07, 4.4337836535790847e-10, -3.747668371298911e-06], "filtered_joint_acceleration_peak_rad_s2": 0.0003941205759564342, "inertia_diag_kg_m2": [0.23144384605136264, 0.22995270899082776, 0.21080127334577606], "mass_kg": 4.0, "raw_joint_acceleration_peak_rad_s2": 0.0004158040986949861, "reaction_force_body_n": [5.380708067359668e-08, -2.1987630711019645e-07, -1.4994757600019068e-05], "reaction_torque_body_nm": [-0.011066696339062142, -0.014321420210300391, -0.01016416063473199]}
[gazebo_direct_motor_model-5] [INFO] [1786461716.038146030] [my_drone_gazebo_direct_motor_model]: MOTOR_DYNAMIC_STATE sim_s=194.040 cmd_min=0.4675 cmd_mean=0.4810 cmd_max=0.4942 filtered_mean=0.4810 filtered_max=0.4942 esc_throttle_mean=0.5606 total_thrust_n=45.2788 body_up_force_n=39.2126 saturated_motors=0 rated_cap_command=1.0000 voltage_v=14.8000 thrust_scale=1.000000 current_a=0.0000
[arm_coupling_monitor-9] [INFO] [1786461716.477297390] [my_drone_arm_coupling_monitor]: ARM_COUPLING_STATE {"com_body_flu_m": [-0.0027414480031619677, 0.0007012119192610546, -0.2273909216162459], "com_shift_m": [0.0012587397971049567, 0.0013738684375644225, -0.022909476554931113], "feedforward_acceleration_ned_m_s2": [3.79670659571403e-08, -3.6409236740138965e-08, -4.740327591767932e-06], "filtered_joint_acceleration_peak_rad_s2": 0.0004974265826392966, "inertia_diag_kg_m2": [0.23142822339827254, 0.22993931781774515, 0.21080351373315426], "mass_kg": 4.0, "raw_joint_acceleration_peak_rad_s2": 0.18523082797675489, "reaction_force_body_n": [7.08013215541612e-08, -2.7486915691131013e-07, -1.896035334706991e-05], "reaction_torque_body_nm": [-0.01579369603960312, -0.0154754875870233, -0.014520310189851802]}
[gazebo_direct_motor_model-5] [INFO] [1786461717.033553809] [my_drone_gazebo_direct_motor_model]: MOTOR_DYNAMIC_STATE sim_s=195.040 cmd_min=0.4701 cmd_mean=0.4814 cmd_max=0.4927 filtered_mean=0.4814 filtered_max=0.4927 esc_throttle_mean=0.5615 total_thrust_n=45.3162 body_up_force_n=39.2450 saturated_motors=0 rated_cap_command=1.0000 voltage_v=14.8000 thrust_scale=1.000000 current_a=0.0000
[arm_coupling_monitor-9] [INFO] [1786461717.811422773] [my_drone_arm_coupling_monitor]: ARM_COUPLING_STATE {"com_body_flu_m": [-0.0027415212888035004, 0.000701507519841358, -0.2273707066234145], "com_shift_m": [0.001258666511463424, 0.0013741640381447259, -0.022889261562099694], "feedforward_acceleration_ned_m_s2": [8.902101482347054e-08, -2.9208809591551216e-08, -5.960526885011595e-06], "filtered_joint_acceleration_peak_rad_s2": 0.0006229861044312366, "inertia_diag_kg_m2": [0.23139411572270668, 0.22991007973176963, 0.21080840233809178], "mass_kg": 4.0, "raw_joint_acceleration_peak_rad_s2": 0.0006405288629788782, "reaction_force_body_n": [9.686291192822604e-08, -3.36990374897277e-07, -2.384247456420711e-05], "reaction_torque_body_nm": [-0.019935337898236222, -0.010936514474315836, -0.01838047421037555]}
[gazebo_direct_motor_model-5] [INFO] [1786461718.029711291] [my_drone_gazebo_direct_motor_model]: MOTOR_DYNAMIC_STATE sim_s=196.040 cmd_min=0.4684 cmd_mean=0.4817 cmd_max=0.4950 filtered_mean=0.4817 filtered_max=0.4950 esc_throttle_mean=0.5618 total_thrust_n=45.3458 body_up_force_n=39.2706 saturated_motors=0 rated_cap_command=1.0000 voltage_v=14.8000 thrust_scale=1.000000 current_a=0.0000
[gazebo_direct_motor_model-5] [INFO] [1786461719.036745989] [my_drone_gazebo_direct_motor_model]: MOTOR_DYNAMIC_STATE sim_s=197.040 cmd_min=0.4694 cmd_mean=0.4813 cmd_max=0.4930 filtered_mean=0.4813 filtered_max=0.4930 esc_throttle_mean=0.5615 total_thrust_n=45.3140 body_up_force_n=39.2431 saturated_motors=0 rated_cap_command=1.0000 voltage_v=14.8000 thrust_scale=1.000000 current_a=0.0000
[arm_coupling_monitor-9] [INFO] [1786461719.160195414] [my_drone_arm_coupling_monitor]: ARM_COUPLING_STATE {"com_body_flu_m": [-0.00274163873001689, 0.0007019557295270019, -0.22733967800396954], "com_shift_m": [0.0012585490702500344, 0.0013746122478303698, -0.022858232942654738], "feedforward_acceleration_ned_m_s2": [1.9608132452139892e-07, 4.677558127235112e-08, -9.237673574102844e-06], "filtered_joint_acceleration_peak_rad_s2": 0.000961381165507312, "inertia_diag_kg_m2": [0.2313418092947066, 0.22986523524278676, 0.21081589228986714], "mass_kg": 4.0, "raw_joint_acceleration_peak_rad_s2": 0.5455558721965073, "reaction_force_body_n": [1.6332631881214594e-07, -5.07764445391947e-07, -3.6955642089154647e-05], "reaction_torque_body_nm": [-0.02166882578284773, -0.0052866032083218025, -0.02006816571255846]}
[gazebo_direct_motor_model-5] [INFO] [1786461720.036031926] [my_drone_gazebo_direct_motor_model]: MOTOR_DYNAMIC_STATE sim_s=198.040 cmd_min=0.4679 cmd_mean=0.4811 cmd_max=0.4944 filtered_mean=0.4811 filtered_max=0.4944 esc_throttle_mean=0.5610 total_thrust_n=45.2946 body_up_force_n=39.2263 saturated_motors=0 rated_cap_command=1.0000 voltage_v=14.8000 thrust_scale=1.000000 current_a=0.0000
[arm_coupling_monitor-9] [INFO] [1786461720.466784339] [my_drone_arm_coupling_monitor]: ARM_COUPLING_STATE {"com_body_flu_m": [-0.0027418147484619473, 0.0007025773823013774, -0.22729586001394456], "com_shift_m": [0.001258373051804977, 0.0013752339006047453, -0.022814414952629758], "feedforward_acceleration_ned_m_s2": [1.76078975937262e-08, -9.367581173009674e-08, -8.003640371345256e-06], "filtered_joint_acceleration_peak_rad_s2": 0.0008240002912150076, "inertia_diag_kg_m2": [0.23126803909422902, 0.229801976844741, 0.21082644123995067], "mass_kg": 4.0, "raw_joint_acceleration_peak_rad_s2": 0.7427854842719299, "reaction_force_body_n": [1.690039783101727e-07, -4.0952938495492216e-07, -3.2013766313440716e-05], "reaction_torque_body_nm": [-0.022132626737569633, -0.0023450837027968055, -0.02061080689798088]}
[gazebo_direct_motor_model-5] [INFO] [1786461721.030249448] [my_drone_gazebo_direct_motor_model]: MOTOR_DYNAMIC_STATE sim_s=199.040 cmd_min=0.4694 cmd_mean=0.4810 cmd_max=0.4929 filtered_mean=0.4810 filtered_max=0.4929 esc_throttle_mean=0.5612 total_thrust_n=45.2864 body_up_force_n=39.2191 saturated_motors=0 rated_cap_command=1.0000 voltage_v=14.8000 thrust_scale=1.000000 current_a=0.0000
[arm_coupling_monitor-9] [INFO] [1786461721.498024151] [my_drone_arm_coupling_monitor]: ARM_COUPLING_STATE {"com_body_flu_m": [-0.0027419961696006218, 0.0007031658816198175, -0.2272534998935316], "com_shift_m": [0.0012581916306663027, 0.0013758223999231853, -0.02277205483221681], "feedforward_acceleration_ned_m_s2": [1.7706104887097263e-07, -2.8164977829645337e-08, -1.3628153940346755e-05], "filtered_joint_acceleration_peak_rad_s2": 0.0014011241073110484, "inertia_diag_kg_m2": [0.23119682998346502, 0.22974090118961013, 0.21083660793844536], "mass_kg": 4.0, "raw_joint_acceleration_peak_rad_s2": 0.869102449587738, "reaction_force_body_n": [2.941417991456549e-07, -6.905022572793802e-07, -5.45121662244252e-05], "reaction_torque_body_nm": [-0.022242786043158214, -0.001324859559468959, -0.020814806441665633]}
[gazebo_direct_motor_model-5] [INFO] [1786461722.037370193] [my_drone_gazebo_direct_motor_model]: MOTOR_DYNAMIC_STATE sim_s=200.040 cmd_min=0.4682 cmd_mean=0.4812 cmd_max=0.4942 filtered_mean=0.4812 filtered_max=0.4942 esc_throttle_mean=0.5613 total_thrust_n=45.3036 body_up_force_n=39.2341 saturated_motors=0 rated_cap_command=1.0000 voltage_v=14.8000 thrust_scale=1.000000 current_a=0.0000
[arm_coupling_monitor-9] [INFO] [1786461722.527657008] [my_drone_arm_coupling_monitor]: ARM_COUPLING_STATE {"com_body_flu_m": [-0.002742230326014696, 0.0007038615402188871, -0.22720225883314077], "com_shift_m": [0.0012579574742522283, 0.001376518058522255, -0.02272081377182597], "feedforward_acceleration_ned_m_s2": [1.7496801797969841e-07, -1.0668457406169213e-07, -9.451309614429714e-06], "filtered_joint_acceleration_peak_rad_s2": 0.0009557075693959754, "inertia_diag_kg_m2": [0.23111083173845542, 0.22966712348640153, 0.21084886520954338], "mass_kg": 4.0, "raw_joint_acceleration_peak_rad_s2": 0.0009629640028868919, "reaction_force_body_n": [2.5475883511183243e-07, -4.232274445883166e-07, -3.781089734192512e-05], "reaction_torque_body_nm": [-0.022285615425822605, -0.000920348458923712, -0.02097341857322078]}
[gazebo_direct_motor_model-5] [INFO] [1786461723.033995594] [my_drone_gazebo_direct_motor_model]: MOTOR_DYNAMIC_STATE sim_s=201.040 cmd_min=0.4700 cmd_mean=0.4819 cmd_max=0.4939 filtered_mean=0.4819 filtered_max=0.4939 esc_throttle_mean=0.5620 total_thrust_n=45.3687 body_up_force_n=39.2905 saturated_motors=0 rated_cap_command=1.0000 voltage_v=14.8000 thrust_scale=1.000000 current_a=0.0000
[arm_coupling_monitor-9] [INFO] [1786461723.554445627] [my_drone_arm_coupling_monitor]: ARM_COUPLING_STATE {"com_body_flu_m": [-0.0027425287064582384, 0.000704663701668766, -0.22714149624703672], "com_shift_m": [0.001257659093808686, 0.0013773202199721338, -0.022660051185721924], "feedforward_acceleration_ned_m_s2": [4.415004485038e-08, -4.757471989472993e-08, -8.739294488581184e-06], "filtered_joint_acceleration_peak_rad_s2": 0.0008688328810997678, "inertia_diag_kg_m2": [0.23100905212679826, 0.2295797823601371, 0.21086334234412876], "mass_kg": 4.0, "raw_joint_acceleration_peak_rad_s2": 0.049995595337462506, "reaction_force_body_n": [2.8213207832409547e-07, -3.40338171955657e-07, -3.4955346704565116e-05], "reaction_torque_body_nm": [-0.022303833822373092, -0.0008241056998581555, -0.02112872428991506]}
[gazebo_direct_motor_model-5] [INFO] [1786461724.029270160] [my_drone_gazebo_direct_motor_model]: MOTOR_DYNAMIC_STATE sim_s=202.040 cmd_min=0.4699 cmd_mean=0.4815 cmd_max=0.4929 filtered_mean=0.4815 filtered_max=0.4929 esc_throttle_mean=0.5616 total_thrust_n=45.3261 body_up_force_n=39.2535 saturated_motors=0 rated_cap_command=1.0000 voltage_v=14.8000 thrust_scale=1.000000 current_a=0.0000
[arm_coupling_monitor-9] [INFO] [1786461724.818046162] [my_drone_arm_coupling_monitor]: ARM_COUPLING_STATE {"com_body_flu_m": [-0.002743051598627564, 0.0007058947341374161, -0.2270444227561612], "com_shift_m": [0.0012571362016393604, 0.001378551252440784, -0.022562977694846414], "feedforward_acceleration_ned_m_s2": [9.125748958527107e-09, -5.6366745652145396e-08, -3.153319411698188e-06], "filtered_joint_acceleration_peak_rad_s2": 0.00027566749608529996, "inertia_diag_kg_m2": [0.23084689736711383, 0.2294405760742912, 0.2108863416333913], "mass_kg": 4.0, "raw_joint_acceleration_peak_rad_s2": 1.5226643451775699, "reaction_force_body_n": [2.2349922903049448e-07, 8.604770603608256e-09, -1.26133625523323e-05], "reaction_torque_body_nm": [-0.02230943775180174, -0.0009001413482073627, -0.021353567761358713]}
[gazebo_direct_motor_model-5] [INFO] [1786461725.034826794] [my_drone_gazebo_direct_motor_model]: MOTOR_DYNAMIC_STATE sim_s=203.040 cmd_min=0.4686 cmd_mean=0.4813 cmd_max=0.4939 filtered_mean=0.4813 filtered_max=0.4939 esc_throttle_mean=0.5614 total_thrust_n=45.3122 body_up_force_n=39.2416 saturated_motors=0 rated_cap_command=1.0000 voltage_v=14.8000 thrust_scale=1.000000 current_a=0.0000
[arm_coupling_monitor-9] [INFO] [1786461725.843346019] [my_drone_arm_coupling_monitor]: ARM_COUPLING_STATE {"com_body_flu_m": [-0.002743557387057966, 0.0007069258654800042, -0.22695913992185843], "com_shift_m": [0.0012566304132089583, 0.0013795823837833721, -0.02247769486054363], "feedforward_acceleration_ned_m_s2": [9.186864121566148e-08, -1.6460813541617204e-07, -1.1166590651153903e-05], "filtered_joint_acceleration_peak_rad_s2": 0.0010769127657973214, "inertia_diag_kg_m2": [0.2307048914483029, 0.22931861209428267, 0.21090641725389134], "mass_kg": 4.0, "raw_joint_acceleration_peak_rad_s2": 1.7156674192808103, "reaction_force_body_n": [4.71454803488509e-07, -3.177793640398676e-07, -4.466910863156781e-05], "reaction_torque_body_nm": [-0.02230201729496753, -0.001010278946337104, -0.02153893036654768]}
[gazebo_direct_motor_model-5] [INFO] [1786461726.031474693] [my_drone_gazebo_direct_motor_model]: MOTOR_DYNAMIC_STATE sim_s=204.040 cmd_min=0.4688 cmd_mean=0.4814 cmd_max=0.4941 filtered_mean=0.4814 filtered_max=0.4941 esc_throttle_mean=0.5615 total_thrust_n=45.3162 body_up_force_n=39.2450 saturated_motors=0 rated_cap_command=1.0000 voltage_v=14.8000 thrust_scale=1.000000 current_a=0.0000
[arm_coupling_monitor-9] [INFO] [1786461726.926868462] [my_drone_arm_coupling_monitor]: ARM_COUPLING_STATE {"com_body_flu_m": [-0.002744182599201476, 0.0007080388167676442, -0.22686246764083356], "com_shift_m": [0.0012560052010654483, 0.001380695335071012, -0.022381022579518767], "feedforward_acceleration_ned_m_s2": [6.472049202494219e-08, -1.100717075338196e-07, -1.2913094439114191e-05], "filtered_joint_acceleration_peak_rad_s2": 0.001230964779048727, "inertia_diag_kg_m2": [0.23054443307517278, 0.22918073849185183, 0.2109290279772568], "mass_kg": 4.0, "raw_joint_acceleration_peak_rad_s2": 1.9189466535288922, "reaction_force_body_n": [5.936642434130153e-07, -3.1693219516785195e-07, -5.165051903913131e-05], "reaction_torque_body_nm": [-0.022283715849280555, -0.0011421502311196093, -0.021739818705393456]}
[gazebo_direct_motor_model-5] [INFO] [1786461727.058222420] [my_drone_gazebo_direct_motor_model]: MOTOR_DYNAMIC_STATE sim_s=205.040 cmd_min=0.4696 cmd_mean=0.4819 cmd_max=0.4942 filtered_mean=0.4819 filtered_max=0.4942 esc_throttle_mean=0.5620 total_thrust_n=45.3722 body_up_force_n=39.2934 saturated_motors=0 rated_cap_command=1.0000 voltage_v=14.8000 thrust_scale=1.000000 current_a=0.0000
[gazebo_direct_motor_model-5] [INFO] [1786461728.043535683] [my_drone_gazebo_direct_motor_model]: MOTOR_DYNAMIC_STATE sim_s=206.040 cmd_min=0.4692 cmd_mean=0.4815 cmd_max=0.4937 filtered_mean=0.4815 filtered_max=0.4937 esc_throttle_mean=0.5616 total_thrust_n=45.3320 body_up_force_n=39.2586 saturated_motors=0 rated_cap_command=1.0000 voltage_v=14.8000 thrust_scale=1.000000 current_a=0.0000
[arm_coupling_monitor-9] [INFO] [1786461728.178710739] [my_drone_arm_coupling_monitor]: ARM_COUPLING_STATE {"com_body_flu_m": [-0.0027452398030420374, 0.0007096229726904386, -0.22671516876205083], "com_shift_m": [0.001254947997224887, 0.0013822794909938065, -0.022233723700736036], "feedforward_acceleration_ned_m_s2": [1.6987375488062284e-07, -1.5116754270605922e-07, -1.982059797593865e-05], "filtered_joint_acceleration_peak_rad_s2": 0.0018869615643621485, "inertia_diag_kg_m2": [0.23030098942032248, 0.2289714362660279, 0.2109631843788097], "mass_kg": 4.0, "raw_joint_acceleration_peak_rad_s2": 2.2153700009701773, "reaction_force_body_n": [9.26122172282543e-07, -4.756517483541966e-07, -7.928077357476948e-05], "reaction_torque_body_nm": [-0.022240744827311917, -0.0013279157985518356, -0.022031290763784617]}
[gazebo_direct_motor_model-5] [INFO] [1786461729.147267359] [my_drone_gazebo_direct_motor_model]: MOTOR_DYNAMIC_STATE sim_s=207.052 cmd_min=0.4685 cmd_mean=0.4810 cmd_max=0.4935 filtered_mean=0.4810 filtered_max=0.4935 esc_throttle_mean=0.5612 total_thrust_n=45.2839 body_up_force_n=39.2170 saturated_motors=0 rated_cap_command=1.0000 voltage_v=14.8000 thrust_scale=1.000000 current_a=0.0000
[arm_coupling_monitor-9] [INFO] [1786461729.391721433] [my_drone_arm_coupling_monitor]: ARM_COUPLING_STATE {"com_body_flu_m": [-0.0027462353261949457, 0.0007108650138885342, -0.2265900790828417], "com_shift_m": [0.0012539524740719787, 0.001383521532191902, -0.022108634021526907], "feedforward_acceleration_ned_m_s2": [-3.0776565214995155e-08, -2.6913125137848774e-07, -1.3255310766808608e-05], "filtered_joint_acceleration_peak_rad_s2": 0.0012001385239976934, "inertia_diag_kg_m2": [0.23009524173502083, 0.22879442795730515, 0.21099191360421124], "mass_kg": 4.0, "raw_joint_acceleration_peak_rad_s2": 2.3559640291231734, "reaction_force_body_n": [8.318833088612835e-07, -9.867480460105773e-08, -5.3025696705249334e-05], "reaction_torque_body_nm": [-0.022192931276430346, -0.00147670878762894, -0.02226786892637904]}
[gazebo_direct_motor_model-5] [INFO] [1786461730.139907104] [my_drone_gazebo_direct_motor_model]: MOTOR_DYNAMIC_STATE sim_s=208.052 cmd_min=0.4702 cmd_mean=0.4817 cmd_max=0.4933 filtered_mean=0.4817 filtered_max=0.4933 esc_throttle_mean=0.5618 total_thrust_n=45.3484 body_up_force_n=39.2729 saturated_motors=0 rated_cap_command=1.0000 voltage_v=14.8000 thrust_scale=1.000000 current_a=0.0000
[arm_coupling_monitor-9] [INFO] [1786461730.597776674] [my_drone_arm_coupling_monitor]: ARM_COUPLING_STATE {"com_body_flu_m": [-0.0027478856963082266, 0.0007125480196663418, -0.22640333232694573], "com_shift_m": [0.0012523021039586978, 0.0013852045379697097, -0.021921887265630935], "feedforward_acceleration_ned_m_s2": [7.070559479909986e-08, -5.470908076601496e-07, -3.0496810710447973e-05], "filtered_joint_acceleration_peak_rad_s2": 0.002847560811144843, "inertia_diag_kg_m2": [0.22978977109039433, 0.22853143264634115, 0.21103433560872953], "mass_kg": 4.0, "raw_joint_acceleration_peak_rad_s2": 2.66009741143881, "reaction_force_body_n": [1.6332155780262278e-06, -5.279244841354854e-07, -0.00012199512384060456], "reaction_torque_body_nm": [-0.022107032380494232, -0.001665650016654806, -0.022605555543780635]}
[gazebo_direct_motor_model-5] [INFO] [1786461731.285654395] [my_drone_gazebo_direct_motor_model]: MOTOR_DYNAMIC_STATE sim_s=209.052 cmd_min=0.4678 cmd_mean=0.4811 cmd_max=0.4943 filtered_mean=0.4811 filtered_max=0.4943 esc_throttle_mean=0.5609 total_thrust_n=45.2880 body_up_force_n=39.2206 saturated_motors=0 rated_cap_command=1.0000 voltage_v=14.8000 thrust_scale=1.000000 current_a=0.0000
[arm_coupling_monitor-9] [INFO] [1786461731.630956748] [my_drone_arm_coupling_monitor]: ARM_COUPLING_STATE {"com_body_flu_m": [-0.0027494107059686124, 0.0007137999872117509, -0.22624751235436366], "com_shift_m": [0.001250777094298312, 0.0013864565055151188, -0.021766067293048863], "feedforward_acceleration_ned_m_s2": [1.684362519997859e-07, -1.9682728138590692e-07, -1.2826251491983287e-05], "filtered_joint_acceleration_peak_rad_s2": 0.001081030601305115, "inertia_diag_kg_m2": [0.2295364368411905, 0.22831314982571366, 0.2110693083846484], "mass_kg": 4.0, "raw_joint_acceleration_peak_rad_s2": 2.809918949539972, "reaction_force_body_n": [1.1002566645850819e-06, 1.9532861705034732e-07, -5.130330113519033e-05], "reaction_torque_body_nm": [-0.022024151908652208, -0.0018214038143523148, -0.02287587478711947]}
[gazebo_direct_motor_model-5] [INFO] [1786461732.110948834] [my_drone_gazebo_direct_motor_model]: MOTOR_DYNAMIC_STATE sim_s=210.052 cmd_min=0.4683 cmd_mean=0.4813 cmd_max=0.4940 filtered_mean=0.4813 filtered_max=0.4940 esc_throttle_mean=0.5614 total_thrust_n=45.3068 body_up_force_n=39.2368 saturated_motors=0 rated_cap_command=1.0000 voltage_v=14.8000 thrust_scale=1.000000 current_a=0.0000
[arm_coupling_monitor-9] [INFO] [1786461732.820534301] [my_drone_arm_coupling_monitor]: ARM_COUPLING_STATE {"com_body_flu_m": [-0.0027519002419670816, 0.0007154021802113254, -0.22601774637811775], "com_shift_m": [0.0012482875582998428, 0.0013880586985146933, -0.021536301316802953], "feedforward_acceleration_ned_m_s2": [-1.8868136387407473e-07, -3.302976550069691e-07, -1.401514047852328e-05], "filtered_joint_acceleration_peak_rad_s2": 0.0011471403116784715, "inertia_diag_kg_m2": [0.22916544612278708, 0.22799320594227976, 0.21112018422792425], "mass_kg": 4.0, "raw_joint_acceleration_peak_rad_s2": 3.2351853261725116, "reaction_force_body_n": [1.3434900326953075e-06, 3.412966707139564e-07, -5.606407324130222e-05], "reaction_torque_body_nm": [-0.021887703555526324, -0.002017753489374709, -0.023257733727363998]}
[gazebo_direct_motor_model-5] [INFO] [1786461733.042291333] [my_drone_gazebo_direct_motor_model]: MOTOR_DYNAMIC_STATE sim_s=211.052 cmd_min=0.4688 cmd_mean=0.4805 cmd_max=0.4921 filtered_mean=0.4805 filtered_max=0.4921 esc_throttle_mean=0.5608 total_thrust_n=45.2383 body_up_force_n=39.1775 saturated_motors=0 rated_cap_command=1.0000 voltage_v=14.8000 thrust_scale=1.000000 current_a=0.0000
[gazebo_direct_motor_model-5] [INFO] [1786461734.045594545] [my_drone_gazebo_direct_motor_model]: MOTOR_DYNAMIC_STATE sim_s=212.052 cmd_min=0.4678 cmd_mean=0.4812 cmd_max=0.4948 filtered_mean=0.4812 filtered_max=0.4948 esc_throttle_mean=0.5610 total_thrust_n=45.2994 body_up_force_n=39.2304 saturated_motors=0 rated_cap_command=1.0000 voltage_v=14.8000 thrust_scale=1.000000 current_a=0.0000
[arm_coupling_monitor-9] [INFO] [1786461734.131270963] [my_drone_arm_coupling_monitor]: ARM_COUPLING_STATE {"com_body_flu_m": [-0.002754984230703054, 0.000716849801610811, -0.22576338282967653], "com_shift_m": [0.0012452035695638703, 0.001389506319914179, -0.021281937768361736], "feedforward_acceleration_ned_m_s2": [-1.3061900496660285e-07, -4.837181626676283e-07, -1.463771680090506e-05], "filtered_joint_acceleration_peak_rad_s2": 0.0011548228943953137, "inertia_diag_kg_m2": [0.22875830108759374, 0.22764169641691318, 0.2111755565333844], "mass_kg": 4.0, "raw_joint_acceleration_peak_rad_s2": 0.001167555259594344, "reaction_force_body_n": [1.587978653854416e-06, 5.208014593814413e-07, -5.856131703860859e-05], "reaction_torque_body_nm": [-0.021720368882689807, -0.002211394647716605, -0.023660779563148757]}
[gazebo_direct_motor_model-5] [INFO] [1786461735.050439689] [my_drone_gazebo_direct_motor_model]: MOTOR_DYNAMIC_STATE sim_s=213.052 cmd_min=0.4698 cmd_mean=0.4822 cmd_max=0.4946 filtered_mean=0.4822 filtered_max=0.4946 esc_throttle_mean=0.5622 total_thrust_n=45.3937 body_up_force_n=39.3121 saturated_motors=0 rated_cap_command=1.0000 voltage_v=14.8000 thrust_scale=1.000000 current_a=0.0000
[arm_coupling_monitor-9] [INFO] [1786461735.181296411] [my_drone_arm_coupling_monitor]: ARM_COUPLING_STATE {"com_body_flu_m": [-0.0027577563809360536, 0.0007177889595093127, -0.22555542125213995], "com_shift_m": [0.0012424314193308708, 0.0013904454778126806, -0.021073976190825155], "feedforward_acceleration_ned_m_s2": [-4.215400035031633e-08, -3.6643675233166466e-07, -1.489474145003763e-05], "filtered_joint_acceleration_peak_rad_s2": 0.0011382621704925664, "inertia_diag_kg_m2": [0.22842820660382443, 0.22735641306954602, 0.21122009690260712], "mass_kg": 4.0, "raw_joint_acceleration_peak_rad_s2": 0.001151247505663992, "reaction_force_body_n": [1.7752883991296893e-06, 6.686744751797392e-07, -5.956703146047268e-05], "reaction_torque_body_nm": [-0.02157317875480552, -0.0023544429314620524, -0.023976857937312145]}
[gazebo_direct_motor_model-5] [INFO] [1786461736.040603082] [my_drone_gazebo_direct_motor_model]: MOTOR_DYNAMIC_STATE sim_s=214.052 cmd_min=0.4687 cmd_mean=0.4818 cmd_max=0.4948 filtered_mean=0.4818 filtered_max=0.4948 esc_throttle_mean=0.5619 total_thrust_n=45.3628 body_up_force_n=39.2854 saturated_motors=0 rated_cap_command=1.0000 voltage_v=14.8000 thrust_scale=1.000000 current_a=0.0000
[arm_coupling_monitor-9] [INFO] [1786461736.485860251] [my_drone_arm_coupling_monitor]: ARM_COUPLING_STATE {"com_body_flu_m": [-0.002762146023401203, 0.0007187732220392748, -0.22525531978325922], "com_shift_m": [0.0012380417768657215, 0.0013914297403426427, -0.02077387472194442], "feedforward_acceleration_ned_m_s2": [-3.381191070008849e-07, -4.738088837196706e-07, -1.2161561794437254e-05], "filtered_joint_acceleration_peak_rad_s2": 0.0008347320652692642, "inertia_diag_kg_m2": [0.22795625914770717, 0.22694807430880418, 0.21128323036807045], "mass_kg": 4.0, "raw_joint_acceleration_peak_rad_s2": 3.9977889619877485, "reaction_force_body_n": [1.8559904302232278e-06, 9.0518104872541e-07, -4.86581382863296e-05], "reaction_torque_body_nm": [-0.02134721349478055, -0.00254195066695638, -0.024414124279235207]}
[gazebo_direct_motor_model-5] [INFO] [1786461737.042686239] [my_drone_gazebo_direct_motor_model]: MOTOR_DYNAMIC_STATE sim_s=215.052 cmd_min=0.4702 cmd_mean=0.4818 cmd_max=0.4933 filtered_mean=0.4818 filtered_max=0.4933 esc_throttle_mean=0.5619 total_thrust_n=45.3556 body_up_force_n=39.2791 saturated_motors=0 rated_cap_command=1.0000 voltage_v=14.8000 thrust_scale=1.000000 current_a=0.0000
[arm_coupling_monitor-9] [INFO] [1786461737.788720090] [my_drone_arm_coupling_monitor]: ARM_COUPLING_STATE {"com_body_flu_m": [-0.0027674571505988364, 0.0007193702392359162, -0.22492739714202808], "com_shift_m": [0.001232730649668088, 0.001392026757539284, -0.020445952080713287], "feedforward_acceleration_ned_m_s2": [-2.6430125437922867e-07, -6.104058762232789e-07, -1.5308035506084777e-05], "filtered_joint_acceleration_peak_rad_s2": 0.001068146956802768, "inertia_diag_kg_m2": [0.22744649467125364, 0.22650640702765937, 0.21135069942134602], "mass_kg": 4.0, "raw_joint_acceleration_peak_rad_s2": 4.266374275644586, "reaction_force_body_n": [2.317803731337071e-06, 1.0871120374119698e-06, -6.123643031691721e-05], "reaction_torque_body_nm": [-0.02108510282108172, -0.0027214673218555396, -0.024868994557373143]}
[gazebo_direct_motor_model-5] [INFO] [1786461738.042625607] [my_drone_gazebo_direct_motor_model]: MOTOR_DYNAMIC_STATE sim_s=216.052 cmd_min=0.4683 cmd_mean=0.4810 cmd_max=0.4937 filtered_mean=0.4810 filtered_max=0.4937 esc_throttle_mean=0.5611 total_thrust_n=45.2803 body_up_force_n=39.2139 saturated_motors=0 rated_cap_command=1.0000 voltage_v=14.8000 thrust_scale=1.000000 current_a=0.0000
[arm_coupling_monitor-9] [INFO] [1786461738.821267024] [my_drone_arm_coupling_monitor]: ARM_COUPLING_STATE {"com_body_flu_m": [-0.00277210225986238, 0.0007195047855334258, -0.2246641031000788], "com_shift_m": [0.0012280855404045443, 0.0013921613038367937, -0.020182658038764012], "feedforward_acceleration_ned_m_s2": [-2.671038699754872e-08, -6.807770020910087e-07, -1.4453431598649344e-05], "filtered_joint_acceleration_peak_rad_s2": 0.0009522508644397926, "inertia_diag_kg_m2": [0.22704167838710435, 0.22615521598027943, 0.211403742191617], "mass_kg": 4.0, "raw_joint_acceleration_peak_rad_s2": 4.412133534108936, "reaction_force_body_n": [2.4662335614317974e-06, 1.2473923521492429e-06, -5.781189666765159e-05], "reaction_torque_body_nm": [-0.020865079345100613, -0.0028524408498111554, -0.025218627334562038]}
[gazebo_direct_motor_model-5] [INFO] [1786461739.044712553] [my_drone_gazebo_direct_motor_model]: MOTOR_DYNAMIC_STATE sim_s=217.052 cmd_min=0.4673 cmd_mean=0.4810 cmd_max=0.4949 filtered_mean=0.4810 filtered_max=0.4949 esc_throttle_mean=0.5605 total_thrust_n=45.2788 body_up_force_n=39.2126 saturated_motors=0 rated_cap_command=1.0000 voltage_v=14.8000 thrust_scale=1.000000 current_a=0.0000
[gazebo_direct_motor_model-5] [INFO] [1786461740.044660445] [my_drone_gazebo_direct_motor_model]: MOTOR_DYNAMIC_STATE sim_s=218.052 cmd_min=0.4683 cmd_mean=0.4809 cmd_max=0.4935 filtered_mean=0.4809 filtered_max=0.4935 esc_throttle_mean=0.5610 total_thrust_n=45.2715 body_up_force_n=39.2062 saturated_motors=0 rated_cap_command=1.0000 voltage_v=14.8000 thrust_scale=1.000000 current_a=0.0000
[arm_coupling_monitor-9] [INFO] [1786461740.147588758] [my_drone_arm_coupling_monitor]: ARM_COUPLING_STATE {"com_body_flu_m": [-0.0027792830799322453, 0.0007191926549047038, -0.22428951512223216], "com_shift_m": [0.0012209047203346791, 0.0013918491732080717, -0.019808070060917365], "feedforward_acceleration_ned_m_s2": [-3.865738123735045e-07, -6.35240968275109e-07, -1.5490270980619294e-05], "filtered_joint_acceleration_peak_rad_s2": 0.0009921984779425659, "inertia_diag_kg_m2": [0.22647261878585154, 0.22566085546265763, 0.21147749942702743], "mass_kg": 4.0, "raw_joint_acceleration_peak_rad_s2": 0.001032058880101566, "reaction_force_body_n": [2.8379883358700713e-06, 1.4601946638697817e-06, -6.195027926491003e-05], "reaction_torque_body_nm": [-0.020539726553850158, -0.003018853363012744, -0.025694140940167125]}
[gazebo_direct_motor_model-5] [INFO] [1786461741.042677746] [my_drone_gazebo_direct_motor_model]: MOTOR_DYNAMIC_STATE sim_s=219.052 cmd_min=0.4695 cmd_mean=0.4814 cmd_max=0.4926 filtered_mean=0.4814 filtered_max=0.4926 esc_throttle_mean=0.5615 total_thrust_n=45.3171 body_up_force_n=39.2458 saturated_motors=0 rated_cap_command=1.0000 voltage_v=14.8000 thrust_scale=1.000000 current_a=0.0000
[arm_coupling_monitor-9] [INFO] [1786461741.481812468] [my_drone_arm_coupling_monitor]: ARM_COUPLING_STATE {"com_body_flu_m": [-0.0027877196820200213, 0.000718233179589127, -0.22388761202454335], "com_shift_m": [0.0012124681182469031, 0.0013908896978924949, -0.019406166963228555], "feedforward_acceleration_ned_m_s2": [-6.664702871050238e-07, -9.123630042749959e-07, -2.197292495846237e-05], "filtered_joint_acceleration_peak_rad_s2": 0.0014976995646787188, "inertia_diag_kg_m2": [0.22587102995363653, 0.22513735616565977, 0.21155443984845995], "mass_kg": 4.0, "raw_joint_acceleration_peak_rad_s2": 4.965979682258675, "reaction_force_body_n": [3.71513228706889e-06, 1.7496397088525156e-06, -8.791196093242885e-05], "reaction_torque_body_nm": [-0.020177071833543454, -0.0031740154606037583, -0.026178015108536703]}
[gazebo_direct_motor_model-5] [INFO] [1786461742.046515873] [my_drone_gazebo_direct_motor_model]: MOTOR_DYNAMIC_STATE sim_s=220.052 cmd_min=0.4689 cmd_mean=0.4819 cmd_max=0.4949 filtered_mean=0.4819 filtered_max=0.4949 esc_throttle_mean=0.5620 total_thrust_n=45.3713 body_up_force_n=39.2927 saturated_motors=0 rated_cap_command=1.0000 voltage_v=14.8000 thrust_scale=1.000000 current_a=0.0000
[arm_coupling_monitor-9] [INFO] [1786461742.815203844] [my_drone_arm_coupling_monitor]: ARM_COUPLING_STATE {"com_body_flu_m": [-0.00279757744111, 0.0007165288440797203, -0.22345719322406976], "com_shift_m": [0.0012026103591569245, 0.0013891853623830882, -0.018975748162754963], "feedforward_acceleration_ned_m_s2": [-2.392346622042252e-07, -9.848998879463696e-07, -1.5236837228939583e-05], "filtered_joint_acceleration_peak_rad_s2": 0.0008761930697535665, "inertia_diag_kg_m2": [0.22523704199325356, 0.2245846657880286, 0.2116343596411594], "mass_kg": 4.0, "raw_joint_acceleration_peak_rad_s2": 5.04530470383996, "reaction_force_body_n": [3.443109262980207e-06, 1.8630612964359812e-06, -6.095645591136446e-05], "reaction_torque_body_nm": [-0.01977595138988454, -0.003324736756093883, -0.026668791067701814]}
[gazebo_direct_motor_model-5] [INFO] [1786461743.051858093] [my_drone_gazebo_direct_motor_model]: MOTOR_DYNAMIC_STATE sim_s=221.052 cmd_min=0.4683 cmd_mean=0.4817 cmd_max=0.4955 filtered_mean=0.4817 filtered_max=0.4955 esc_throttle_mean=0.5617 total_thrust_n=45.3449 body_up_force_n=39.2699 saturated_motors=0 rated_cap_command=1.0000 voltage_v=14.8000 thrust_scale=1.000000 current_a=0.0000
[arm_coupling_monitor-9] [INFO] [1786461743.823785501] [my_drone_arm_coupling_monitor]: ARM_COUPLING_STATE {"com_body_flu_m": [-0.0028059338044263103, 0.0007147185678033179, -0.22311801266116005], "com_shift_m": [0.0011942539958406141, 0.0013873750861066857, -0.01863656759984525], "feedforward_acceleration_ned_m_s2": [-2.240415207257489e-06, 1.8489651549845145e-05, 0.0008125276639610924], "filtered_joint_acceleration_peak_rad_s2": 0.06724002798389445, "inertia_diag_kg_m2": [0.22474493269616694, 0.22415493873745015, 0.21169555713886248], "mass_kg": 4.0, "raw_joint_acceleration_peak_rad_s2": 5.3751459550729725, "reaction_force_body_n": [-8.197937950791162e-05, -1.883351198215638e-05, 0.0032498760195107143], "reaction_torque_body_nm": [-0.018542182183766617, -0.0019214315296510551, -0.025775619891722765]}
[gazebo_direct_motor_model-5] [INFO] [1786461744.041575641] [my_drone_gazebo_direct_motor_model]: MOTOR_DYNAMIC_STATE sim_s=222.052 cmd_min=0.4691 cmd_mean=0.4808 cmd_max=0.4924 filtered_mean=0.4808 filtered_max=0.4924 esc_throttle_mean=0.5610 total_thrust_n=45.2669 body_up_force_n=39.2023 saturated_motors=0 rated_cap_command=1.0000 voltage_v=14.8000 thrust_scale=1.000000 current_a=0.0000
[arm_coupling_monitor-9] [INFO] [1786461744.828938622] [my_drone_arm_coupling_monitor]: ARM_COUPLING_STATE {"com_body_flu_m": [-0.002815240219804836, 0.0007124006080870063, -0.2227624961395976], "com_shift_m": [0.0011849475804620885, 0.0013850571263903742, -0.01828105107828279], "feedforward_acceleration_ned_m_s2": [-7.036870985734757e-07, -1.0258099823746448e-06, -1.7810723285950613e-05], "filtered_joint_acceleration_peak_rad_s2": 0.0010249102669635966, "inertia_diag_kg_m2": [0.22423620382290257, 0.22371001861194428, 0.21175803762839704], "mass_kg": 4.0, "raw_joint_acceleration_peak_rad_s2": 5.451023190292079, "reaction_force_body_n": [4.216520574954808e-06, 2.2137857835402635e-06, -7.125748603962284e-05], "reaction_torque_body_nm": [-0.019105770580043216, -0.0035246696181552004, -0.027405816867563926]}
[gazebo_direct_motor_model-5] [INFO] [1786461745.045396360] [my_drone_gazebo_direct_motor_model]: MOTOR_DYNAMIC_STATE sim_s=223.052 cmd_min=0.4680 cmd_mean=0.4807 cmd_max=0.4931 filtered_mean=0.4807 filtered_max=0.4931 esc_throttle_mean=0.5607 total_thrust_n=45.2530 body_up_force_n=39.1902 saturated_motors=0 rated_cap_command=1.0000 voltage_v=14.8000 thrust_scale=1.000000 current_a=0.0000
[gazebo_direct_motor_model-5] [INFO] [1786461746.045184617] [my_drone_gazebo_direct_motor_model]: MOTOR_DYNAMIC_STATE sim_s=224.052 cmd_min=0.4693 cmd_mean=0.4814 cmd_max=0.4934 filtered_mean=0.4814 filtered_max=0.4934 esc_throttle_mean=0.5615 total_thrust_n=45.3210 body_up_force_n=39.2492 saturated_motors=0 rated_cap_command=1.0000 voltage_v=14.8000 thrust_scale=1.000000 current_a=0.0000
[arm_coupling_monitor-9] [INFO] [1786461746.131606489] [my_drone_arm_coupling_monitor]: ARM_COUPLING_STATE {"com_body_flu_m": [-0.0028291265212170152, 0.0007084891934485069, -0.22226717488882852], "com_shift_m": [0.0011710612790499092, 0.0013811457117518747, -0.017785729827513724], "feedforward_acceleration_ned_m_s2": [-5.707814380601228e-07, -1.062031446838192e-06, -1.3871392142591638e-05], "filtered_joint_acceleration_peak_rad_s2": 0.0006709136639759199, "inertia_diag_kg_m2": [0.22353950000190997, 0.22309954435829554, 0.21184228176099937], "mass_kg": 4.0, "raw_joint_acceleration_peak_rad_s2": 5.699035987589738, "reaction_force_body_n": [4.116958780725065e-06, 2.2617946180051464e-06, -5.5496328626192365e-05], "reaction_torque_body_nm": [-0.01861428341354291, -0.0036450395903002714, -0.027893433676818704]}
[gazebo_direct_motor_model-5] [INFO] [1786461747.042629596] [my_drone_gazebo_direct_motor_model]: MOTOR_DYNAMIC_STATE sim_s=225.052 cmd_min=0.4678 cmd_mean=0.4813 cmd_max=0.4949 filtered_mean=0.4813 filtered_max=0.4949 esc_throttle_mean=0.5611 total_thrust_n=45.3070 body_up_force_n=39.2370 saturated_motors=0 rated_cap_command=1.0000 voltage_v=14.8000 thrust_scale=1.000000 current_a=0.0000
[arm_coupling_monitor-9] [INFO] [1786461747.142630486] [my_drone_arm_coupling_monitor]: ARM_COUPLING_STATE {"com_body_flu_m": [-0.0028407554204257744, 0.0007048940690990366, -0.221878731753638], "com_shift_m": [0.00115943237984115, 0.0013775505874024045, -0.01739728669232321], "feedforward_acceleration_ned_m_s2": [-4.595023284498483e-07, -1.1724880163685493e-06, -1.3831213190380289e-05], "filtered_joint_acceleration_peak_rad_s2": 0.0006459221826943563, "inertia_diag_kg_m2": [0.22300296444609652, 0.22262847139329187, 0.21190608791854093], "mass_kg": 4.0, "raw_joint_acceleration_peak_rad_s2": 5.7533816407383735, "reaction_force_body_n": [4.356930860769975e-06, 2.37006738289244e-06, -5.533184612655783e-05], "reaction_torque_body_nm": [-0.018222263462810997, -0.0037260098323427405, -0.028255252998690163]}
[gazebo_direct_motor_model-5] [INFO] [1786461748.050928969] [my_drone_gazebo_direct_motor_model]: MOTOR_DYNAMIC_STATE sim_s=226.052 cmd_min=0.4685 cmd_mean=0.4818 cmd_max=0.4952 filtered_mean=0.4818 filtered_max=0.4952 esc_throttle_mean=0.5619 total_thrust_n=45.3560 body_up_force_n=39.2794 saturated_motors=0 rated_cap_command=1.0000 voltage_v=14.8000 thrust_scale=1.000000 current_a=0.0000
[arm_coupling_monitor-9] [INFO] [1786461748.159478008] [my_drone_arm_coupling_monitor]: ARM_COUPLING_STATE {"com_body_flu_m": [-0.0028534177777817943, 0.0007007255918681475, -0.22147819045687062], "com_shift_m": [0.0011467700224851302, 0.0013733821101715154, -0.016996745395555818], "feedforward_acceleration_ned_m_s2": [-7.142856170278531e-08, 7.496066370521257e-07, 4.9491906065761445e-05], "filtered_joint_acceleration_peak_rad_s2": 0.00429034119875036, "inertia_diag_kg_m2": [0.22245877180252668, 0.22214980368389578, 0.21196982298279002], "mass_kg": 4.0, "raw_joint_acceleration_peak_rad_s2": 5.915454679505958, "reaction_force_body_n": [-3.6152970448969806e-06, -3.091060536478632e-07, 0.00019795728461331012], "reaction_torque_body_nm": [-0.017814284831565136, -0.003822109233819415, -0.02861151866818642]}
[gazebo_direct_motor_model-5] [INFO] [1786461749.052397136] [my_drone_gazebo_direct_motor_model]: MOTOR_DYNAMIC_STATE sim_s=227.052 cmd_min=0.4689 cmd_mean=0.4817 cmd_max=0.4942 filtered_mean=0.4817 filtered_max=0.4942 esc_throttle_mean=0.5618 total_thrust_n=45.3519 body_up_force_n=39.2759 saturated_motors=0 rated_cap_command=1.0000 voltage_v=14.8000 thrust_scale=1.000000 current_a=0.0000
[arm_coupling_monitor-9] [INFO] [1786461749.477691427] [my_drone_arm_coupling_monitor]: ARM_COUPLING_STATE {"com_body_flu_m": [-0.0028721127147141694, 0.0006942013611745627, -0.2209221317350888], "com_shift_m": [0.001128075085552755, 0.0013668578794779306, -0.01644068667377399], "feedforward_acceleration_ned_m_s2": [-6.363192967746005e-07, -1.2468906650325172e-06, -1.33184412089927e-05], "filtered_joint_acceleration_peak_rad_s2": 0.0005668522639751293, "inertia_diag_kg_m2": [0.22171852358770308, 0.22149721341647566, 0.21205487482732288], "mass_kg": 4.0, "raw_joint_acceleration_peak_rad_s2": 6.068000190999817, "reaction_force_body_n": [4.860585471533093e-06, 2.5647069854500833e-06, -5.328456834768309e-05], "reaction_torque_body_nm": [-0.01723724818918932, -0.0038856812582232798, -0.029074863838530144]}
[gazebo_direct_motor_model-5] [INFO] [1786461750.055330972] [my_drone_gazebo_direct_motor_model]: MOTOR_DYNAMIC_STATE sim_s=228.052 cmd_min=0.4683 cmd_mean=0.4815 cmd_max=0.4946 filtered_mean=0.4815 filtered_max=0.4946 esc_throttle_mean=0.5616 total_thrust_n=45.3267 body_up_force_n=39.2541 saturated_motors=0 rated_cap_command=1.0000 voltage_v=14.8000 thrust_scale=1.000000 current_a=0.0000
[arm_coupling_monitor-9] [INFO] [1786461750.795097079] [my_drone_arm_coupling_monitor]: ARM_COUPLING_STATE {"com_body_flu_m": [-0.002892972848423476, 0.0006865359891759272, -0.22034228329499478], "com_shift_m": [0.0011072149518434483, 0.001359192507479295, -0.01586083823367998], "feedforward_acceleration_ned_m_s2": [-6.272222854274173e-07, -1.2797759443494962e-06, -1.1741823781876423e-05], "filtered_joint_acceleration_peak_rad_s2": 0.0004331942288688632, "inertia_diag_kg_m2": [0.22096547242862458, 0.22083149590875742, 0.21213936323549326], "mass_kg": 4.0, "raw_joint_acceleration_peak_rad_s2": 6.105763743047419, "reaction_force_body_n": [4.9457859181184416e-06, 2.5760668601633823e-06, -4.698222686279875e-05], "reaction_torque_body_nm": [-0.016629423041300988, -0.0039587067605723, -0.029525545065558892]}
[gazebo_direct_motor_model-5] [INFO] [1786461751.046359101] [my_drone_gazebo_direct_motor_model]: MOTOR_DYNAMIC_STATE sim_s=229.052 cmd_min=0.4685 cmd_mean=0.4812 cmd_max=0.4940 filtered_mean=0.4812 filtered_max=0.4941 esc_throttle_mean=0.5613 total_thrust_n=45.2999 body_up_force_n=39.2309 saturated_motors=0 rated_cap_command=1.0000 voltage_v=14.8000 thrust_scale=1.000000 current_a=0.0000
[gazebo_direct_motor_model-5] [INFO] [1786461752.055654137] [my_drone_gazebo_direct_motor_model]: MOTOR_DYNAMIC_STATE sim_s=230.052 cmd_min=0.4684 cmd_mean=0.4816 cmd_max=0.4946 filtered_mean=0.4816 filtered_max=0.4946 esc_throttle_mean=0.5617 total_thrust_n=45.3384 body_up_force_n=39.2642 saturated_motors=0 rated_cap_command=1.0000 voltage_v=14.8000 thrust_scale=1.000000 current_a=0.0000
[arm_coupling_monitor-9] [INFO] [1786461752.139864916] [my_drone_arm_coupling_monitor]: ARM_COUPLING_STATE {"com_body_flu_m": [-0.002915949106689025, 0.000677756906158157, -0.2197437736399383], "com_shift_m": [0.0010842386935778995, 0.001350413424461525, -0.015262328578623502], "feedforward_acceleration_ned_m_s2": [-5.293249883014947e-07, -1.3992702961211131e-06, -1.5230657452729873e-05], "filtered_joint_acceleration_peak_rad_s2": 0.0006797451891265299, "inertia_diag_kg_m2": [0.22020838956978905, 0.22016021588602205, 0.21222211883497077], "mass_kg": 4.0, "raw_joint_acceleration_peak_rad_s2": 6.291357148137937, "reaction_force_body_n": [5.79160457901635e-06, 2.8616163316684567e-06, -6.0874013900239385e-05], "reaction_torque_body_nm": [-0.015995380242338625, -0.004015612510777935, -0.02995661126902845]}
[gazebo_direct_motor_model-5] [INFO] [1786461753.055941010] [my_drone_gazebo_direct_motor_model]: MOTOR_DYNAMIC_STATE sim_s=231.052 cmd_min=0.4686 cmd_mean=0.4814 cmd_max=0.4942 filtered_mean=0.4814 filtered_max=0.4942 esc_throttle_mean=0.5615 total_thrust_n=45.3172 body_up_force_n=39.2459 saturated_motors=0 rated_cap_command=1.0000 voltage_v=14.8000 thrust_scale=1.000000 current_a=0.0000
[arm_coupling_monitor-9] [INFO] [1786461753.159445368] [my_drone_arm_coupling_monitor]: ARM_COUPLING_STATE {"com_body_flu_m": [-0.002934662178561741, 0.0006704180574988883, -0.21928218056606336], "com_shift_m": [0.0010655256217051833, 0.0013430745758022562, -0.014800735504748558], "feedforward_acceleration_ned_m_s2": [-6.319286374653637e-07, -1.3413601423342985e-06, -9.97562341669663e-06], "filtered_joint_acceleration_peak_rad_s2": 0.00029258393843130083, "inertia_diag_kg_m2": [0.21963851939900186, 0.21965351899728736, 0.21228288194660794], "mass_kg": 4.0, "raw_joint_acceleration_peak_rad_s2": 6.343829092487615, "reaction_force_body_n": [5.161438594641944e-06, 2.5744927367127642e-06, -3.992640520957231e-05], "reaction_torque_body_nm": [-0.015502803418531542, -0.004051227184595354, -0.030266436282708382]}
[gazebo_direct_motor_model-5] [INFO] [1786461754.041371860] [my_drone_gazebo_direct_motor_model]: MOTOR_DYNAMIC_STATE sim_s=232.052 cmd_min=0.4692 cmd_mean=0.4814 cmd_max=0.4935 filtered_mean=0.4814 filtered_max=0.4935 esc_throttle_mean=0.5615 total_thrust_n=45.3171 body_up_force_n=39.2457 saturated_motors=0 rated_cap_command=1.0000 voltage_v=14.8000 thrust_scale=1.000000 current_a=0.0000
[arm_coupling_monitor-9] [INFO] [1786461754.472322275] [my_drone_arm_coupling_monitor]: ARM_COUPLING_STATE {"com_body_flu_m": [-0.0029615651404411025, 0.0006596561679266463, -0.2186526632705725], "com_shift_m": [0.001038622659825822, 0.0013323126862300142, -0.014171218209257708], "feedforward_acceleration_ned_m_s2": [-6.177977876777232e-07, -1.3119773917151225e-06, -8.439903046049131e-06], "filtered_joint_acceleration_peak_rad_s2": 0.00018349622875164619, "inertia_diag_kg_m2": [0.21888101980605432, 0.21897797484785972, 0.2123614892573694], "mass_kg": 4.0, "raw_joint_acceleration_peak_rad_s2": 6.382834434340844, "reaction_force_body_n": [5.144821135477776e-06, 2.4969373966828275e-06, -3.377358249392024e-05], "reaction_torque_body_nm": [-0.014826787072790355, -0.004084083612806374, -0.030658614184426364]}
[gazebo_direct_motor_model-5] [INFO] [1786461755.047836113] [my_drone_gazebo_direct_motor_model]: MOTOR_DYNAMIC_STATE sim_s=233.052 cmd_min=0.4676 cmd_mean=0.4808 cmd_max=0.4938 filtered_mean=0.4808 filtered_max=0.4938 esc_throttle_mean=0.5605 total_thrust_n=45.2629 body_up_force_n=39.1988 saturated_motors=0 rated_cap_command=1.0000 voltage_v=14.8000 thrust_scale=1.000000 current_a=0.0000
[arm_coupling_monitor-9] [INFO] [1786461755.785687221] [my_drone_arm_coupling_monitor]: ARM_COUPLING_STATE {"com_body_flu_m": [-0.0029908267168817573, 0.0006477555560302616, -0.21800649401137095], "com_shift_m": [0.0010093610833851671, 0.0013204120743336295, -0.013525048950056157], "feedforward_acceleration_ned_m_s2": [-5.278731767832544e-07, -1.3287559536298343e-06, -7.098393411526423e-06], "filtered_joint_acceleration_peak_rad_s2": 9.541015388303469e-05, "inertia_diag_kg_m2": [0.21812711431800097, 0.21830316470686617, 0.21243710194078896], "mass_kg": 4.0, "raw_joint_acceleration_peak_rad_s2": 0.03528789507227318, "reaction_force_body_n": [5.113450269391103e-06, 2.4018313278041467e-06, -2.8407511975061346e-05], "reaction_torque_body_nm": [-0.01412899443976003, -0.0041020415350479416, -0.031026113333701876]}
[gazebo_direct_motor_model-5] [INFO] [1786461756.045536825] [my_drone_gazebo_direct_motor_model]: MOTOR_DYNAMIC_STATE sim_s=234.052 cmd_min=0.4676 cmd_mean=0.4814 cmd_max=0.4954 filtered_mean=0.4814 filtered_max=0.4954 esc_throttle_mean=0.5610 total_thrust_n=45.3202 body_up_force_n=39.2484 saturated_motors=0 rated_cap_command=1.0000 voltage_v=14.8000 thrust_scale=1.000000 current_a=0.0000
[arm_coupling_monitor-9] [INFO] [1786461756.803184074] [my_drone_arm_coupling_monitor]: ARM_COUPLING_STATE {"com_body_flu_m": [-0.003014212650626404, 0.0006381484727352171, -0.21751462210726458], "com_shift_m": [0.0009859751496405205, 0.001310804991038585, -0.013033177045949779], "feedforward_acceleration_ned_m_s2": [-4.793188967361334e-07, -1.2625557068550792e-06, -5.73131022318702e-06], "filtered_joint_acceleration_peak_rad_s2": 7.791693273085338e-06, "inertia_diag_kg_m2": [0.21756928567803704, 0.2178021365584105, 0.21249123845275042], "mass_kg": 4.0, "raw_joint_acceleration_peak_rad_s2": 6.443985289932163, "reaction_force_body_n": [4.9854815050670334e-06, 2.2822777265213806e-06, -2.2905971902870187e-05], "reaction_torque_body_nm": [-0.013595865767721961, -0.004105774913939178, -0.031282918016851353]}
[gazebo_direct_motor_model-5] [INFO] [1786461757.046818831] [my_drone_gazebo_direct_motor_model]: MOTOR_DYNAMIC_STATE sim_s=235.052 cmd_min=0.4680 cmd_mean=0.4815 cmd_max=0.4950 filtered_mean=0.4815 filtered_max=0.4950 esc_throttle_mean=0.5614 total_thrust_n=45.3268 body_up_force_n=39.2542 saturated_motors=0 rated_cap_command=1.0000 voltage_v=14.8000 thrust_scale=1.000000 current_a=0.0000
[gazebo_direct_motor_model-5] [INFO] [1786461758.048059189] [my_drone_gazebo_direct_motor_model]: MOTOR_DYNAMIC_STATE sim_s=236.052 cmd_min=0.4689 cmd_mean=0.4813 cmd_max=0.4931 filtered_mean=0.4813 filtered_max=0.4931 esc_throttle_mean=0.5614 total_thrust_n=45.3077 body_up_force_n=39.2376 saturated_motors=0 rated_cap_command=1.0000 voltage_v=14.8000 thrust_scale=1.000000 current_a=0.0000
[arm_coupling_monitor-9] [INFO] [1786461758.127324360] [my_drone_arm_coupling_monitor]: ARM_COUPLING_STATE {"com_body_flu_m": [-0.003047300050323217, 0.0006244681692654259, -0.2168506008354699], "com_shift_m": [0.0009528877499437073, 0.0012971246875687938, -0.012369155774155094], "feedforward_acceleration_ned_m_s2": [-4.651533501724863e-07, -1.1087079930102611e-06, -2.138634220058932e-06], "filtered_joint_acceleration_peak_rad_s2": 0.0002235549130561476, "inertia_diag_kg_m2": [0.21683824425905335, 0.21714310928554828, 0.21255966310645916], "mass_kg": 4.0, "raw_joint_acceleration_peak_rad_s2": 6.44531211060676, "reaction_force_body_n": [4.400834935385275e-06, 1.945855509888316e-06, -8.553129034950159e-06], "reaction_torque_body_nm": [-0.012874323752876879, -0.004098226378684379, -0.03159919313239442]}
[gazebo_direct_motor_model-5] [INFO] [1786461759.047268385] [my_drone_gazebo_direct_motor_model]: MOTOR_DYNAMIC_STATE sim_s=237.052 cmd_min=0.4669 cmd_mean=0.4815 cmd_max=0.4960 filtered_mean=0.4815 filtered_max=0.4960 esc_throttle_mean=0.5607 total_thrust_n=45.3286 body_up_force_n=39.2557 saturated_motors=0 rated_cap_command=1.0000 voltage_v=14.8000 thrust_scale=1.000000 current_a=0.0000
[arm_coupling_monitor-9] [INFO] [1786461759.446286402] [my_drone_arm_coupling_monitor]: ARM_COUPLING_STATE {"com_body_flu_m": [-0.0030825324289633395, 0.0006098447135922704, -0.21617896453528113], "com_shift_m": [0.000917655371303585, 0.0012825012318956382, -0.011697519473966328], "feedforward_acceleration_ned_m_s2": [-1.254220983559822e-06, -3.3970986713510604e-06, -4.319139549103056e-05], "filtered_joint_acceleration_peak_rad_s2": 0.0025667235459089096, "inertia_diag_kg_m2": [0.2161245673291119, 0.21649682512626536, 0.212623461248833], "mass_kg": 4.0, "raw_joint_acceleration_peak_rad_s2": 6.433347192876754, "reaction_force_body_n": [1.3314918509214998e-05, 5.553419021162412e-06, -0.00017277046156159373], "reaction_torque_body_nm": [-0.012141649003437702, -0.0040624756450511005, -0.03188399180066549]}
[gazebo_direct_motor_model-5] [INFO] [1786461760.047708505] [my_drone_gazebo_direct_motor_model]: MOTOR_DYNAMIC_STATE sim_s=238.052 cmd_min=0.4687 cmd_mean=0.4813 cmd_max=0.4942 filtered_mean=0.4813 filtered_max=0.4942 esc_throttle_mean=0.5614 total_thrust_n=45.3114 body_up_force_n=39.2408 saturated_motors=0 rated_cap_command=1.0000 voltage_v=14.8000 thrust_scale=1.000000 current_a=0.0000
[arm_coupling_monitor-9] [INFO] [1786461760.451246859] [my_drone_arm_coupling_monitor]: ARM_COUPLING_STATE {"com_body_flu_m": [-0.0031103304549809745, 0.0005982975719880813, -0.21567143202910402], "com_shift_m": [0.00088985734528595, 0.0012709540902914492, -0.011189986967789223], "feedforward_acceleration_ned_m_s2": [-3.8711319905861927e-07, -1.0657902203964374e-06, -7.479346367659562e-07], "filtered_joint_acceleration_peak_rad_s2": 0.00028074344145675604, "inertia_diag_kg_m2": [0.21560245103868078, 0.21602200433258228, 0.21266808262620757], "mass_kg": 4.0, "raw_joint_acceleration_peak_rad_s2": 6.397215217495593, "reaction_force_body_n": [4.214969321951353e-06, 1.7032116687694492e-06, -2.9758780090611e-06], "reaction_torque_body_nm": [-0.01159007859385, -0.004047721446713225, -0.03207757513791252]}
[gazebo_direct_motor_model-5] [INFO] [1786461761.052273726] [my_drone_gazebo_direct_motor_model]: MOTOR_DYNAMIC_STATE sim_s=239.052 cmd_min=0.4673 cmd_mean=0.4811 cmd_max=0.4949 filtered_mean=0.4811 filtered_max=0.4949 esc_throttle_mean=0.5606 total_thrust_n=45.2906 body_up_force_n=39.2228 saturated_motors=0 rated_cap_command=1.0000 voltage_v=14.8000 thrust_scale=1.000000 current_a=0.0000
[arm_coupling_monitor-9] [INFO] [1786461761.531379365] [my_drone_arm_coupling_monitor]: ARM_COUPLING_STATE {"com_body_flu_m": [-0.003139221324122053, 0.0005863083296006634, -0.21516243998643989], "com_shift_m": [0.0008609664761448713, 0.0012589648479040313, -0.010680994925125087], "feedforward_acceleration_ned_m_s2": [-3.771090635661377e-07, -1.1014697181556144e-06, -1.169628631401575e-06], "filtered_joint_acceleration_peak_rad_s2": 0.00023469364762807602, "inertia_diag_kg_m2": [0.21509369638966855, 0.21555754400342733, 0.2127097455187663], "mass_kg": 4.0, "raw_joint_acceleration_peak_rad_s2": 6.348096374889281, "reaction_force_body_n": [4.326593313258406e-06, 1.6823249627007682e-06, -4.693188656047321e-06], "reaction_torque_body_nm": [-0.011035514885705876, -0.004011991715412942, -0.03225215643332917]}
[gazebo_direct_motor_model-5] [INFO] [1786461762.043397883] [my_drone_gazebo_direct_motor_model]: MOTOR_DYNAMIC_STATE sim_s=240.052 cmd_min=0.4672 cmd_mean=0.4811 cmd_max=0.4950 filtered_mean=0.4811 filtered_max=0.4950 esc_throttle_mean=0.5605 total_thrust_n=45.2935 body_up_force_n=39.2254 saturated_motors=0 rated_cap_command=1.0000 voltage_v=14.8000 thrust_scale=1.000000 current_a=0.0000
[arm_coupling_monitor-9] [INFO] [1786461762.794717425] [my_drone_arm_coupling_monitor]: ARM_COUPLING_STATE {"com_body_flu_m": [-0.0031794052940585533, 0.0005696796343236388, -0.2144823389861938], "com_shift_m": [0.0008207825062083712, 0.0012423361526270067, -0.01000089392487899], "feedforward_acceleration_ned_m_s2": [-9.732963869890523e-07, -2.5382103852951113e-06, -2.4727830802906247e-05], "filtered_joint_acceleration_peak_rad_s2": 0.001329718024074556, "inertia_diag_kg_m2": [0.21443715291215684, 0.2149552843696943, 0.212760613100094], "mass_kg": 4.0, "raw_joint_acceleration_peak_rad_s2": 6.265648372979468, "reaction_force_body_n": [1.0014102474787122e-05, 3.945314798020617e-06, -9.892340060528984e-05], "reaction_torque_body_nm": [-0.01029421222529046, -0.003944847275156924, -0.03245564947482719]}
[gazebo_direct_motor_model-5] [INFO] [1786461763.042198574] [my_drone_gazebo_direct_motor_model]: MOTOR_DYNAMIC_STATE sim_s=241.052 cmd_min=0.4685 cmd_mean=0.4817 cmd_max=0.4949 filtered_mean=0.4817 filtered_max=0.4949 esc_throttle_mean=0.5618 total_thrust_n=45.3496 body_up_force_n=39.2739 saturated_motors=0 rated_cap_command=1.0000 voltage_v=14.8000 thrust_scale=1.000000 current_a=0.0000
[gazebo_direct_motor_model-5] [INFO] [1786461764.053961695] [my_drone_gazebo_direct_motor_model]: MOTOR_DYNAMIC_STATE sim_s=242.052 cmd_min=0.4676 cmd_mean=0.4817 cmd_max=0.4956 filtered_mean=0.4817 filtered_max=0.4956 esc_throttle_mean=0.5613 total_thrust_n=45.3508 body_up_force_n=39.2749 saturated_motors=0 rated_cap_command=1.0000 voltage_v=14.8000 thrust_scale=1.000000 current_a=0.0000
[arm_coupling_monitor-9] [INFO] [1786461764.123600285] [my_drone_arm_coupling_monitor]: ARM_COUPLING_STATE {"com_body_flu_m": [-0.003221098285132713, 0.0005525119225131339, -0.213806954770477], "com_shift_m": [0.0007790895151342115, 0.0012251684408165018, -0.00932550970916221], "feedforward_acceleration_ned_m_s2": [-5.195843001376799e-07, -1.5878671810557173e-06, -9.495646554242267e-06], "filtered_joint_acceleration_peak_rad_s2": 0.00035123338145179566, "inertia_diag_kg_m2": [0.21381148250827814, 0.21437797599096864, 0.2128057207398363], "mass_kg": 4.0, "raw_joint_acceleration_peak_rad_s2": 6.212192758427399, "reaction_force_body_n": [6.379858544543297e-06, 2.3623213509044838e-06, -3.796122151604373e-05], "reaction_torque_body_nm": [-0.009560912266839932, -0.0038752244812607834, -0.03262577928523108]}
[gazebo_direct_motor_model-5] [INFO] [1786461765.045140596] [my_drone_gazebo_direct_motor_model]: MOTOR_DYNAMIC_STATE sim_s=243.052 cmd_min=0.4674 cmd_mean=0.4810 cmd_max=0.4947 filtered_mean=0.4810 filtered_max=0.4947 esc_throttle_mean=0.5605 total_thrust_n=45.2818 body_up_force_n=39.2151 saturated_motors=0 rated_cap_command=1.0000 voltage_v=14.8000 thrust_scale=1.000000 current_a=0.0000
[arm_coupling_monitor-9] [INFO] [1786461765.125192362] [my_drone_arm_coupling_monitor]: ARM_COUPLING_STATE {"com_body_flu_m": [-0.0032533359134244468, 0.0005393116950248959, -0.21330350389248476], "com_shift_m": [0.0007468518868424777, 0.0012119682133282638, -0.00882205883116996], "feedforward_acceleration_ned_m_s2": [-2.681068040552853e-08, -1.9014061138269674e-07, 1.2124283677497248e-05], "filtered_joint_acceleration_peak_rad_s2": 0.0010217718852124987, "inertia_diag_kg_m2": [0.2133621590678418, 0.2139611097876446, 0.21283585737962762], "mass_kg": 4.0, "raw_joint_acceleration_peak_rad_s2": 6.075289741991663, "reaction_force_body_n": [7.749502988832285e-07, 1.6080860325587943e-08, 4.849702284423141e-05], "reaction_torque_body_nm": [-0.009016011480849658, -0.003816825498448879, -0.03273186006088306]}
[gazebo_direct_motor_model-5] [INFO] [1786461766.048190193] [my_drone_gazebo_direct_motor_model]: MOTOR_DYNAMIC_STATE sim_s=244.052 cmd_min=0.4672 cmd_mean=0.4810 cmd_max=0.4950 filtered_mean=0.4810 filtered_max=0.4950 esc_throttle_mean=0.5605 total_thrust_n=45.2873 body_up_force_n=39.2199 saturated_motors=0 rated_cap_command=1.0000 voltage_v=14.8000 thrust_scale=1.000000 current_a=0.0000
[arm_coupling_monitor-9] [INFO] [1786461766.127916209] [my_drone_arm_coupling_monitor]: ARM_COUPLING_STATE {"com_body_flu_m": [-0.0032862528344002225, 0.000525908771236705, -0.21280468658382057], "com_shift_m": [0.000713934965866702, 0.0011985652895400729, -0.00832324152250577], "feedforward_acceleration_ned_m_s2": [-4.75799969848845e-06, -1.2562259797132953e-05, -0.00016534786646282956], "filtered_joint_acceleration_peak_rad_s2": 0.010280115053289567, "inertia_diag_kg_m2": [0.21293135489079956, 0.21355943865599786, 0.2128627914433279], "mass_kg": 4.0, "raw_joint_acceleration_peak_rad_s2": 5.927684202340321, "reaction_force_body_n": [4.864233533539403e-05, 1.9366995310520922e-05, -0.0006615018493732126], "reaction_torque_body_nm": [-0.008525145511033097, -0.003946291545452016, -0.033027074323036205]}
[gazebo_direct_motor_model-5] [INFO] [1786461767.049088462] [my_drone_gazebo_direct_motor_model]: MOTOR_DYNAMIC_STATE sim_s=245.052 cmd_min=0.4678 cmd_mean=0.4810 cmd_max=0.4941 filtered_mean=0.4810 filtered_max=0.4941 esc_throttle_mean=0.5608 total_thrust_n=45.2813 body_up_force_n=39.2148 saturated_motors=0 rated_cap_command=1.0000 voltage_v=14.8000 thrust_scale=1.000000 current_a=0.0000
[arm_coupling_monitor-9] [INFO] [1786461767.152676917] [my_drone_arm_coupling_monitor]: ARM_COUPLING_STATE {"com_body_flu_m": [-0.003319760107401211, 0.0005123499172145357, -0.2123114072305126], "com_shift_m": [0.0006804276928657135, 0.0011850064355179036, -0.00782996216919779], "feedforward_acceleration_ned_m_s2": [-4.846227983273009e-07, -1.468310541377921e-06, -7.4449438942956965e-06], "filtered_joint_acceleration_peak_rad_s2": 0.0002633613205093019, "inertia_diag_kg_m2": [0.21251941720212358, 0.21317335049010422, 0.21288657428062532], "mass_kg": 4.0, "raw_joint_acceleration_peak_rad_s2": 5.8133574761724995, "reaction_force_body_n": [5.818912338226078e-06, 1.9809107019936697e-06, -2.9787648565461178e-05], "reaction_torque_body_nm": [-0.007945410013094558, -0.003667156365850862, -0.03289357733807881]}
[gazebo_direct_motor_model-5] [INFO] [1786461768.048864037] [my_drone_gazebo_direct_motor_model]: MOTOR_DYNAMIC_STATE sim_s=246.052 cmd_min=0.4669 cmd_mean=0.4812 cmd_max=0.4956 filtered_mean=0.4812 filtered_max=0.4956 esc_throttle_mean=0.5604 total_thrust_n=45.3056 body_up_force_n=39.2358 saturated_motors=0 rated_cap_command=1.0000 voltage_v=14.8000 thrust_scale=1.000000 current_a=0.0000
[arm_coupling_monitor-9] [INFO] [1786461768.462765058] [my_drone_arm_coupling_monitor]: ARM_COUPLING_STATE {"com_body_flu_m": [-0.0033650579945126, 0.0004941634448345517, -0.211665715000959], "com_shift_m": [0.0006351298057543243, 0.0011668199631379196, -0.007184269939644189], "feedforward_acceleration_ned_m_s2": [-1.0046311948262306e-06, -4.241460539232641e-06, -4.3852644781990806e-05], "filtered_joint_acceleration_peak_rad_s2": 0.0025555614245978166, "inertia_diag_kg_m2": [0.2120013695253447, 0.21268469376499363, 0.21291343763104226], "mass_kg": 4.0, "raw_joint_acceleration_peak_rad_s2": 5.78326453092583, "reaction_force_body_n": [1.635470681485733e-05, 6.116726602497446e-06, -0.00017540800675047187], "reaction_torque_body_nm": [-0.007271749331167264, -0.0036524533838420623, -0.03305195005823829]}
[gazebo_direct_motor_model-5] [INFO] [1786461769.046960738] [my_drone_gazebo_direct_motor_model]: MOTOR_DYNAMIC_STATE sim_s=247.052 cmd_min=0.4670 cmd_mean=0.4812 cmd_max=0.4956 filtered_mean=0.4812 filtered_max=0.4956 esc_throttle_mean=0.5605 total_thrust_n=45.3058 body_up_force_n=39.2360 saturated_motors=0 rated_cap_command=1.0000 voltage_v=14.8000 thrust_scale=1.000000 current_a=0.0000
[arm_coupling_monitor-9] [INFO] [1786461769.492600934] [my_drone_arm_coupling_monitor]: ARM_COUPLING_STATE {"com_body_flu_m": [-0.0033994163752425616, 0.00048048347340283806, -0.21119080438681848], "com_shift_m": [0.0006007714250243629, 0.001153139991706206, -0.006709359325503678], "feedforward_acceleration_ned_m_s2": [1.5153987815768183e-07, 1.3783462461262796e-09, 1.1206748678837436e-05], "filtered_joint_acceleration_peak_rad_s2": 0.0008653330514769199, "inertia_diag_kg_m2": [0.21163566536350834, 0.21233739221634024, 0.21293012045021378], "mass_kg": 4.0, "raw_joint_acceleration_peak_rad_s2": 5.620505841118421, "reaction_force_body_n": [1.8182623161291862e-07, -3.360199124576007e-07, 4.482946514070952e-05], "reaction_torque_body_nm": [-0.006743229843737171, -0.003452076748794243, -0.032979214369168224]}
[gazebo_direct_motor_model-5] [INFO] [1786461770.049356220] [my_drone_gazebo_direct_motor_model]: MOTOR_DYNAMIC_STATE sim_s=248.052 cmd_min=0.4683 cmd_mean=0.4815 cmd_max=0.4947 filtered_mean=0.4815 filtered_max=0.4947 esc_throttle_mean=0.5616 total_thrust_n=45.3336 body_up_force_n=39.2601 saturated_motors=0 rated_cap_command=1.0000 voltage_v=14.8000 thrust_scale=1.000000 current_a=0.0000
[arm_coupling_monitor-9] [INFO] [1786461770.818665699] [my_drone_arm_coupling_monitor]: ARM_COUPLING_STATE {"com_body_flu_m": [-0.0034455056723817525, 0.00046229221424257116, -0.21057207921616525], "com_shift_m": [0.000554682127885172, 0.001134948732545939, -0.0060906341548504495], "feedforward_acceleration_ned_m_s2": [-3.4112480532499994e-06, -1.1325559282289574e-05, -0.00014538533821497807], "filtered_joint_acceleration_peak_rad_s2": 0.008831937081573446, "inertia_diag_kg_m2": [0.21117870396604815, 0.21190032280368173, 0.21294796312267472], "mass_kg": 4.0, "raw_joint_acceleration_peak_rad_s2": 5.293313252256348, "reaction_force_body_n": [4.768712946469416e-05, 1.8256080824793275e-05, -0.0005812241192378999], "reaction_torque_body_nm": [-0.006114558609991997, -0.0034968369921616256, -0.03317960813750339]}
[gazebo_direct_motor_model-5] [INFO] [1786461771.050201814] [my_drone_gazebo_direct_motor_model]: MOTOR_DYNAMIC_STATE sim_s=249.052 cmd_min=0.4664 cmd_mean=0.4809 cmd_max=0.4952 filtered_mean=0.4809 filtered_max=0.4952 esc_throttle_mean=0.5598 total_thrust_n=45.2758 body_up_force_n=39.2100 saturated_motors=0 rated_cap_command=1.0000 voltage_v=14.8000 thrust_scale=1.000000 current_a=0.0000
[gazebo_direct_motor_model-5] [INFO] [1786461772.047666504] [my_drone_gazebo_direct_motor_model]: MOTOR_DYNAMIC_STATE sim_s=250.052 cmd_min=0.4672 cmd_mean=0.4818 cmd_max=0.4965 filtered_mean=0.4818 filtered_max=0.4965 esc_throttle_mean=0.5612 total_thrust_n=45.3609 body_up_force_n=39.2837 saturated_motors=0 rated_cap_command=1.0000 voltage_v=14.8000 thrust_scale=1.000000 current_a=0.0000
[arm_coupling_monitor-9] [INFO] [1786461772.116521068] [my_drone_arm_coupling_monitor]: ARM_COUPLING_STATE {"com_body_flu_m": [-0.0034913969430106565, 0.00044436360612722797, -0.20997514355816818], "com_shift_m": [0.000508790857256268, 0.0011170201244305959, -0.005493698496853383], "feedforward_acceleration_ned_m_s2": [1.9275702399667017e-07, 3.34921039381463e-07, 1.3229044546939427e-05], "filtered_joint_acceleration_peak_rad_s2": 0.000938833813389968, "inertia_diag_kg_m2": [0.21075873696563288, 0.21149517299690077, 0.21296102258192845], "mass_kg": 4.0, "raw_joint_acceleration_peak_rad_s2": 5.2716072426497895, "reaction_force_body_n": [-1.0822004677781705e-06, -8.372208692354756e-07, 5.2921064382048375e-05], "reaction_torque_body_nm": [-0.00545359350097415, -0.0031663159131039387, -0.03297458440547598]}
[gazebo_direct_motor_model-5] [INFO] [1786461773.043290720] [my_drone_gazebo_direct_motor_model]: MOTOR_DYNAMIC_STATE sim_s=251.052 cmd_min=0.4677 cmd_mean=0.4814 cmd_max=0.4952 filtered_mean=0.4814 filtered_max=0.4952 esc_throttle_mean=0.5611 total_thrust_n=45.3235 body_up_force_n=39.2513 saturated_motors=0 rated_cap_command=1.0000 voltage_v=14.8000 thrust_scale=1.000000 current_a=0.0000
[arm_coupling_monitor-9] [INFO] [1786461773.138149029] [my_drone_arm_coupling_monitor]: ARM_COUPLING_STATE {"com_body_flu_m": [-0.0035255878057155587, 0.00043112674270638467, -0.20954182976060995], "com_shift_m": [0.00047459999455136577, 0.0011037832610097525, -0.005060384699295151], "feedforward_acceleration_ned_m_s2": [3.1624555817635207e-07, 3.1804512620555893e-07, 1.2447494602388318e-05], "filtered_joint_acceleration_peak_rad_s2": 0.0008736276152976438, "inertia_diag_kg_m2": [0.21046674399778548, 0.21121124825607096, 0.21296795813984756], "mass_kg": 4.0, "raw_joint_acceleration_peak_rad_s2": 5.057215697641337, "reaction_force_body_n": [-1.1012761640719829e-06, -8.340476637179263e-07, 4.9803133722837014e-05], "reaction_torque_body_nm": [-0.004997963343258729, -0.00304830472562425, -0.03294560474285259]}
[gazebo_direct_motor_model-5] [INFO] [1786461774.045165165] [my_drone_gazebo_direct_motor_model]: MOTOR_DYNAMIC_STATE sim_s=252.052 cmd_min=0.4672 cmd_mean=0.4813 cmd_max=0.4952 filtered_mean=0.4813 filtered_max=0.4952 esc_throttle_mean=0.5607 total_thrust_n=45.3119 body_up_force_n=39.2413 saturated_motors=0 rated_cap_command=1.0000 voltage_v=14.8000 thrust_scale=1.000000 current_a=0.0000
[arm_coupling_monitor-9] [INFO] [1786461774.136471394] [my_drone_arm_coupling_monitor]: ARM_COUPLING_STATE {"com_body_flu_m": [-0.0035593987557896983, 0.00041813853068618095, -0.20912227342760065], "com_shift_m": [0.0004407890444772262, 0.0010907950489895488, -0.0046408283662858485], "feedforward_acceleration_ned_m_s2": [4.0042946628812727e-07, 7.505086746338417e-07, 1.7682707592891074e-05], "filtered_joint_acceleration_peak_rad_s2": 0.0011765839782001742, "inertia_diag_kg_m2": [0.2101943299869054, 0.21094449494098202, 0.2129726426169867], "mass_kg": 4.0, "raw_joint_acceleration_peak_rad_s2": 4.725125010697027, "reaction_force_body_n": [-3.0694209314191077e-06, -1.5729809118529748e-06, 7.072858307430224e-05], "reaction_torque_body_nm": [-0.004559410023853641, -0.002926640421125365, -0.032903232342371413]}
[gazebo_direct_motor_model-5] [INFO] [1786461775.050698613] [my_drone_gazebo_direct_motor_model]: MOTOR_DYNAMIC_STATE sim_s=253.052 cmd_min=0.4669 cmd_mean=0.4816 cmd_max=0.4963 filtered_mean=0.4816 filtered_max=0.4963 esc_throttle_mean=0.5608 total_thrust_n=45.3393 body_up_force_n=39.2650 saturated_motors=0 rated_cap_command=1.0000 voltage_v=14.8000 thrust_scale=1.000000 current_a=0.0000
[arm_coupling_monitor-9] [INFO] [1786461775.137728186] [my_drone_arm_coupling_monitor]: ARM_COUPLING_STATE {"com_body_flu_m": [-0.0035926858775423842, 0.00040545009286368366, -0.2087174009257169], "com_shift_m": [0.0004075019227245402, 0.0010781066111670515, -0.004235955864402091], "feedforward_acceleration_ned_m_s2": [-4.596189747706204e-08, -3.2377196063039e-07, 3.835112579223742e-06], "filtered_joint_acceleration_peak_rad_s2": 0.00031932938640147476, "inertia_diag_kg_m2": [0.20994106609671873, 0.2106946893575632, 0.21297527571027486], "mass_kg": 4.0, "raw_joint_acceleration_peak_rad_s2": 4.694523100957157, "reaction_force_body_n": [1.2261403582846934e-06, 8.271557888430706e-08, 1.534699339727754e-05], "reaction_torque_body_nm": [-0.004137642113581436, -0.002795097407508171, -0.032847783680966816]}
[gazebo_direct_motor_model-5] [INFO] [1786461776.048352118] [my_drone_gazebo_direct_motor_model]: MOTOR_DYNAMIC_STATE sim_s=254.052 cmd_min=0.4668 cmd_mean=0.4812 cmd_max=0.4957 filtered_mean=0.4812 filtered_max=0.4957 esc_throttle_mean=0.5603 total_thrust_n=45.3016 body_up_force_n=39.2324 saturated_motors=0 rated_cap_command=1.0000 voltage_v=14.8000 thrust_scale=1.000000 current_a=0.0000
[arm_coupling_monitor-9] [INFO] [1786461776.458373706] [my_drone_arm_coupling_monitor]: ARM_COUPLING_STATE {"com_body_flu_m": [-0.0036359669543282788, 0.0003890977878973391, -0.20820238227806667], "com_shift_m": [0.0003642208459386457, 0.001061754306200707, -0.003720937216751874], "feedforward_acceleration_ned_m_s2": [3.248919895625232e-07, 6.188457156537024e-07, 1.2934666917536147e-05], "filtered_joint_acceleration_peak_rad_s2": 0.0008543816493339306, "inertia_diag_kg_m2": [0.20963254974772286, 0.21038773173793643, 0.2129759570913224], "mass_kg": 4.0, "raw_joint_acceleration_peak_rad_s2": 4.416977302296098, "reaction_force_body_n": [-2.1588984368654246e-06, -1.168316099350046e-06, 5.175596897467578e-05], "reaction_torque_body_nm": [-0.0036060702904479854, -0.002620851496196326, -0.03275726888725101]}
[gazebo_direct_motor_model-5] [INFO] [1786461777.050336602] [my_drone_gazebo_direct_motor_model]: MOTOR_DYNAMIC_STATE sim_s=255.052 cmd_min=0.4670 cmd_mean=0.4811 cmd_max=0.4951 filtered_mean=0.4811 filtered_max=0.4951 esc_throttle_mean=0.5601 total_thrust_n=45.2889 body_up_force_n=39.2214 saturated_motors=0 rated_cap_command=1.0000 voltage_v=14.8000 thrust_scale=1.000000 current_a=0.0000
[arm_coupling_monitor-9] [INFO] [1786461777.486912662] [my_drone_arm_coupling_monitor]: ARM_COUPLING_STATE {"com_body_flu_m": [-0.003667488983840247, 0.00037729126372680263, -0.20783494685762124], "com_shift_m": [0.0003326988164266773, 0.0010499477820301705, -0.003353501796306446], "feedforward_acceleration_ned_m_s2": [4.1774889385767e-07, 6.757639706380587e-07, 1.2723546333305945e-05], "filtered_joint_acceleration_peak_rad_s2": 0.000829745482425184, "inertia_diag_kg_m2": [0.20942178215702154, 0.21017613537141044, 0.21297462452647706], "mass_kg": 4.0, "raw_joint_acceleration_peak_rad_s2": 4.206021640216708, "reaction_force_body_n": [-2.355479676558333e-06, -1.2136958578605e-06, 5.092440962748388e-05], "reaction_torque_body_nm": [-0.003229113784308072, -0.0024831258779426306, -0.03267662912508097]}
[gazebo_direct_motor_model-5] [INFO] [1786461778.047313561] [my_drone_gazebo_direct_motor_model]: MOTOR_DYNAMIC_STATE sim_s=256.052 cmd_min=0.4667 cmd_mean=0.4816 cmd_max=0.4965 filtered_mean=0.4816 filtered_max=0.4965 esc_throttle_mean=0.5606 total_thrust_n=45.3393 body_up_force_n=39.2650 saturated_motors=0 rated_cap_command=1.0000 voltage_v=14.8000 thrust_scale=1.000000 current_a=0.0000
[arm_coupling_monitor-9] [INFO] [1786461778.815702573] [my_drone_arm_coupling_monitor]: ARM_COUPLING_STATE {"com_body_flu_m": [-0.0037080534120629716, 0.0003622246507335655, -0.207371053458456], "com_shift_m": [0.0002921343882039528, 0.0010348811690369334, -0.0028896083971411968], "feedforward_acceleration_ned_m_s2": [1.79730512047616e-07, 1.0240013669712113e-06, 1.8702483938902194e-05], "filtered_joint_acceleration_peak_rad_s2": 0.0011732308361589103, "inertia_diag_kg_m2": [0.2091667931405467, 0.20991779596970275, 0.21297078842968342], "mass_kg": 4.0, "raw_joint_acceleration_peak_rad_s2": 3.8192906321813367, "reaction_force_body_n": [-4.8097186788308555e-06, -2.0797386158711066e-06, 7.47419687390076e-05], "reaction_torque_body_nm": [-0.0027570122082240366, -0.0022961940429741304, -0.03255551065428354]}
[gazebo_direct_motor_model-5] [INFO] [1786461779.053039029] [my_drone_gazebo_direct_motor_model]: MOTOR_DYNAMIC_STATE sim_s=257.052 cmd_min=0.4673 cmd_mean=0.4818 cmd_max=0.4964 filtered_mean=0.4818 filtered_max=0.4964 esc_throttle_mean=0.5612 total_thrust_n=45.3609 body_up_force_n=39.2837 saturated_motors=0 rated_cap_command=1.0000 voltage_v=14.8000 thrust_scale=1.000000 current_a=0.0000
[gazebo_direct_motor_model-5] [INFO] [1786461780.056605465] [my_drone_gazebo_direct_motor_model]: MOTOR_DYNAMIC_STATE sim_s=258.052 cmd_min=0.4671 cmd_mean=0.4818 cmd_max=0.4964 filtered_mean=0.4818 filtered_max=0.4964 esc_throttle_mean=0.5611 total_thrust_n=45.3562 body_up_force_n=39.2796 saturated_motors=0 rated_cap_command=1.0000 voltage_v=14.8000 thrust_scale=1.000000 current_a=0.0000
[arm_coupling_monitor-9] [INFO] [1786461780.160597708] [my_drone_arm_coupling_monitor]: ARM_COUPLING_STATE {"com_body_flu_m": [-0.0037464676500844635, 0.00034808695812253015, -0.2069405333769606], "com_shift_m": [0.0002537201501824609, 0.001020743476425898, -0.002459088315645813], "feedforward_acceleration_ned_m_s2": [7.702436228319102e-08, -4.268077938937568e-08, 3.69039333018174e-06], "filtered_joint_acceleration_peak_rad_s2": 0.0002621606957121884, "inertia_diag_kg_m2": [0.20894123905784112, 0.20968683644923658, 0.21296508691654492], "mass_kg": 4.0, "raw_joint_acceleration_peak_rad_s2": 3.6821974465465632, "reaction_force_body_n": [2.424368698645026e-07, -1.8228354196289064e-07, 1.4762659462261141e-05], "reaction_torque_body_nm": [-0.002322914389179529, -0.0021185289150669755, -0.03243682553532795]}
[gazebo_direct_motor_model-5] [INFO] [1786461781.048666837] [my_drone_gazebo_direct_motor_model]: MOTOR_DYNAMIC_STATE sim_s=259.052 cmd_min=0.4663 cmd_mean=0.4810 cmd_max=0.4954 filtered_mean=0.4810 filtered_max=0.4953 esc_throttle_mean=0.5596 total_thrust_n=45.2789 body_up_force_n=39.2127 saturated_motors=0 rated_cap_command=1.0000 voltage_v=14.8000 thrust_scale=1.000000 current_a=0.0000
[arm_coupling_monitor-9] [INFO] [1786461781.465804345] [my_drone_arm_coupling_monitor]: ARM_COUPLING_STATE {"com_body_flu_m": [-0.0037825975999382783, 0.00033490439796741815, -0.20654299283025054], "com_shift_m": [0.00021759020032864618, 0.001007560916270786, -0.0020615477689357453], "feedforward_acceleration_ned_m_s2": [6.050604616419902e-07, 1.3702630754847246e-06, 1.790686511571891e-05], "filtered_joint_acceleration_peak_rad_s2": 0.0011021929398302322, "inertia_diag_kg_m2": [0.2087424431948934, 0.20948109056702596, 0.21295799965640624], "mass_kg": 4.0, "raw_joint_acceleration_peak_rad_s2": 3.4284804645937967, "reaction_force_body_n": [-5.257444925151125e-06, -2.141370388029702e-06, 7.165309765120803e-05], "reaction_torque_body_nm": [-0.0019244903290253081, -0.001907940931797499, -0.03227579209859661]}
[gazebo_direct_motor_model-5] [INFO] [1786461782.047239012] [my_drone_gazebo_direct_motor_model]: MOTOR_DYNAMIC_STATE sim_s=260.052 cmd_min=0.4666 cmd_mean=0.4813 cmd_max=0.4961 filtered_mean=0.4813 filtered_max=0.4961 esc_throttle_mean=0.5603 total_thrust_n=45.3148 body_up_force_n=39.2438 saturated_motors=0 rated_cap_command=1.0000 voltage_v=14.8000 thrust_scale=1.000000 current_a=0.0000
[arm_coupling_monitor-9] [INFO] [1786461782.480309300] [my_drone_arm_coupling_monitor]: ARM_COUPLING_STATE {"com_body_flu_m": [-0.0038080803815664106, 0.0003256726724001971, -0.20626671056126894], "com_shift_m": [0.00019210741870051389, 0.000998329190703565, -0.0017852654999541417], "feedforward_acceleration_ned_m_s2": [4.1310739714368035e-07, 1.4888808069518517e-06, 1.9388971809779097e-05], "filtered_joint_acceleration_peak_rad_s2": 0.0011824521742369717, "inertia_diag_kg_m2": [0.20860964462236956, 0.20934235641420126, 0.2129520475348699], "mass_kg": 4.0, "raw_joint_acceleration_peak_rad_s2": 3.0720481281420713, "reaction_force_body_n": [-6.049912290569103e-06, -2.389886350338774e-06, 7.75293585064237e-05], "reaction_torque_body_nm": [-0.0016502303472188363, -0.0017599663348736956, -0.03216097647958932]}
[gazebo_direct_motor_model-5] [INFO] [1786461783.047735118] [my_drone_gazebo_direct_motor_model]: MOTOR_DYNAMIC_STATE sim_s=261.052 cmd_min=0.4666 cmd_mean=0.4813 cmd_max=0.4963 filtered_mean=0.4813 filtered_max=0.4963 esc_throttle_mean=0.5603 total_thrust_n=45.3145 body_up_force_n=39.2435 saturated_motors=0 rated_cap_command=1.0000 voltage_v=14.8000 thrust_scale=1.000000 current_a=0.0000
[arm_coupling_monitor-9] [INFO] [1786461783.807443547] [my_drone_arm_coupling_monitor]: ARM_COUPLING_STATE {"com_body_flu_m": [-0.0038397654801315614, 0.0003142694792258177, -0.20592772699735348], "com_shift_m": [0.000160422320135363, 0.0009869259975291856, -0.0014462819360386847], "feedforward_acceleration_ned_m_s2": [-1.6908840501610743e-06, -5.841144963057906e-06, -5.662179090155038e-05], "filtered_joint_acceleration_peak_rad_s2": 0.0033478226997811344, "inertia_diag_kg_m2": [0.20845271221350112, 0.2091769053246932, 0.21294359872633822], "mass_kg": 4.0, "raw_joint_acceleration_peak_rad_s2": 2.9222295640705793, "reaction_force_body_n": [2.2385913946204192e-05, 7.835462963286153e-06, -0.00022655145258623953], "reaction_torque_body_nm": [-0.0013174729657308025, -0.0016570616744893294, -0.03209985043394645]}
[gazebo_direct_motor_model-5] [INFO] [1786461784.050448527] [my_drone_gazebo_direct_motor_model]: MOTOR_DYNAMIC_STATE sim_s=262.052 cmd_min=0.4657 cmd_mean=0.4806 cmd_max=0.4957 filtered_mean=0.4806 filtered_max=0.4957 esc_throttle_mean=0.5580 total_thrust_n=45.2450 body_up_force_n=39.1833 saturated_motors=0 rated_cap_command=1.0000 voltage_v=14.8000 thrust_scale=1.000000 current_a=0.0000
[gazebo_direct_motor_model-5] [INFO] [1786461785.055540249] [my_drone_gazebo_direct_motor_model]: MOTOR_DYNAMIC_STATE sim_s=263.052 cmd_min=0.4666 cmd_mean=0.4809 cmd_max=0.4949 filtered_mean=0.4809 filtered_max=0.4949 esc_throttle_mean=0.5600 total_thrust_n=45.2722 body_up_force_n=39.2069 saturated_motors=0 rated_cap_command=1.0000 voltage_v=14.8000 thrust_scale=1.000000 current_a=0.0000
[arm_coupling_monitor-9] [INFO] [1786461785.156399420] [my_drone_arm_coupling_monitor]: ARM_COUPLING_STATE {"com_body_flu_m": [-0.003868541937835068, 0.0003039848925854398, -0.20562406566203537], "com_shift_m": [0.0001316458624318565, 0.0009766414108888077, -0.0011426206007205675], "feedforward_acceleration_ned_m_s2": [5.795375684343742e-07, 1.514225460766644e-06, 1.9386163977870657e-05], "filtered_joint_acceleration_peak_rad_s2": 0.0011662796203007943, "inertia_diag_kg_m2": [0.20831774931353453, 0.20903315706883027, 0.21293496185693203], "mass_kg": 4.0, "raw_joint_acceleration_peak_rad_s2": 2.494340537245784, "reaction_force_body_n": [-6.644995119763134e-06, -2.5043190392208745e-06, 7.749068309846372e-05], "reaction_torque_body_nm": [-0.001019843237159076, -0.0013646571743885037, -0.03184013955285921]}
[gazebo_direct_motor_model-5] [INFO] [1786461786.047654197] [my_drone_gazebo_direct_motor_model]: MOTOR_DYNAMIC_STATE sim_s=264.052 cmd_min=0.4663 cmd_mean=0.4818 cmd_max=0.4972 filtered_mean=0.4818 filtered_max=0.4972 esc_throttle_mean=0.5606 total_thrust_n=45.3601 body_up_force_n=39.2830 saturated_motors=0 rated_cap_command=1.0000 voltage_v=14.8000 thrust_scale=1.000000 current_a=0.0000
[arm_coupling_monitor-9] [INFO] [1786461786.506836337] [my_drone_arm_coupling_monitor]: ARM_COUPLING_STATE {"com_body_flu_m": [-0.0038943764448755996, 0.0002948094197712768, -0.20535473538296406], "com_shift_m": [0.0001058113553913248, 0.0009674659380746447, -0.0008732903216492616], "feedforward_acceleration_ned_m_s2": [5.991517529688217e-07, 1.940482409908558e-06, 1.9325998359216365e-05], "filtered_joint_acceleration_peak_rad_s2": 0.001158932443110697, "inertia_diag_kg_m2": [0.20820248615382472, 0.20890919075718292, 0.21292645950567632], "mass_kg": 4.0, "raw_joint_acceleration_peak_rad_s2": 2.350156623534791, "reaction_force_body_n": [-6.883763825000636e-06, -2.5458811710280034e-06, 7.738236855286582e-05], "reaction_torque_body_nm": [-0.0007592739916197454, -0.0011714088338179087, -0.031676648848051873]}
[gazebo_direct_motor_model-5] [INFO] [1786461787.049290869] [my_drone_gazebo_direct_motor_model]: MOTOR_DYNAMIC_STATE sim_s=265.052 cmd_min=0.4662 cmd_mean=0.4814 cmd_max=0.4968 filtered_mean=0.4814 filtered_max=0.4968 esc_throttle_mean=0.5597 total_thrust_n=45.3167 body_up_force_n=39.2454 saturated_motors=0 rated_cap_command=1.0000 voltage_v=14.8000 thrust_scale=1.000000 current_a=0.0000
[arm_coupling_monitor-9] [INFO] [1786461787.782079032] [my_drone_arm_coupling_monitor]: ARM_COUPLING_STATE {"com_body_flu_m": [-0.003917270739486887, 0.0002867234054523479, -0.2051185739234781], "com_shift_m": [8.291706078003731e-05, 0.0009593799237557158, -0.0006371288621632998], "feedforward_acceleration_ned_m_s2": [4.949044421796245e-07, 1.6254027691264124e-06, 1.873385581137838e-05], "filtered_joint_acceleration_peak_rad_s2": 0.0011173851259275846, "inertia_diag_kg_m2": [0.20810485289690783, 0.20880322273272034, 0.21291835505312998], "mass_kg": 4.0, "raw_joint_acceleration_peak_rad_s2": 0.0011458204927317884, "reaction_force_body_n": [-6.85800860351557e-06, -2.498386767061226e-06, 7.488813839080857e-05], "reaction_torque_body_nm": [-0.0005328227049834491, -0.0009863379404052434, -0.031513667765699825]}
[gazebo_direct_motor_model-5] [INFO] [1786461788.053316554] [my_drone_gazebo_direct_motor_model]: MOTOR_DYNAMIC_STATE sim_s=266.052 cmd_min=0.4670 cmd_mean=0.4817 cmd_max=0.4962 filtered_mean=0.4817 filtered_max=0.4962 esc_throttle_mean=0.5609 total_thrust_n=45.3477 body_up_force_n=39.2722 saturated_motors=0 rated_cap_command=1.0000 voltage_v=14.8000 thrust_scale=1.000000 current_a=0.0000
[gazebo_direct_motor_model-5] [INFO] [1786461789.044897002] [my_drone_gazebo_direct_motor_model]: MOTOR_DYNAMIC_STATE sim_s=267.052 cmd_min=0.4662 cmd_mean=0.4810 cmd_max=0.4956 filtered_mean=0.4810 filtered_max=0.4956 esc_throttle_mean=0.5590 total_thrust_n=45.2803 body_up_force_n=39.2139 saturated_motors=0 rated_cap_command=1.0000 voltage_v=14.8000 thrust_scale=1.000000 current_a=0.0000
[arm_coupling_monitor-9] [INFO] [1786461789.126415877] [my_drone_arm_coupling_monitor]: ARM_COUPLING_STATE {"com_body_flu_m": [-0.003937069512644728, 0.0002797646732667948, -0.20491619805989125], "com_shift_m": [6.311828762219605e-05, 0.0009524211915701627, -0.0004347529985764542], "feedforward_acceleration_ned_m_s2": [8.924876461219622e-07, 2.4457686712143674e-06, 2.4549471552236154e-05], "filtered_joint_acceleration_peak_rad_s2": 0.0014595258628532992, "inertia_diag_kg_m2": [0.20802374038010024, 0.20871444575955803, 0.21291092879327542], "mass_kg": 4.0, "raw_joint_acceleration_peak_rad_s2": 1.7903438036631776, "reaction_force_body_n": [-9.335485596811572e-06, -3.333774864316967e-06, 9.824974609227137e-05], "reaction_torque_body_nm": [-0.0003409277073943889, -0.0008280058994475852, -0.03135448707392745]}
[gazebo_direct_motor_model-5] [INFO] [1786461790.053915117] [my_drone_gazebo_direct_motor_model]: MOTOR_DYNAMIC_STATE sim_s=268.052 cmd_min=0.4659 cmd_mean=0.4814 cmd_max=0.4969 filtered_mean=0.4814 filtered_max=0.4969 esc_throttle_mean=0.5599 total_thrust_n=45.3168 body_up_force_n=39.2455 saturated_motors=0 rated_cap_command=1.0000 voltage_v=14.8000 thrust_scale=1.000000 current_a=0.0000
[arm_coupling_monitor-9] [INFO] [1786461790.156441411] [my_drone_arm_coupling_monitor]: ARM_COUPLING_STATE {"com_body_flu_m": [-0.003949965255115607, 0.00027524900739433686, -0.20478528713776445], "com_shift_m": [5.022254515131726e-05, 0.0009479055256977047, -0.0003038420764496508], "feedforward_acceleration_ned_m_s2": [4.3850169713833454e-07, 1.5284119814507875e-06, 1.569325765217472e-05], "filtered_joint_acceleration_peak_rad_s2": 0.0009325457760017088, "inertia_diag_kg_m2": [0.2079725261193531, 0.20865801729097885, 0.21290588893716336], "mass_kg": 4.0, "raw_joint_acceleration_peak_rad_s2": 1.5285231489030369, "reaction_force_body_n": [-5.958050766239112e-06, -2.1295641459588627e-06, 6.277637445879443e-05], "reaction_torque_body_nm": [-0.00021742498308172458, -0.0007502045078572271, -0.03123718919223288]}
[gazebo_direct_motor_model-5] [INFO] [1786461791.048665433] [my_drone_gazebo_direct_motor_model]: MOTOR_DYNAMIC_STATE sim_s=269.052 cmd_min=0.4656 cmd_mean=0.4807 cmd_max=0.4961 filtered_mean=0.4807 filtered_max=0.4961 esc_throttle_mean=0.5589 total_thrust_n=45.2590 body_up_force_n=39.1955 saturated_motors=0 rated_cap_command=1.0000 voltage_v=14.8000 thrust_scale=1.000000 current_a=0.0000
[arm_coupling_monitor-9] [INFO] [1786461791.502585892] [my_drone_arm_coupling_monitor]: ARM_COUPLING_STATE {"com_body_flu_m": [-0.003964584335121438, 0.00027014586000901654, -0.20463772897574867], "com_shift_m": [3.5603465145486735e-05, 0.0009428023783123844, -0.00015628391443386902], "feedforward_acceleration_ned_m_s2": [5.213905893830056e-07, 1.7924864666462245e-06, 1.8710135330890214e-05], "filtered_joint_acceleration_peak_rad_s2": 0.0011083648813803829, "inertia_diag_kg_m2": [0.20791598099890524, 0.20859535382004005, 0.21289998635309174], "mass_kg": 4.0, "raw_joint_acceleration_peak_rad_s2": 1.3238680963168008, "reaction_force_body_n": [-7.272999254372518e-06, -2.56563356228379e-06, 7.481567566994574e-05], "reaction_torque_body_nm": [-8.133148872209827e-05, -0.0008191813209306447, -0.031079965419790308]}
[gazebo_direct_motor_model-5] [INFO] [1786461792.048884701] [my_drone_gazebo_direct_motor_model]: MOTOR_DYNAMIC_STATE sim_s=270.052 cmd_min=0.4662 cmd_mean=0.4812 cmd_max=0.4960 filtered_mean=0.4812 filtered_max=0.4960 esc_throttle_mean=0.5594 total_thrust_n=45.2977 body_up_force_n=39.2289 saturated_motors=0 rated_cap_command=1.0000 voltage_v=14.8000 thrust_scale=1.000000 current_a=0.0000
[arm_coupling_monitor-9] [INFO] [1786461792.804526140] [my_drone_arm_coupling_monitor]: ARM_COUPLING_STATE {"com_body_flu_m": [-0.003976430802245211, 0.0002660229543075109, -0.2045188066027823], "com_shift_m": [2.375699802171366e-05, 0.0009386794726108788, -3.7361541467495485e-05], "feedforward_acceleration_ned_m_s2": [5.045811168754891e-07, 1.5148267175162712e-06, 1.5323353514622488e-05], "filtered_joint_acceleration_peak_rad_s2": 0.0009069955820810836, "inertia_diag_kg_m2": [0.20787132060975327, 0.2085455766974247, 0.21289505845175347], "mass_kg": 4.0, "raw_joint_acceleration_peak_rad_s2": 0.937173657916446, "reaction_force_body_n": [-6.01989830715647e-06, -2.1117347244177937e-06, 6.129415013826696e-05], "reaction_torque_body_nm": [2.279287917295876e-05, -0.0014142252521463271, -0.030883387796061944]}
[gazebo_direct_motor_model-5] [INFO] [1786461793.049729613] [my_drone_gazebo_direct_motor_model]: MOTOR_DYNAMIC_STATE sim_s=271.052 cmd_min=0.4659 cmd_mean=0.4814 cmd_max=0.4968 filtered_mean=0.4814 filtered_max=0.4968 esc_throttle_mean=0.5599 total_thrust_n=45.3173 body_up_force_n=39.2459 saturated_motors=0 rated_cap_command=1.0000 voltage_v=14.8000 thrust_scale=1.000000 current_a=0.0000
[gazebo_direct_motor_model-5] [INFO] [1786461794.042919386] [my_drone_gazebo_direct_motor_model]: MOTOR_DYNAMIC_STATE sim_s=272.052 cmd_min=0.4667 cmd_mean=0.4815 cmd_max=0.4962 filtered_mean=0.4815 filtered_max=0.4962 esc_throttle_mean=0.5602 total_thrust_n=45.3272 body_up_force_n=39.2545 saturated_motors=0 rated_cap_command=1.0000 voltage_v=14.8000 thrust_scale=1.000000 current_a=0.0000
[arm_coupling_monitor-9] [INFO] [1786461794.114054464] [my_drone_arm_coupling_monitor]: ARM_COUPLING_STATE {"com_body_flu_m": [-0.003985612853302654, 0.0002628349409460988, -0.20442702639404503], "com_shift_m": [1.4574946964270724e-05, 0.0009354914592494667, 5.441866726976774e-05], "feedforward_acceleration_ned_m_s2": [4.6692251999004354e-07, 1.3915538239518976e-06, 1.379930905994391e-05], "filtered_joint_acceleration_peak_rad_s2": 0.0008160071125623265, "inertia_diag_kg_m2": [0.20783740931481684, 0.20850760324987552, 0.2128911512019327], "mass_kg": 4.0, "raw_joint_acceleration_peak_rad_s2": 0.8202912333106323, "reaction_force_body_n": [-5.475674716357759e-06, -1.9102900130390747e-06, 5.5204833900034415e-05], "reaction_torque_body_nm": [8.862216302029775e-05, -0.0033050912713132943, -0.030466982733637963]}
[gazebo_direct_motor_model-5] [INFO] [1786461795.053681907] [my_drone_gazebo_direct_motor_model]: MOTOR_DYNAMIC_STATE sim_s=273.052 cmd_min=0.4665 cmd_mean=0.4815 cmd_max=0.4965 filtered_mean=0.4815 filtered_max=0.4965 esc_throttle_mean=0.5604 total_thrust_n=45.3301 body_up_force_n=39.2570 saturated_motors=0 rated_cap_command=1.0000 voltage_v=14.8000 thrust_scale=1.000000 current_a=0.0000
[arm_coupling_monitor-9] [INFO] [1786461795.139811085] [my_drone_arm_coupling_monitor]: ARM_COUPLING_STATE {"com_body_flu_m": [-0.0039909187443336065, 0.0002609957488500028, -0.20437414648440663], "com_shift_m": [9.26905593331799e-06, 0.0009336522671533707, 0.0001072985769081658], "feedforward_acceleration_ned_m_s2": [3.270725415146566e-07, 1.1458274324969958e-06, 1.1367985113136982e-05], "filtered_joint_acceleration_peak_rad_s2": 0.000671740088708452, "inertia_diag_kg_m2": [0.20781809099064177, 0.20848589972420734, 0.2128888588910306], "mass_kg": 4.0, "raw_joint_acceleration_peak_rad_s2": 0.6100498162016742, "reaction_force_body_n": [-4.531715105946168e-06, -1.5767800992165662e-06, 4.546859402353373e-05], "reaction_torque_body_nm": [0.00010671106612060627, -0.006202793700056141, -0.029654163746957816]}
[gazebo_direct_motor_model-5] [INFO] [1786461796.045296173] [my_drone_gazebo_direct_motor_model]: MOTOR_DYNAMIC_STATE sim_s=274.052 cmd_min=0.4652 cmd_mean=0.4814 cmd_max=0.4978 filtered_mean=0.4814 filtered_max=0.4978 esc_throttle_mean=0.5593 total_thrust_n=45.3234 body_up_force_n=39.2512 saturated_motors=0 rated_cap_command=1.0000 voltage_v=14.8000 thrust_scale=1.000000 current_a=0.0000
[arm_coupling_monitor-9] [INFO] [1786461796.465521933] [my_drone_arm_coupling_monitor]: ARM_COUPLING_STATE {"com_body_flu_m": [-0.0039960938049750875, 0.0002592040300230837, -0.20432267951871047], "com_shift_m": [4.0939952918369465e-06, 0.0009318605483264516, 0.00015876554260432774], "feedforward_acceleration_ned_m_s2": [2.564672015770536e-07, 1.0581635396384113e-06, 1.0117267085148145e-05], "filtered_joint_acceleration_peak_rad_s2": 0.0005975982349049105, "inertia_diag_kg_m2": [0.20779944325118865, 0.2084648991090448, 0.21288659898875723], "mass_kg": 4.0, "raw_joint_acceleration_peak_rad_s2": 0.37590763897915136, "reaction_force_body_n": [-4.058240851120144e-06, -1.407313363776721e-06, 4.0475466775315456e-05], "reaction_torque_body_nm": [8.223200470709925e-05, -0.01189596691420756, -0.02677811796653385]}
[gazebo_direct_motor_model-5] [INFO] [1786461797.056369342] [my_drone_gazebo_direct_motor_model]: MOTOR_DYNAMIC_STATE sim_s=275.052 cmd_min=0.4661 cmd_mean=0.4812 cmd_max=0.4962 filtered_mean=0.4812 filtered_max=0.4962 esc_throttle_mean=0.5598 total_thrust_n=45.2987 body_up_force_n=39.2298 saturated_motors=0 rated_cap_command=1.0000 voltage_v=14.8000 thrust_scale=1.000000 current_a=0.0000
[arm_coupling_monitor-9] [INFO] [1786461797.815084224] [my_drone_arm_coupling_monitor]: ARM_COUPLING_STATE {"com_body_flu_m": [-0.003999412163748302, 0.0002580562433390117, -0.20428973418062693], "com_shift_m": [7.756365186222663e-07, 0.0009307127616423796, 0.00019171088068786757], "feedforward_acceleration_ned_m_s2": [3.600364111999509e-07, 7.994135926523267e-07, 8.373653188253652e-06], "filtered_joint_acceleration_peak_rad_s2": 0.000494253896566591, "inertia_diag_kg_m2": [0.20778758630137092, 0.20845151976532675, 0.2128851374406051], "mass_kg": 4.0, "raw_joint_acceleration_peak_rad_s2": 0.32041585857067395, "reaction_force_body_n": [-3.369681674551801e-06, -1.1661918999872375e-06, 3.3488406027924283e-05], "reaction_torque_body_nm": [2.5155137117478598e-05, -0.015596411403274836, -0.020361417156648]}
[gazebo_direct_motor_model-5] [INFO] [1786461798.046283549] [my_drone_gazebo_direct_motor_model]: MOTOR_DYNAMIC_STATE sim_s=276.052 cmd_min=0.4671 cmd_mean=0.4811 cmd_max=0.4950 filtered_mean=0.4811 filtered_max=0.4950 esc_throttle_mean=0.5599 total_thrust_n=45.2895 body_up_force_n=39.2218 saturated_motors=0 rated_cap_command=1.0000 voltage_v=14.8000 thrust_scale=1.000000 current_a=0.0000
[gazebo_direct_motor_model-5] [INFO] [1786461799.056298873] [my_drone_gazebo_direct_motor_model]: MOTOR_DYNAMIC_STATE sim_s=277.052 cmd_min=0.4643 cmd_mean=0.4812 cmd_max=0.4983 filtered_mean=0.4812 filtered_max=0.4982 esc_throttle_mean=0.5582 total_thrust_n=45.3053 body_up_force_n=39.2356 saturated_motors=0 rated_cap_command=1.0000 voltage_v=14.8000 thrust_scale=1.000000 current_a=0.0000
[arm_coupling_monitor-9] [INFO] [1786461799.146335035] [my_drone_arm_coupling_monitor]: ARM_COUPLING_STATE {"com_body_flu_m": [-0.004001226359785183, 0.0002574290947617505, -0.20427174102740991], "com_shift_m": [-1.0385595182581947e-06, 0.0009300856130651184, 0.0002097040339048839], "feedforward_acceleration_ned_m_s2": [1.4560580201417765e-07, 7.198314640704337e-07, 6.380413925531166e-06], "filtered_joint_acceleration_peak_rad_s2": 0.00037694699661299007, "inertia_diag_kg_m2": [0.20778113695685424, 0.2084442336063233, 0.21288433429650838], "mass_kg": 4.0, "raw_joint_acceleration_peak_rad_s2": 0.1687019477469292, "reaction_force_body_n": [-2.575255068713715e-06, -8.903164997100942e-07, 2.5545254780861675e-05], "reaction_torque_body_nm": [-6.482974299361188e-06, -0.011665676530782565, -0.011291383354633361]}
[gazebo_direct_motor_model-5] [INFO] [1786461800.106283490] [my_drone_gazebo_direct_motor_model]: MOTOR_DYNAMIC_STATE sim_s=278.052 cmd_min=0.4666 cmd_mean=0.4818 cmd_max=0.4974 filtered_mean=0.4818 filtered_max=0.4974 esc_throttle_mean=0.5606 total_thrust_n=45.3602 body_up_force_n=39.2831 saturated_motors=0 rated_cap_command=1.0000 voltage_v=14.8000 thrust_scale=1.000000 current_a=0.0000
[arm_coupling_monitor-9] [INFO] [1786461800.316928242] [my_drone_arm_coupling_monitor]: ARM_COUPLING_STATE {"com_body_flu_m": [-0.0040018596542028325, 0.00025721023197000994, -0.20426546310999427], "com_shift_m": [-1.6718539359080603e-06, 0.0009298667502733778, 0.00021598195132052633], "feedforward_acceleration_ned_m_s2": [1.3398620891677444e-07, 4.472317883431884e-07, 4.466419215134914e-06], "filtered_joint_acceleration_peak_rad_s2": 0.00026354886055929435, "inertia_diag_kg_m2": [0.20777889112281575, 0.20844169491242573, 0.2128840532575574], "mass_kg": 4.0, "raw_joint_acceleration_peak_rad_s2": 0.08562120309380274, "reaction_force_body_n": [-1.8017963609342466e-06, -6.226911200399332e-07, 1.786157027125337e-05], "reaction_torque_body_nm": [-6.191605399784963e-06, -0.005770474724790465, -0.00512911812455183]}
[gazebo_direct_motor_model-5] [INFO] [1786461801.051308197] [my_drone_gazebo_direct_motor_model]: MOTOR_DYNAMIC_STATE sim_s=279.052 cmd_min=0.4669 cmd_mean=0.4812 cmd_max=0.4952 filtered_mean=0.4812 filtered_max=0.4952 esc_throttle_mean=0.5603 total_thrust_n=45.3037 body_up_force_n=39.2342 saturated_motors=0 rated_cap_command=1.0000 voltage_v=14.8000 thrust_scale=1.000000 current_a=0.0000
[arm_coupling_monitor-9] [INFO] [1786461801.479869850] [my_drone_arm_coupling_monitor]: ARM_COUPLING_STATE {"com_body_flu_m": [-0.004002103758227342, 0.0002571258794195064, -0.2042630437052579], "com_shift_m": [-1.9159579604174914e-06, 0.0009297823977228743, 0.00021840135605688538], "feedforward_acceleration_ned_m_s2": [5.8919364802651005e-08, 1.53048166526816e-07, 1.700672896988165e-06], "filtered_joint_acceleration_peak_rad_s2": 0.00010026776585452878, "inertia_diag_kg_m2": [0.20777802622072475, 0.20844071702408018, 0.21288394483698442], "mass_kg": 4.0, "raw_joint_acceleration_peak_rad_s2": 0.03054918298992639, "reaction_force_body_n": [-6.856713244116796e-07, -2.3693448684018507e-07, 6.795634882028513e-06], "reaction_torque_body_nm": [-6.931625241132323e-07, -0.0005368016368549704, -0.0004670776988734612]}
[gazebo_direct_motor_model-5] [INFO] [1786461802.062010359] [my_drone_gazebo_direct_motor_model]: MOTOR_DYNAMIC_STATE sim_s=280.052 cmd_min=0.4654 cmd_mean=0.4811 cmd_max=0.4966 filtered_mean=0.4811 filtered_max=0.4966 esc_throttle_mean=0.5591 total_thrust_n=45.2946 body_up_force_n=39.2263 saturated_motors=0 rated_cap_command=1.0000 voltage_v=14.8000 thrust_scale=1.000000 current_a=0.0000
[arm_coupling_monitor-9] [INFO] [1786461802.782097149] [my_drone_arm_coupling_monitor]: ARM_COUPLING_STATE {"com_body_flu_m": [-0.0040021103496503795, 0.0002571236017488831, -0.20426297837851334], "com_shift_m": [-1.9225493834550827e-06, 0.000929780120052251, 0.00021846668280145476], "feedforward_acceleration_ned_m_s2": [2.6318493386578884e-10, 1.1159455134559646e-09, 9.484541014859674e-09], "filtered_joint_acceleration_peak_rad_s2": 5.606569805492451e-07, "inertia_diag_kg_m2": [0.20777800287202772, 0.20844069062367718, 0.2128839419086352], "mass_kg": 4.0, "raw_joint_acceleration_peak_rad_s2": 6.689765341879954e-05, "reaction_force_body_n": [-3.83402375808181e-09, -1.3248551212641988e-09, 3.799845949648055e-08], "reaction_torque_body_nm": [-4.854162950789684e-10, -2.3049870887075017e-09, -2.6593249176604085e-10]}
[gazebo_direct_motor_model-5] [INFO] [1786461803.050194716] [my_drone_gazebo_direct_motor_model]: MOTOR_DYNAMIC_STATE sim_s=281.052 cmd_min=0.4652 cmd_mean=0.4815 cmd_max=0.4982 filtered_mean=0.4815 filtered_max=0.4982 esc_throttle_mean=0.5587 total_thrust_n=45.3259 body_up_force_n=39.2534 saturated_motors=0 rated_cap_command=1.0000 voltage_v=14.8000 thrust_scale=1.000000 current_a=0.0000
[arm_coupling_monitor-9] [INFO] [1786461803.794026031] [my_drone_arm_coupling_monitor]: ARM_COUPLING_STATE {"com_body_flu_m": [-0.00400211034965039, 0.0002571236017488848, -0.20426297837851354], "com_shift_m": [-1.922549383465491e-06, 0.0009297801200522527, 0.00021846668280126047], "feedforward_acceleration_ned_m_s2": [1.8226011474552505e-12, 6.539279856090042e-12, 6.401489642639871e-11], "filtered_joint_acceleration_peak_rad_s2": 3.777745203462155e-09, "inertia_diag_kg_m2": [0.20777800287202777, 0.20844069062367723, 0.2128839419086352], "mass_kg": 4.0, "raw_joint_acceleration_peak_rad_s2": 7.326864809274457e-11, "reaction_force_body_n": [-2.5833318629480558e-11, -8.927177473102617e-12, 2.5604062466400887e-10], "reaction_torque_body_nm": [-3.817329477116559e-12, -1.2514235049601584e-11, -1.728511015690751e-12]}
[gazebo_direct_motor_model-5] [INFO] [1786461804.057178893] [my_drone_gazebo_direct_motor_model]: MOTOR_DYNAMIC_STATE sim_s=282.052 cmd_min=0.4552 cmd_mean=0.4694 cmd_max=0.4836 filtered_mean=0.4694 filtered_max=0.4836 esc_throttle_mean=0.5344 total_thrust_n=44.1941 body_up_force_n=38.2732 saturated_motors=0 rated_cap_command=1.0000 voltage_v=14.8000 thrust_scale=1.000000 current_a=0.0000
[gazebo_direct_motor_model-5] [INFO] [1786461805.051409895] [my_drone_gazebo_direct_motor_model]: MOTOR_DYNAMIC_STATE sim_s=283.052 cmd_min=0.4652 cmd_mean=0.4797 cmd_max=0.4938 filtered_mean=0.4797 filtered_max=0.4938 esc_throttle_mean=0.5573 total_thrust_n=45.1646 body_up_force_n=39.1137 saturated_motors=0 rated_cap_command=1.0000 voltage_v=14.8000 thrust_scale=1.000000 current_a=0.0000
[arm_coupling_monitor-9] [INFO] [1786461805.130605591] [my_drone_arm_coupling_monitor]: ARM_COUPLING_STATE {"com_body_flu_m": [-0.004002110349650409, 0.0002571236017488727, -0.20426297837851284], "com_shift_m": [-1.922549383484573e-06, 0.0009297801200522406, 0.00021846668280195436], "feedforward_acceleration_ned_m_s2": [2.921983210474336e-15, 7.277721645774285e-15, 8.074305258339986e-14], "filtered_joint_acceleration_peak_rad_s2": 4.739877945561524e-12, "inertia_diag_kg_m2": [0.20777800287202758, 0.2084406906236769, 0.2128839419086351], "mass_kg": 4.0, "raw_joint_acceleration_peak_rad_s2": 1.9840379339347203e-10, "reaction_force_body_n": [-3.156474884552864e-14, -1.1189836457527873e-14, 3.22759282329593e-13], "reaction_torque_body_nm": [-6.760369159092042e-13, 1.5112478336550438e-11, 1.1737789381946812e-13]}
[gazebo_direct_motor_model-5] [INFO] [1786461806.056218872] [my_drone_gazebo_direct_motor_model]: MOTOR_DYNAMIC_STATE sim_s=284.052 cmd_min=0.4660 cmd_mean=0.4822 cmd_max=0.4984 filtered_mean=0.4822 filtered_max=0.4984 esc_throttle_mean=0.5605 total_thrust_n=45.3935 body_up_force_n=39.3119 saturated_motors=0 rated_cap_command=1.0000 voltage_v=14.8000 thrust_scale=1.000000 current_a=0.0000
[arm_coupling_monitor-9] [INFO] [1786461806.160085710] [my_drone_arm_coupling_monitor]: ARM_COUPLING_STATE {"com_body_flu_m": [-0.004002110349650374, 0.0002571236017488883, -0.2042629783785137], "com_shift_m": [-1.9225493834498786e-06, 0.0009297801200522562, 0.00021846668280109394], "feedforward_acceleration_ned_m_s2": [-3.788749243338657e-17, 3.0194416340749584e-16, 9.639143836650094e-15], "filtered_joint_acceleration_peak_rad_s2": 6.893013440857906e-13, "inertia_diag_kg_m2": [0.2077780028720279, 0.20844069062367726, 0.21288394190863522], "mass_kg": 4.0, "raw_joint_acceleration_peak_rad_s2": 9.748365309378919e-11, "reaction_force_body_n": [-9.09541452778894e-16, -3.036295760487502e-18, 3.8565060863727894e-14], "reaction_torque_body_nm": [-6.712211554592985e-13, 1.8223854563412155e-11, -3.202693648528977e-13]}
[gazebo_direct_motor_model-5] [INFO] [1786461807.054742200] [my_drone_gazebo_direct_motor_model]: MOTOR_DYNAMIC_STATE sim_s=285.052 cmd_min=0.4698 cmd_mean=0.4842 cmd_max=0.4989 filtered_mean=0.4842 filtered_max=0.4989 esc_throttle_mean=0.5640 total_thrust_n=45.5887 body_up_force_n=39.4810 saturated_motors=0 rated_cap_command=1.0000 voltage_v=14.8000 thrust_scale=1.000000 current_a=0.0000
[arm_coupling_monitor-9] [INFO] [1786461807.469888988] [my_drone_arm_coupling_monitor]: ARM_COUPLING_STATE {"com_body_flu_m": [-0.004002110349650355, 0.0002571236017489091, -0.2042629783785151], "com_shift_m": [-1.9225493834307966e-06, 0.000929780120052277, 0.00021846668279970616], "feedforward_acceleration_ned_m_s2": [2.2270488043864893e-16, -3.863836080727097e-16, 7.074896522443861e-15], "filtered_joint_acceleration_peak_rad_s2": 6.039843038220887e-13, "inertia_diag_kg_m2": [0.20777800287202833, 0.20844069062367784, 0.21288394190863535], "mass_kg": 4.0, "raw_joint_acceleration_peak_rad_s2": 9.87014289739191e-11, "reaction_force_body_n": [1.5479029239069843e-15, -8.671314355662474e-16, 2.8300192376836598e-14], "reaction_torque_body_nm": [-2.88913872801225e-13, 8.13253216263274e-12, 2.9815157397756533e-13]}
[gazebo_direct_motor_model-5] [INFO] [1786461808.049535307] [my_drone_gazebo_direct_motor_model]: MOTOR_DYNAMIC_STATE sim_s=286.052 cmd_min=0.4683 cmd_mean=0.4840 cmd_max=0.4996 filtered_mean=0.4840 filtered_max=0.4996 esc_throttle_mean=0.5638 total_thrust_n=45.5664 body_up_force_n=39.4617 saturated_motors=0 rated_cap_command=1.0000 voltage_v=14.8000 thrust_scale=1.000000 current_a=0.0000
[arm_coupling_monitor-9] [INFO] [1786461808.784302776] [my_drone_arm_coupling_monitor]: ARM_COUPLING_STATE {"com_body_flu_m": [-0.004002110349650366, 0.00025712360174890217, -0.20426297837851454], "com_shift_m": [-1.922549383441205e-06, 0.00092978012005227, 0.00021846668280026127], "feedforward_acceleration_ned_m_s2": [2.36576996321291e-16, -1.0422296651540096e-16, 7.485383912249607e-15], "filtered_joint_acceleration_peak_rad_s2": 6.032762969637779e-13, "inertia_diag_kg_m2": [0.20777800287202813, 0.2084406906236776, 0.2128839419086353], "mass_kg": 4.0, "raw_joint_acceleration_peak_rad_s2": 1.0773847092197713e-10, "reaction_force_body_n": [5.198570069516425e-16, -8.982982969136246e-16, 2.994140383337648e-14], "reaction_torque_body_nm": [7.732208148646652e-13, -6.685000492618859e-12, 3.15656152437585e-13]}
[gazebo_direct_motor_model-5] [INFO] [1786461809.048833990] [my_drone_gazebo_direct_motor_model]: MOTOR_DYNAMIC_STATE sim_s=287.052 cmd_min=0.4675 cmd_mean=0.4828 cmd_max=0.4981 filtered_mean=0.4828 filtered_max=0.4981 esc_throttle_mean=0.5622 total_thrust_n=45.4536 body_up_force_n=39.3640 saturated_motors=0 rated_cap_command=1.0000 voltage_v=14.8000 thrust_scale=1.000000 current_a=0.0000
[arm_coupling_monitor-9] [INFO] [1786461809.798502448] [my_drone_arm_coupling_monitor]: ARM_COUPLING_STATE {"com_body_flu_m": [-0.004002110349650373, 0.00025712360174889523, -0.2042629783785142], "com_shift_m": [-1.922549383448144e-06, 0.0009297801200522631, 0.00021846668280059434], "feedforward_acceleration_ned_m_s2": [1.8213821117038152e-16, -2.2921901367606927e-16, 4.801874394818562e-15], "filtered_joint_acceleration_peak_rad_s2": 4.043542967792459e-13, "inertia_diag_kg_m2": [0.20777800287202805, 0.20844069062367748, 0.21288394190863524], "mass_kg": 4.0, "raw_joint_acceleration_peak_rad_s2": 9.97760901686995e-11, "reaction_force_body_n": [8.733608091776745e-16, -7.233247338532882e-16, 1.920972296602422e-14], "reaction_torque_body_nm": [-4.4498911781350437e-13, 6.434740925317472e-12, 2.2945075451649826e-13]}
[gazebo_direct_motor_model-5] [INFO] [1786461810.057051855] [my_drone_gazebo_direct_motor_model]: MOTOR_DYNAMIC_STATE sim_s=288.052 cmd_min=0.4680 cmd_mean=0.4829 cmd_max=0.4978 filtered_mean=0.4829 filtered_max=0.4978 esc_throttle_mean=0.5626 total_thrust_n=45.4604 body_up_force_n=39.3698 saturated_motors=0 rated_cap_command=1.0000 voltage_v=14.8000 thrust_scale=1.000000 current_a=0.0000
[arm_coupling_monitor-9] [INFO] [1786461810.858562917] [my_drone_arm_coupling_monitor]: ARM_COUPLING_STATE {"com_body_flu_m": [-0.004002110349650371, 0.0002571236017488987, -0.20426297837851443], "com_shift_m": [-1.922549383446409e-06, 0.0009297801200522666, 0.0002184666828003723], "feedforward_acceleration_ned_m_s2": [-8.64629672046684e-18, -1.2114286665231848e-16, 4.683844583866307e-15], "filtered_joint_acceleration_peak_rad_s2": 3.777389919151309e-13, "inertia_diag_kg_m2": [0.20777800287202813, 0.20844069062367757, 0.21288394190863527], "mass_kg": 4.0, "raw_joint_acceleration_peak_rad_s2": 9.882979851114077e-11, "reaction_force_body_n": [4.344251930687623e-16, 7.179892252220434e-17, 1.873650251996821e-14], "reaction_torque_body_nm": [2.076102974596224e-13, 3.7156977942992545e-12, -1.0205851607647936e-13]}
[gazebo_direct_motor_model-5] [INFO] [1786461811.055636042] [my_drone_gazebo_direct_motor_model]: MOTOR_DYNAMIC_STATE sim_s=289.052 cmd_min=0.4673 cmd_mean=0.4825 cmd_max=0.4977 filtered_mean=0.4825 filtered_max=0.4977 esc_throttle_mean=0.5619 total_thrust_n=45.4289 body_up_force_n=39.3426 saturated_motors=0 rated_cap_command=1.0000 voltage_v=14.8000 thrust_scale=1.000000 current_a=0.0000
[gazebo_direct_motor_model-5] [INFO] [1786461812.047716686] [my_drone_gazebo_direct_motor_model]: MOTOR_DYNAMIC_STATE sim_s=290.052 cmd_min=0.4004 cmd_mean=0.4193 cmd_max=0.4378 filtered_mean=0.4193 filtered_max=0.4378 esc_throttle_mean=0.4762 total_thrust_n=39.4717 body_up_force_n=34.1835 saturated_motors=0 rated_cap_command=1.0000 voltage_v=14.8000 thrust_scale=1.000000 current_a=0.0000
[arm_coupling_monitor-9] [INFO] [1786461812.121080318] [my_drone_arm_coupling_monitor]: ARM_COUPLING_STATE {"com_body_flu_m": [-0.004002110403997613, 0.0002571235546849765, -0.20426297297886034], "com_shift_m": [-1.9226037306883936e-06, 0.0009297800729883444, 0.00021847208245445726], "feedforward_acceleration_ned_m_s2": [3.844742205737007e-08, 4.271993113707778e-08, 4.577485669254385e-06], "filtered_joint_acceleration_peak_rad_s2": 0.00025710023743962006, "inertia_diag_kg_m2": [0.20777800094477128, 0.20844068852799716, 0.2128839417438333], "mass_kg": 4.0, "raw_joint_acceleration_peak_rad_s2": 14.557454403944915, "reaction_force_body_n": [-1.8388302738832395e-07, -1.5959195875651413e-07, 1.830976704994016e-05], "reaction_torque_body_nm": [3.2767707784393486e-05, 0.0038002900353030695, 3.345568951532847e-05]}
