DDS WASD: T takeoff | W/S/A/D move | R/F up/down | Q/E yaw | L land | O exit Offboard | X twice emergency disarm | Z safe exit
[0m[INFO] [1786180934.121031212] [my_drone_dds_wasd_control]: NED target initialized: N=0.027 E=0.028 D=-0.093 yaw=98.9 deg[0m
[0m[INFO] [1786180934.145973454] [my_drone_dds_wasd_control]: local vertical target sign=-1 (target = current + sign * height)[0m
[0m[INFO] [1786180934.486823791] [my_drone_dds_wasd_control]: STATE arm=1 nav=4 NED=(0.023,0.029,-0.092) vel=(-0.007,0.004,-0.010) yaw_deg=98.9 failsafe=False age_s=(0.03,0.01) arm_torque_nm=0.000 motors=[0.00,0.00,0.00,0.00,0.00,0.00,0.00,0.00][0m
[0m[INFO] [1786180935.491567929] [my_drone_dds_wasd_control]: STATE arm=1 nav=4 NED=(0.018,0.037,-0.075) vel=(-0.005,0.007,-0.004) yaw_deg=98.9 failsafe=False age_s=(0.03,0.01) arm_torque_nm=0.000 motors=[0.00,0.00,0.00,0.00,0.00,0.00,0.00,0.00][0m
[0m[INFO] [1786180936.525019440] [my_drone_dds_wasd_control]: target NED=(0.01, 0.01, -1.26) yaw=98.9 deg[0m
[0m[INFO] [1786180936.552424792] [my_drone_dds_wasd_control]: Prestreaming Offboard setpoints for 2 seconds[0m
[0m[INFO] [1786180936.586460395] [my_drone_dds_wasd_control]: STATE arm=1 nav=4 NED=(0.007,0.011,-0.064) vel=(-0.014,-0.010,0.000) yaw_deg=98.9 failsafe=False age_s=(0.11,0.06) arm_torque_nm=0.000 motors=[0.00,0.00,0.00,0.00,0.00,0.00,0.00,0.00][0m
[0m[INFO] [1786180937.578954302] [my_drone_dds_wasd_control]: STATE arm=1 nav=4 NED=(-0.010,0.020,-0.056) vel=(-0.023,0.001,0.001) yaw_deg=98.9 failsafe=False age_s=(0.46,0.01) arm_torque_nm=0.000 motors=[0.00,0.00,0.00,0.00,0.00,0.00,0.00,0.00][0m
[0m[INFO] [1786180938.580170278] [my_drone_dds_wasd_control]: OFFBOARD mode and ARM commands sent[0m
[0m[INFO] [1786180938.597686356] [my_drone_dds_wasd_control]: PX4 command ack: command=400 result=0[0m
[0m[INFO] [1786180938.630383628] [my_drone_dds_wasd_control]: STATE arm=2 nav=14 NED=(-0.009,0.029,-0.054) vel=(-0.013,0.003,-0.003) yaw_deg=98.9 failsafe=False age_s=(0.03,0.01) arm_torque_nm=0.000 motors=[1.94,0.03,1.94,0.86,1.17,0.03,1.17,0.86][0m
[0m[INFO] [1786180939.678541271] [my_drone_dds_wasd_control]: STATE arm=2 nav=14 NED=(-0.005,0.031,-0.036) vel=(-0.010,0.004,0.002) yaw_deg=98.9 failsafe=False age_s=(0.09,0.01) arm_torque_nm=0.000 motors=[62.00,62.02,62.00,63.29,60.77,62.02,60.77,63.29][0m
[0m[INFO] [1786180940.680204112] [my_drone_dds_wasd_control]: STATE arm=2 nav=14 NED=(0.016,0.035,-0.133) vel=(0.006,0.004,-0.440) yaw_deg=98.9 failsafe=False age_s=(0.08,0.01) arm_torque_nm=0.066 motors=[677.71,697.99,677.71,705.53,670.18,697.99,670.18,705.53][0m
[0m[INFO] [1786180941.734965828] [my_drone_dds_wasd_control]: STATE arm=2 nav=14 NED=(0.046,-0.006,-0.162) vel=(0.034,-0.114,-0.033) yaw_deg=99.0 failsafe=False age_s=(0.12,0.02) arm_torque_nm=0.022 motors=[746.36,779.13,746.35,787.75,738.56,779.12,738.57,787.76][0m
[0m[INFO] [1786180945.487637006] [my_drone_dds_wasd_control]: STATE arm=2 nav=14 NED=(0.055,-0.041,-0.149) vel=(0.017,-0.063,0.121) yaw_deg=98.8 failsafe=False age_s=(0.13,0.00) arm_torque_nm=0.009 motors=[793.19,818.28,793.22,825.80,782.87,818.31,782.83,825.77][0m
[0m[INFO] [1786180946.485994733] [my_drone_dds_wasd_control]: STATE arm=2 nav=14 NED=(0.020,-0.013,-0.151) vel=(-0.028,-0.074,0.049) yaw_deg=98.9 failsafe=False age_s=(0.12,0.00) arm_torque_nm=0.000 motors=[779.62,804.53,779.64,812.91,769.42,804.55,769.40,812.88][0m
[0m[INFO] [1786180947.491135071] [my_drone_dds_wasd_control]: STATE arm=2 nav=14 NED=(0.011,-0.016,-0.287) vel=(-0.030,0.002,-0.192) yaw_deg=98.8 failsafe=False age_s=(0.12,0.00) arm_torque_nm=0.000 motors=[751.52,711.93,751.56,712.63,748.26,711.95,748.23,712.60][0m
[0m[INFO] [1786180948.538846658] [my_drone_dds_wasd_control]: STATE arm=2 nav=14 NED=(0.025,-0.056,-0.131) vel=(-0.005,0.014,0.234) yaw_deg=98.9 failsafe=False age_s=(0.16,0.01) arm_torque_nm=0.039 motors=[831.35,834.24,831.38,841.79,821.14,834.27,821.11,841.76][0m
[0m[INFO] [1786180949.532266862] [my_drone_dds_wasd_control]: STATE arm=2 nav=14 NED=(-0.021,0.017,-0.164) vel=(-0.023,-0.051,0.044) yaw_deg=98.5 failsafe=False age_s=(0.15,0.01) arm_torque_nm=0.002 motors=[801.49,820.22,801.54,827.10,790.44,820.27,790.39,827.05][0m
[0m[INFO] [1786180950.531274818] [my_drone_dds_wasd_control]: STATE arm=2 nav=14 NED=(-0.022,-0.004,-0.119) vel=(-0.038,0.049,0.110) yaw_deg=98.8 failsafe=False age_s=(0.14,0.01) arm_torque_nm=0.051 motors=[856.13,822.27,856.06,835.67,848.43,822.20,848.50,835.73][0m
[0m[INFO] [1786180951.586219428] [my_drone_dds_wasd_control]: STATE arm=2 nav=14 NED=(-0.020,0.140,-0.230) vel=(0.029,-0.048,-0.053) yaw_deg=99.0 failsafe=False age_s=(0.18,0.00) arm_torque_nm=0.051 motors=[786.79,826.02,786.72,836.91,782.38,825.94,782.46,836.98][0m
[0m[INFO] [1786180952.592005165] [my_drone_dds_wasd_control]: STATE arm=2 nav=14 NED=(0.080,-0.568,-0.083) vel=(0.190,-1.272,0.202) yaw_deg=95.8 failsafe=False age_s=(0.18,0.00) arm_torque_nm=0.000 motors=[877.73,922.61,878.04,921.06,853.11,922.92,852.80,920.74][0m
[0m[INFO] [1786180953.583118940] [my_drone_dds_wasd_control]: STATE arm=2 nav=14 NED=(0.124,-1.917,-0.020) vel=(0.116,-1.021,0.025) yaw_deg=94.8 failsafe=False age_s=(0.17,0.02) arm_torque_nm=0.000 motors=[878.08,874.24,878.39,866.26,859.65,874.56,859.34,865.95][0m
[0m[INFO] [1786180954.635052832] [my_drone_dds_wasd_control]: STATE arm=2 nav=14 NED=(0.207,-2.256,-0.167) vel=(0.060,0.000,-0.160) yaw_deg=101.6 failsafe=False age_s=(0.21,0.01) arm_torque_nm=0.053 motors=[809.82,846.16,809.18,885.02,824.73,845.52,825.37,885.67][0m
[0m[INFO] [1786180955.687801468] [my_drone_dds_wasd_control]: STATE arm=2 nav=14 NED=(0.300,-2.515,-0.129) vel=(0.091,-0.477,0.039) yaw_deg=100.9 failsafe=False age_s=(0.25,0.02) arm_torque_nm=0.000 motors=[863.36,901.43,863.16,923.20,858.94,901.22,859.15,923.40][0m
[31m[ERROR] [1786180956.701254295] [my_drone_dds_wasd_control]: Position safety gate exceeded; requesting LAND horizontal=3.00 m vertical=1.09 m[0m
[33m[WARN] [1786180956.733735898] [my_drone_dds_wasd_control]: OFFBOARD_LANDING_STARTED; holding XY and descending to the recorded takeoff ground height[0m
[0m[INFO] [1786180956.770254680] [my_drone_dds_wasd_control]: STATE arm=2 nav=14 NED=(0.357,-2.973,-0.175) vel=(0.021,-0.220,-0.124) yaw_deg=98.3 failsafe=False age_s=(0.22,0.09) arm_torque_nm=0.000 motors=[860.54,865.04,860.76,865.41,841.91,865.25,841.69,865.19][0m
[0m[INFO] [1786180957.789586853] [my_drone_dds_wasd_control]: STATE arm=2 nav=14 NED=(0.322,-2.861,-0.297) vel=(-0.036,0.380,-0.287) yaw_deg=98.0 failsafe=False age_s=(0.05,0.01) arm_torque_nm=0.000 motors=[790.80,813.58,790.96,814.46,776.81,813.73,776.65,814.30][0m
[0m[INFO] [1786180958.790507255] [my_drone_dds_wasd_control]: STATE arm=2 nav=14 NED=(0.292,-2.554,-0.230) vel=(-0.107,0.346,0.003) yaw_deg=98.6 failsafe=False age_s=(0.04,0.01) arm_torque_nm=0.000 motors=[875.78,790.08,875.73,804.45,865.22,790.04,865.27,804.50][0m
[0m[INFO] [1786180959.782288240] [my_drone_dds_wasd_control]: STATE arm=2 nav=14 NED=(0.147,-1.498,0.008) vel=(-0.163,1.679,-0.000) yaw_deg=98.9 failsafe=False age_s=(0.03,0.01) arm_torque_nm=0.000 motors=[840.53,861.32,840.46,863.22,844.50,861.25,844.58,863.29][0m
[0m[INFO] [1786180960.828308540] [my_drone_dds_wasd_control]: STATE arm=2 nav=14 NED=(0.291,-0.773,0.339) vel=(0.209,-0.798,0.240) yaw_deg=98.4 failsafe=False age_s=(0.08,0.00) arm_torque_nm=0.000 motors=[857.18,981.73,857.21,1000.00,829.08,981.75,829.05,1000.00][0m
[0m[INFO] [1786180961.831463379] [my_drone_dds_wasd_control]: STATE arm=2 nav=14 NED=(0.748,-2.757,0.464) vel=(1.174,-2.730,-0.065) yaw_deg=94.2 failsafe=False age_s=(0.07,0.00) arm_torque_nm=0.013 motors=[822.82,969.53,823.89,848.43,854.41,970.60,853.34,847.36][0m
[0m[INFO] [1786180962.835516240] [my_drone_dds_wasd_control]: STATE arm=2 nav=14 NED=(1.677,-0.506,0.593) vel=(0.470,4.581,0.494) yaw_deg=-175.7 failsafe=False age_s=(0.08,0.00) arm_torque_nm=0.035 motors=[842.81,822.00,835.31,1000.00,1000.00,814.50,1000.00,1000.00][0m
[31m[ERROR] [1786180962.889193741] [my_drone_dds_wasd_control]: Position safety gate exceeded; requesting LAND horizontal=3.00 m vertical=0.68 m[0m
[31m[ERROR] [1786180962.937281489] [my_drone_dds_wasd_control]: Position safety gate exceeded; requesting LAND horizontal=3.20 m vertical=0.71 m[0m
[31m[ERROR] [1786180962.982203460] [my_drone_dds_wasd_control]: Position safety gate exceeded; requesting LAND horizontal=3.41 m vertical=0.73 m[0m
[31m[ERROR] [1786180963.027420729] [my_drone_dds_wasd_control]: Position safety gate exceeded; requesting LAND horizontal=3.66 m vertical=0.76 m[0m
[31m[ERROR] [1786180963.079376851] [my_drone_dds_wasd_control]: Position safety gate exceeded; requesting LAND horizontal=3.81 m vertical=0.78 m[0m
[31m[ERROR] [1786180963.134845591] [my_drone_dds_wasd_control]: Position safety gate exceeded; requesting LAND horizontal=4.05 m vertical=0.83 m[0m
[31m[ERROR] [1786180963.188249567] [my_drone_dds_wasd_control]: Position safety gate exceeded; requesting LAND horizontal=4.20 m vertical=0.86 m[0m
[31m[ERROR] [1786180963.244073607] [my_drone_dds_wasd_control]: Position safety gate exceeded; requesting LAND horizontal=4.46 m vertical=0.90 m[0m
[31m[ERROR] [1786180963.300589453] [my_drone_dds_wasd_control]: Position safety gate exceeded; requesting LAND horizontal=4.61 m vertical=0.92 m[0m
[31m[ERROR] [1786180963.343665811] [my_drone_dds_wasd_control]: Position safety gate exceeded; requesting LAND horizontal=4.87 m vertical=0.97 m[0m
[31m[ERROR] [1786180963.439371024] [my_drone_dds_wasd_control]: Position safety gate exceeded; requesting LAND horizontal=5.08 m vertical=1.02 m[0m
[31m[ERROR] [1786180963.491908981] [my_drone_dds_wasd_control]: Position safety gate exceeded; requesting LAND horizontal=5.08 m vertical=1.02 m[0m
[31m[ERROR] [1786180963.529294145] [my_drone_dds_wasd_control]: Position safety gate exceeded; requesting LAND horizontal=5.58 m vertical=1.09 m[0m
[31m[ERROR] [1786180963.584448393] [my_drone_dds_wasd_control]: Position safety gate exceeded; requesting LAND horizontal=5.58 m vertical=1.09 m[0m
[31m[ERROR] [1786180963.624088096] [my_drone_dds_wasd_control]: Position safety gate exceeded; requesting LAND horizontal=5.85 m vertical=1.12 m[0m
[31m[ERROR] [1786180963.655912982] [my_drone_dds_wasd_control]: Position safety gate exceeded; requesting LAND horizontal=5.97 m vertical=1.13 m[0m
[31m[ERROR] [1786180963.688992450] [my_drone_dds_wasd_control]: Position safety gate exceeded; requesting LAND horizontal=6.08 m vertical=1.13 m[0m
[31m[ERROR] [1786180963.736459642] [my_drone_dds_wasd_control]: Position safety gate exceeded; requesting LAND horizontal=6.30 m vertical=1.14 m[0m
[31m[ERROR] [1786180963.784129670] [my_drone_dds_wasd_control]: Position safety gate exceeded; requesting LAND horizontal=6.43 m vertical=1.14 m[0m
[0m[INFO] [1786180963.839398131] [my_drone_dds_wasd_control]: STATE arm=2 nav=14 NED=(1.584,3.571,1.076) vel=(-0.222,4.600,0.587) yaw_deg=-164.3 failsafe=False age_s=(0.46,0.00) arm_torque_nm=0.416 motors=[817.41,963.81,812.18,1000.00,1000.00,958.59,1000.00,1000.00][0m
[31m[ERROR] [1786180963.870982170] [my_drone_dds_wasd_control]: Position safety gate exceeded; requesting LAND horizontal=6.66 m vertical=1.14 m[0m
[31m[ERROR] [1786180963.903146195] [my_drone_dds_wasd_control]: Position safety gate exceeded; requesting LAND horizontal=6.66 m vertical=1.14 m[0m
[31m[ERROR] [1786180963.946399440] [my_drone_dds_wasd_control]: Position safety gate exceeded; requesting LAND horizontal=7.02 m vertical=1.14 m[0m
[31m[ERROR] [1786180963.990763981] [my_drone_dds_wasd_control]: Position safety gate exceeded; requesting LAND horizontal=7.22 m vertical=1.13 m[0m
[31m[ERROR] [1786180964.091515740] [my_drone_dds_wasd_control]: Position safety gate exceeded; requesting LAND horizontal=7.44 m vertical=1.13 m[0m
[31m[ERROR] [1786180964.250875375] [my_drone_dds_wasd_control]: Position safety gate exceeded; requesting LAND horizontal=7.44 m vertical=1.13 m[0m
[31m[ERROR] [1786180964.295022790] [my_drone_dds_wasd_control]: Position safety gate exceeded; requesting LAND horizontal=8.33 m vertical=1.10 m[0m
[31m[ERROR] [1786180964.336253751] [my_drone_dds_wasd_control]: Position safety gate exceeded; requesting LAND horizontal=8.33 m vertical=1.10 m[0m
[31m[ERROR] [1786180964.374693468] [my_drone_dds_wasd_control]: Position safety gate exceeded; requesting LAND horizontal=8.65 m vertical=1.08 m[0m
[31m[ERROR] [1786180964.413637450] [my_drone_dds_wasd_control]: Position safety gate exceeded; requesting LAND horizontal=8.65 m vertical=1.08 m[0m
[31m[ERROR] [1786180964.458646152] [my_drone_dds_wasd_control]: Position safety gate exceeded; requesting LAND horizontal=8.93 m vertical=1.07 m[0m
[31m[ERROR] [1786180964.506410807] [my_drone_dds_wasd_control]: Position safety gate exceeded; requesting LAND horizontal=8.93 m vertical=1.07 m[0m
[31m[ERROR] [1786180964.543302723] [my_drone_dds_wasd_control]: Position safety gate exceeded; requesting LAND horizontal=9.38 m vertical=1.06 m[0m
[31m[ERROR] [1786180964.603052007] [my_drone_dds_wasd_control]: Position safety gate exceeded; requesting LAND horizontal=9.53 m vertical=1.05 m[0m
[31m[ERROR] [1786180964.656854398] [my_drone_dds_wasd_control]: Position safety gate exceeded; requesting LAND horizontal=9.78 m vertical=1.04 m[0m
[31m[ERROR] [1786180964.686085584] [my_drone_dds_wasd_control]: Position safety gate exceeded; requesting LAND horizontal=9.78 m vertical=1.04 m[0m
[31m[ERROR] [1786180964.743945867] [my_drone_dds_wasd_control]: Position safety gate exceeded; requesting LAND horizontal=10.20 m vertical=1.03 m[0m
[31m[ERROR] [1786180964.791592334] [my_drone_dds_wasd_control]: Position safety gate exceeded; requesting LAND horizontal=10.36 m vertical=1.02 m[0m
[31m[ERROR] [1786180964.846586039] [my_drone_dds_wasd_control]: Position safety gate exceeded; requesting LAND horizontal=10.62 m vertical=1.02 m[0m
[0m[INFO] [1786180964.885153826] [my_drone_dds_wasd_control]: STATE arm=2 nav=5 NED=(1.757,7.764,0.947) vel=(0.144,4.358,0.232) yaw_deg=-164.3 failsafe=True age_s=(0.15,0.01) arm_torque_nm=0.001 motors=[793.08,1000.00,793.18,871.07,969.08,1000.00,968.98,870.97][0m
[31m[ERROR] [1786180964.910934851] [my_drone_dds_wasd_control]: Position safety gate exceeded; requesting LAND horizontal=10.83 m vertical=1.01 m[0m
[31m[ERROR] [1786180964.937729695] [my_drone_dds_wasd_control]: Position safety gate exceeded; requesting LAND horizontal=10.83 m vertical=1.01 m[0m
[31m[ERROR] [1786180964.990567165] [my_drone_dds_wasd_control]: Position safety gate exceeded; requesting LAND horizontal=11.26 m vertical=1.00 m[0m
[31m[ERROR] [1786180965.033133693] [my_drone_dds_wasd_control]: Position safety gate exceeded; requesting LAND horizontal=11.52 m vertical=0.99 m[0m
[31m[ERROR] [1786180965.087956788] [my_drone_dds_wasd_control]: Position safety gate exceeded; requesting LAND horizontal=11.67 m vertical=0.99 m[0m
[31m[ERROR] [1786180965.142062410] [my_drone_dds_wasd_control]: Position safety gate exceeded; requesting LAND horizontal=11.93 m vertical=0.99 m[0m
[31m[ERROR] [1786180965.190472895] [my_drone_dds_wasd_control]: Position safety gate exceeded; requesting LAND horizontal=12.08 m vertical=0.98 m[0m
[31m[ERROR] [1786180965.238106898] [my_drone_dds_wasd_control]: Position safety gate exceeded; requesting LAND horizontal=12.35 m vertical=0.98 m[0m
[31m[ERROR] [1786180965.287025746] [my_drone_dds_wasd_control]: Position safety gate exceeded; requesting LAND horizontal=12.51 m vertical=0.98 m[0m
[31m[ERROR] [1786180965.334977056] [my_drone_dds_wasd_control]: Position safety gate exceeded; requesting LAND horizontal=12.77 m vertical=0.97 m[0m
[31m[ERROR] [1786180965.385213061] [my_drone_dds_wasd_control]: Position safety gate exceeded; requesting LAND horizontal=12.98 m vertical=0.97 m[0m
[31m[ERROR] [1786180965.430117987] [my_drone_dds_wasd_control]: Position safety gate exceeded; requesting LAND horizontal=13.18 m vertical=0.97 m[0m
[31m[ERROR] [1786180965.478983057] [my_drone_dds_wasd_control]: Position safety gate exceeded; requesting LAND horizontal=13.41 m vertical=0.97 m[0m
[31m[ERROR] [1786180965.531924524] [my_drone_dds_wasd_control]: Position safety gate exceeded; requesting LAND horizontal=13.68 m vertical=0.97 m[0m
[31m[ERROR] [1786180965.585476932] [my_drone_dds_wasd_control]: Position safety gate exceeded; requesting LAND horizontal=13.84 m vertical=0.97 m[0m
[31m[ERROR] [1786180965.629308824] [my_drone_dds_wasd_control]: Position safety gate exceeded; requesting LAND horizontal=14.11 m vertical=0.97 m[0m
[31m[ERROR] [1786180965.684021787] [my_drone_dds_wasd_control]: Position safety gate exceeded; requesting LAND horizontal=14.27 m vertical=0.96 m[0m
[31m[ERROR] [1786180965.729025924] [my_drone_dds_wasd_control]: Position safety gate exceeded; requesting LAND horizontal=14.56 m vertical=0.96 m[0m
[31m[ERROR] [1786180965.778755378] [my_drone_dds_wasd_control]: Position safety gate exceeded; requesting LAND horizontal=14.73 m vertical=0.96 m[0m
[31m[ERROR] [1786180965.836359242] [my_drone_dds_wasd_control]: Position safety gate exceeded; requesting LAND horizontal=15.01 m vertical=0.96 m[0m
[0m[INFO] [1786180965.890591041] [my_drone_dds_wasd_control]: STATE arm=2 nav=5 NED=(1.836,12.183,0.899) vel=(0.207,4.445,0.112) yaw_deg=-164.4 failsafe=True age_s=(0.13,0.01) arm_torque_nm=0.000 motors=[825.30,1000.00,825.22,915.14,1000.00,1000.00,1000.00,915.22][0m
[31m[ERROR] [1786180965.925329708] [my_drone_dds_wasd_control]: Position safety gate exceeded; requesting LAND horizontal=15.23 m vertical=0.96 m[0m
[31m[ERROR] [1786180965.961211527] [my_drone_dds_wasd_control]: Position safety gate exceeded; requesting LAND horizontal=15.23 m vertical=0.96 m[0m
[31m[ERROR] [1786180965.983544100] [my_drone_dds_wasd_control]: Position safety gate exceeded; requesting LAND horizontal=15.68 m vertical=0.96 m[0m
[31m[ERROR] [1786180966.030143334] [my_drone_dds_wasd_control]: Position safety gate exceeded; requesting LAND horizontal=15.96 m vertical=0.96 m[0m
[31m[ERROR] [1786180966.077731450] [my_drone_dds_wasd_control]: Position safety gate exceeded; requesting LAND horizontal=16.12 m vertical=0.96 m[0m
[31m[ERROR] [1786180966.129323931] [my_drone_dds_wasd_control]: Position safety gate exceeded; requesting LAND horizontal=16.40 m vertical=0.96 m[0m
[31m[ERROR] [1786180966.184407171] [my_drone_dds_wasd_control]: Position safety gate exceeded; requesting LAND horizontal=16.56 m vertical=0.96 m[0m
[31m[ERROR] [1786180966.237541832] [my_drone_dds_wasd_control]: Position safety gate exceeded; requesting LAND horizontal=16.86 m vertical=0.95 m[0m
[31m[ERROR] [1786180966.297287093] [my_drone_dds_wasd_control]: Position safety gate exceeded; requesting LAND horizontal=17.03 m vertical=0.95 m[0m
[31m[ERROR] [1786180966.339681217] [my_drone_dds_wasd_control]: Position safety gate exceeded; requesting LAND horizontal=17.31 m vertical=0.95 m[0m
[31m[ERROR] [1786180966.383250799] [my_drone_dds_wasd_control]: Position safety gate exceeded; requesting LAND horizontal=17.53 m vertical=0.95 m[0m
[31m[ERROR] [1786180966.439115380] [my_drone_dds_wasd_control]: Position safety gate exceeded; requesting LAND horizontal=17.75 m vertical=0.95 m[0m
[31m[ERROR] [1786180966.502168512] [my_drone_dds_wasd_control]: Position safety gate exceeded; requesting LAND horizontal=17.99 m vertical=0.94 m[0m
[31m[ERROR] [1786180966.537965707] [my_drone_dds_wasd_control]: Position safety gate exceeded; requesting LAND horizontal=18.27 m vertical=0.94 m[0m
[31m[ERROR] [1786180966.587455892] [my_drone_dds_wasd_control]: Position safety gate exceeded; requesting LAND horizontal=18.44 m vertical=0.94 m[0m
[31m[ERROR] [1786180966.631457937] [my_drone_dds_wasd_control]: Position safety gate exceeded; requesting LAND horizontal=18.73 m vertical=0.94 m[0m
[31m[ERROR] [1786180966.680045031] [my_drone_dds_wasd_control]: Position safety gate exceeded; requesting LAND horizontal=18.90 m vertical=0.93 m[0m
[31m[ERROR] [1786180966.735322251] [my_drone_dds_wasd_control]: Position safety gate exceeded; requesting LAND horizontal=19.21 m vertical=0.93 m[0m
[31m[ERROR] [1786180966.793983672] [my_drone_dds_wasd_control]: Position safety gate exceeded; requesting LAND horizontal=19.38 m vertical=0.93 m[0m
[31m[ERROR] [1786180966.874946882] [my_drone_dds_wasd_control]: Position safety gate exceeded; requesting LAND horizontal=19.68 m vertical=0.93 m[0m
[0m[INFO] [1786180966.916805241] [my_drone_dds_wasd_control]: STATE arm=2 nav=5 NED=(1.814,16.650,0.864) vel=(0.168,4.689,0.048) yaw_deg=-164.4 failsafe=True age_s=(0.14,0.07) arm_torque_nm=0.000 motors=[809.51,1000.00,809.35,899.51,996.92,1000.00,997.09,899.67][0m
[31m[ERROR] [1786180966.952447991] [my_drone_dds_wasd_control]: Position safety gate exceeded; requesting LAND horizontal=19.68 m vertical=0.93 m[0m
[31m[ERROR] [1786180966.983079257] [my_drone_dds_wasd_control]: Position safety gate exceeded; requesting LAND horizontal=20.40 m vertical=0.92 m[0m
[31m[ERROR] [1786180967.020720631] [my_drone_dds_wasd_control]: Position safety gate exceeded; requesting LAND horizontal=20.40 m vertical=0.92 m[0m
[31m[ERROR] [1786180967.051908028] [my_drone_dds_wasd_control]: Position safety gate exceeded; requesting LAND horizontal=20.70 m vertical=0.92 m[0m
[31m[ERROR] [1786180967.088451403] [my_drone_dds_wasd_control]: Position safety gate exceeded; requesting LAND horizontal=20.88 m vertical=0.92 m[0m
[31m[ERROR] [1786180967.138900948] [my_drone_dds_wasd_control]: Position safety gate exceeded; requesting LAND horizontal=21.17 m vertical=0.92 m[0m
[31m[ERROR] [1786180967.194545994] [my_drone_dds_wasd_control]: Position safety gate exceeded; requesting LAND horizontal=21.35 m vertical=0.91 m[0m
[31m[ERROR] [1786180967.239282252] [my_drone_dds_wasd_control]: Position safety gate exceeded; requesting LAND horizontal=21.67 m vertical=0.91 m[0m
[31m[ERROR] [1786180967.284549112] [my_drone_dds_wasd_control]: Position safety gate exceeded; requesting LAND horizontal=21.85 m vertical=0.91 m[0m
[31m[ERROR] [1786180967.338998686] [my_drone_dds_wasd_control]: Position safety gate exceeded; requesting LAND horizontal=22.15 m vertical=0.91 m[0m
[31m[ERROR] [1786180967.389044230] [my_drone_dds_wasd_control]: Position safety gate exceeded; requesting LAND horizontal=22.39 m vertical=0.91 m[0m
[31m[ERROR] [1786180967.437717669] [my_drone_dds_wasd_control]: Position safety gate exceeded; requesting LAND horizontal=22.63 m vertical=0.91 m[0m
[31m[ERROR] [1786180967.484949003] [my_drone_dds_wasd_control]: Position safety gate exceeded; requesting LAND horizontal=22.89 m vertical=0.91 m[0m
[31m[ERROR] [1786180967.534026711] [my_drone_dds_wasd_control]: Position safety gate exceeded; requesting LAND horizontal=23.19 m vertical=0.91 m[0m
[31m[ERROR] [1786180967.589214963] [my_drone_dds_wasd_control]: Position safety gate exceeded; requesting LAND horizontal=23.37 m vertical=0.91 m[0m
[31m[ERROR] [1786180967.639515646] [my_drone_dds_wasd_control]: Position safety gate exceeded; requesting LAND horizontal=23.68 m vertical=0.90 m[0m
[31m[ERROR] [1786180967.681518446] [my_drone_dds_wasd_control]: Position safety gate exceeded; requesting LAND horizontal=23.86 m vertical=0.90 m[0m
[31m[ERROR] [1786180967.734710017] [my_drone_dds_wasd_control]: Position safety gate exceeded; requesting LAND horizontal=24.18 m vertical=0.90 m[0m
[31m[ERROR] [1786180967.789143961] [my_drone_dds_wasd_control]: Position safety gate exceeded; requesting LAND horizontal=24.37 m vertical=0.90 m[0m
[31m[ERROR] [1786180967.839974371] [my_drone_dds_wasd_control]: Position safety gate exceeded; requesting LAND horizontal=24.68 m vertical=0.90 m[0m
[31m[ERROR] [1786180967.883270111] [my_drone_dds_wasd_control]: Position safety gate exceeded; requesting LAND horizontal=24.93 m vertical=0.90 m[0m
[0m[INFO] [1786180967.937644751] [my_drone_dds_wasd_control]: STATE arm=2 nav=5 NED=(1.782,22.161,0.831) vel=(0.087,5.196,0.003) yaw_deg=-164.6 failsafe=True age_s=(0.17,0.00) arm_torque_nm=0.000 motors=[821.92,1000.00,821.70,912.95,1000.00,1000.00,1000.00,913.17][0m
[31m[ERROR] [1786180967.957826601] [my_drone_dds_wasd_control]: Position safety gate exceeded; requesting LAND horizontal=25.18 m vertical=0.89 m[0m
[31m[ERROR] [1786180967.983212666] [my_drone_dds_wasd_control]: Position safety gate exceeded; requesting LAND horizontal=25.18 m vertical=0.89 m[0m
[31m[ERROR] [1786180968.035091351] [my_drone_dds_wasd_control]: Position safety gate exceeded; requesting LAND horizontal=25.77 m vertical=0.89 m[0m
[31m[ERROR] [1786180968.102909096] [my_drone_dds_wasd_control]: Position safety gate exceeded; requesting LAND horizontal=25.96 m vertical=0.89 m[0m
[31m[ERROR] [1786180968.166672196] [my_drone_dds_wasd_control]: Position safety gate exceeded; requesting LAND horizontal=26.27 m vertical=0.89 m[0m
[31m[ERROR] [1786180968.231014951] [my_drone_dds_wasd_control]: Position safety gate exceeded; requesting LAND horizontal=26.27 m vertical=0.89 m[0m
[31m[ERROR] [1786180968.269190324] [my_drone_dds_wasd_control]: Position safety gate exceeded; requesting LAND horizontal=26.91 m vertical=0.88 m[0m
[31m[ERROR] [1786180968.307439964] [my_drone_dds_wasd_control]: Position safety gate exceeded; requesting LAND horizontal=26.91 m vertical=0.88 m[0m
[31m[ERROR] [1786180968.340105281] [my_drone_dds_wasd_control]: Position safety gate exceeded; requesting LAND horizontal=27.27 m vertical=0.87 m[0m
[31m[ERROR] [1786180968.388222710] [my_drone_dds_wasd_control]: Position safety gate exceeded; requesting LAND horizontal=27.51 m vertical=0.87 m[0m
[31m[ERROR] [1786180968.439572419] [my_drone_dds_wasd_control]: Position safety gate exceeded; requesting LAND horizontal=27.75 m vertical=0.87 m[0m
[31m[ERROR] [1786180968.489726903] [my_drone_dds_wasd_control]: Position safety gate exceeded; requesting LAND horizontal=28.00 m vertical=0.86 m[0m
[31m[ERROR] [1786180968.539610692] [my_drone_dds_wasd_control]: Position safety gate exceeded; requesting LAND horizontal=28.30 m vertical=0.86 m[0m
[31m[ERROR] [1786180968.590714803] [my_drone_dds_wasd_control]: Position safety gate exceeded; requesting LAND horizontal=28.49 m vertical=0.85 m[0m
[31m[ERROR] [1786180968.638475054] [my_drone_dds_wasd_control]: Position safety gate exceeded; requesting LAND horizontal=28.79 m vertical=0.85 m[0m
[31m[ERROR] [1786180968.687310624] [my_drone_dds_wasd_control]: Position safety gate exceeded; requesting LAND horizontal=28.98 m vertical=0.85 m[0m
[31m[ERROR] [1786180968.743779049] [my_drone_dds_wasd_control]: Position safety gate exceeded; requesting LAND horizontal=29.32 m vertical=0.84 m[0m
[31m[ERROR] [1786180968.798979780] [my_drone_dds_wasd_control]: Position safety gate exceeded; requesting LAND horizontal=29.50 m vertical=0.84 m[0m
[31m[ERROR] [1786180968.879591102] [my_drone_dds_wasd_control]: Position safety gate exceeded; requesting LAND horizontal=29.82 m vertical=0.83 m[0m
[31m[ERROR] [1786180968.924403974] [my_drone_dds_wasd_control]: Position safety gate exceeded; requesting LAND horizontal=29.82 m vertical=0.83 m[0m
[0m[INFO] [1786180968.961772922] [my_drone_dds_wasd_control]: STATE arm=2 nav=5 NED=(1.716,27.445,0.764) vel=(0.020,5.001,-0.039) yaw_deg=-164.7 failsafe=True age_s=(0.18,0.00) arm_torque_nm=0.000 motors=[829.29,1000.00,829.02,921.89,1000.00,1000.00,1000.00,922.16][0m
[31m[ERROR] [1786180969.001736448] [my_drone_dds_wasd_control]: Position safety gate exceeded; requesting LAND horizontal=30.45 m vertical=0.83 m[0m
[31m[ERROR] [1786180969.042175816] [my_drone_dds_wasd_control]: Position safety gate exceeded; requesting LAND horizontal=30.45 m vertical=0.83 m[0m
[31m[ERROR] [1786180969.073706060] [my_drone_dds_wasd_control]: Position safety gate exceeded; requesting LAND horizontal=30.91 m vertical=0.82 m[0m
[31m[ERROR] [1786180969.101588802] [my_drone_dds_wasd_control]: Position safety gate exceeded; requesting LAND horizontal=30.91 m vertical=0.82 m[0m
[31m[ERROR] [1786180969.150943092] [my_drone_dds_wasd_control]: Position safety gate exceeded; requesting LAND horizontal=31.32 m vertical=0.82 m[0m
[31m[ERROR] [1786180969.200601929] [my_drone_dds_wasd_control]: Position safety gate exceeded; requesting LAND horizontal=31.51 m vertical=0.82 m[0m
[31m[ERROR] [1786180969.279521822] [my_drone_dds_wasd_control]: Position safety gate exceeded; requesting LAND horizontal=31.85 m vertical=0.82 m[0m
[31m[ERROR] [1786180969.330366369] [my_drone_dds_wasd_control]: Position safety gate exceeded; requesting LAND horizontal=31.85 m vertical=0.82 m[0m
[31m[ERROR] [1786180969.416101557] [my_drone_dds_wasd_control]: Position safety gate exceeded; requesting LAND horizontal=32.48 m vertical=0.81 m[0m
[31m[ERROR] [1786180969.449893960] [my_drone_dds_wasd_control]: Position safety gate exceeded; requesting LAND horizontal=32.48 m vertical=0.81 m[0m
[31m[ERROR] [1786180969.495744900] [my_drone_dds_wasd_control]: Position safety gate exceeded; requesting LAND horizontal=33.10 m vertical=0.80 m[0m
[31m[ERROR] [1786180969.541092535] [my_drone_dds_wasd_control]: Position safety gate exceeded; requesting LAND horizontal=33.38 m vertical=0.80 m[0m
[31m[ERROR] [1786180969.589990374] [my_drone_dds_wasd_control]: Position safety gate exceeded; requesting LAND horizontal=33.55 m vertical=0.80 m[0m
[31m[ERROR] [1786180969.633772018] [my_drone_dds_wasd_control]: Position safety gate exceeded; requesting LAND horizontal=33.85 m vertical=0.80 m[0m
[31m[ERROR] [1786180969.685516233] [my_drone_dds_wasd_control]: Position safety gate exceeded; requesting LAND horizontal=34.04 m vertical=0.80 m[0m
[31m[ERROR] [1786180969.747181172] [my_drone_dds_wasd_control]: Position safety gate exceeded; requesting LAND horizontal=34.38 m vertical=0.79 m[0m
[31m[ERROR] [1786180969.785616553] [my_drone_dds_wasd_control]: Position safety gate exceeded; requesting LAND horizontal=34.58 m vertical=0.79 m[0m
[31m[ERROR] [1786180969.839104346] [my_drone_dds_wasd_control]: Position safety gate exceeded; requesting LAND horizontal=34.91 m vertical=0.79 m[0m
[31m[ERROR] [1786180969.890183269] [my_drone_dds_wasd_control]: Position safety gate exceeded; requesting LAND horizontal=35.17 m vertical=0.78 m[0m
[31m[ERROR] [1786180969.937332099] [my_drone_dds_wasd_control]: Position safety gate exceeded; requesting LAND horizontal=35.43 m vertical=0.78 m[0m
[0m[INFO] [1786180969.991304778] [my_drone_dds_wasd_control]: STATE arm=2 nav=5 NED=(1.685,32.723,0.716) vel=(-0.032,5.580,-0.067) yaw_deg=-164.8 failsafe=True age_s=(0.21,0.01) arm_torque_nm=0.000 motors=[835.16,1000.00,834.85,927.55,1000.00,1000.00,1000.00,927.85][0m
[31m[ERROR] [1786180970.035043673] [my_drone_dds_wasd_control]: Position safety gate exceeded; requesting LAND horizontal=35.72 m vertical=0.78 m[0m
[31m[ERROR] [1786180970.066785672] [my_drone_dds_wasd_control]: Position safety gate exceeded; requesting LAND horizontal=35.72 m vertical=0.78 m[0m
[31m[ERROR] [1786180970.099097866] [my_drone_dds_wasd_control]: Position safety gate exceeded; requesting LAND horizontal=36.39 m vertical=0.78 m[0m
[31m[ERROR] [1786180970.143549194] [my_drone_dds_wasd_control]: Position safety gate exceeded; requesting LAND horizontal=36.59 m vertical=0.78 m[0m
[31m[ERROR] [1786180970.192873042] [my_drone_dds_wasd_control]: Position safety gate exceeded; requesting LAND horizontal=36.79 m vertical=0.77 m[0m
[31m[ERROR] [1786180970.241485478] [my_drone_dds_wasd_control]: Position safety gate exceeded; requesting LAND horizontal=37.14 m vertical=0.77 m[0m
[31m[ERROR] [1786180970.292590885] [my_drone_dds_wasd_control]: Position safety gate exceeded; requesting LAND horizontal=37.34 m vertical=0.77 m[0m
[31m[ERROR] [1786180970.339121683] [my_drone_dds_wasd_control]: Position safety gate exceeded; requesting LAND horizontal=37.67 m vertical=0.77 m[0m
[31m[ERROR] [1786180970.379540582] [my_drone_dds_wasd_control]: Position safety gate exceeded; requesting LAND horizontal=37.93 m vertical=0.77 m[0m
[31m[ERROR] [1786180970.435708973] [my_drone_dds_wasd_control]: Position safety gate exceeded; requesting LAND horizontal=38.19 m vertical=0.77 m[0m
[31m[ERROR] [1786180970.492508520] [my_drone_dds_wasd_control]: Position safety gate exceeded; requesting LAND horizontal=38.48 m vertical=0.77 m[0m
[31m[ERROR] [1786180970.550069354] [my_drone_dds_wasd_control]: Position safety gate exceeded; requesting LAND horizontal=38.81 m vertical=0.77 m[0m
[31m[ERROR] [1786180970.590510216] [my_drone_dds_wasd_control]: Position safety gate exceeded; requesting LAND horizontal=39.01 m vertical=0.77 m[0m
[31m[ERROR] [1786180970.638939066] [my_drone_dds_wasd_control]: Position safety gate exceeded; requesting LAND horizontal=39.34 m vertical=0.77 m[0m
[31m[ERROR] [1786180970.693103253] [my_drone_dds_wasd_control]: Position safety gate exceeded; requesting LAND horizontal=39.54 m vertical=0.77 m[0m
[31m[ERROR] [1786180970.740340181] [my_drone_dds_wasd_control]: Position safety gate exceeded; requesting LAND horizontal=39.90 m vertical=0.77 m[0m
[31m[ERROR] [1786180970.793725383] [my_drone_dds_wasd_control]: Position safety gate exceeded; requesting LAND horizontal=40.11 m vertical=0.77 m[0m
[31m[ERROR] [1786180970.840575799] [my_drone_dds_wasd_control]: Position safety gate exceeded; requesting LAND horizontal=40.45 m vertical=0.77 m[0m
[31m[ERROR] [1786180970.899026750] [my_drone_dds_wasd_control]: Position safety gate exceeded; requesting LAND horizontal=40.72 m vertical=0.77 m[0m
[31m[ERROR] [1786180970.937849329] [my_drone_dds_wasd_control]: Position safety gate exceeded; requesting LAND horizontal=41.00 m vertical=0.77 m[0m
[0m[INFO] [1786180970.987245466] [my_drone_dds_wasd_control]: STATE arm=2 nav=5 NED=(1.693,38.305,0.704) vel=(-0.033,5.730,-0.062) yaw_deg=-164.9 failsafe=True age_s=(0.21,0.01) arm_torque_nm=0.000 motors=[844.46,1000.00,844.10,939.33,1000.00,1000.00,1000.00,939.69][0m
[31m[ERROR] [1786180971.014114809] [my_drone_dds_wasd_control]: Position safety gate exceeded; requesting LAND horizontal=41.30 m vertical=0.77 m[0m
[31m[ERROR] [1786180971.042078032] [my_drone_dds_wasd_control]: Position safety gate exceeded; requesting LAND horizontal=41.30 m vertical=0.77 m[0m
[31m[ERROR] [1786180971.088622093] [my_drone_dds_wasd_control]: Position safety gate exceeded; requesting LAND horizontal=41.86 m vertical=0.77 m[0m
[31m[ERROR] [1786180971.138210886] [my_drone_dds_wasd_control]: Position safety gate exceeded; requesting LAND horizontal=42.20 m vertical=0.76 m[0m
[31m[ERROR] [1786180971.187438877] [my_drone_dds_wasd_control]: Position safety gate exceeded; requesting LAND horizontal=42.41 m vertical=0.76 m[0m
[31m[ERROR] [1786180971.238231892] [my_drone_dds_wasd_control]: Position safety gate exceeded; requesting LAND horizontal=42.77 m vertical=0.76 m[0m
[31m[ERROR] [1786180971.291278633] [my_drone_dds_wasd_control]: Position safety gate exceeded; requesting LAND horizontal=42.98 m vertical=0.76 m[0m
[31m[ERROR] [1786180971.333450483] [my_drone_dds_wasd_control]: Position safety gate exceeded; requesting LAND horizontal=43.33 m vertical=0.76 m[0m
[31m[ERROR] [1786180971.395226567] [my_drone_dds_wasd_control]: Position safety gate exceeded; requesting LAND horizontal=43.61 m vertical=0.76 m[0m
[31m[ERROR] [1786180971.439213167] [my_drone_dds_wasd_control]: Position safety gate exceeded; requesting LAND horizontal=43.88 m vertical=0.76 m[0m
[31m[ERROR] [1786180971.487157920] [my_drone_dds_wasd_control]: Position safety gate exceeded; requesting LAND horizontal=44.17 m vertical=0.76 m[0m
[31m[ERROR] [1786180971.554116431] [my_drone_dds_wasd_control]: Position safety gate exceeded; requesting LAND horizontal=44.51 m vertical=0.76 m[0m
[31m[ERROR] [1786180971.594897208] [my_drone_dds_wasd_control]: Position safety gate exceeded; requesting LAND horizontal=44.72 m vertical=0.76 m[0m
[31m[ERROR] [1786180971.644831963] [my_drone_dds_wasd_control]: Position safety gate exceeded; requesting LAND horizontal=45.06 m vertical=0.76 m[0m
[31m[ERROR] [1786180971.690989496] [my_drone_dds_wasd_control]: Position safety gate exceeded; requesting LAND horizontal=45.26 m vertical=0.76 m[0m
[31m[ERROR] [1786180971.750787968] [my_drone_dds_wasd_control]: Position safety gate exceeded; requesting LAND horizontal=45.63 m vertical=0.76 m[0m
[31m[ERROR] [1786180971.796419943] [my_drone_dds_wasd_control]: Position safety gate exceeded; requesting LAND horizontal=45.84 m vertical=0.76 m[0m
[31m[ERROR] [1786180971.846183174] [my_drone_dds_wasd_control]: Position safety gate exceeded; requesting LAND horizontal=46.18 m vertical=0.76 m[0m
[31m[ERROR] [1786180971.889225552] [my_drone_dds_wasd_control]: Position safety gate exceeded; requesting LAND horizontal=46.46 m vertical=0.76 m[0m
[31m[ERROR] [1786180971.946399993] [my_drone_dds_wasd_control]: Position safety gate exceeded; requesting LAND horizontal=46.74 m vertical=0.76 m[0m
[0m[INFO] [1786180971.989396529] [my_drone_dds_wasd_control]: STATE arm=2 nav=5 NED=(1.692,44.046,0.693) vel=(-0.033,5.714,-0.051) yaw_deg=-164.9 failsafe=True age_s=(0.16,0.01) arm_torque_nm=0.000 motors=[855.41,1000.00,854.99,953.36,1000.00,1000.00,1000.00,953.78][0m
[31m[ERROR] [1786180972.021974268] [my_drone_dds_wasd_control]: Position safety gate exceeded; requesting LAND horizontal=47.04 m vertical=0.76 m[0m
[31m[ERROR] [1786180972.053693403] [my_drone_dds_wasd_control]: Position safety gate exceeded; requesting LAND horizontal=47.04 m vertical=0.76 m[0m
[31m[ERROR] [1786180972.094934981] [my_drone_dds_wasd_control]: Position safety gate exceeded; requesting LAND horizontal=47.60 m vertical=0.76 m[0m
[31m[ERROR] [1786180972.145660658] [my_drone_dds_wasd_control]: Position safety gate exceeded; requesting LAND horizontal=47.96 m vertical=0.76 m[0m
[31m[ERROR] [1786180972.195742600] [my_drone_dds_wasd_control]: Position safety gate exceeded; requesting LAND horizontal=48.17 m vertical=0.76 m[0m
[31m[ERROR] [1786180972.275945256] [my_drone_dds_wasd_control]: Position safety gate exceeded; requesting LAND horizontal=48.54 m vertical=0.76 m[0m
[31m[ERROR] [1786180972.409788405] [my_drone_dds_wasd_control]: Position safety gate exceeded; requesting LAND horizontal=48.54 m vertical=0.76 m[0m
[31m[ERROR] [1786180972.473671304] [my_drone_dds_wasd_control]: Position safety gate exceeded; requesting LAND horizontal=49.56 m vertical=0.76 m[0m
[31m[ERROR] [1786180972.510511329] [my_drone_dds_wasd_control]: Position safety gate exceeded; requesting LAND horizontal=49.56 m vertical=0.76 m[0m
[31m[ERROR] [1786180972.544775894] [my_drone_dds_wasd_control]: Position safety gate exceeded; requesting LAND horizontal=50.08 m vertical=0.76 m[0m
[31m[ERROR] [1786180972.592170702] [my_drone_dds_wasd_control]: Position safety gate exceeded; requesting LAND horizontal=50.26 m vertical=0.76 m[0m
[31m[ERROR] [1786180972.651384706] [my_drone_dds_wasd_control]: Position safety gate exceeded; requesting LAND horizontal=50.56 m vertical=0.76 m[0m
[31m[ERROR] [1786180972.700154709] [my_drone_dds_wasd_control]: Position safety gate exceeded; requesting LAND horizontal=50.82 m vertical=0.77 m[0m
[31m[ERROR] [1786180972.789813814] [my_drone_dds_wasd_control]: Position safety gate exceeded; requesting LAND horizontal=51.10 m vertical=0.77 m[0m
[31m[ERROR] [1786180972.822693648] [my_drone_dds_wasd_control]: Position safety gate exceeded; requesting LAND horizontal=51.10 m vertical=0.77 m[0m
[31m[ERROR] [1786180972.854113856] [my_drone_dds_wasd_control]: Position safety gate exceeded; requesting LAND horizontal=51.77 m vertical=0.77 m[0m
[31m[ERROR] [1786180972.893163192] [my_drone_dds_wasd_control]: Position safety gate exceeded; requesting LAND horizontal=51.91 m vertical=0.77 m[0m
[31m[ERROR] [1786180972.939574163] [my_drone_dds_wasd_control]: Position safety gate exceeded; requesting LAND horizontal=52.26 m vertical=0.77 m[0m
[0m[INFO] [1786180972.988164481] [my_drone_dds_wasd_control]: STATE arm=2 nav=5 NED=(1.703,49.513,0.710) vel=(-0.034,5.715,-0.027) yaw_deg=-164.9 failsafe=True age_s=(0.14,0.02) arm_torque_nm=0.000 motors=[859.65,1000.00,859.17,960.92,1000.00,1000.00,1000.00,961.40][0m
[31m[ERROR] [1786180973.020706848] [my_drone_dds_wasd_control]: Position safety gate exceeded; requesting LAND horizontal=52.50 m vertical=0.77 m[0m
[31m[ERROR] [1786180973.052928717] [my_drone_dds_wasd_control]: Position safety gate exceeded; requesting LAND horizontal=52.50 m vertical=0.77 m[0m
[31m[ERROR] [1786180973.083276617] [my_drone_dds_wasd_control]: Position safety gate exceeded; requesting LAND horizontal=53.08 m vertical=0.78 m[0m
[31m[ERROR] [1786180973.135426343] [my_drone_dds_wasd_control]: Position safety gate exceeded; requesting LAND horizontal=53.45 m vertical=0.78 m[0m
[31m[ERROR] [1786180973.184124217] [my_drone_dds_wasd_control]: Position safety gate exceeded; requesting LAND horizontal=53.75 m vertical=0.78 m[0m
[31m[ERROR] [1786180973.239947287] [my_drone_dds_wasd_control]: Position safety gate exceeded; requesting LAND horizontal=54.07 m vertical=0.78 m[0m
[31m[ERROR] [1786180973.289711965] [my_drone_dds_wasd_control]: Position safety gate exceeded; requesting LAND horizontal=54.37 m vertical=0.78 m[0m
[31m[ERROR] [1786180973.338545012] [my_drone_dds_wasd_control]: Position safety gate exceeded; requesting LAND horizontal=54.74 m vertical=0.78 m[0m
[31m[ERROR] [1786180973.389060094] [my_drone_dds_wasd_control]: Position safety gate exceeded; requesting LAND horizontal=54.97 m vertical=0.78 m[0m
[31m[ERROR] [1786180973.435437604] [my_drone_dds_wasd_control]: Position safety gate exceeded; requesting LAND horizontal=55.33 m vertical=0.78 m[0m
[31m[ERROR] [1786180973.492712535] [my_drone_dds_wasd_control]: Position safety gate exceeded; requesting LAND horizontal=55.57 m vertical=0.78 m[0m
[31m[ERROR] [1786180973.540102593] [my_drone_dds_wasd_control]: Position safety gate exceeded; requesting LAND horizontal=55.94 m vertical=0.79 m[0m
[31m[ERROR] [1786180973.586970187] [my_drone_dds_wasd_control]: Position safety gate exceeded; requesting LAND horizontal=56.16 m vertical=0.79 m[0m
[31m[ERROR] [1786180973.643123764] [my_drone_dds_wasd_control]: Position safety gate exceeded; requesting LAND horizontal=56.52 m vertical=0.79 m[0m
[31m[ERROR] [1786180973.684426522] [my_drone_dds_wasd_control]: Position safety gate exceeded; requesting LAND horizontal=56.81 m vertical=0.79 m[0m
[31m[ERROR] [1786180973.732260576] [my_drone_dds_wasd_control]: Position safety gate exceeded; requesting LAND horizontal=57.13 m vertical=0.79 m[0m
[31m[ERROR] [1786180973.782904888] [my_drone_dds_wasd_control]: Position safety gate exceeded; requesting LAND horizontal=57.42 m vertical=0.79 m[0m
[31m[ERROR] [1786180973.837173788] [my_drone_dds_wasd_control]: Position safety gate exceeded; requesting LAND horizontal=57.80 m vertical=0.79 m[0m
[31m[ERROR] [1786180973.890038790] [my_drone_dds_wasd_control]: Position safety gate exceeded; requesting LAND horizontal=58.02 m vertical=0.79 m[0m
[31m[ERROR] [1786180973.932625598] [my_drone_dds_wasd_control]: Position safety gate exceeded; requesting LAND horizontal=58.39 m vertical=0.79 m[0m
[31m[ERROR] [1786180973.978987211] [my_drone_dds_wasd_control]: Position safety gate exceeded; requesting LAND horizontal=58.64 m vertical=0.79 m[0m
[0m[INFO] [1786180974.030051451] [my_drone_dds_wasd_control]: STATE arm=2 nav=5 NED=(1.694,56.019,0.725) vel=(-0.046,6.191,-0.020) yaw_deg=-164.9 failsafe=True age_s=(0.21,0.01) arm_torque_nm=0.000 motors=[857.81,1000.00,857.24,962.90,1000.00,1000.00,1000.00,963.46][0m
[31m[ERROR] [1786180974.058009466] [my_drone_dds_wasd_control]: Position safety gate exceeded; requesting LAND horizontal=59.01 m vertical=0.79 m[0m
[31m[ERROR] [1786180974.086851531] [my_drone_dds_wasd_control]: Position safety gate exceeded; requesting LAND horizontal=59.01 m vertical=0.79 m[0m
[31m[ERROR] [1786180974.151685713] [my_drone_dds_wasd_control]: Position safety gate exceeded; requesting LAND horizontal=59.60 m vertical=0.79 m[0m
[31m[ERROR] [1786180974.199003952] [my_drone_dds_wasd_control]: Position safety gate exceeded; requesting LAND horizontal=59.89 m vertical=0.79 m[0m
[31m[ERROR] [1786180974.239999780] [my_drone_dds_wasd_control]: Position safety gate exceeded; requesting LAND horizontal=60.20 m vertical=0.79 m[0m
[31m[ERROR] [1786180974.292722213] [my_drone_dds_wasd_control]: Position safety gate exceeded; requesting LAND horizontal=60.49 m vertical=0.79 m[0m
[31m[ERROR] [1786180974.333318057] [my_drone_dds_wasd_control]: Position safety gate exceeded; requesting LAND horizontal=60.85 m vertical=0.79 m[0m
[31m[ERROR] [1786180974.391309393] [my_drone_dds_wasd_control]: Position safety gate exceeded; requesting LAND horizontal=61.07 m vertical=0.79 m[0m
[31m[ERROR] [1786180974.436777763] [my_drone_dds_wasd_control]: Position safety gate exceeded; requesting LAND horizontal=61.42 m vertical=0.79 m[0m
[31m[ERROR] [1786180974.486409526] [my_drone_dds_wasd_control]: Position safety gate exceeded; requesting LAND horizontal=61.65 m vertical=0.79 m[0m
[31m[ERROR] [1786180974.535886664] [my_drone_dds_wasd_control]: Position safety gate exceeded; requesting LAND horizontal=62.00 m vertical=0.79 m[0m
[31m[ERROR] [1786180974.586839087] [my_drone_dds_wasd_control]: Position safety gate exceeded; requesting LAND horizontal=62.21 m vertical=0.79 m[0m
[31m[ERROR] [1786180974.634185675] [my_drone_dds_wasd_control]: Position safety gate exceeded; requesting LAND horizontal=62.57 m vertical=0.79 m[0m
[31m[ERROR] [1786180974.683534869] [my_drone_dds_wasd_control]: Position safety gate exceeded; requesting LAND horizontal=62.85 m vertical=0.79 m[0m
[31m[ERROR] [1786180974.737872118] [my_drone_dds_wasd_control]: Position safety gate exceeded; requesting LAND horizontal=63.16 m vertical=0.79 m[0m
[31m[ERROR] [1786180974.792207605] [my_drone_dds_wasd_control]: Position safety gate exceeded; requesting LAND horizontal=63.46 m vertical=0.79 m[0m
[31m[ERROR] [1786180974.839311018] [my_drone_dds_wasd_control]: Position safety gate exceeded; requesting LAND horizontal=63.82 m vertical=0.79 m[0m
[31m[ERROR] [1786180974.885654683] [my_drone_dds_wasd_control]: Position safety gate exceeded; requesting LAND horizontal=64.04 m vertical=0.79 m[0m
[31m[ERROR] [1786180974.944507411] [my_drone_dds_wasd_control]: Position safety gate exceeded; requesting LAND horizontal=64.42 m vertical=0.79 m[0m
[31m[ERROR] [1786180974.990507508] [my_drone_dds_wasd_control]: Position safety gate exceeded; requesting LAND horizontal=64.67 m vertical=0.79 m[0m
[31m[ERROR] [1786180975.040294513] [my_drone_dds_wasd_control]: Position safety gate exceeded; requesting LAND horizontal=65.04 m vertical=0.79 m[0m
[0m[INFO] [1786180975.086799632] [my_drone_dds_wasd_control]: STATE arm=2 nav=5 NED=(1.692,62.282,0.725) vel=(-0.039,6.150,-0.019) yaw_deg=-165.0 failsafe=True age_s=(0.26,0.02) arm_torque_nm=0.000 motors=[856.39,1000.00,855.76,964.26,1000.00,1000.00,1000.00,964.88][0m
[31m[ERROR] [1786180975.111902760] [my_drone_dds_wasd_control]: Position safety gate exceeded; requesting LAND horizontal=65.27 m vertical=0.79 m[0m
[31m[ERROR] [1786180975.139558872] [my_drone_dds_wasd_control]: Position safety gate exceeded; requesting LAND horizontal=65.27 m vertical=0.79 m[0m
[31m[ERROR] [1786180975.191639939] [my_drone_dds_wasd_control]: Position safety gate exceeded; requesting LAND horizontal=65.95 m vertical=0.79 m[0m
[31m[ERROR] [1786180975.242955527] [my_drone_dds_wasd_control]: Position safety gate exceeded; requesting LAND horizontal=66.28 m vertical=0.79 m[0m
[31m[ERROR] [1786180975.297142561] [my_drone_dds_wasd_control]: Position safety gate exceeded; requesting LAND horizontal=66.59 m vertical=0.79 m[0m
[31m[ERROR] [1786180975.364638614] [my_drone_dds_wasd_control]: Position safety gate exceeded; requesting LAND horizontal=66.97 m vertical=0.78 m[0m
[31m[ERROR] [1786180975.400910527] [my_drone_dds_wasd_control]: Position safety gate exceeded; requesting LAND horizontal=66.97 m vertical=0.78 m[0m
[31m[ERROR] [1786180975.438004164] [my_drone_dds_wasd_control]: Position safety gate exceeded; requesting LAND horizontal=67.57 m vertical=0.78 m[0m
[31m[ERROR] [1786180975.484225214] [my_drone_dds_wasd_control]: Position safety gate exceeded; requesting LAND horizontal=67.82 m vertical=0.78 m[0m
[31m[ERROR] [1786180975.539603393] [my_drone_dds_wasd_control]: Position safety gate exceeded; requesting LAND horizontal=68.19 m vertical=0.78 m[0m
[31m[ERROR] [1786180975.586101442] [my_drone_dds_wasd_control]: Position safety gate exceeded; requesting LAND horizontal=68.42 m vertical=0.78 m[0m
[31m[ERROR] [1786180975.639464028] [my_drone_dds_wasd_control]: Position safety gate exceeded; requesting LAND horizontal=68.79 m vertical=0.78 m[0m
[31m[ERROR] [1786180975.694013005] [my_drone_dds_wasd_control]: Position safety gate exceeded; requesting LAND horizontal=69.09 m vertical=0.77 m[0m
[31m[ERROR] [1786180975.736547473] [my_drone_dds_wasd_control]: Position safety gate exceeded; requesting LAND horizontal=69.41 m vertical=0.77 m[0m
[31m[ERROR] [1786180975.807044414] [my_drone_dds_wasd_control]: Position safety gate exceeded; requesting LAND horizontal=69.71 m vertical=0.77 m[0m
[31m[ERROR] [1786180975.844428158] [my_drone_dds_wasd_control]: Position safety gate exceeded; requesting LAND horizontal=70.09 m vertical=0.77 m[0m
[31m[ERROR] [1786180975.906799707] [my_drone_dds_wasd_control]: Position safety gate exceeded; requesting LAND horizontal=70.31 m vertical=0.77 m[0m
[31m[ERROR] [1786180975.947799914] [my_drone_dds_wasd_control]: Position safety gate exceeded; requesting LAND horizontal=70.31 m vertical=0.77 m[0m
[31m[ERROR] [1786180975.997496910] [my_drone_dds_wasd_control]: Position safety gate exceeded; requesting LAND horizontal=70.94 m vertical=0.76 m[0m
[31m[ERROR] [1786180976.030713301] [my_drone_dds_wasd_control]: Position safety gate exceeded; requesting LAND horizontal=71.31 m vertical=0.76 m[0m
[31m[ERROR] [1786180976.087099342] [my_drone_dds_wasd_control]: Position safety gate exceeded; requesting LAND horizontal=71.54 m vertical=0.76 m[0m
[0m[INFO] [1786180976.135145881] [my_drone_dds_wasd_control]: STATE arm=2 nav=5 NED=(1.690,68.933,0.697) vel=(-0.028,6.140,-0.029) yaw_deg=-165.0 failsafe=True age_s=(0.26,0.01) arm_torque_nm=0.000 motors=[854.44,1000.00,853.74,966.15,1000.00,1000.00,1000.00,966.85][0m
[31m[ERROR] [1786180976.162685254] [my_drone_dds_wasd_control]: Position safety gate exceeded; requesting LAND horizontal=71.92 m vertical=0.76 m[0m
[31m[ERROR] [1786180976.191577049] [my_drone_dds_wasd_control]: Position safety gate exceeded; requesting LAND horizontal=71.92 m vertical=0.76 m[0m
[31m[ERROR] [1786180976.236246580] [my_drone_dds_wasd_control]: Position safety gate exceeded; requesting LAND horizontal=72.54 m vertical=0.76 m[0m
[31m[ERROR] [1786180976.283957235] [my_drone_dds_wasd_control]: Position safety gate exceeded; requesting LAND horizontal=72.85 m vertical=0.76 m[0m
[31m[ERROR] [1786180976.480531439] [my_drone_dds_wasd_control]: Position safety gate exceeded; requesting LAND horizontal=73.23 m vertical=0.76 m[0m
[31m[ERROR] [1786180976.551604760] [my_drone_dds_wasd_control]: Position safety gate exceeded; requesting LAND horizontal=73.23 m vertical=0.76 m[0m
[31m[ERROR] [1786180976.623781497] [my_drone_dds_wasd_control]: Position safety gate exceeded; requesting LAND horizontal=74.60 m vertical=0.75 m[0m
[31m[ERROR] [1786180976.659635779] [my_drone_dds_wasd_control]: Position safety gate exceeded; requesting LAND horizontal=74.60 m vertical=0.75 m[0m
[31m[ERROR] [1786180976.689535102] [my_drone_dds_wasd_control]: Position safety gate exceeded; requesting LAND horizontal=75.14 m vertical=0.75 m[0m
[31m[ERROR] [1786180976.729480831] [my_drone_dds_wasd_control]: Position safety gate exceeded; requesting LAND horizontal=75.35 m vertical=0.75 m[0m
[31m[ERROR] [1786180976.782122956] [my_drone_dds_wasd_control]: Position safety gate exceeded; requesting LAND horizontal=75.68 m vertical=0.75 m[0m
[31m[ERROR] [1786180976.833233418] [my_drone_dds_wasd_control]: Position safety gate exceeded; requesting LAND horizontal=75.88 m vertical=0.75 m[0m
[31m[ERROR] [1786180976.888736429] [my_drone_dds_wasd_control]: Position safety gate exceeded; requesting LAND horizontal=76.22 m vertical=0.75 m[0m
[31m[ERROR] [1786180976.930290046] [my_drone_dds_wasd_control]: Position safety gate exceeded; requesting LAND horizontal=76.43 m vertical=0.75 m[0m
[31m[ERROR] [1786180976.977789427] [my_drone_dds_wasd_control]: Position safety gate exceeded; requesting LAND horizontal=76.80 m vertical=0.75 m[0m
[31m[ERROR] [1786180977.027890278] [my_drone_dds_wasd_control]: Position safety gate exceeded; requesting LAND horizontal=77.01 m vertical=0.75 m[0m
[31m[ERROR] [1786180977.078688806] [my_drone_dds_wasd_control]: Position safety gate exceeded; requesting LAND horizontal=77.36 m vertical=0.75 m[0m
[0m[INFO] [1786180977.129823288] [my_drone_dds_wasd_control]: STATE arm=2 nav=5 NED=(1.690,74.661,0.689) vel=(-0.026,5.691,-0.029) yaw_deg=-165.1 failsafe=True age_s=(0.27,0.01) arm_torque_nm=0.000 motors=[853.11,1000.00,852.35,967.29,1000.00,1000.00,1000.00,968.05][0m
[31m[ERROR] [1786180977.151356314] [my_drone_dds_wasd_control]: Position safety gate exceeded; requesting LAND horizontal=77.65 m vertical=0.75 m[0m
[31m[ERROR] [1786180977.191470797] [my_drone_dds_wasd_control]: Position safety gate exceeded; requesting LAND horizontal=78.00 m vertical=0.75 m[0m
[31m[ERROR] [1786180977.233468688] [my_drone_dds_wasd_control]: Position safety gate exceeded; requesting LAND horizontal=78.24 m vertical=0.75 m[0m
[31m[ERROR] [1786180977.284616648] [my_drone_dds_wasd_control]: Position safety gate exceeded; requesting LAND horizontal=78.60 m vertical=0.75 m[0m
[31m[ERROR] [1786180980.071616427] [my_drone_dds_wasd_control]: Position safety gate exceeded; requesting LAND horizontal=78.81 m vertical=0.75 m[0m
[31m[ERROR] [1786180980.098006941] [my_drone_dds_wasd_control]: Position safety gate exceeded; requesting LAND horizontal=78.81 m vertical=0.75 m[0m
[31m[ERROR] [1786180980.137489361] [my_drone_dds_wasd_control]: Position safety gate exceeded; requesting LAND horizontal=79.32 m vertical=0.75 m[0m
[31m[ERROR] [1786180980.183548760] [my_drone_dds_wasd_control]: Position safety gate exceeded; requesting LAND horizontal=79.54 m vertical=0.75 m[0m
[31m[ERROR] [1786180980.238990458] [my_drone_dds_wasd_control]: Position safety gate exceeded; requesting LAND horizontal=79.93 m vertical=0.75 m[0m
[31m[ERROR] [1786180980.286962256] [my_drone_dds_wasd_control]: Position safety gate exceeded; requesting LAND horizontal=80.15 m vertical=0.75 m[0m
[31m[ERROR] [1786180980.337278591] [my_drone_dds_wasd_control]: Position safety gate exceeded; requesting LAND horizontal=80.52 m vertical=0.75 m[0m
[31m[ERROR] [1786180980.383615602] [my_drone_dds_wasd_control]: Position safety gate exceeded; requesting LAND horizontal=80.74 m vertical=0.75 m[0m
[31m[ERROR] [1786180980.435479566] [my_drone_dds_wasd_control]: Position safety gate exceeded; requesting LAND horizontal=81.10 m vertical=0.75 m[0m
[31m[ERROR] [1786180980.492193731] [my_drone_dds_wasd_control]: Position safety gate exceeded; requesting LAND horizontal=81.35 m vertical=0.75 m[0m
[31m[ERROR] [1786180980.558097115] [my_drone_dds_wasd_control]: Position safety gate exceeded; requesting LAND horizontal=81.71 m vertical=0.75 m[0m
[31m[ERROR] [1786180980.603352460] [my_drone_dds_wasd_control]: Position safety gate exceeded; requesting LAND horizontal=81.71 m vertical=0.75 m[0m
[31m[ERROR] [1786180980.646317682] [my_drone_dds_wasd_control]: Position safety gate exceeded; requesting LAND horizontal=82.35 m vertical=0.75 m[0m
[31m[ERROR] [1786180980.686180852] [my_drone_dds_wasd_control]: Position safety gate exceeded; requesting LAND horizontal=82.56 m vertical=0.75 m[0m
[31m[ERROR] [1786180980.735665506] [my_drone_dds_wasd_control]: Position safety gate exceeded; requesting LAND horizontal=82.94 m vertical=0.75 m[0m
[31m[ERROR] [1786180980.781063058] [my_drone_dds_wasd_control]: Position safety gate exceeded; requesting LAND horizontal=83.15 m vertical=0.75 m[0m
[31m[ERROR] [1786180980.839824986] [my_drone_dds_wasd_control]: Position safety gate exceeded; requesting LAND horizontal=83.51 m vertical=0.76 m[0m
[0m[INFO] [1786180980.894453890] [my_drone_dds_wasd_control]: STATE arm=2 nav=5 NED=(1.677,80.735,0.692) vel=(-0.033,5.849,-0.024) yaw_deg=-165.1 failsafe=True age_s=(0.25,0.01) arm_torque_nm=0.000 motors=[851.41,1000.00,850.57,969.31,1000.00,1000.00,1000.00,970.16][0m
[31m[ERROR] [1786180980.925656096] [my_drone_dds_wasd_control]: Position safety gate exceeded; requesting LAND horizontal=83.72 m vertical=0.76 m[0m
[31m[ERROR] [1786180980.951933393] [my_drone_dds_wasd_control]: Position safety gate exceeded; requesting LAND horizontal=83.72 m vertical=0.76 m[0m
[31m[ERROR] [1786180980.983876881] [my_drone_dds_wasd_control]: Position safety gate exceeded; requesting LAND horizontal=84.32 m vertical=0.76 m[0m
[31m[ERROR] [1786180981.032563340] [my_drone_dds_wasd_control]: Position safety gate exceeded; requesting LAND horizontal=84.68 m vertical=0.76 m[0m
[31m[ERROR] [1786180981.088102102] [my_drone_dds_wasd_control]: Position safety gate exceeded; requesting LAND horizontal=84.98 m vertical=0.76 m[0m
[31m[ERROR] [1786180981.143147491] [my_drone_dds_wasd_control]: Position safety gate exceeded; requesting LAND horizontal=85.35 m vertical=0.76 m[0m
[31m[ERROR] [1786180981.188501096] [my_drone_dds_wasd_control]: Position safety gate exceeded; requesting LAND horizontal=85.57 m vertical=0.76 m[0m
[31m[ERROR] [1786180981.255454229] [my_drone_dds_wasd_control]: Position safety gate exceeded; requesting LAND horizontal=85.96 m vertical=0.76 m[0m
[31m[ERROR] [1786180981.282908238] [my_drone_dds_wasd_control]: Position safety gate exceeded; requesting LAND horizontal=86.18 m vertical=0.76 m[0m
[31m[ERROR] [1786180981.329272499] [my_drone_dds_wasd_control]: Position safety gate exceeded; requesting LAND horizontal=86.56 m vertical=0.76 m[0m
[31m[ERROR] [1786180981.378687246] [my_drone_dds_wasd_control]: Position safety gate exceeded; requesting LAND horizontal=86.79 m vertical=0.76 m[0m
[31m[ERROR] [1786180981.431209240] [my_drone_dds_wasd_control]: Position safety gate exceeded; requesting LAND horizontal=87.16 m vertical=0.76 m[0m
[31m[ERROR] [1786180981.478154185] [my_drone_dds_wasd_control]: Position safety gate exceeded; requesting LAND horizontal=87.42 m vertical=0.76 m[0m
[31m[ERROR] [1786180981.567520769] [my_drone_dds_wasd_control]: Position safety gate exceeded; requesting LAND horizontal=87.80 m vertical=0.76 m[0m
[31m[ERROR] [1786180981.599459306] [my_drone_dds_wasd_control]: Position safety gate exceeded; requesting LAND horizontal=87.80 m vertical=0.76 m[0m
[31m[ERROR] [1786180981.647494994] [my_drone_dds_wasd_control]: Position safety gate exceeded; requesting LAND horizontal=88.49 m vertical=0.76 m[0m
[31m[ERROR] [1786180981.685604375] [my_drone_dds_wasd_control]: Position safety gate exceeded; requesting LAND horizontal=88.72 m vertical=0.76 m[0m
[31m[ERROR] [1786180981.734106031] [my_drone_dds_wasd_control]: Position safety gate exceeded; requesting LAND horizontal=89.13 m vertical=0.76 m[0m
[31m[ERROR] [1786180981.783945224] [my_drone_dds_wasd_control]: Position safety gate exceeded; requesting LAND horizontal=89.37 m vertical=0.76 m[0m
[31m[ERROR] [1786180981.826945134] [my_drone_dds_wasd_control]: Position safety gate exceeded; requesting LAND horizontal=89.77 m vertical=0.76 m[0m
[0m[INFO] [1786180981.880782194] [my_drone_dds_wasd_control]: STATE arm=2 nav=5 NED=(1.656,87.020,0.699) vel=(-0.050,6.571,-0.016) yaw_deg=-165.1 failsafe=True age_s=(0.26,0.01) arm_torque_nm=0.000 motors=[849.52,1000.00,848.61,970.97,1000.00,1000.00,1000.00,971.89][0m
[31m[ERROR] [1786180981.903356375] [my_drone_dds_wasd_control]: Position safety gate exceeded; requesting LAND horizontal=90.00 m vertical=0.76 m[0m
[31m[ERROR] [1786180981.928737237] [my_drone_dds_wasd_control]: Position safety gate exceeded; requesting LAND horizontal=90.40 m vertical=0.76 m[0m
[31m[ERROR] [1786180981.985011635] [my_drone_dds_wasd_control]: Position safety gate exceeded; requesting LAND horizontal=90.66 m vertical=0.76 m[0m
[31m[ERROR] [1786180982.026803749] [my_drone_dds_wasd_control]: Position safety gate exceeded; requesting LAND horizontal=91.04 m vertical=0.76 m[0m
[31m[ERROR] [1786180982.079350335] [my_drone_dds_wasd_control]: Position safety gate exceeded; requesting LAND horizontal=91.35 m vertical=0.77 m[0m
[31m[ERROR] [1786180982.133996045] [my_drone_dds_wasd_control]: Position safety gate exceeded; requesting LAND horizontal=91.74 m vertical=0.77 m[0m
[31m[ERROR] [1786180982.182597944] [my_drone_dds_wasd_control]: Position safety gate exceeded; requesting LAND horizontal=91.97 m vertical=0.77 m[0m
[31m[ERROR] [1786180982.236708592] [my_drone_dds_wasd_control]: Position safety gate exceeded; requesting LAND horizontal=92.37 m vertical=0.77 m[0m
[31m[ERROR] [1786180982.279539154] [my_drone_dds_wasd_control]: Position safety gate exceeded; requesting LAND horizontal=92.60 m vertical=0.77 m[0m
[31m[ERROR] [1786180982.330560521] [my_drone_dds_wasd_control]: Position safety gate exceeded; requesting LAND horizontal=92.98 m vertical=0.77 m[0m
[31m[ERROR] [1786180982.386779703] [my_drone_dds_wasd_control]: Position safety gate exceeded; requesting LAND horizontal=93.20 m vertical=0.77 m[0m
[31m[ERROR] [1786180982.432869893] [my_drone_dds_wasd_control]: Position safety gate exceeded; requesting LAND horizontal=93.58 m vertical=0.77 m[0m
[31m[ERROR] [1786180982.482909080] [my_drone_dds_wasd_control]: Position safety gate exceeded; requesting LAND horizontal=93.83 m vertical=0.77 m[0m
[31m[ERROR] [1786180982.532988393] [my_drone_dds_wasd_control]: Position safety gate exceeded; requesting LAND horizontal=94.21 m vertical=0.77 m[0m
[31m[ERROR] [1786180982.582730950] [my_drone_dds_wasd_control]: Position safety gate exceeded; requesting LAND horizontal=94.51 m vertical=0.76 m[0m
[31m[ERROR] [1786180982.628728344] [my_drone_dds_wasd_control]: Position safety gate exceeded; requesting LAND horizontal=94.88 m vertical=0.76 m[0m
[31m[ERROR] [1786180982.684734134] [my_drone_dds_wasd_control]: Position safety gate exceeded; requesting LAND horizontal=95.10 m vertical=0.76 m[0m
[31m[ERROR] [1786180982.727101677] [my_drone_dds_wasd_control]: Position safety gate exceeded; requesting LAND horizontal=95.50 m vertical=0.76 m[0m
[31m[ERROR] [1786180982.785236483] [my_drone_dds_wasd_control]: Position safety gate exceeded; requesting LAND horizontal=95.72 m vertical=0.76 m[0m
[31m[ERROR] [1786180982.832672786] [my_drone_dds_wasd_control]: Position safety gate exceeded; requesting LAND horizontal=96.10 m vertical=0.76 m[0m
[31m[ERROR] [1786180982.880625313] [my_drone_dds_wasd_control]: Position safety gate exceeded; requesting LAND horizontal=96.32 m vertical=0.76 m[0m
[0m[INFO] [1786180982.926977857] [my_drone_dds_wasd_control]: STATE arm=2 nav=5 NED=(1.667,93.714,0.696) vel=(-0.034,6.443,-0.016) yaw_deg=-165.2 failsafe=True age_s=(0.32,0.00) arm_torque_nm=0.000 motors=[848.12,1000.00,847.14,972.17,1000.00,1000.00,1000.00,973.15][0m
[31m[ERROR] [1786180982.944486516] [my_drone_dds_wasd_control]: Position safety gate exceeded; requesting LAND horizontal=96.70 m vertical=0.76 m[0m
[31m[ERROR] [1786180982.981329586] [my_drone_dds_wasd_control]: Position safety gate exceeded; requesting LAND horizontal=96.95 m vertical=0.76 m[0m
[31m[ERROR] [1786180983.036351395] [my_drone_dds_wasd_control]: Position safety gate exceeded; requesting LAND horizontal=97.32 m vertical=0.76 m[0m
[31m[ERROR] [1786180983.085590398] [my_drone_dds_wasd_control]: Position safety gate exceeded; requesting LAND horizontal=97.63 m vertical=0.76 m[0m
[31m[ERROR] [1786180983.130880582] [my_drone_dds_wasd_control]: Position safety gate exceeded; requesting LAND horizontal=98.00 m vertical=0.76 m[0m
[31m[ERROR] [1786180983.180987519] [my_drone_dds_wasd_control]: Position safety gate exceeded; requesting LAND horizontal=98.23 m vertical=0.76 m[0m
[31m[ERROR] [1786180983.235310384] [my_drone_dds_wasd_control]: Position safety gate exceeded; requesting LAND horizontal=98.63 m vertical=0.76 m[0m
[31m[ERROR] [1786180983.278142947] [my_drone_dds_wasd_control]: Position safety gate exceeded; requesting LAND horizontal=98.86 m vertical=0.76 m[0m
[31m[ERROR] [1786180983.335128041] [my_drone_dds_wasd_control]: Position safety gate exceeded; requesting LAND horizontal=99.25 m vertical=0.76 m[0m
[31m[ERROR] [1786180983.380599133] [my_drone_dds_wasd_control]: Position safety gate exceeded; requesting LAND horizontal=99.48 m vertical=0.76 m[0m
[31m[ERROR] [1786180983.428519228] [my_drone_dds_wasd_control]: Position safety gate exceeded; requesting LAND horizontal=99.86 m vertical=0.76 m[0m
[31m[ERROR] [1786180983.479441668] [my_drone_dds_wasd_control]: Position safety gate exceeded; requesting LAND horizontal=100.12 m vertical=0.76 m[0m
[31m[ERROR] [1786180983.532661166] [my_drone_dds_wasd_control]: Position safety gate exceeded; requesting LAND horizontal=100.50 m vertical=0.76 m[0m
[31m[ERROR] [1786180983.585182614] [my_drone_dds_wasd_control]: Position safety gate exceeded; requesting LAND horizontal=100.81 m vertical=0.76 m[0m
[31m[ERROR] [1786180983.631684954] [my_drone_dds_wasd_control]: Position safety gate exceeded; requesting LAND horizontal=101.20 m vertical=0.76 m[0m
[31m[ERROR] [1786180983.685242862] [my_drone_dds_wasd_control]: Position safety gate exceeded; requesting LAND horizontal=101.44 m vertical=0.76 m[0m
[31m[ERROR] [1786180983.740740306] [my_drone_dds_wasd_control]: Position safety gate exceeded; requesting LAND horizontal=101.85 m vertical=0.76 m[0m
[31m[ERROR] [1786180983.784961948] [my_drone_dds_wasd_control]: Position safety gate exceeded; requesting LAND horizontal=102.08 m vertical=0.76 m[0m
[31m[ERROR] [1786180983.837390696] [my_drone_dds_wasd_control]: Position safety gate exceeded; requesting LAND horizontal=102.46 m vertical=0.76 m[0m
[31m[ERROR] [1786180983.888599108] [my_drone_dds_wasd_control]: Position safety gate exceeded; requesting LAND horizontal=102.69 m vertical=0.76 m[0m
[0m[INFO] [1786180983.935163878] [my_drone_dds_wasd_control]: STATE arm=2 nav=5 NED=(1.677,100.094,0.697) vel=(-0.021,6.471,-0.014) yaw_deg=-165.3 failsafe=True age_s=(0.31,0.00) arm_torque_nm=0.000 motors=[846.69,1000.00,845.65,973.61,1000.00,1000.00,1000.00,974.65][0m
[31m[ERROR] [1786180983.958818677] [my_drone_dds_wasd_control]: Position safety gate exceeded; requesting LAND horizontal=103.08 m vertical=0.76 m[0m
[31m[ERROR] [1786180983.981772176] [my_drone_dds_wasd_control]: Position safety gate exceeded; requesting LAND horizontal=103.08 m vertical=0.76 m[0m
[31m[ERROR] [1786180984.032635570] [my_drone_dds_wasd_control]: Position safety gate exceeded; requesting LAND horizontal=103.71 m vertical=0.76 m[0m
[31m[ERROR] [1786180984.080875464] [my_drone_dds_wasd_control]: Position safety gate exceeded; requesting LAND horizontal=104.02 m vertical=0.76 m[0m
[31m[ERROR] [1786180984.126826155] [my_drone_dds_wasd_control]: Position safety gate exceeded; requesting LAND horizontal=104.40 m vertical=0.76 m[0m
[31m[ERROR] [1786180984.179392402] [my_drone_dds_wasd_control]: Position safety gate exceeded; requesting LAND horizontal=104.63 m vertical=0.77 m[0m
[31m[ERROR] [1786180984.231412166] [my_drone_dds_wasd_control]: Position safety gate exceeded; requesting LAND horizontal=105.03 m vertical=0.77 m[0m
[31m[ERROR] [1786180984.280750632] [my_drone_dds_wasd_control]: Position safety gate exceeded; requesting LAND horizontal=105.27 m vertical=0.77 m[0m
[31m[ERROR] [1786180984.327619915] [my_drone_dds_wasd_control]: Position safety gate exceeded; requesting LAND horizontal=105.65 m vertical=0.77 m[0m
[31m[ERROR] [1786180984.384096939] [my_drone_dds_wasd_control]: Position safety gate exceeded; requesting LAND horizontal=105.89 m vertical=0.77 m[0m
[31m[ERROR] [1786180984.430371079] [my_drone_dds_wasd_control]: Position safety gate exceeded; requesting LAND horizontal=106.28 m vertical=0.77 m[0m
[31m[ERROR] [1786180984.479600471] [my_drone_dds_wasd_control]: Position safety gate exceeded; requesting LAND horizontal=106.54 m vertical=0.77 m[0m
[31m[ERROR] [1786180984.532186584] [my_drone_dds_wasd_control]: Position safety gate exceeded; requesting LAND horizontal=106.93 m vertical=0.78 m[0m
[31m[ERROR] [1786180984.580690459] [my_drone_dds_wasd_control]: Position safety gate exceeded; requesting LAND horizontal=107.25 m vertical=0.78 m[0m
[31m[ERROR] [1786180984.635600516] [my_drone_dds_wasd_control]: Position safety gate exceeded; requesting LAND horizontal=107.64 m vertical=0.78 m[0m
[31m[ERROR] [1786180984.677712981] [my_drone_dds_wasd_control]: Position safety gate exceeded; requesting LAND horizontal=107.88 m vertical=0.78 m[0m
[31m[ERROR] [1786180984.731153922] [my_drone_dds_wasd_control]: Position safety gate exceeded; requesting LAND horizontal=108.29 m vertical=0.78 m[0m
[31m[ERROR] [1786180984.777959753] [my_drone_dds_wasd_control]: Position safety gate exceeded; requesting LAND horizontal=108.53 m vertical=0.78 m[0m
[31m[ERROR] [1786180984.830330592] [my_drone_dds_wasd_control]: Position safety gate exceeded; requesting LAND horizontal=108.92 m vertical=0.78 m[0m
[31m[ERROR] [1786180984.884479083] [my_drone_dds_wasd_control]: Position safety gate exceeded; requesting LAND horizontal=109.16 m vertical=0.78 m[0m
[31m[ERROR] [1786180984.937101981] [my_drone_dds_wasd_control]: Position safety gate exceeded; requesting LAND horizontal=109.55 m vertical=0.79 m[0m
[0m[INFO] [1786180984.983592522] [my_drone_dds_wasd_control]: STATE arm=2 nav=5 NED=(1.660,106.832,0.723) vel=(-0.031,6.613,-0.005) yaw_deg=-165.3 failsafe=True age_s=(0.36,0.01) arm_torque_nm=0.000 motors=[845.66,1000.00,844.57,974.64,1000.00,1000.00,1000.00,975.73][0m
[31m[ERROR] [1786180985.008838646] [my_drone_dds_wasd_control]: Position safety gate exceeded; requesting LAND horizontal=109.81 m vertical=0.79 m[0m
[31m[ERROR] [1786180985.036545622] [my_drone_dds_wasd_control]: Position safety gate exceeded; requesting LAND horizontal=109.81 m vertical=0.79 m[0m
[31m[ERROR] [1786180985.077987732] [my_drone_dds_wasd_control]: Position safety gate exceeded; requesting LAND horizontal=110.53 m vertical=0.79 m[0m
[31m[ERROR] [1786180985.127635370] [my_drone_dds_wasd_control]: Position safety gate exceeded; requesting LAND horizontal=110.93 m vertical=0.79 m[0m
[31m[ERROR] [1786180985.180352447] [my_drone_dds_wasd_control]: Position safety gate exceeded; requesting LAND horizontal=111.17 m vertical=0.79 m[0m
[31m[ERROR] [1786180985.231314508] [my_drone_dds_wasd_control]: Position safety gate exceeded; requesting LAND horizontal=111.59 m vertical=0.79 m[0m
[31m[ERROR] [1786180985.277934232] [my_drone_dds_wasd_control]: Position safety gate exceeded; requesting LAND horizontal=111.83 m vertical=0.79 m[0m
[31m[ERROR] [1786180985.329076912] [my_drone_dds_wasd_control]: Position safety gate exceeded; requesting LAND horizontal=112.23 m vertical=0.79 m[0m
[31m[ERROR] [1786180985.375648705] [my_drone_dds_wasd_control]: Position safety gate exceeded; requesting LAND horizontal=112.46 m vertical=0.79 m[0m
[31m[ERROR] [1786180985.443126238] [my_drone_dds_wasd_control]: Position safety gate exceeded; requesting LAND horizontal=112.86 m vertical=0.79 m[0m
[31m[ERROR] [1786180985.490826360] [my_drone_dds_wasd_control]: Position safety gate exceeded; requesting LAND horizontal=113.12 m vertical=0.79 m[0m
[31m[ERROR] [1786180985.535249179] [my_drone_dds_wasd_control]: Position safety gate exceeded; requesting LAND horizontal=113.51 m vertical=0.80 m[0m
[31m[ERROR] [1786180985.585747690] [my_drone_dds_wasd_control]: Position safety gate exceeded; requesting LAND horizontal=113.83 m vertical=0.79 m[0m
[31m[ERROR] [1786180985.629583489] [my_drone_dds_wasd_control]: Position safety gate exceeded; requesting LAND horizontal=114.22 m vertical=0.79 m[0m
[31m[ERROR] [1786180985.677278431] [my_drone_dds_wasd_control]: Position safety gate exceeded; requesting LAND horizontal=114.45 m vertical=0.79 m[0m
[31m[ERROR] [1786180985.728086587] [my_drone_dds_wasd_control]: Position safety gate exceeded; requesting LAND horizontal=114.87 m vertical=0.79 m[0m
[31m[ERROR] [1786180985.776612618] [my_drone_dds_wasd_control]: Position safety gate exceeded; requesting LAND horizontal=115.11 m vertical=0.79 m[0m
[31m[ERROR] [1786180985.829147145] [my_drone_dds_wasd_control]: Position safety gate exceeded; requesting LAND horizontal=115.50 m vertical=0.79 m[0m
[31m[ERROR] [1786180985.879101880] [my_drone_dds_wasd_control]: Position safety gate exceeded; requesting LAND horizontal=115.74 m vertical=0.79 m[0m
[31m[ERROR] [1786180985.927545423] [my_drone_dds_wasd_control]: Position safety gate exceeded; requesting LAND horizontal=116.13 m vertical=0.79 m[0m
[0m[INFO] [1786180985.982732129] [my_drone_dds_wasd_control]: STATE arm=2 nav=5 NED=(1.669,113.417,0.730) vel=(-0.024,6.675,-0.005) yaw_deg=-165.4 failsafe=True age_s=(0.33,0.01) arm_torque_nm=0.000 motors=[844.54,1000.00,843.39,976.00,1000.00,1000.00,1000.00,977.15][0m
[31m[ERROR] [1786180986.006569667] [my_drone_dds_wasd_control]: Position safety gate exceeded; requesting LAND horizontal=116.40 m vertical=0.79 m[0m
[31m[ERROR] [1786180986.029507280] [my_drone_dds_wasd_control]: Position safety gate exceeded; requesting LAND horizontal=116.82 m vertical=0.79 m[0m
[31m[ERROR] [1786180986.080172372] [my_drone_dds_wasd_control]: Position safety gate exceeded; requesting LAND horizontal=117.06 m vertical=0.79 m[0m
[31m[ERROR] [1786180986.136673008] [my_drone_dds_wasd_control]: Position safety gate exceeded; requesting LAND horizontal=117.48 m vertical=0.79 m[0m
[31m[ERROR] [1786180986.182922042] [my_drone_dds_wasd_control]: Position safety gate exceeded; requesting LAND horizontal=117.72 m vertical=0.79 m[0m
[31m[ERROR] [1786180986.233204385] [my_drone_dds_wasd_control]: Position safety gate exceeded; requesting LAND horizontal=118.10 m vertical=0.79 m[0m
[31m[ERROR] [1786180986.283711742] [my_drone_dds_wasd_control]: Position safety gate exceeded; requesting LAND horizontal=118.42 m vertical=0.80 m[0m
[31m[ERROR] [1786180986.331726112] [my_drone_dds_wasd_control]: Position safety gate exceeded; requesting LAND horizontal=118.77 m vertical=0.80 m[0m
[31m[ERROR] [1786180986.377222785] [my_drone_dds_wasd_control]: Position safety gate exceeded; requesting LAND horizontal=119.09 m vertical=0.80 m[0m
[31m[ERROR] [1786180986.429066553] [my_drone_dds_wasd_control]: Position safety gate exceeded; requesting LAND horizontal=119.48 m vertical=0.80 m[0m
[31m[ERROR] [1786180986.481333589] [my_drone_dds_wasd_control]: Position safety gate exceeded; requesting LAND horizontal=119.72 m vertical=0.80 m[0m
[31m[ERROR] [1786180986.535623593] [my_drone_dds_wasd_control]: Position safety gate exceeded; requesting LAND horizontal=120.12 m vertical=0.79 m[0m
[31m[ERROR] [1786180986.604447363] [my_drone_dds_wasd_control]: Position safety gate exceeded; requesting LAND horizontal=120.35 m vertical=0.79 m[0m
[31m[ERROR] [1786180986.630256119] [my_drone_dds_wasd_control]: Position safety gate exceeded; requesting LAND horizontal=120.78 m vertical=0.79 m[0m
[31m[ERROR] [1786180986.679120638] [my_drone_dds_wasd_control]: Position safety gate exceeded; requesting LAND horizontal=121.01 m vertical=0.79 m[0m
[31m[ERROR] [1786180986.730399624] [my_drone_dds_wasd_control]: Position safety gate exceeded; requesting LAND horizontal=121.41 m vertical=0.79 m[0m
[31m[ERROR] [1786180986.782767265] [my_drone_dds_wasd_control]: Position safety gate exceeded; requesting LAND horizontal=121.72 m vertical=0.79 m[0m
[31m[ERROR] [1786180986.826242712] [my_drone_dds_wasd_control]: Position safety gate exceeded; requesting LAND horizontal=122.07 m vertical=0.79 m[0m
[31m[ERROR] [1786180986.888232877] [my_drone_dds_wasd_control]: Position safety gate exceeded; requesting LAND horizontal=122.38 m vertical=0.79 m[0m
[31m[ERROR] [1786180986.930324176] [my_drone_dds_wasd_control]: Position safety gate exceeded; requesting LAND horizontal=122.78 m vertical=0.79 m[0m
[31m[ERROR] [1786180986.975373060] [my_drone_dds_wasd_control]: Position safety gate exceeded; requesting LAND horizontal=123.02 m vertical=0.79 m[0m
[0m[INFO] [1786180987.029580095] [my_drone_dds_wasd_control]: STATE arm=2 nav=5 NED=(1.677,120.437,0.730) vel=(-0.023,6.671,-0.006) yaw_deg=-165.4 failsafe=True age_s=(0.38,0.00) arm_torque_nm=0.000 motors=[843.48,1000.00,842.28,976.73,1000.00,1000.00,1000.00,977.94][0m
[31m[ERROR] [1786180987.050768341] [my_drone_dds_wasd_control]: Position safety gate exceeded; requesting LAND horizontal=123.42 m vertical=0.79 m[0m
[31m[ERROR] [1786180987.080465529] [my_drone_dds_wasd_control]: Position safety gate exceeded; requesting LAND horizontal=123.66 m vertical=0.79 m[0m
[31m[ERROR] [1786180987.130118785] [my_drone_dds_wasd_control]: Position safety gate exceeded; requesting LAND horizontal=124.08 m vertical=0.79 m[0m
[31m[ERROR] [1786180987.184969051] [my_drone_dds_wasd_control]: Position safety gate exceeded; requesting LAND horizontal=124.32 m vertical=0.79 m[0m
[31m[ERROR] [1786180987.231781302] [my_drone_dds_wasd_control]: Position safety gate exceeded; requesting LAND horizontal=124.71 m vertical=0.79 m[0m
[31m[ERROR] [1786180987.282683852] [my_drone_dds_wasd_control]: Position safety gate exceeded; requesting LAND horizontal=125.03 m vertical=0.79 m[0m
[31m[ERROR] [1786180987.326922562] [my_drone_dds_wasd_control]: Position safety gate exceeded; requesting LAND horizontal=125.38 m vertical=0.79 m[0m
[31m[ERROR] [1786180987.377352151] [my_drone_dds_wasd_control]: Position safety gate exceeded; requesting LAND horizontal=125.70 m vertical=0.79 m[0m
[31m[ERROR] [1786180987.428915587] [my_drone_dds_wasd_control]: Position safety gate exceeded; requesting LAND horizontal=126.10 m vertical=0.79 m[0m
[31m[ERROR] [1786180987.476890917] [my_drone_dds_wasd_control]: Position safety gate exceeded; requesting LAND horizontal=126.34 m vertical=0.79 m[0m
[31m[ERROR] [1786180987.531753250] [my_drone_dds_wasd_control]: Position safety gate exceeded; requesting LAND horizontal=126.74 m vertical=0.79 m[0m
[31m[ERROR] [1786180987.580688740] [my_drone_dds_wasd_control]: Position safety gate exceeded; requesting LAND horizontal=126.97 m vertical=0.79 m[0m
[31m[ERROR] [1786180987.630606111] [my_drone_dds_wasd_control]: Position safety gate exceeded; requesting LAND horizontal=127.40 m vertical=0.79 m[0m
[31m[ERROR] [1786180987.679468519] [my_drone_dds_wasd_control]: Position safety gate exceeded; requesting LAND horizontal=127.64 m vertical=0.79 m[0m
[31m[ERROR] [1786180987.732072488] [my_drone_dds_wasd_control]: Position safety gate exceeded; requesting LAND horizontal=128.04 m vertical=0.79 m[0m
[31m[ERROR] [1786180987.779278667] [my_drone_dds_wasd_control]: Position safety gate exceeded; requesting LAND horizontal=128.36 m vertical=0.79 m[0m
[31m[ERROR] [1786180987.827365789] [my_drone_dds_wasd_control]: Position safety gate exceeded; requesting LAND horizontal=128.71 m vertical=0.79 m[0m
[31m[ERROR] [1786180987.880736699] [my_drone_dds_wasd_control]: Position safety gate exceeded; requesting LAND horizontal=129.03 m vertical=0.79 m[0m
[31m[ERROR] [1786180987.924447841] [my_drone_dds_wasd_control]: Position safety gate exceeded; requesting LAND horizontal=129.43 m vertical=0.79 m[0m
[31m[ERROR] [1786180987.981393413] [my_drone_dds_wasd_control]: Position safety gate exceeded; requesting LAND horizontal=129.67 m vertical=0.79 m[0m
[0m[INFO] [1786180988.031704340] [my_drone_dds_wasd_control]: STATE arm=2 nav=5 NED=(1.670,127.092,0.728) vel=(-0.028,6.688,-0.005) yaw_deg=-165.4 failsafe=True age_s=(0.38,0.00) arm_torque_nm=0.000 motors=[842.36,1000.00,841.10,977.90,1000.00,1000.00,1000.00,979.16][0m
[31m[ERROR] [1786180988.060873603] [my_drone_dds_wasd_control]: Position safety gate exceeded; requesting LAND horizontal=130.07 m vertical=0.79 m[0m
[31m[ERROR] [1786180988.094148949] [my_drone_dds_wasd_control]: Position safety gate exceeded; requesting LAND horizontal=130.07 m vertical=0.79 m[0m
[31m[ERROR] [1786180988.129142320] [my_drone_dds_wasd_control]: Position safety gate exceeded; requesting LAND horizontal=130.74 m vertical=0.79 m[0m
[31m[ERROR] [1786180988.184531041] [my_drone_dds_wasd_control]: Position safety gate exceeded; requesting LAND horizontal=130.97 m vertical=0.79 m[0m
[31m[ERROR] [1786180988.242342907] [my_drone_dds_wasd_control]: Position safety gate exceeded; requesting LAND horizontal=131.37 m vertical=0.79 m[0m
[31m[ERROR] [1786180988.281795429] [my_drone_dds_wasd_control]: Position safety gate exceeded; requesting LAND horizontal=131.68 m vertical=0.79 m[0m
[31m[ERROR] [1786180988.329033652] [my_drone_dds_wasd_control]: Position safety gate exceeded; requesting LAND horizontal=132.02 m vertical=0.79 m[0m
[31m[ERROR] [1786180988.378673003] [my_drone_dds_wasd_control]: Position safety gate exceeded; requesting LAND horizontal=132.33 m vertical=0.79 m[0m
[31m[ERROR] [1786180988.435545982] [my_drone_dds_wasd_control]: Position safety gate exceeded; requesting LAND horizontal=132.72 m vertical=0.79 m[0m
[31m[ERROR] [1786180988.479991252] [my_drone_dds_wasd_control]: Position safety gate exceeded; requesting LAND horizontal=132.95 m vertical=0.79 m[0m
[31m[ERROR] [1786180988.535328451] [my_drone_dds_wasd_control]: Position safety gate exceeded; requesting LAND horizontal=133.35 m vertical=0.79 m[0m
[31m[ERROR] [1786180988.579925555] [my_drone_dds_wasd_control]: Position safety gate exceeded; requesting LAND horizontal=133.58 m vertical=0.79 m[0m
[31m[ERROR] [1786180988.628742997] [my_drone_dds_wasd_control]: Position safety gate exceeded; requesting LAND horizontal=134.01 m vertical=0.79 m[0m
[31m[ERROR] [1786180988.676772306] [my_drone_dds_wasd_control]: Position safety gate exceeded; requesting LAND horizontal=134.24 m vertical=0.78 m[0m
[31m[ERROR] [1786180988.731569421] [my_drone_dds_wasd_control]: Position safety gate exceeded; requesting LAND horizontal=134.64 m vertical=0.78 m[0m
[31m[ERROR] [1786180988.777235579] [my_drone_dds_wasd_control]: Position safety gate exceeded; requesting LAND horizontal=134.96 m vertical=0.78 m[0m
[31m[ERROR] [1786180988.829372482] [my_drone_dds_wasd_control]: Position safety gate exceeded; requesting LAND horizontal=135.30 m vertical=0.78 m[0m
[31m[ERROR] [1786180988.882763876] [my_drone_dds_wasd_control]: Position safety gate exceeded; requesting LAND horizontal=135.62 m vertical=0.78 m[0m
[31m[ERROR] [1786180988.931737456] [my_drone_dds_wasd_control]: Position safety gate exceeded; requesting LAND horizontal=136.02 m vertical=0.78 m[0m
[31m[ERROR] [1786180988.981754111] [my_drone_dds_wasd_control]: Position safety gate exceeded; requesting LAND horizontal=136.26 m vertical=0.78 m[0m
[31m[ERROR] [1786180989.027589169] [my_drone_dds_wasd_control]: Position safety gate exceeded; requesting LAND horizontal=136.66 m vertical=0.77 m[0m
[0m[INFO] [1786180989.083212431] [my_drone_dds_wasd_control]: STATE arm=2 nav=5 NED=(1.662,133.927,0.709) vel=(-0.027,6.548,-0.014) yaw_deg=-165.5 failsafe=True age_s=(0.42,0.01) arm_torque_nm=0.000 motors=[841.04,1000.00,839.73,979.55,1000.00,1000.00,1000.00,980.87][0m
[31m[ERROR] [1786180989.103999993] [my_drone_dds_wasd_control]: Position safety gate exceeded; requesting LAND horizontal=136.91 m vertical=0.77 m[0m
[31m[ERROR] [1786180989.131005874] [my_drone_dds_wasd_control]: Position safety gate exceeded; requesting LAND horizontal=137.34 m vertical=0.77 m[0m
[31m[ERROR] [1786180989.183955191] [my_drone_dds_wasd_control]: Position safety gate exceeded; requesting LAND horizontal=137.58 m vertical=0.77 m[0m
[31m[ERROR] [1786180989.231534807] [my_drone_dds_wasd_control]: Position safety gate exceeded; requesting LAND horizontal=137.98 m vertical=0.77 m[0m
[31m[ERROR] [1786180989.285918993] [my_drone_dds_wasd_control]: Position safety gate exceeded; requesting LAND horizontal=138.30 m vertical=0.77 m[0m
[31m[ERROR] [1786180989.332773558] [my_drone_dds_wasd_control]: Position safety gate exceeded; requesting LAND horizontal=138.65 m vertical=0.77 m[0m
[31m[ERROR] [1786180989.381924460] [my_drone_dds_wasd_control]: Position safety gate exceeded; requesting LAND horizontal=138.97 m vertical=0.77 m[0m
[31m[ERROR] [1786180989.429278722] [my_drone_dds_wasd_control]: Position safety gate exceeded; requesting LAND horizontal=139.37 m vertical=0.77 m[0m
[31m[ERROR] [1786180989.480580784] [my_drone_dds_wasd_control]: Position safety gate exceeded; requesting LAND horizontal=139.61 m vertical=0.77 m[0m
[31m[ERROR] [1786180989.541635124] [my_drone_dds_wasd_control]: Position safety gate exceeded; requesting LAND horizontal=140.01 m vertical=0.77 m[0m
[31m[ERROR] [1786180989.576761377] [my_drone_dds_wasd_control]: Position safety gate exceeded; requesting LAND horizontal=140.26 m vertical=0.77 m[0m
[31m[ERROR] [1786180989.631218572] [my_drone_dds_wasd_control]: Position safety gate exceeded; requesting LAND horizontal=140.69 m vertical=0.77 m[0m
[31m[ERROR] [1786180989.683879660] [my_drone_dds_wasd_control]: Position safety gate exceeded; requesting LAND horizontal=140.93 m vertical=0.77 m[0m
[31m[ERROR] [1786180989.729585837] [my_drone_dds_wasd_control]: Position safety gate exceeded; requesting LAND horizontal=141.33 m vertical=0.77 m[0m
[31m[ERROR] [1786180989.783138858] [my_drone_dds_wasd_control]: Position safety gate exceeded; requesting LAND horizontal=141.66 m vertical=0.77 m[0m
[31m[ERROR] [1786180989.832384237] [my_drone_dds_wasd_control]: Position safety gate exceeded; requesting LAND horizontal=142.01 m vertical=0.77 m[0m
[31m[ERROR] [1786180989.884299772] [my_drone_dds_wasd_control]: Position safety gate exceeded; requesting LAND horizontal=142.33 m vertical=0.77 m[0m
[31m[ERROR] [1786180989.930553374] [my_drone_dds_wasd_control]: Position safety gate exceeded; requesting LAND horizontal=142.73 m vertical=0.77 m[0m
[31m[ERROR] [1786180989.979170756] [my_drone_dds_wasd_control]: Position safety gate exceeded; requesting LAND horizontal=142.98 m vertical=0.77 m[0m
[31m[ERROR] [1786180990.032039034] [my_drone_dds_wasd_control]: Position safety gate exceeded; requesting LAND horizontal=143.38 m vertical=0.77 m[0m
[0m[INFO] [1786180990.076422513] [my_drone_dds_wasd_control]: STATE arm=2 nav=5 NED=(1.662,140.648,0.703) vel=(-0.025,6.578,-0.016) yaw_deg=-165.5 failsafe=True age_s=(0.42,0.01) arm_torque_nm=0.000 motors=[839.45,1000.00,838.07,981.21,1000.00,1000.00,1000.00,982.59][0m
[31m[ERROR] [1786180990.097674829] [my_drone_dds_wasd_control]: Position safety gate exceeded; requesting LAND horizontal=143.63 m vertical=0.77 m[0m
[31m[ERROR] [1786180990.133811369] [my_drone_dds_wasd_control]: Position safety gate exceeded; requesting LAND horizontal=144.06 m vertical=0.77 m[0m
[31m[ERROR] [1786180990.182642720] [my_drone_dds_wasd_control]: Position safety gate exceeded; requesting LAND horizontal=144.30 m vertical=0.77 m[0m
[31m[ERROR] [1786180990.234757038] [my_drone_dds_wasd_control]: Position safety gate exceeded; requesting LAND horizontal=144.71 m vertical=0.77 m[0m
[31m[ERROR] [1786180990.280629183] [my_drone_dds_wasd_control]: Position safety gate exceeded; requesting LAND horizontal=145.03 m vertical=0.77 m[0m
[31m[ERROR] [1786180990.343537660] [my_drone_dds_wasd_control]: Position safety gate exceeded; requesting LAND horizontal=145.39 m vertical=0.77 m[0m
[31m[ERROR] [1786180990.377139290] [my_drone_dds_wasd_control]: Position safety gate exceeded; requesting LAND horizontal=145.72 m vertical=0.77 m[0m
[31m[ERROR] [1786180990.427099343] [my_drone_dds_wasd_control]: Position safety gate exceeded; requesting LAND horizontal=146.14 m vertical=0.77 m[0m
[31m[ERROR] [1786180990.485482036] [my_drone_dds_wasd_control]: Position safety gate exceeded; requesting LAND horizontal=146.38 m vertical=0.77 m[0m
[31m[ERROR] [1786180990.534647763] [my_drone_dds_wasd_control]: Position safety gate exceeded; requesting LAND horizontal=146.80 m vertical=0.77 m[0m
[31m[ERROR] [1786180990.583015826] [my_drone_dds_wasd_control]: Position safety gate exceeded; requesting LAND horizontal=147.05 m vertical=0.77 m[0m
[31m[ERROR] [1786180990.632093249] [my_drone_dds_wasd_control]: Position safety gate exceeded; requesting LAND horizontal=147.49 m vertical=0.77 m[0m
[31m[ERROR] [1786180990.681189260] [my_drone_dds_wasd_control]: Position safety gate exceeded; requesting LAND horizontal=147.73 m vertical=0.77 m[0m
[31m[ERROR] [1786180990.730746784] [my_drone_dds_wasd_control]: Position safety gate exceeded; requesting LAND horizontal=148.14 m vertical=0.77 m[0m
[31m[ERROR] [1786180990.778400517] [my_drone_dds_wasd_control]: Position safety gate exceeded; requesting LAND horizontal=148.46 m vertical=0.77 m[0m
[31m[ERROR] [1786180990.831242202] [my_drone_dds_wasd_control]: Position safety gate exceeded; requesting LAND horizontal=148.81 m vertical=0.77 m[0m
[31m[ERROR] [1786180990.882414925] [my_drone_dds_wasd_control]: Position safety gate exceeded; requesting LAND horizontal=149.14 m vertical=0.77 m[0m
[31m[ERROR] [1786180990.929771341] [my_drone_dds_wasd_control]: Position safety gate exceeded; requesting LAND horizontal=149.55 m vertical=0.77 m[0m
[31m[ERROR] [1786180990.975937918] [my_drone_dds_wasd_control]: Position safety gate exceeded; requesting LAND horizontal=149.79 m vertical=0.77 m[0m
[31m[ERROR] [1786180991.035953320] [my_drone_dds_wasd_control]: Position safety gate exceeded; requesting LAND horizontal=150.21 m vertical=0.77 m[0m
[31m[ERROR] [1786180991.082914987] [my_drone_dds_wasd_control]: Position safety gate exceeded; requesting LAND horizontal=150.45 m vertical=0.77 m[0m
[0m[INFO] [1786180991.139425008] [my_drone_dds_wasd_control]: STATE arm=2 nav=5 NED=(1.664,147.915,0.705) vel=(-0.020,6.807,-0.014) yaw_deg=-165.5 failsafe=True age_s=(0.46,0.00) arm_torque_nm=0.000 motors=[837.56,1000.00,836.11,982.88,1000.00,1000.00,1000.00,984.33][0m
[31m[ERROR] [1786180991.160027686] [my_drone_dds_wasd_control]: Position safety gate exceeded; requesting LAND horizontal=150.89 m vertical=0.77 m[0m
[31m[ERROR] [1786180991.228354906] [my_drone_dds_wasd_control]: Position safety gate exceeded; requesting LAND horizontal=150.89 m vertical=0.77 m[0m
[31m[ERROR] [1786180991.251860398] [my_drone_dds_wasd_control]: Position safety gate exceeded; requesting LAND horizontal=151.72 m vertical=0.77 m[0m
[31m[ERROR] [1786180991.281751510] [my_drone_dds_wasd_control]: Position safety gate exceeded; requesting LAND horizontal=151.89 m vertical=0.77 m[0m
[31m[ERROR] [1786180991.328792172] [my_drone_dds_wasd_control]: Position safety gate exceeded; requesting LAND horizontal=152.25 m vertical=0.77 m[0m
[31m[ERROR] [1786180991.382033892] [my_drone_dds_wasd_control]: Position safety gate exceeded; requesting LAND horizontal=152.58 m vertical=0.77 m[0m
[31m[ERROR] [1786180991.431269834] [my_drone_dds_wasd_control]: Position safety gate exceeded; requesting LAND horizontal=153.00 m vertical=0.78 m[0m
[31m[ERROR] [1786180991.478800384] [my_drone_dds_wasd_control]: Position safety gate exceeded; requesting LAND horizontal=153.26 m vertical=0.78 m[0m
[31m[ERROR] [1786180991.537089072] [my_drone_dds_wasd_control]: Position safety gate exceeded; requesting LAND horizontal=153.68 m vertical=0.78 m[0m
[31m[ERROR] [1786180991.587830429] [my_drone_dds_wasd_control]: Position safety gate exceeded; requesting LAND horizontal=153.93 m vertical=0.78 m[0m
[31m[ERROR] [1786180991.628578621] [my_drone_dds_wasd_control]: Position safety gate exceeded; requesting LAND horizontal=154.37 m vertical=0.78 m[0m
[31m[ERROR] [1786180991.677494702] [my_drone_dds_wasd_control]: Position safety gate exceeded; requesting LAND horizontal=154.62 m vertical=0.78 m[0m
[31m[ERROR] [1786180991.730843913] [my_drone_dds_wasd_control]: Position safety gate exceeded; requesting LAND horizontal=155.04 m vertical=0.78 m[0m
[31m[ERROR] [1786180991.779868260] [my_drone_dds_wasd_control]: Position safety gate exceeded; requesting LAND horizontal=155.37 m vertical=0.79 m[0m
[31m[ERROR] [1786180991.833699289] [my_drone_dds_wasd_control]: Position safety gate exceeded; requesting LAND horizontal=155.73 m vertical=0.79 m[0m
[31m[ERROR] [1786180991.886553198] [my_drone_dds_wasd_control]: Position safety gate exceeded; requesting LAND horizontal=156.07 m vertical=0.79 m[0m
[31m[ERROR] [1786180991.929976207] [my_drone_dds_wasd_control]: Position safety gate exceeded; requesting LAND horizontal=156.42 m vertical=0.79 m[0m
[31m[ERROR] [1786180991.976475238] [my_drone_dds_wasd_control]: Position safety gate exceeded; requesting LAND horizontal=156.69 m vertical=0.79 m[0m
[31m[ERROR] [1786180992.026571576] [my_drone_dds_wasd_control]: Position safety gate exceeded; requesting LAND horizontal=157.11 m vertical=0.80 m[0m
[31m[ERROR] [1786180992.172319952] [my_drone_dds_wasd_control]: Position safety gate exceeded; requesting LAND horizontal=157.42 m vertical=0.80 m[0m
[0m[INFO] [1786180992.202366856] [my_drone_dds_wasd_control]: STATE arm=2 nav=5 NED=(1.673,154.437,0.733) vel=(-0.016,7.140,-0.022) yaw_deg=-165.5 failsafe=True age_s=(0.50,0.13) arm_torque_nm=0.000 motors=[836.61,1000.00,835.10,983.91,1000.00,1000.00,1000.00,985.42][0m
[31m[ERROR] [1786180992.235465322] [my_drone_dds_wasd_control]: Position safety gate exceeded; requesting LAND horizontal=157.42 m vertical=0.80 m[0m
[31m[ERROR] [1786180992.264776070] [my_drone_dds_wasd_control]: Position safety gate exceeded; requesting LAND horizontal=158.53 m vertical=0.79 m[0m
[31m[ERROR] [1786180992.293074827] [my_drone_dds_wasd_control]: Position safety gate exceeded; requesting LAND horizontal=158.53 m vertical=0.79 m[0m
[31m[ERROR] [1786180992.331961386] [my_drone_dds_wasd_control]: Position safety gate exceeded; requesting LAND horizontal=159.06 m vertical=0.78 m[0m
[31m[ERROR] [1786180992.380334914] [my_drone_dds_wasd_control]: Position safety gate exceeded; requesting LAND horizontal=159.30 m vertical=0.78 m[0m
[31m[ERROR] [1786180992.426890368] [my_drone_dds_wasd_control]: Position safety gate exceeded; requesting LAND horizontal=159.70 m vertical=0.78 m[0m
[31m[ERROR] [1786180992.478418935] [my_drone_dds_wasd_control]: Position safety gate exceeded; requesting LAND horizontal=159.97 m vertical=0.77 m[0m
[31m[ERROR] [1786180992.633380722] [my_drone_dds_wasd_control]: Position safety gate exceeded; requesting LAND horizontal=160.29 m vertical=0.77 m[0m
[31m[ERROR] [1786180992.654355773] [my_drone_dds_wasd_control]: Position safety gate exceeded; requesting LAND horizontal=160.29 m vertical=0.77 m[0m
[31m[ERROR] [1786180992.683962813] [my_drone_dds_wasd_control]: Position safety gate exceeded; requesting LAND horizontal=160.54 m vertical=0.77 m[0m
[31m[ERROR] [1786180992.730727622] [my_drone_dds_wasd_control]: Position safety gate exceeded; requesting LAND horizontal=160.95 m vertical=0.76 m[0m
[31m[ERROR] [1786180992.782805740] [my_drone_dds_wasd_control]: Position safety gate exceeded; requesting LAND horizontal=161.20 m vertical=0.76 m[0m
[31m[ERROR] [1786180992.832560832] [my_drone_dds_wasd_control]: Position safety gate exceeded; requesting LAND horizontal=161.64 m vertical=0.76 m[0m
[31m[ERROR] [1786180992.881165169] [my_drone_dds_wasd_control]: Position safety gate exceeded; requesting LAND horizontal=161.89 m vertical=0.75 m[0m
[31m[ERROR] [1786180992.930828240] [my_drone_dds_wasd_control]: Position safety gate exceeded; requesting LAND horizontal=162.30 m vertical=0.75 m[0m
[31m[ERROR] [1786180992.979941364] [my_drone_dds_wasd_control]: Position safety gate exceeded; requesting LAND horizontal=162.63 m vertical=0.75 m[0m
[31m[ERROR] [1786180993.029061007] [my_drone_dds_wasd_control]: Position safety gate exceeded; requesting LAND horizontal=163.04 m vertical=0.75 m[0m
[31m[ERROR] [1786180993.079881188] [my_drone_dds_wasd_control]: Position safety gate exceeded; requesting LAND horizontal=163.31 m vertical=0.75 m[0m
[31m[ERROR] [1786180993.135905742] [my_drone_dds_wasd_control]: Position safety gate exceeded; requesting LAND horizontal=163.73 m vertical=0.75 m[0m
[31m[ERROR] [1786180993.183630478] [my_drone_dds_wasd_control]: Position safety gate exceeded; requesting LAND horizontal=163.97 m vertical=0.74 m[0m
[0m[INFO] [1786180993.269372358] [my_drone_dds_wasd_control]: STATE arm=2 nav=5 NED=(1.710,161.407,0.680) vel=(-0.003,7.218,-0.085) yaw_deg=-165.6 failsafe=True age_s=(0.42,0.00) arm_torque_nm=0.000 motors=[835.74,1000.00,834.19,984.59,1000.00,1000.00,1000.00,986.15][0m
[31m[ERROR] [1786180993.317356540] [my_drone_dds_wasd_control]: Position safety gate exceeded; requesting LAND horizontal=164.39 m vertical=0.74 m[0m
[31m[ERROR] [1786180993.358754210] [my_drone_dds_wasd_control]: Position safety gate exceeded; requesting LAND horizontal=164.39 m vertical=0.74 m[0m
[31m[ERROR] [1786180993.397654871] [my_drone_dds_wasd_control]: Position safety gate exceeded; requesting LAND horizontal=165.27 m vertical=0.74 m[0m
[31m[ERROR] [1786180993.434829917] [my_drone_dds_wasd_control]: Position safety gate exceeded; requesting LAND horizontal=165.63 m vertical=0.74 m[0m
[31m[ERROR] [1786180993.481245480] [my_drone_dds_wasd_control]: Position safety gate exceeded; requesting LAND horizontal=165.93 m vertical=0.74 m[0m
[31m[ERROR] [1786180993.538162133] [my_drone_dds_wasd_control]: Position safety gate exceeded; requesting LAND horizontal=166.33 m vertical=0.74 m[0m
[31m[ERROR] [1786180993.583856723] [my_drone_dds_wasd_control]: Position safety gate exceeded; requesting LAND horizontal=166.59 m vertical=0.74 m[0m
[31m[ERROR] [1786180993.627529445] [my_drone_dds_wasd_control]: Position safety gate exceeded; requesting LAND horizontal=166.99 m vertical=0.74 m[0m
[31m[ERROR] [1786180993.680335893] [my_drone_dds_wasd_control]: Position safety gate exceeded; requesting LAND horizontal=167.23 m vertical=0.74 m[0m
[31m[ERROR] [1786180993.739248372] [my_drone_dds_wasd_control]: Position safety gate exceeded; requesting LAND horizontal=167.63 m vertical=0.74 m[0m
[31m[ERROR] [1786180993.781490236] [my_drone_dds_wasd_control]: Position safety gate exceeded; requesting LAND horizontal=167.88 m vertical=0.74 m[0m
[31m[ERROR] [1786180993.830998933] [my_drone_dds_wasd_control]: Position safety gate exceeded; requesting LAND horizontal=168.30 m vertical=0.75 m[0m
[31m[ERROR] [1786180993.888886189] [my_drone_dds_wasd_control]: Position safety gate exceeded; requesting LAND horizontal=168.54 m vertical=0.75 m[0m
[31m[ERROR] [1786180993.933274113] [my_drone_dds_wasd_control]: Position safety gate exceeded; requesting LAND horizontal=168.94 m vertical=0.75 m[0m
[31m[ERROR] [1786180993.981574200] [my_drone_dds_wasd_control]: Position safety gate exceeded; requesting LAND horizontal=169.26 m vertical=0.75 m[0m
[31m[ERROR] [1786180994.025495195] [my_drone_dds_wasd_control]: Position safety gate exceeded; requesting LAND horizontal=169.66 m vertical=0.75 m[0m
[31m[ERROR] [1786180994.084405005] [my_drone_dds_wasd_control]: Position safety gate exceeded; requesting LAND horizontal=169.93 m vertical=0.75 m[0m
[31m[ERROR] [1786180994.128491952] [my_drone_dds_wasd_control]: Position safety gate exceeded; requesting LAND horizontal=170.33 m vertical=0.75 m[0m
[31m[ERROR] [1786180994.181791476] [my_drone_dds_wasd_control]: Position safety gate exceeded; requesting LAND horizontal=170.57 m vertical=0.75 m[0m
[31m[ERROR] [1786180994.229411254] [my_drone_dds_wasd_control]: Position safety gate exceeded; requesting LAND horizontal=170.97 m vertical=0.75 m[0m
[0m[INFO] [1786180994.275033498] [my_drone_dds_wasd_control]: STATE arm=2 nav=5 NED=(1.701,168.231,0.684) vel=(-0.008,6.902,-0.057) yaw_deg=-165.7 failsafe=True age_s=(0.46,0.01) arm_torque_nm=0.000 motors=[835.46,1000.00,833.87,985.06,1000.00,1000.00,1000.00,986.64][0m
[31m[ERROR] [1786180994.296474069] [my_drone_dds_wasd_control]: Position safety gate exceeded; requesting LAND horizontal=171.21 m vertical=0.75 m[0m
[31m[ERROR] [1786180994.326514700] [my_drone_dds_wasd_control]: Position safety gate exceeded; requesting LAND horizontal=171.64 m vertical=0.75 m[0m
[31m[ERROR] [1786180994.375985869] [my_drone_dds_wasd_control]: Position safety gate exceeded; requesting LAND horizontal=171.88 m vertical=0.75 m[0m
[31m[ERROR] [1786180994.431207040] [my_drone_dds_wasd_control]: Position safety gate exceeded; requesting LAND horizontal=172.29 m vertical=0.75 m[0m
[31m[ERROR] [1786180994.482322816] [my_drone_dds_wasd_control]: Position safety gate exceeded; requesting LAND horizontal=172.61 m vertical=0.75 m[0m
[31m[ERROR] [1786180994.533777636] [my_drone_dds_wasd_control]: Position safety gate exceeded; requesting LAND horizontal=173.01 m vertical=0.75 m[0m
[31m[ERROR] [1786180994.590166938] [my_drone_dds_wasd_control]: Position safety gate exceeded; requesting LAND horizontal=173.28 m vertical=0.75 m[0m
[31m[ERROR] [1786180994.632079494] [my_drone_dds_wasd_control]: Position safety gate exceeded; requesting LAND horizontal=173.68 m vertical=0.75 m[0m
[31m[ERROR] [1786180994.679770000] [my_drone_dds_wasd_control]: Position safety gate exceeded; requesting LAND horizontal=173.93 m vertical=0.75 m[0m
[31m[ERROR] [1786180994.727427797] [my_drone_dds_wasd_control]: Position safety gate exceeded; requesting LAND horizontal=174.33 m vertical=0.75 m[0m
[31m[ERROR] [1786180994.777764596] [my_drone_dds_wasd_control]: Position safety gate exceeded; requesting LAND horizontal=174.58 m vertical=0.75 m[0m
[31m[ERROR] [1786180994.831626700] [my_drone_dds_wasd_control]: Position safety gate exceeded; requesting LAND horizontal=175.01 m vertical=0.75 m[0m
[31m[ERROR] [1786180994.880372077] [my_drone_dds_wasd_control]: Position safety gate exceeded; requesting LAND horizontal=175.26 m vertical=0.75 m[0m
[31m[ERROR] [1786180994.929625825] [my_drone_dds_wasd_control]: Position safety gate exceeded; requesting LAND horizontal=175.67 m vertical=0.75 m[0m
[31m[ERROR] [1786180994.979265437] [my_drone_dds_wasd_control]: Position safety gate exceeded; requesting LAND horizontal=176.00 m vertical=0.75 m[0m
[31m[ERROR] [1786180995.028865889] [my_drone_dds_wasd_control]: Position safety gate exceeded; requesting LAND horizontal=176.41 m vertical=0.75 m[0m
[31m[ERROR] [1786180995.077019331] [my_drone_dds_wasd_control]: Position safety gate exceeded; requesting LAND horizontal=176.69 m vertical=0.75 m[0m
[31m[ERROR] [1786180995.125237088] [my_drone_dds_wasd_control]: Position safety gate exceeded; requesting LAND horizontal=177.10 m vertical=0.75 m[0m
[31m[ERROR] [1786180995.181281165] [my_drone_dds_wasd_control]: Position safety gate exceeded; requesting LAND horizontal=177.34 m vertical=0.75 m[0m
[31m[ERROR] [1786180995.239482824] [my_drone_dds_wasd_control]: Position safety gate exceeded; requesting LAND horizontal=177.75 m vertical=0.75 m[0m
[0m[INFO] [1786180995.277066803] [my_drone_dds_wasd_control]: STATE arm=2 nav=5 NED=(1.708,175.019,0.685) vel=(0.002,6.861,-0.039) yaw_deg=-165.7 failsafe=True age_s=(0.46,0.01) arm_torque_nm=0.000 motors=[834.50,1000.00,832.87,986.01,1000.00,1000.00,1000.00,987.64][0m
[31m[ERROR] [1786180995.297872412] [my_drone_dds_wasd_control]: Position safety gate exceeded; requesting LAND horizontal=178.00 m vertical=0.75 m[0m
[31m[ERROR] [1786180995.350751095] [my_drone_dds_wasd_control]: Position safety gate exceeded; requesting LAND horizontal=178.43 m vertical=0.75 m[0m
[31m[ERROR] [1786180995.379465789] [my_drone_dds_wasd_control]: Position safety gate exceeded; requesting LAND horizontal=178.67 m vertical=0.75 m[0m
[31m[ERROR] [1786180995.425690379] [my_drone_dds_wasd_control]: Position safety gate exceeded; requesting LAND horizontal=179.07 m vertical=0.75 m[0m
[31m[ERROR] [1786180995.476716970] [my_drone_dds_wasd_control]: Position safety gate exceeded; requesting LAND horizontal=179.40 m vertical=0.75 m[0m
[31m[ERROR] [1786180995.529404323] [my_drone_dds_wasd_control]: Position safety gate exceeded; requesting LAND horizontal=179.80 m vertical=0.75 m[0m
[31m[ERROR] [1786180995.584590193] [my_drone_dds_wasd_control]: Position safety gate exceeded; requesting LAND horizontal=180.07 m vertical=0.75 m[0m
[31m[ERROR] [1786180995.630242322] [my_drone_dds_wasd_control]: Position safety gate exceeded; requesting LAND horizontal=180.47 m vertical=0.75 m[0m
[31m[ERROR] [1786180995.679853431] [my_drone_dds_wasd_control]: Position safety gate exceeded; requesting LAND horizontal=180.71 m vertical=0.75 m[0m
[31m[ERROR] [1786180995.737524260] [my_drone_dds_wasd_control]: Position safety gate exceeded; requesting LAND horizontal=181.11 m vertical=0.75 m[0m
[31m[ERROR] [1786180995.789251829] [my_drone_dds_wasd_control]: Position safety gate exceeded; requesting LAND horizontal=181.35 m vertical=0.75 m[0m
[31m[ERROR] [1786180995.827440351] [my_drone_dds_wasd_control]: Position safety gate exceeded; requesting LAND horizontal=181.78 m vertical=0.75 m[0m
[31m[ERROR] [1786180995.876625095] [my_drone_dds_wasd_control]: Position safety gate exceeded; requesting LAND horizontal=182.02 m vertical=0.75 m[0m
[31m[ERROR] [1786180995.927650442] [my_drone_dds_wasd_control]: Position safety gate exceeded; requesting LAND horizontal=182.42 m vertical=0.75 m[0m
[31m[ERROR] [1786180995.975492812] [my_drone_dds_wasd_control]: Position safety gate exceeded; requesting LAND horizontal=182.74 m vertical=0.75 m[0m
[31m[ERROR] [1786180996.036986651] [my_drone_dds_wasd_control]: Position safety gate exceeded; requesting LAND horizontal=183.15 m vertical=0.75 m[0m
[31m[ERROR] [1786180996.078352354] [my_drone_dds_wasd_control]: Position safety gate exceeded; requesting LAND horizontal=183.42 m vertical=0.75 m[0m
[31m[ERROR] [1786180996.131342846] [my_drone_dds_wasd_control]: Position safety gate exceeded; requesting LAND horizontal=183.82 m vertical=0.75 m[0m
[31m[ERROR] [1786180996.188183923] [my_drone_dds_wasd_control]: Position safety gate exceeded; requesting LAND horizontal=184.07 m vertical=0.75 m[0m
[31m[ERROR] [1786180996.238191514] [my_drone_dds_wasd_control]: Position safety gate exceeded; requesting LAND horizontal=184.47 m vertical=0.75 m[0m
[0m[INFO] [1786180996.276724905] [my_drone_dds_wasd_control]: STATE arm=2 nav=5 NED=(1.711,181.741,0.687) vel=(-0.001,6.752,-0.024) yaw_deg=-165.7 failsafe=True age_s=(0.43,0.01) arm_torque_nm=0.000 motors=[834.12,1000.00,832.46,986.50,1000.00,1000.00,1000.00,988.16][0m
[31m[ERROR] [1786180996.297322291] [my_drone_dds_wasd_control]: Position safety gate exceeded; requesting LAND horizontal=184.72 m vertical=0.75 m[0m
[31m[ERROR] [1786180996.329658807] [my_drone_dds_wasd_control]: Position safety gate exceeded; requesting LAND horizontal=185.15 m vertical=0.75 m[0m
[31m[ERROR] [1786180996.376581156] [my_drone_dds_wasd_control]: Position safety gate exceeded; requesting LAND horizontal=185.40 m vertical=0.75 m[0m
[31m[ERROR] [1786180996.427215115] [my_drone_dds_wasd_control]: Position safety gate exceeded; requesting LAND horizontal=185.80 m vertical=0.75 m[0m
[31m[ERROR] [1786180996.479233529] [my_drone_dds_wasd_control]: Position safety gate exceeded; requesting LAND horizontal=186.13 m vertical=0.75 m[0m
[31m[ERROR] [1786180996.534500270] [my_drone_dds_wasd_control]: Position safety gate exceeded; requesting LAND horizontal=186.54 m vertical=0.75 m[0m
[31m[ERROR] [1786180996.583941476] [my_drone_dds_wasd_control]: Position safety gate exceeded; requesting LAND horizontal=186.81 m vertical=0.75 m[0m
[31m[ERROR] [1786180996.628293782] [my_drone_dds_wasd_control]: Position safety gate exceeded; requesting LAND horizontal=187.21 m vertical=0.75 m[0m
[31m[ERROR] [1786180996.679637373] [my_drone_dds_wasd_control]: Position safety gate exceeded; requesting LAND horizontal=187.46 m vertical=0.75 m[0m
[31m[ERROR] [1786180996.730951911] [my_drone_dds_wasd_control]: Position safety gate exceeded; requesting LAND horizontal=187.86 m vertical=0.75 m[0m
[31m[ERROR] [1786180996.782010783] [my_drone_dds_wasd_control]: Position safety gate exceeded; requesting LAND horizontal=188.10 m vertical=0.75 m[0m
[31m[ERROR] [1786180996.833049472] [my_drone_dds_wasd_control]: Position safety gate exceeded; requesting LAND horizontal=188.54 m vertical=0.75 m[0m
[31m[ERROR] [1786180996.881811538] [my_drone_dds_wasd_control]: Position safety gate exceeded; requesting LAND horizontal=188.78 m vertical=0.75 m[0m
[31m[ERROR] [1786180996.929144405] [my_drone_dds_wasd_control]: Position safety gate exceeded; requesting LAND horizontal=189.18 m vertical=0.75 m[0m
[31m[ERROR] [1786180996.982746721] [my_drone_dds_wasd_control]: Position safety gate exceeded; requesting LAND horizontal=189.51 m vertical=0.75 m[0m
[31m[ERROR] [1786180997.025922324] [my_drone_dds_wasd_control]: Position safety gate exceeded; requesting LAND horizontal=189.91 m vertical=0.75 m[0m
[31m[ERROR] [1786180997.081271759] [my_drone_dds_wasd_control]: Position safety gate exceeded; requesting LAND horizontal=190.18 m vertical=0.75 m[0m
[31m[ERROR] [1786180997.128696001] [my_drone_dds_wasd_control]: Position safety gate exceeded; requesting LAND horizontal=190.59 m vertical=0.75 m[0m
[31m[ERROR] [1786180997.183579945] [my_drone_dds_wasd_control]: Position safety gate exceeded; requesting LAND horizontal=190.83 m vertical=0.75 m[0m
[31m[ERROR] [1786180997.244320565] [my_drone_dds_wasd_control]: Position safety gate exceeded; requesting LAND horizontal=191.24 m vertical=0.75 m[0m
[31m[ERROR] [1786180997.279869946] [my_drone_dds_wasd_control]: Position safety gate exceeded; requesting LAND horizontal=191.49 m vertical=0.75 m[0m
[0m[INFO] [1786180997.331025433] [my_drone_dds_wasd_control]: STATE arm=2 nav=5 NED=(1.697,188.936,0.689) vel=(-0.014,6.736,-0.012) yaw_deg=-165.8 failsafe=True age_s=(0.47,0.00) arm_torque_nm=0.000 motors=[833.36,1000.00,831.66,987.75,1000.00,1000.00,1000.00,989.45][0m
[31m[ERROR] [1786180997.356863546] [my_drone_dds_wasd_control]: Position safety gate exceeded; requesting LAND horizontal=191.91 m vertical=0.75 m[0m
[31m[ERROR] [1786180997.385200173] [my_drone_dds_wasd_control]: Position safety gate exceeded; requesting LAND horizontal=192.16 m vertical=0.75 m[0m
[31m[ERROR] [1786180997.428822824] [my_drone_dds_wasd_control]: Position safety gate exceeded; requesting LAND horizontal=192.57 m vertical=0.75 m[0m
[31m[ERROR] [1786180997.478879886] [my_drone_dds_wasd_control]: Position safety gate exceeded; requesting LAND horizontal=192.90 m vertical=0.75 m[0m
[31m[ERROR] [1786180997.531100235] [my_drone_dds_wasd_control]: Position safety gate exceeded; requesting LAND horizontal=193.31 m vertical=0.76 m[0m
[31m[ERROR] [1786180997.585758184] [my_drone_dds_wasd_control]: Position safety gate exceeded; requesting LAND horizontal=193.59 m vertical=0.76 m[0m
[31m[ERROR] [1786180997.631989402] [my_drone_dds_wasd_control]: Position safety gate exceeded; requesting LAND horizontal=194.00 m vertical=0.76 m[0m
[31m[ERROR] [1786180997.677320239] [my_drone_dds_wasd_control]: Position safety gate exceeded; requesting LAND horizontal=194.25 m vertical=0.76 m[0m
[31m[ERROR] [1786180997.730548418] [my_drone_dds_wasd_control]: Position safety gate exceeded; requesting LAND horizontal=194.65 m vertical=0.76 m[0m
[31m[ERROR] [1786180997.780858141] [my_drone_dds_wasd_control]: Position safety gate exceeded; requesting LAND horizontal=194.90 m vertical=0.76 m[0m
[31m[ERROR] [1786180997.840518544] [my_drone_dds_wasd_control]: Position safety gate exceeded; requesting LAND horizontal=195.33 m vertical=0.76 m[0m
[31m[ERROR] [1786180997.894063480] [my_drone_dds_wasd_control]: Position safety gate exceeded; requesting LAND horizontal=195.58 m vertical=0.76 m[0m
[31m[ERROR] [1786180997.935384585] [my_drone_dds_wasd_control]: Position safety gate exceeded; requesting LAND horizontal=195.98 m vertical=0.76 m[0m
[31m[ERROR] [1786180997.983409313] [my_drone_dds_wasd_control]: Position safety gate exceeded; requesting LAND horizontal=196.30 m vertical=0.76 m[0m
[31m[ERROR] [1786180998.028544809] [my_drone_dds_wasd_control]: Position safety gate exceeded; requesting LAND horizontal=196.70 m vertical=0.76 m[0m
[31m[ERROR] [1786180998.081596093] [my_drone_dds_wasd_control]: Position safety gate exceeded; requesting LAND horizontal=196.97 m vertical=0.76 m[0m
[31m[ERROR] [1786180998.130330890] [my_drone_dds_wasd_control]: Position safety gate exceeded; requesting LAND horizontal=197.38 m vertical=0.76 m[0m
[31m[ERROR] [1786180998.185194656] [my_drone_dds_wasd_control]: Position safety gate exceeded; requesting LAND horizontal=197.62 m vertical=0.76 m[0m
[31m[ERROR] [1786180998.235716102] [my_drone_dds_wasd_control]: Position safety gate exceeded; requesting LAND horizontal=198.02 m vertical=0.76 m[0m
[31m[ERROR] [1786180998.280075365] [my_drone_dds_wasd_control]: Position safety gate exceeded; requesting LAND horizontal=198.27 m vertical=0.77 m[0m
[31m[ERROR] [1786180998.328187417] [my_drone_dds_wasd_control]: Position safety gate exceeded; requesting LAND horizontal=198.69 m vertical=0.77 m[0m
[0m[INFO] [1786180998.383988579] [my_drone_dds_wasd_control]: STATE arm=2 nav=5 NED=(1.700,195.960,0.704) vel=(-0.017,6.704,-0.001) yaw_deg=-165.8 failsafe=True age_s=(0.03,0.01) arm_torque_nm=0.000 motors=[832.43,1000.00,830.69,988.10,1000.00,1000.00,1000.00,989.84][0m
[31m[ERROR] [1786180998.417135537] [my_drone_dds_wasd_control]: Position safety gate exceeded; requesting LAND horizontal=198.94 m vertical=0.77 m[0m
[31m[ERROR] [1786180998.457296034] [my_drone_dds_wasd_control]: Position safety gate exceeded; requesting LAND horizontal=198.94 m vertical=0.77 m[0m
[31m[ERROR] [1786180998.484863059] [my_drone_dds_wasd_control]: Position safety gate exceeded; requesting LAND horizontal=199.68 m vertical=0.77 m[0m
[31m[ERROR] [1786180998.537026878] [my_drone_dds_wasd_control]: Position safety gate exceeded; requesting LAND horizontal=200.08 m vertical=0.77 m[0m
[31m[ERROR] [1786180998.580613842] [my_drone_dds_wasd_control]: Position safety gate exceeded; requesting LAND horizontal=200.36 m vertical=0.77 m[0m
[31m[ERROR] [1786180998.634390660] [my_drone_dds_wasd_control]: Position safety gate exceeded; requesting LAND horizontal=200.76 m vertical=0.77 m[0m
[31m[ERROR] [1786180998.677571440] [my_drone_dds_wasd_control]: Position safety gate exceeded; requesting LAND horizontal=201.01 m vertical=0.77 m[0m
[31m[ERROR] [1786180998.729408973] [my_drone_dds_wasd_control]: Position safety gate exceeded; requesting LAND horizontal=201.42 m vertical=0.77 m[0m
[31m[ERROR] [1786180998.775478632] [my_drone_dds_wasd_control]: Position safety gate exceeded; requesting LAND horizontal=201.66 m vertical=0.77 m[0m
[31m[ERROR] [1786180998.825225594] [my_drone_dds_wasd_control]: Position safety gate exceeded; requesting LAND horizontal=202.09 m vertical=0.77 m[0m
[31m[ERROR] [1786180998.881815191] [my_drone_dds_wasd_control]: Position safety gate exceeded; requesting LAND horizontal=202.34 m vertical=0.77 m[0m
[31m[ERROR] [1786180998.933132063] [my_drone_dds_wasd_control]: Position safety gate exceeded; requesting LAND horizontal=202.74 m vertical=0.77 m[0m
[31m[ERROR] [1786180998.998205846] [my_drone_dds_wasd_control]: Position safety gate exceeded; requesting LAND horizontal=203.07 m vertical=0.77 m[0m
[31m[ERROR] [1786180999.035361189] [my_drone_dds_wasd_control]: Position safety gate exceeded; requesting LAND horizontal=203.47 m vertical=0.78 m[0m
[31m[ERROR] [1786180999.079728930] [my_drone_dds_wasd_control]: Position safety gate exceeded; requesting LAND horizontal=203.73 m vertical=0.78 m[0m
[31m[ERROR] [1786180999.126831466] [my_drone_dds_wasd_control]: Position safety gate exceeded; requesting LAND horizontal=204.13 m vertical=0.78 m[0m
[31m[ERROR] [1786180999.183368472] [my_drone_dds_wasd_control]: Position safety gate exceeded; requesting LAND horizontal=204.37 m vertical=0.78 m[0m
[31m[ERROR] [1786180999.228804984] [my_drone_dds_wasd_control]: Position safety gate exceeded; requesting LAND horizontal=204.76 m vertical=0.78 m[0m
[31m[ERROR] [1786180999.279922131] [my_drone_dds_wasd_control]: Position safety gate exceeded; requesting LAND horizontal=205.00 m vertical=0.78 m[0m
[31m[ERROR] [1786180999.330922045] [my_drone_dds_wasd_control]: Position safety gate exceeded; requesting LAND horizontal=205.42 m vertical=0.78 m[0m
[31m[ERROR] [1786180999.376935563] [my_drone_dds_wasd_control]: Position safety gate exceeded; requesting LAND horizontal=205.66 m vertical=0.78 m[0m
[0m[INFO] [1786180999.426633677] [my_drone_dds_wasd_control]: STATE arm=2 nav=5 NED=(1.679,203.088,0.716) vel=(-0.030,6.634,0.004) yaw_deg=-165.8 failsafe=True age_s=(0.07,0.00) arm_torque_nm=0.000 motors=[831.57,1000.00,829.79,988.87,1000.00,1000.00,1000.00,990.65][0m
[31m[ERROR] [1786180999.444135264] [my_drone_dds_wasd_control]: Position safety gate exceeded; requesting LAND horizontal=206.07 m vertical=0.78 m[0m
[31m[ERROR] [1786180999.480350107] [my_drone_dds_wasd_control]: Position safety gate exceeded; requesting LAND horizontal=206.39 m vertical=0.78 m[0m
[31m[ERROR] [1786180999.537886894] [my_drone_dds_wasd_control]: Position safety gate exceeded; requesting LAND horizontal=206.79 m vertical=0.78 m[0m
[31m[ERROR] [1786180999.591004005] [my_drone_dds_wasd_control]: Position safety gate exceeded; requesting LAND horizontal=207.06 m vertical=0.78 m[0m
[31m[ERROR] [1786180999.628097926] [my_drone_dds_wasd_control]: Position safety gate exceeded; requesting LAND horizontal=207.47 m vertical=0.78 m[0m
[31m[ERROR] [1786180999.675809442] [my_drone_dds_wasd_control]: Position safety gate exceeded; requesting LAND horizontal=207.71 m vertical=0.78 m[0m
[31m[ERROR] [1786180999.726687915] [my_drone_dds_wasd_control]: Position safety gate exceeded; requesting LAND horizontal=208.11 m vertical=0.78 m[0m
[31m[ERROR] [1786180999.774255614] [my_drone_dds_wasd_control]: Position safety gate exceeded; requesting LAND horizontal=208.36 m vertical=0.78 m[0m
[31m[ERROR] [1786180999.827669934] [my_drone_dds_wasd_control]: Position safety gate exceeded; requesting LAND horizontal=208.79 m vertical=0.78 m[0m
[31m[ERROR] [1786180999.884259746] [my_drone_dds_wasd_control]: Position safety gate exceeded; requesting LAND horizontal=209.03 m vertical=0.78 m[0m
[31m[ERROR] [1786180999.928429539] [my_drone_dds_wasd_control]: Position safety gate exceeded; requesting LAND horizontal=209.44 m vertical=0.78 m[0m
[31m[ERROR] [1786180999.975913018] [my_drone_dds_wasd_control]: Position safety gate exceeded; requesting LAND horizontal=209.76 m vertical=0.78 m[0m
[31m[ERROR] [1786181000.036660647] [my_drone_dds_wasd_control]: Position safety gate exceeded; requesting LAND horizontal=210.17 m vertical=0.78 m[0m
[31m[ERROR] [1786181000.088353086] [my_drone_dds_wasd_control]: Position safety gate exceeded; requesting LAND horizontal=210.44 m vertical=0.78 m[0m
[31m[ERROR] [1786181000.130299348] [my_drone_dds_wasd_control]: Position safety gate exceeded; requesting LAND horizontal=210.84 m vertical=0.78 m[0m
[31m[ERROR] [1786181000.183480559] [my_drone_dds_wasd_control]: Position safety gate exceeded; requesting LAND horizontal=211.08 m vertical=0.78 m[0m
[31m[ERROR] [1786181000.234840927] [my_drone_dds_wasd_control]: Position safety gate exceeded; requesting LAND horizontal=211.48 m vertical=0.78 m[0m
[31m[ERROR] [1786181000.278650557] [my_drone_dds_wasd_control]: Position safety gate exceeded; requesting LAND horizontal=211.72 m vertical=0.78 m[0m
[31m[ERROR] [1786181000.329691735] [my_drone_dds_wasd_control]: Position safety gate exceeded; requesting LAND horizontal=212.14 m vertical=0.78 m[0m
[31m[ERROR] [1786181000.375737394] [my_drone_dds_wasd_control]: Position safety gate exceeded; requesting LAND horizontal=212.38 m vertical=0.78 m[0m
[0m[INFO] [1786181000.424339969] [my_drone_dds_wasd_control]: STATE arm=2 nav=5 NED=(1.682,209.805,0.720) vel=(-0.018,6.532,0.003) yaw_deg=-165.8 failsafe=True age_s=(0.06,0.00) arm_torque_nm=0.000 motors=[830.52,1000.00,828.69,990.48,1000.00,1000.00,1000.00,992.30][0m
[31m[ERROR] [1786181000.440829367] [my_drone_dds_wasd_control]: Position safety gate exceeded; requesting LAND horizontal=212.78 m vertical=0.78 m[0m
[31m[ERROR] [1786181000.478390925] [my_drone_dds_wasd_control]: Position safety gate exceeded; requesting LAND horizontal=213.10 m vertical=0.78 m[0m
[31m[ERROR] [1786181000.529308947] [my_drone_dds_wasd_control]: Position safety gate exceeded; requesting LAND horizontal=213.51 m vertical=0.79 m[0m
[31m[ERROR] [1786181000.580639399] [my_drone_dds_wasd_control]: Position safety gate exceeded; requesting LAND horizontal=213.78 m vertical=0.79 m[0m
[31m[ERROR] [1786181000.635227223] [my_drone_dds_wasd_control]: Position safety gate exceeded; requesting LAND horizontal=214.18 m vertical=0.79 m[0m
[31m[ERROR] [1786181000.684369296] [my_drone_dds_wasd_control]: Position safety gate exceeded; requesting LAND horizontal=214.43 m vertical=0.79 m[0m
[31m[ERROR] [1786181000.735996617] [my_drone_dds_wasd_control]: Position safety gate exceeded; requesting LAND horizontal=214.84 m vertical=0.79 m[0m
[31m[ERROR] [1786181000.779258370] [my_drone_dds_wasd_control]: Position safety gate exceeded; requesting LAND horizontal=215.08 m vertical=0.79 m[0m
[31m[ERROR] [1786181000.830313561] [my_drone_dds_wasd_control]: Position safety gate exceeded; requesting LAND horizontal=215.51 m vertical=0.79 m[0m
[31m[ERROR] [1786181000.880863365] [my_drone_dds_wasd_control]: Position safety gate exceeded; requesting LAND horizontal=215.75 m vertical=0.79 m[0m
[31m[ERROR] [1786181000.927391391] [my_drone_dds_wasd_control]: Position safety gate exceeded; requesting LAND horizontal=216.16 m vertical=0.79 m[0m
[31m[ERROR] [1786181000.978022735] [my_drone_dds_wasd_control]: Position safety gate exceeded; requesting LAND horizontal=216.48 m vertical=0.79 m[0m
[31m[ERROR] [1786181001.025864792] [my_drone_dds_wasd_control]: Position safety gate exceeded; requesting LAND horizontal=216.88 m vertical=0.79 m[0m
[31m[ERROR] [1786181001.079500826] [my_drone_dds_wasd_control]: Position safety gate exceeded; requesting LAND horizontal=217.15 m vertical=0.79 m[0m
[31m[ERROR] [1786181001.130146230] [my_drone_dds_wasd_control]: Position safety gate exceeded; requesting LAND horizontal=217.56 m vertical=0.79 m[0m
[31m[ERROR] [1786181001.192250309] [my_drone_dds_wasd_control]: Position safety gate exceeded; requesting LAND horizontal=217.80 m vertical=0.79 m[0m
[31m[ERROR] [1786181001.246574682] [my_drone_dds_wasd_control]: Position safety gate exceeded; requesting LAND horizontal=218.21 m vertical=0.80 m[0m
[31m[ERROR] [1786181001.288224269] [my_drone_dds_wasd_control]: Position safety gate exceeded; requesting LAND horizontal=218.45 m vertical=0.80 m[0m
[31m[ERROR] [1786181001.332486197] [my_drone_dds_wasd_control]: Position safety gate exceeded; requesting LAND horizontal=218.87 m vertical=0.80 m[0m
[31m[ERROR] [1786181001.385924410] [my_drone_dds_wasd_control]: Position safety gate exceeded; requesting LAND horizontal=219.11 m vertical=0.80 m[0m
[0m[INFO] [1786181001.430138074] [my_drone_dds_wasd_control]: STATE arm=2 nav=5 NED=(1.718,216.543,0.734) vel=(0.010,6.617,0.005) yaw_deg=-165.8 failsafe=True age_s=(0.05,0.00) arm_torque_nm=0.000 motors=[828.15,1000.00,826.26,992.42,1000.00,1000.00,1000.00,994.31][0m
[31m[ERROR] [1786181001.452681962] [my_drone_dds_wasd_control]: Position safety gate exceeded; requesting LAND horizontal=219.52 m vertical=0.80 m[0m
[31m[ERROR] [1786181001.484425662] [my_drone_dds_wasd_control]: Position safety gate exceeded; requesting LAND horizontal=219.85 m vertical=0.80 m[0m
[31m[ERROR] [1786181001.531011553] [my_drone_dds_wasd_control]: Position safety gate exceeded; requesting LAND horizontal=220.25 m vertical=0.80 m[0m
[31m[ERROR] [1786181001.582005214] [my_drone_dds_wasd_control]: Position safety gate exceeded; requesting LAND horizontal=220.53 m vertical=0.80 m[0m
[31m[ERROR] [1786181001.625911309] [my_drone_dds_wasd_control]: Position safety gate exceeded; requesting LAND horizontal=220.94 m vertical=0.80 m[0m
[31m[ERROR] [1786181001.679704366] [my_drone_dds_wasd_control]: Position safety gate exceeded; requesting LAND horizontal=221.19 m vertical=0.80 m[0m
[31m[ERROR] [1786181001.735801900] [my_drone_dds_wasd_control]: Position safety gate exceeded; requesting LAND horizontal=221.61 m vertical=0.80 m[0m
[31m[ERROR] [1786181001.791328191] [my_drone_dds_wasd_control]: Position safety gate exceeded; requesting LAND horizontal=221.86 m vertical=0.80 m[0m
[31m[ERROR] [1786181001.828704334] [my_drone_dds_wasd_control]: Position safety gate exceeded; requesting LAND horizontal=222.30 m vertical=0.80 m[0m
[31m[ERROR] [1786181001.877947178] [my_drone_dds_wasd_control]: Position safety gate exceeded; requesting LAND horizontal=222.55 m vertical=0.80 m[0m
[31m[ERROR] [1786181001.927598675] [my_drone_dds_wasd_control]: Position safety gate exceeded; requesting LAND horizontal=222.97 m vertical=0.80 m[0m
[31m[ERROR] [1786181001.973934344] [my_drone_dds_wasd_control]: Position safety gate exceeded; requesting LAND horizontal=223.30 m vertical=0.80 m[0m
[31m[ERROR] [1786181002.025602544] [my_drone_dds_wasd_control]: Position safety gate exceeded; requesting LAND horizontal=223.71 m vertical=0.80 m[0m
[31m[ERROR] [1786181002.079723427] [my_drone_dds_wasd_control]: Position safety gate exceeded; requesting LAND horizontal=223.99 m vertical=0.80 m[0m
[31m[ERROR] [1786181002.135514222] [my_drone_dds_wasd_control]: Position safety gate exceeded; requesting LAND horizontal=224.40 m vertical=0.80 m[0m
[31m[ERROR] [1786181002.185648837] [my_drone_dds_wasd_control]: Position safety gate exceeded; requesting LAND horizontal=224.65 m vertical=0.80 m[0m
[31m[ERROR] [1786181002.231113274] [my_drone_dds_wasd_control]: Position safety gate exceeded; requesting LAND horizontal=225.06 m vertical=0.80 m[0m
[31m[ERROR] [1786181002.279890923] [my_drone_dds_wasd_control]: Position safety gate exceeded; requesting LAND horizontal=225.31 m vertical=0.81 m[0m
[31m[ERROR] [1786181002.329590788] [my_drone_dds_wasd_control]: Position safety gate exceeded; requesting LAND horizontal=225.74 m vertical=0.81 m[0m
[31m[ERROR] [1786181002.378966831] [my_drone_dds_wasd_control]: Position safety gate exceeded; requesting LAND horizontal=225.98 m vertical=0.81 m[0m
[0m[INFO] [1786181002.428568307] [my_drone_dds_wasd_control]: STATE arm=2 nav=5 NED=(1.748,223.421,0.743) vel=(0.016,6.971,0.011) yaw_deg=-165.8 failsafe=True age_s=(0.03,0.00) arm_torque_nm=0.000 motors=[825.86,1000.00,823.92,994.74,1000.00,1000.00,1000.00,996.68][0m
[31m[ERROR] [1786181002.448166638] [my_drone_dds_wasd_control]: Position safety gate exceeded; requesting LAND horizontal=226.40 m vertical=0.81 m[0m
[31m[ERROR] [1786181002.480241535] [my_drone_dds_wasd_control]: Position safety gate exceeded; requesting LAND horizontal=226.73 m vertical=0.81 m[0m
[31m[ERROR] [1786181002.539152829] [my_drone_dds_wasd_control]: Position safety gate exceeded; requesting LAND horizontal=227.14 m vertical=0.81 m[0m
[31m[ERROR] [1786181002.578236658] [my_drone_dds_wasd_control]: Position safety gate exceeded; requesting LAND horizontal=227.42 m vertical=0.81 m[0m
[31m[ERROR] [1786181002.627233682] [my_drone_dds_wasd_control]: Position safety gate exceeded; requesting LAND horizontal=227.84 m vertical=0.81 m[0m
[31m[ERROR] [1786181002.677915728] [my_drone_dds_wasd_control]: Position safety gate exceeded; requesting LAND horizontal=228.08 m vertical=0.81 m[0m
[31m[ERROR] [1786181002.733243193] [my_drone_dds_wasd_control]: Position safety gate exceeded; requesting LAND horizontal=228.50 m vertical=0.81 m[0m
[31m[ERROR] [1786181002.780514079] [my_drone_dds_wasd_control]: Position safety gate exceeded; requesting LAND horizontal=228.74 m vertical=0.81 m[0m
[31m[ERROR] [1786181002.843921340] [my_drone_dds_wasd_control]: Position safety gate exceeded; requesting LAND horizontal=229.17 m vertical=0.81 m[0m
[31m[ERROR] [1786181002.921911716] [my_drone_dds_wasd_control]: Position safety gate exceeded; requesting LAND horizontal=229.42 m vertical=0.81 m[0m
[31m[ERROR] [1786181003.049417629] [my_drone_dds_wasd_control]: Position safety gate exceeded; requesting LAND horizontal=229.42 m vertical=0.81 m[0m
[31m[ERROR] [1786181003.108497932] [my_drone_dds_wasd_control]: Position safety gate exceeded; requesting LAND horizontal=230.76 m vertical=0.81 m[0m
[31m[ERROR] [1786181003.141324350] [my_drone_dds_wasd_control]: Position safety gate exceeded; requesting LAND horizontal=230.76 m vertical=0.81 m[0m
[31m[ERROR] [1786181003.186601238] [my_drone_dds_wasd_control]: Position safety gate exceeded; requesting LAND horizontal=231.34 m vertical=0.81 m[0m
[31m[ERROR] [1786181003.235881356] [my_drone_dds_wasd_control]: Position safety gate exceeded; requesting LAND horizontal=231.71 m vertical=0.81 m[0m
[31m[ERROR] [1786181003.280286332] [my_drone_dds_wasd_control]: Position safety gate exceeded; requesting LAND horizontal=231.95 m vertical=0.81 m[0m
[31m[ERROR] [1786181003.333126688] [my_drone_dds_wasd_control]: Position safety gate exceeded; requesting LAND horizontal=232.37 m vertical=0.81 m[0m
[31m[ERROR] [1786181003.379912482] [my_drone_dds_wasd_control]: Position safety gate exceeded; requesting LAND horizontal=232.61 m vertical=0.81 m[0m
[31m[ERROR] [1786181003.434302811] [my_drone_dds_wasd_control]: Position safety gate exceeded; requesting LAND horizontal=233.01 m vertical=0.81 m[0m
[0m[INFO] [1786181003.480631081] [my_drone_dds_wasd_control]: STATE arm=2 nav=5 NED=(1.747,230.360,0.748) vel=(0.009,6.861,0.012) yaw_deg=-165.9 failsafe=True age_s=(0.08,0.01) arm_torque_nm=0.000 motors=[824.33,1000.00,822.35,996.14,1000.00,1000.00,1000.00,998.12][0m
[31m[ERROR] [1786181003.503955087] [my_drone_dds_wasd_control]: Position safety gate exceeded; requesting LAND horizontal=233.34 m vertical=0.81 m[0m
[31m[ERROR] [1786181003.534076635] [my_drone_dds_wasd_control]: Position safety gate exceeded; requesting LAND horizontal=233.74 m vertical=0.81 m[0m
[31m[ERROR] [1786181003.584398883] [my_drone_dds_wasd_control]: Position safety gate exceeded; requesting LAND horizontal=234.01 m vertical=0.81 m[0m
[31m[ERROR] [1786181003.632939651] [my_drone_dds_wasd_control]: Position safety gate exceeded; requesting LAND horizontal=234.41 m vertical=0.81 m[0m
[31m[ERROR] [1786181003.684840771] [my_drone_dds_wasd_control]: Position safety gate exceeded; requesting LAND horizontal=234.65 m vertical=0.81 m[0m
[31m[ERROR] [1786181003.726958447] [my_drone_dds_wasd_control]: Position safety gate exceeded; requesting LAND horizontal=235.05 m vertical=0.81 m[0m
[31m[ERROR] [1786181003.782746222] [my_drone_dds_wasd_control]: Position safety gate exceeded; requesting LAND horizontal=235.30 m vertical=0.81 m[0m
[31m[ERROR] [1786181003.824928896] [my_drone_dds_wasd_control]: Position safety gate exceeded; requesting LAND horizontal=235.72 m vertical=0.81 m[0m
[31m[ERROR] [1786181003.879900247] [my_drone_dds_wasd_control]: Position safety gate exceeded; requesting LAND horizontal=235.97 m vertical=0.81 m[0m
[31m[ERROR] [1786181003.928896740] [my_drone_dds_wasd_control]: Position safety gate exceeded; requesting LAND horizontal=236.37 m vertical=0.81 m[0m
[31m[ERROR] [1786181004.006258559] [my_drone_dds_wasd_control]: Position safety gate exceeded; requesting LAND horizontal=236.69 m vertical=0.81 m[0m
[31m[ERROR] [1786181004.038975700] [my_drone_dds_wasd_control]: Position safety gate exceeded; requesting LAND horizontal=237.09 m vertical=0.81 m[0m
[31m[ERROR] [1786181004.078193201] [my_drone_dds_wasd_control]: Position safety gate exceeded; requesting LAND horizontal=237.35 m vertical=0.81 m[0m
DYNAMIC_HOVER_SENT_LAND
[31m[ERROR] [1786181004.137616248] [my_drone_dds_wasd_control]: Position safety gate exceeded; requesting LAND horizontal=237.75 m vertical=0.81 m[0m
[31m[ERROR] [1786181004.180531514] [my_drone_dds_wasd_control]: Position safety gate exceeded; requesting LAND horizontal=237.99 m vertical=0.81 m[0m
[31m[ERROR] [1786181004.230006899] [my_drone_dds_wasd_control]: Position safety gate exceeded; requesting LAND horizontal=238.40 m vertical=0.81 m[0m
[31m[ERROR] [1786181004.276466549] [my_drone_dds_wasd_control]: Position safety gate exceeded; requesting LAND horizontal=238.64 m vertical=0.81 m[0m
[31m[ERROR] [1786181004.329250573] [my_drone_dds_wasd_control]: Position safety gate exceeded; requesting LAND horizontal=239.06 m vertical=0.81 m[0m
[31m[ERROR] [1786181004.375692129] [my_drone_dds_wasd_control]: Position safety gate exceeded; requesting LAND horizontal=239.31 m vertical=0.81 m[0m
[31m[ERROR] [1786181004.432811820] [my_drone_dds_wasd_control]: Position safety gate exceeded; requesting LAND horizontal=239.71 m vertical=0.81 m[0m
[31m[ERROR] [1786181004.494330419] [my_drone_dds_wasd_control]: Position safety gate exceeded; requesting LAND horizontal=240.03 m vertical=0.81 m[0m
[0m[INFO] [1786181004.537921977] [my_drone_dds_wasd_control]: STATE arm=2 nav=5 NED=(1.721,237.461,0.752) vel=(-0.007,6.801,0.010) yaw_deg=-165.9 failsafe=True age_s=(0.13,0.00) arm_torque_nm=0.000 motors=[822.70,1000.00,820.69,997.70,1000.00,1000.00,1000.00,999.72][0m
[31m[ERROR] [1786181004.562645033] [my_drone_dds_wasd_control]: Position safety gate exceeded; requesting LAND horizontal=240.44 m vertical=0.82 m[0m
[31m[ERROR] [1786181004.590764357] [my_drone_dds_wasd_control]: Position safety gate exceeded; requesting LAND horizontal=240.44 m vertical=0.82 m[0m
[31m[ERROR] [1786181004.628774848] [my_drone_dds_wasd_control]: Position safety gate exceeded; requesting LAND horizontal=241.11 m vertical=0.82 m[0m
[31m[ERROR] [1786181004.683680452] [my_drone_dds_wasd_control]: Position safety gate exceeded; requesting LAND horizontal=241.36 m vertical=0.82 m[0m
[31m[ERROR] [1786181004.730750592] [my_drone_dds_wasd_control]: Position safety gate exceeded; requesting LAND horizontal=241.76 m vertical=0.82 m[0m
[31m[ERROR] [1786181004.776279777] [my_drone_dds_wasd_control]: Position safety gate exceeded; requesting LAND horizontal=242.00 m vertical=0.82 m[0m
[31m[ERROR] [1786181004.828304840] [my_drone_dds_wasd_control]: Position safety gate exceeded; requesting LAND horizontal=242.43 m vertical=0.82 m[0m
[31m[ERROR] [1786181004.897016998] [my_drone_dds_wasd_control]: Position safety gate exceeded; requesting LAND horizontal=242.67 m vertical=0.82 m[0m
[31m[ERROR] [1786181004.935302054] [my_drone_dds_wasd_control]: Position safety gate exceeded; requesting LAND horizontal=243.07 m vertical=0.82 m[0m
[31m[ERROR] [1786181004.977192337] [my_drone_dds_wasd_control]: Position safety gate exceeded; requesting LAND horizontal=243.39 m vertical=0.82 m[0m
[31m[ERROR] [1786181005.024334452] [my_drone_dds_wasd_control]: Position safety gate exceeded; requesting LAND horizontal=243.78 m vertical=0.82 m[0m
[31m[ERROR] [1786181005.080179274] [my_drone_dds_wasd_control]: Position safety gate exceeded; requesting LAND horizontal=244.05 m vertical=0.82 m[0m
[31m[ERROR] [1786181005.130116111] [my_drone_dds_wasd_control]: Position safety gate exceeded; requesting LAND horizontal=244.44 m vertical=0.82 m[0m
[31m[ERROR] [1786181005.181991870] [my_drone_dds_wasd_control]: Position safety gate exceeded; requesting LAND horizontal=244.68 m vertical=0.82 m[0m
[31m[ERROR] [1786181005.231272770] [my_drone_dds_wasd_control]: Position safety gate exceeded; requesting LAND horizontal=245.08 m vertical=0.82 m[0m
[31m[ERROR] [1786181005.283949981] [my_drone_dds_wasd_control]: Position safety gate exceeded; requesting LAND horizontal=245.32 m vertical=0.82 m[0m
[31m[ERROR] [1786181005.330127847] [my_drone_dds_wasd_control]: Position safety gate exceeded; requesting LAND horizontal=245.74 m vertical=0.82 m[0m
[31m[ERROR] [1786181005.381428080] [my_drone_dds_wasd_control]: Position safety gate exceeded; requesting LAND horizontal=245.98 m vertical=0.82 m[0m
[31m[ERROR] [1786181005.426480544] [my_drone_dds_wasd_control]: Position safety gate exceeded; requesting LAND horizontal=246.38 m vertical=0.82 m[0m
[31m[ERROR] [1786181005.476084206] [my_drone_dds_wasd_control]: Position safety gate exceeded; requesting LAND horizontal=246.70 m vertical=0.82 m[0m
[31m[ERROR] [1786181005.534270198] [my_drone_dds_wasd_control]: Position safety gate exceeded; requesting LAND horizontal=247.10 m vertical=0.82 m[0m
[0m[INFO] [1786181005.584793636] [my_drone_dds_wasd_control]: STATE arm=2 nav=5 NED=(1.725,244.388,0.755) vel=(-0.004,6.701,0.009) yaw_deg=-165.9 failsafe=True age_s=(0.17,0.01) arm_torque_nm=0.000 motors=[821.35,1000.00,819.29,999.09,1000.00,1000.00,1000.00,1000.00][0m
[31m[ERROR] [1786181005.610758949] [my_drone_dds_wasd_control]: Position safety gate exceeded; requesting LAND horizontal=247.37 m vertical=0.82 m[0m
[31m[ERROR] [1786181005.637456364] [my_drone_dds_wasd_control]: Position safety gate exceeded; requesting LAND horizontal=247.37 m vertical=0.82 m[0m
[31m[ERROR] [1786181005.683557313] [my_drone_dds_wasd_control]: Position safety gate exceeded; requesting LAND horizontal=248.01 m vertical=0.82 m[0m
[31m[ERROR] [1786181005.729681956] [my_drone_dds_wasd_control]: Position safety gate exceeded; requesting LAND horizontal=248.42 m vertical=0.82 m[0m
[31m[ERROR] [1786181005.776605163] [my_drone_dds_wasd_control]: Position safety gate exceeded; requesting LAND horizontal=248.66 m vertical=0.82 m[0m
[31m[ERROR] [1786181005.848437642] [my_drone_dds_wasd_control]: Position safety gate exceeded; requesting LAND horizontal=249.09 m vertical=0.82 m[0m
[31m[ERROR] [1786181005.881961594] [my_drone_dds_wasd_control]: Position safety gate exceeded; requesting LAND horizontal=249.33 m vertical=0.82 m[0m
[31m[ERROR] [1786181005.926364808] [my_drone_dds_wasd_control]: Position safety gate exceeded; requesting LAND horizontal=249.73 m vertical=0.82 m[0m
[31m[ERROR] [1786181005.978664057] [my_drone_dds_wasd_control]: Position safety gate exceeded; requesting LAND horizontal=250.05 m vertical=0.83 m[0m
[31m[ERROR] [1786181006.027884186] [my_drone_dds_wasd_control]: Position safety gate exceeded; requesting LAND horizontal=250.45 m vertical=0.83 m[0m
[31m[ERROR] [1786181006.076361411] [my_drone_dds_wasd_control]: Position safety gate exceeded; requesting LAND horizontal=250.72 m vertical=0.83 m[0m
[31m[ERROR] [1786181006.128698027] [my_drone_dds_wasd_control]: Position safety gate exceeded; requesting LAND horizontal=251.12 m vertical=0.83 m[0m
[31m[ERROR] [1786181006.179900568] [my_drone_dds_wasd_control]: Position safety gate exceeded; requesting LAND horizontal=251.37 m vertical=0.83 m[0m
[31m[ERROR] [1786181006.237099048] [my_drone_dds_wasd_control]: Position safety gate exceeded; requesting LAND horizontal=251.77 m vertical=0.83 m[0m
[31m[ERROR] [1786181006.278228622] [my_drone_dds_wasd_control]: Position safety gate exceeded; requesting LAND horizontal=252.04 m vertical=0.83 m[0m
[31m[ERROR] [1786181006.328666698] [my_drone_dds_wasd_control]: Position safety gate exceeded; requesting LAND horizontal=252.46 m vertical=0.83 m[0m
[31m[ERROR] [1786181006.380794934] [my_drone_dds_wasd_control]: Position safety gate exceeded; requesting LAND horizontal=252.73 m vertical=0.82 m[0m
[31m[ERROR] [1786181006.430141466] [my_drone_dds_wasd_control]: Position safety gate exceeded; requesting LAND horizontal=253.10 m vertical=0.82 m[0m
[31m[ERROR] [1786181006.480180819] [my_drone_dds_wasd_control]: Position safety gate exceeded; requesting LAND horizontal=253.37 m vertical=0.82 m[0m
[31m[ERROR] [1786181006.531701177] [my_drone_dds_wasd_control]: Position safety gate exceeded; requesting LAND horizontal=253.80 m vertical=0.82 m[0m
[0m[INFO] [1786181006.581308564] [my_drone_dds_wasd_control]: STATE arm=2 nav=5 NED=(1.705,251.095,0.754) vel=(-0.016,6.773,0.007) yaw_deg=-166.0 failsafe=True age_s=(0.16,0.01) arm_torque_nm=0.000 motors=[820.29,1000.00,818.20,1000.00,1000.00,1000.00,1000.00,1000.00][0m
[31m[ERROR] [1786181006.609116075] [my_drone_dds_wasd_control]: Position safety gate exceeded; requesting LAND horizontal=254.07 m vertical=0.82 m[0m
[31m[ERROR] [1786181006.633170878] [my_drone_dds_wasd_control]: Position safety gate exceeded; requesting LAND horizontal=254.07 m vertical=0.82 m[0m
[31m[ERROR] [1786181006.684318699] [my_drone_dds_wasd_control]: Position safety gate exceeded; requesting LAND horizontal=254.72 m vertical=0.81 m[0m
[31m[ERROR] [1786181006.742568020] [my_drone_dds_wasd_control]: Position safety gate exceeded; requesting LAND horizontal=255.14 m vertical=0.81 m[0m
[31m[ERROR] [1786181006.781764183] [my_drone_dds_wasd_control]: Position safety gate exceeded; requesting LAND horizontal=255.41 m vertical=0.81 m[0m
[31m[ERROR] [1786181006.834724422] [my_drone_dds_wasd_control]: Position safety gate exceeded; requesting LAND horizontal=255.78 m vertical=0.81 m[0m
[31m[ERROR] [1786181006.880972173] [my_drone_dds_wasd_control]: Position safety gate exceeded; requesting LAND horizontal=256.05 m vertical=0.81 m[0m
[31m[ERROR] [1786181006.936048290] [my_drone_dds_wasd_control]: Position safety gate exceeded; requesting LAND horizontal=256.48 m vertical=0.81 m[0m
[31m[ERROR] [1786181006.993006450] [my_drone_dds_wasd_control]: Position safety gate exceeded; requesting LAND horizontal=256.74 m vertical=0.80 m[0m
[31m[ERROR] [1786181007.040629411] [my_drone_dds_wasd_control]: Position safety gate exceeded; requesting LAND horizontal=257.11 m vertical=0.80 m[0m
[31m[ERROR] [1786181007.091143988] [my_drone_dds_wasd_control]: Position safety gate exceeded; requesting LAND horizontal=257.38 m vertical=0.80 m[0m
[31m[ERROR] [1786181007.137328500] [my_drone_dds_wasd_control]: Position safety gate exceeded; requesting LAND horizontal=257.80 m vertical=0.80 m[0m
[31m[ERROR] [1786181007.189499231] [my_drone_dds_wasd_control]: Position safety gate exceeded; requesting LAND horizontal=258.07 m vertical=0.80 m[0m
[31m[ERROR] [1786181007.240980024] [my_drone_dds_wasd_control]: Position safety gate exceeded; requesting LAND horizontal=258.44 m vertical=0.80 m[0m
[31m[ERROR] [1786181007.287939215] [my_drone_dds_wasd_control]: Position safety gate exceeded; requesting LAND horizontal=258.70 m vertical=0.80 m[0m
[31m[ERROR] [1786181007.338415080] [my_drone_dds_wasd_control]: Position safety gate exceeded; requesting LAND horizontal=259.11 m vertical=0.80 m[0m
[31m[ERROR] [1786181007.385621310] [my_drone_dds_wasd_control]: Position safety gate exceeded; requesting LAND horizontal=259.38 m vertical=0.80 m[0m
[31m[ERROR] [1786181007.439003182] [my_drone_dds_wasd_control]: Position safety gate exceeded; requesting LAND horizontal=259.75 m vertical=0.80 m[0m
[31m[ERROR] [1786181007.490393265] [my_drone_dds_wasd_control]: Position safety gate exceeded; requesting LAND horizontal=260.01 m vertical=0.80 m[0m
[31m[ERROR] [1786181007.560001875] [my_drone_dds_wasd_control]: Position safety gate exceeded; requesting LAND horizontal=260.43 m vertical=0.80 m[0m
[0m[INFO] [1786181007.600969296] [my_drone_dds_wasd_control]: STATE arm=2 nav=5 NED=(1.695,257.454,0.734) vel=(-0.018,6.714,0.002) yaw_deg=-166.0 failsafe=True age_s=(0.16,0.05) arm_torque_nm=0.000 motors=[819.37,1000.00,817.26,1000.00,1000.00,1000.00,1000.00,1000.00][0m
[31m[ERROR] [1786181007.661361656] [my_drone_dds_wasd_control]: Position safety gate exceeded; requesting LAND horizontal=260.43 m vertical=0.80 m[0m
[31m[ERROR] [1786181007.732593083] [my_drone_dds_wasd_control]: Position safety gate exceeded; requesting LAND horizontal=261.32 m vertical=0.80 m[0m
[31m[ERROR] [1786181007.768275973] [my_drone_dds_wasd_control]: Position safety gate exceeded; requesting LAND horizontal=261.32 m vertical=0.80 m[0m
[31m[ERROR] [1786181007.803943223] [my_drone_dds_wasd_control]: Position safety gate exceeded; requesting LAND horizontal=262.08 m vertical=0.80 m[0m
[31m[ERROR] [1786181007.835555307] [my_drone_dds_wasd_control]: Position safety gate exceeded; requesting LAND horizontal=262.33 m vertical=0.80 m[0m
[31m[ERROR] [1786181007.891829339] [my_drone_dds_wasd_control]: Position safety gate exceeded; requesting LAND horizontal=262.59 m vertical=0.80 m[0m
[31m[ERROR] [1786181007.936118241] [my_drone_dds_wasd_control]: Position safety gate exceeded; requesting LAND horizontal=263.01 m vertical=0.80 m[0m
[31m[ERROR] [1786181007.984505794] [my_drone_dds_wasd_control]: Position safety gate exceeded; requesting LAND horizontal=263.28 m vertical=0.80 m[0m
[31m[ERROR] [1786181008.026429914] [my_drone_dds_wasd_control]: Position safety gate exceeded; requesting LAND horizontal=263.65 m vertical=0.80 m[0m
[31m[ERROR] [1786181008.080425310] [my_drone_dds_wasd_control]: Position safety gate exceeded; requesting LAND horizontal=263.92 m vertical=0.80 m[0m
[31m[ERROR] [1786181008.135076367] [my_drone_dds_wasd_control]: Position safety gate exceeded; requesting LAND horizontal=264.35 m vertical=0.80 m[0m
[31m[ERROR] [1786181008.187891928] [my_drone_dds_wasd_control]: Position safety gate exceeded; requesting LAND horizontal=264.61 m vertical=0.81 m[0m
[31m[ERROR] [1786181008.234101329] [my_drone_dds_wasd_control]: Position safety gate exceeded; requesting LAND horizontal=264.99 m vertical=0.81 m[0m
[31m[ERROR] [1786181008.283663601] [my_drone_dds_wasd_control]: Position safety gate exceeded; requesting LAND horizontal=265.25 m vertical=0.81 m[0m
[31m[ERROR] [1786181008.327649404] [my_drone_dds_wasd_control]: Position safety gate exceeded; requesting LAND horizontal=265.67 m vertical=0.81 m[0m
[31m[ERROR] [1786181008.376243570] [my_drone_dds_wasd_control]: Position safety gate exceeded; requesting LAND horizontal=265.94 m vertical=0.81 m[0m
[31m[ERROR] [1786181008.433337590] [my_drone_dds_wasd_control]: Position safety gate exceeded; requesting LAND horizontal=266.31 m vertical=0.81 m[0m
[31m[ERROR] [1786181008.482803452] [my_drone_dds_wasd_control]: Position safety gate exceeded; requesting LAND horizontal=266.58 m vertical=0.81 m[0m
[31m[ERROR] [1786181008.533250995] [my_drone_dds_wasd_control]: Position safety gate exceeded; requesting LAND horizontal=267.00 m vertical=0.81 m[0m
[31m[ERROR] [1786181008.584456472] [my_drone_dds_wasd_control]: Position safety gate exceeded; requesting LAND horizontal=267.27 m vertical=0.82 m[0m
[0m[INFO] [1786181008.627664222] [my_drone_dds_wasd_control]: STATE arm=2 nav=5 NED=(1.695,264.665,0.753) vel=(-0.011,6.717,0.009) yaw_deg=-166.0 failsafe=True age_s=(0.17,0.00) arm_torque_nm=0.000 motors=[819.02,1000.00,816.90,1000.00,1000.00,1000.00,1000.00,1000.00][0m
[31m[ERROR] [1786181008.653689119] [my_drone_dds_wasd_control]: Position safety gate exceeded; requesting LAND horizontal=267.64 m vertical=0.82 m[0m
[31m[ERROR] [1786181008.684124729] [my_drone_dds_wasd_control]: Position safety gate exceeded; requesting LAND horizontal=267.91 m vertical=0.82 m[0m
[31m[ERROR] [1786181008.730421672] [my_drone_dds_wasd_control]: Position safety gate exceeded; requesting LAND horizontal=268.33 m vertical=0.82 m[0m
[31m[ERROR] [1786181008.781265362] [my_drone_dds_wasd_control]: Position safety gate exceeded; requesting LAND horizontal=268.60 m vertical=0.82 m[0m
[31m[ERROR] [1786181008.833067737] [my_drone_dds_wasd_control]: Position safety gate exceeded; requesting LAND horizontal=268.97 m vertical=0.82 m[0m
[31m[ERROR] [1786181008.886953962] [my_drone_dds_wasd_control]: Position safety gate exceeded; requesting LAND horizontal=269.23 m vertical=0.82 m[0m
[31m[ERROR] [1786181008.932923456] [my_drone_dds_wasd_control]: Position safety gate exceeded; requesting LAND horizontal=269.66 m vertical=0.82 m[0m
[31m[ERROR] [1786181008.985605077] [my_drone_dds_wasd_control]: Position safety gate exceeded; requesting LAND horizontal=269.92 m vertical=0.82 m[0m
[31m[ERROR] [1786181009.032902366] [my_drone_dds_wasd_control]: Position safety gate exceeded; requesting LAND horizontal=270.29 m vertical=0.82 m[0m
[31m[ERROR] [1786181009.085684440] [my_drone_dds_wasd_control]: Position safety gate exceeded; requesting LAND horizontal=270.55 m vertical=0.82 m[0m
[31m[ERROR] [1786181009.128088513] [my_drone_dds_wasd_control]: Position safety gate exceeded; requesting LAND horizontal=270.98 m vertical=0.82 m[0m
[31m[ERROR] [1786181009.176805295] [my_drone_dds_wasd_control]: Position safety gate exceeded; requesting LAND horizontal=271.24 m vertical=0.82 m[0m
[31m[ERROR] [1786181009.229235787] [my_drone_dds_wasd_control]: Position safety gate exceeded; requesting LAND horizontal=271.61 m vertical=0.82 m[0m
[31m[ERROR] [1786181009.278916486] [my_drone_dds_wasd_control]: Position safety gate exceeded; requesting LAND horizontal=271.87 m vertical=0.82 m[0m
[31m[ERROR] [1786181009.328804529] [my_drone_dds_wasd_control]: Position safety gate exceeded; requesting LAND horizontal=272.29 m vertical=0.82 m[0m
[31m[ERROR] [1786181009.377247223] [my_drone_dds_wasd_control]: Position safety gate exceeded; requesting LAND horizontal=272.56 m vertical=0.82 m[0m
[31m[ERROR] [1786181009.427719374] [my_drone_dds_wasd_control]: Position safety gate exceeded; requesting LAND horizontal=272.93 m vertical=0.83 m[0m
[31m[ERROR] [1786181009.476908573] [my_drone_dds_wasd_control]: Position safety gate exceeded; requesting LAND horizontal=273.19 m vertical=0.83 m[0m
[31m[ERROR] [1786181009.534287138] [my_drone_dds_wasd_control]: Position safety gate exceeded; requesting LAND horizontal=273.61 m vertical=0.83 m[0m
[31m[ERROR] [1786181009.581123960] [my_drone_dds_wasd_control]: Position safety gate exceeded; requesting LAND horizontal=273.87 m vertical=0.83 m[0m
[0m[INFO] [1786181009.628719082] [my_drone_dds_wasd_control]: STATE arm=2 nav=5 NED=(1.698,271.268,0.763) vel=(-0.007,6.690,0.011) yaw_deg=-166.0 failsafe=True age_s=(0.18,0.00) arm_torque_nm=0.000 motors=[819.09,1000.00,816.97,1000.00,1000.00,1000.00,1000.00,1000.00][0m
[31m[ERROR] [1786181009.649446899] [my_drone_dds_wasd_control]: Position safety gate exceeded; requesting LAND horizontal=274.24 m vertical=0.83 m[0m
[31m[ERROR] [1786181009.676912110] [my_drone_dds_wasd_control]: Position safety gate exceeded; requesting LAND horizontal=274.51 m vertical=0.83 m[0m
[31m[ERROR] [1786181009.725615396] [my_drone_dds_wasd_control]: Position safety gate exceeded; requesting LAND horizontal=274.93 m vertical=0.83 m[0m
[31m[ERROR] [1786181009.781899002] [my_drone_dds_wasd_control]: Position safety gate exceeded; requesting LAND horizontal=275.19 m vertical=0.83 m[0m
[31m[ERROR] [1786181009.830273069] [my_drone_dds_wasd_control]: Position safety gate exceeded; requesting LAND horizontal=275.56 m vertical=0.83 m[0m
[31m[ERROR] [1786181009.889748393] [my_drone_dds_wasd_control]: Position safety gate exceeded; requesting LAND horizontal=275.83 m vertical=0.83 m[0m
[31m[ERROR] [1786181009.934825002] [my_drone_dds_wasd_control]: Position safety gate exceeded; requesting LAND horizontal=276.25 m vertical=0.83 m[0m
[31m[ERROR] [1786181009.976231416] [my_drone_dds_wasd_control]: Position safety gate exceeded; requesting LAND horizontal=276.51 m vertical=0.83 m[0m
[31m[ERROR] [1786181010.032211081] [my_drone_dds_wasd_control]: Position safety gate exceeded; requesting LAND horizontal=276.88 m vertical=0.83 m[0m
[31m[ERROR] [1786181010.078257014] [my_drone_dds_wasd_control]: Position safety gate exceeded; requesting LAND horizontal=277.15 m vertical=0.83 m[0m
[31m[ERROR] [1786181010.127918989] [my_drone_dds_wasd_control]: Position safety gate exceeded; requesting LAND horizontal=277.57 m vertical=0.83 m[0m
[31m[ERROR] [1786181010.186147316] [my_drone_dds_wasd_control]: Position safety gate exceeded; requesting LAND horizontal=277.84 m vertical=0.83 m[0m
[31m[ERROR] [1786181010.229661369] [my_drone_dds_wasd_control]: Position safety gate exceeded; requesting LAND horizontal=278.20 m vertical=0.83 m[0m
[31m[ERROR] [1786181010.277828018] [my_drone_dds_wasd_control]: Position safety gate exceeded; requesting LAND horizontal=278.47 m vertical=0.83 m[0m
[31m[ERROR] [1786181010.325115629] [my_drone_dds_wasd_control]: Position safety gate exceeded; requesting LAND horizontal=278.89 m vertical=0.83 m[0m
[31m[ERROR] [1786181010.374719699] [my_drone_dds_wasd_control]: Position safety gate exceeded; requesting LAND horizontal=279.15 m vertical=0.83 m[0m
[31m[ERROR] [1786181010.429992354] [my_drone_dds_wasd_control]: Position safety gate exceeded; requesting LAND horizontal=279.52 m vertical=0.83 m[0m
[31m[ERROR] [1786181010.480013825] [my_drone_dds_wasd_control]: Position safety gate exceeded; requesting LAND horizontal=279.79 m vertical=0.83 m[0m
[31m[ERROR] [1786181010.527910867] [my_drone_dds_wasd_control]: Position safety gate exceeded; requesting LAND horizontal=280.21 m vertical=0.83 m[0m
[31m[ERROR] [1786181010.585423750] [my_drone_dds_wasd_control]: Position safety gate exceeded; requesting LAND horizontal=280.47 m vertical=0.83 m[0m
[0m[INFO] [1786181010.625432211] [my_drone_dds_wasd_control]: STATE arm=2 nav=5 NED=(1.705,277.866,0.769) vel=(0.001,6.639,0.012) yaw_deg=-166.1 failsafe=True age_s=(0.18,0.00) arm_torque_nm=0.000 motors=[819.38,1000.00,817.26,1000.00,1000.00,1000.00,1000.00,1000.00][0m
[31m[ERROR] [1786181010.646991427] [my_drone_dds_wasd_control]: Position safety gate exceeded; requesting LAND horizontal=280.84 m vertical=0.83 m[0m
[31m[ERROR] [1786181010.682414750] [my_drone_dds_wasd_control]: Position safety gate exceeded; requesting LAND horizontal=281.11 m vertical=0.83 m[0m
[31m[ERROR] [1786181010.731756784] [my_drone_dds_wasd_control]: Position safety gate exceeded; requesting LAND horizontal=281.53 m vertical=0.83 m[0m
[31m[ERROR] [1786181010.788530562] [my_drone_dds_wasd_control]: Position safety gate exceeded; requesting LAND horizontal=281.79 m vertical=0.83 m[0m
[31m[ERROR] [1786181010.837656546] [my_drone_dds_wasd_control]: Position safety gate exceeded; requesting LAND horizontal=282.16 m vertical=0.83 m[0m
[31m[ERROR] [1786181010.891306239] [my_drone_dds_wasd_control]: Position safety gate exceeded; requesting LAND horizontal=282.42 m vertical=0.83 m[0m
[31m[ERROR] [1786181010.931451073] [my_drone_dds_wasd_control]: Position safety gate exceeded; requesting LAND horizontal=282.84 m vertical=0.83 m[0m
[31m[ERROR] [1786181010.983914619] [my_drone_dds_wasd_control]: Position safety gate exceeded; requesting LAND horizontal=283.11 m vertical=0.83 m[0m
[31m[ERROR] [1786181011.040646459] [my_drone_dds_wasd_control]: Position safety gate exceeded; requesting LAND horizontal=283.48 m vertical=0.83 m[0m
[31m[ERROR] [1786181011.090285497] [my_drone_dds_wasd_control]: Position safety gate exceeded; requesting LAND horizontal=283.74 m vertical=0.83 m[0m
[31m[ERROR] [1786181011.135719527] [my_drone_dds_wasd_control]: Position safety gate exceeded; requesting LAND horizontal=284.16 m vertical=0.83 m[0m
[31m[ERROR] [1786181011.185471077] [my_drone_dds_wasd_control]: Position safety gate exceeded; requesting LAND horizontal=284.42 m vertical=0.83 m[0m
[31m[ERROR] [1786181011.230408150] [my_drone_dds_wasd_control]: Position safety gate exceeded; requesting LAND horizontal=284.79 m vertical=0.83 m[0m
[31m[ERROR] [1786181011.276654735] [my_drone_dds_wasd_control]: Position safety gate exceeded; requesting LAND horizontal=285.06 m vertical=0.83 m[0m
[31m[ERROR] [1786181011.333875852] [my_drone_dds_wasd_control]: Position safety gate exceeded; requesting LAND horizontal=285.48 m vertical=0.83 m[0m
[31m[ERROR] [1786181011.376357142] [my_drone_dds_wasd_control]: Position safety gate exceeded; requesting LAND horizontal=285.74 m vertical=0.83 m[0m
[31m[ERROR] [1786181011.429134119] [my_drone_dds_wasd_control]: Position safety gate exceeded; requesting LAND horizontal=286.11 m vertical=0.83 m[0m
[31m[ERROR] [1786181011.484093339] [my_drone_dds_wasd_control]: Position safety gate exceeded; requesting LAND horizontal=286.37 m vertical=0.83 m[0m
[31m[ERROR] [1786181011.535100626] [my_drone_dds_wasd_control]: Position safety gate exceeded; requesting LAND horizontal=286.80 m vertical=0.83 m[0m
[31m[ERROR] [1786181011.590060520] [my_drone_dds_wasd_control]: Position safety gate exceeded; requesting LAND horizontal=287.06 m vertical=0.83 m[0m
[31m[ERROR] [1786181011.633284116] [my_drone_dds_wasd_control]: Position safety gate exceeded; requesting LAND horizontal=287.43 m vertical=0.83 m[0m
[0m[INFO] [1786181011.682850855] [my_drone_dds_wasd_control]: STATE arm=2 nav=5 NED=(1.733,284.713,0.765) vel=(0.013,6.595,0.009) yaw_deg=-166.1 failsafe=True age_s=(0.22,0.01) arm_torque_nm=0.000 motors=[818.92,1000.00,816.80,1000.00,1000.00,1000.00,1000.00,1000.00][0m
[31m[ERROR] [1786181011.706375874] [my_drone_dds_wasd_control]: Position safety gate exceeded; requesting LAND horizontal=287.69 m vertical=0.83 m[0m
[31m[ERROR] [1786181011.734467326] [my_drone_dds_wasd_control]: Position safety gate exceeded; requesting LAND horizontal=288.11 m vertical=0.83 m[0m
[31m[ERROR] [1786181011.782035224] [my_drone_dds_wasd_control]: Position safety gate exceeded; requesting LAND horizontal=288.37 m vertical=0.83 m[0m
[31m[ERROR] [1786181011.832657637] [my_drone_dds_wasd_control]: Position safety gate exceeded; requesting LAND horizontal=288.74 m vertical=0.83 m[0m
[31m[ERROR] [1786181011.883904412] [my_drone_dds_wasd_control]: Position safety gate exceeded; requesting LAND horizontal=289.00 m vertical=0.83 m[0m
[31m[ERROR] [1786181011.932441289] [my_drone_dds_wasd_control]: Position safety gate exceeded; requesting LAND horizontal=289.42 m vertical=0.83 m[0m
[31m[ERROR] [1786181011.978984436] [my_drone_dds_wasd_control]: Position safety gate exceeded; requesting LAND horizontal=289.69 m vertical=0.83 m[0m
[31m[ERROR] [1786181012.028422586] [my_drone_dds_wasd_control]: Position safety gate exceeded; requesting LAND horizontal=290.05 m vertical=0.83 m[0m
[31m[ERROR] [1786181012.079171647] [my_drone_dds_wasd_control]: Position safety gate exceeded; requesting LAND horizontal=290.32 m vertical=0.83 m[0m
[31m[ERROR] [1786181012.137958120] [my_drone_dds_wasd_control]: Position safety gate exceeded; requesting LAND horizontal=290.74 m vertical=0.83 m[0m
[31m[ERROR] [1786181012.288352701] [my_drone_dds_wasd_control]: Position safety gate exceeded; requesting LAND horizontal=291.00 m vertical=0.83 m[0m
[31m[ERROR] [1786181012.316444433] [my_drone_dds_wasd_control]: Position safety gate exceeded; requesting LAND horizontal=291.00 m vertical=0.83 m[0m
[31m[ERROR] [1786181012.354756949] [my_drone_dds_wasd_control]: Position safety gate exceeded; requesting LAND horizontal=292.01 m vertical=0.83 m[0m
[31m[ERROR] [1786181012.389994370] [my_drone_dds_wasd_control]: Position safety gate exceeded; requesting LAND horizontal=292.25 m vertical=0.83 m[0m
[31m[ERROR] [1786181012.436809181] [my_drone_dds_wasd_control]: Position safety gate exceeded; requesting LAND horizontal=292.58 m vertical=0.83 m[0m
[31m[ERROR] [1786181012.479385510] [my_drone_dds_wasd_control]: Position safety gate exceeded; requesting LAND horizontal=292.83 m vertical=0.83 m[0m
[31m[ERROR] [1786181012.533407944] [my_drone_dds_wasd_control]: Position safety gate exceeded; requesting LAND horizontal=293.24 m vertical=0.83 m[0m
[31m[ERROR] [1786181015.412504153] [my_drone_dds_wasd_control]: Position safety gate exceeded; requesting LAND horizontal=293.50 m vertical=0.83 m[0m
[31m[ERROR] [1786181015.431757870] [my_drone_dds_wasd_control]: Position safety gate exceeded; requesting LAND horizontal=293.50 m vertical=0.83 m[0m
[31m[ERROR] [1786181015.479255536] [my_drone_dds_wasd_control]: Position safety gate exceeded; requesting LAND horizontal=294.03 m vertical=0.84 m[0m
[0m[INFO] [1786181015.531886748] [my_drone_dds_wasd_control]: STATE arm=2 nav=5 NED=(1.746,291.319,0.772) vel=(0.013,6.615,0.012) yaw_deg=-166.1 failsafe=True age_s=(0.23,0.01) arm_torque_nm=0.000 motors=[818.98,1000.00,816.86,1000.00,1000.00,1000.00,1000.00,1000.00][0m
[31m[ERROR] [1786181015.553820257] [my_drone_dds_wasd_control]: Position safety gate exceeded; requesting LAND horizontal=294.30 m vertical=0.84 m[0m
[31m[ERROR] [1786181015.585352133] [my_drone_dds_wasd_control]: Position safety gate exceeded; requesting LAND horizontal=294.67 m vertical=0.84 m[0m
[31m[ERROR] [1786181015.632276178] [my_drone_dds_wasd_control]: Position safety gate exceeded; requesting LAND horizontal=294.93 m vertical=0.84 m[0m
[31m[ERROR] [1786181015.680517856] [my_drone_dds_wasd_control]: Position safety gate exceeded; requesting LAND horizontal=295.36 m vertical=0.84 m[0m
[31m[ERROR] [1786181015.725140848] [my_drone_dds_wasd_control]: Position safety gate exceeded; requesting LAND horizontal=295.62 m vertical=0.84 m[0m
[31m[ERROR] [1786181015.787826175] [my_drone_dds_wasd_control]: Position safety gate exceeded; requesting LAND horizontal=295.99 m vertical=0.84 m[0m
[31m[ERROR] [1786181015.830805655] [my_drone_dds_wasd_control]: Position safety gate exceeded; requesting LAND horizontal=296.26 m vertical=0.84 m[0m
[31m[ERROR] [1786181015.885373958] [my_drone_dds_wasd_control]: Position safety gate exceeded; requesting LAND horizontal=296.68 m vertical=0.84 m[0m
[31m[ERROR] [1786181015.932004795] [my_drone_dds_wasd_control]: Position safety gate exceeded; requesting LAND horizontal=296.95 m vertical=0.84 m[0m
[31m[ERROR] [1786181015.981044769] [my_drone_dds_wasd_control]: Position safety gate exceeded; requesting LAND horizontal=297.32 m vertical=0.84 m[0m
[31m[ERROR] [1786181016.031521922] [my_drone_dds_wasd_control]: Position safety gate exceeded; requesting LAND horizontal=297.58 m vertical=0.84 m[0m
[31m[ERROR] [1786181016.079150257] [my_drone_dds_wasd_control]: Position safety gate exceeded; requesting LAND horizontal=298.01 m vertical=0.84 m[0m
[31m[ERROR] [1786181016.130900796] [my_drone_dds_wasd_control]: Position safety gate exceeded; requesting LAND horizontal=298.27 m vertical=0.84 m[0m
[31m[ERROR] [1786181016.184395091] [my_drone_dds_wasd_control]: Position safety gate exceeded; requesting LAND horizontal=298.64 m vertical=0.84 m[0m
[31m[ERROR] [1786181016.231603904] [my_drone_dds_wasd_control]: Position safety gate exceeded; requesting LAND horizontal=298.90 m vertical=0.84 m[0m
[31m[ERROR] [1786181016.278902671] [my_drone_dds_wasd_control]: Position safety gate exceeded; requesting LAND horizontal=299.32 m vertical=0.84 m[0m
[31m[ERROR] [1786181016.337083217] [my_drone_dds_wasd_control]: Position safety gate exceeded; requesting LAND horizontal=299.59 m vertical=0.84 m[0m
[31m[ERROR] [1786181016.384518630] [my_drone_dds_wasd_control]: Position safety gate exceeded; requesting LAND horizontal=299.96 m vertical=0.84 m[0m
[31m[ERROR] [1786181016.429192849] [my_drone_dds_wasd_control]: Position safety gate exceeded; requesting LAND horizontal=300.22 m vertical=0.83 m[0m
[31m[ERROR] [1786181016.478632090] [my_drone_dds_wasd_control]: Position safety gate exceeded; requesting LAND horizontal=300.64 m vertical=0.83 m[0m
[0m[INFO] [1786181016.531459957] [my_drone_dds_wasd_control]: STATE arm=2 nav=5 NED=(1.737,297.932,0.769) vel=(0.005,6.622,0.011) yaw_deg=-166.2 failsafe=True age_s=(0.23,0.01) arm_torque_nm=0.000 motors=[819.26,1000.00,817.14,1000.00,1000.00,1000.00,1000.00,1000.00][0m
[31m[ERROR] [1786181016.554185285] [my_drone_dds_wasd_control]: Position safety gate exceeded; requesting LAND horizontal=300.91 m vertical=0.83 m[0m
[31m[ERROR] [1786181016.579392393] [my_drone_dds_wasd_control]: Position safety gate exceeded; requesting LAND horizontal=301.28 m vertical=0.83 m[0m
[31m[ERROR] [1786181016.631822523] [my_drone_dds_wasd_control]: Position safety gate exceeded; requesting LAND horizontal=301.54 m vertical=0.83 m[0m
[31m[ERROR] [1786181016.678959247] [my_drone_dds_wasd_control]: Position safety gate exceeded; requesting LAND horizontal=301.96 m vertical=0.83 m[0m
[31m[ERROR] [1786181016.730437129] [my_drone_dds_wasd_control]: Position safety gate exceeded; requesting LAND horizontal=302.23 m vertical=0.83 m[0m
[31m[ERROR] [1786181016.788137485] [my_drone_dds_wasd_control]: Position safety gate exceeded; requesting LAND horizontal=302.60 m vertical=0.82 m[0m
[31m[ERROR] [1786181016.831696761] [my_drone_dds_wasd_control]: Position safety gate exceeded; requesting LAND horizontal=302.86 m vertical=0.82 m[0m
[31m[ERROR] [1786181016.881070231] [my_drone_dds_wasd_control]: Position safety gate exceeded; requesting LAND horizontal=303.28 m vertical=0.82 m[0m
[31m[ERROR] [1786181016.932174431] [my_drone_dds_wasd_control]: Position safety gate exceeded; requesting LAND horizontal=303.55 m vertical=0.82 m[0m
[31m[ERROR] [1786181016.978591737] [my_drone_dds_wasd_control]: Position safety gate exceeded; requesting LAND horizontal=303.92 m vertical=0.82 m[0m
[31m[ERROR] [1786181017.030578020] [my_drone_dds_wasd_control]: Position safety gate exceeded; requesting LAND horizontal=304.18 m vertical=0.82 m[0m
[31m[ERROR] [1786181017.080673022] [my_drone_dds_wasd_control]: Position safety gate exceeded; requesting LAND horizontal=304.60 m vertical=0.81 m[0m
[31m[ERROR] [1786181017.130268352] [my_drone_dds_wasd_control]: Position safety gate exceeded; requesting LAND horizontal=304.86 m vertical=0.81 m[0m
[31m[ERROR] [1786181017.178260667] [my_drone_dds_wasd_control]: Position safety gate exceeded; requesting LAND horizontal=305.23 m vertical=0.81 m[0m
[31m[ERROR] [1786181017.230158275] [my_drone_dds_wasd_control]: Position safety gate exceeded; requesting LAND horizontal=305.49 m vertical=0.81 m[0m
[31m[ERROR] [1786181017.280652520] [my_drone_dds_wasd_control]: Position safety gate exceeded; requesting LAND horizontal=305.91 m vertical=0.81 m[0m
[31m[ERROR] [1786181017.327916766] [my_drone_dds_wasd_control]: Position safety gate exceeded; requesting LAND horizontal=306.17 m vertical=0.80 m[0m
[31m[ERROR] [1786181017.378111368] [my_drone_dds_wasd_control]: Position safety gate exceeded; requesting LAND horizontal=306.54 m vertical=0.80 m[0m
[31m[ERROR] [1786181017.427210491] [my_drone_dds_wasd_control]: Position safety gate exceeded; requesting LAND horizontal=306.80 m vertical=0.80 m[0m
[31m[ERROR] [1786181017.478553955] [my_drone_dds_wasd_control]: Position safety gate exceeded; requesting LAND horizontal=307.22 m vertical=0.80 m[0m
[31m[ERROR] [1786181017.529067428] [my_drone_dds_wasd_control]: Position safety gate exceeded; requesting LAND horizontal=307.48 m vertical=0.80 m[0m
[0m[INFO] [1786181017.579375575] [my_drone_dds_wasd_control]: STATE arm=2 nav=5 NED=(1.705,304.876,0.734) vel=(-0.017,6.608,0.002) yaw_deg=-166.2 failsafe=True age_s=(0.27,0.00) arm_torque_nm=0.000 motors=[819.41,1000.00,817.29,1000.00,1000.00,1000.00,1000.00,1000.00][0m
[31m[ERROR] [1786181017.603634499] [my_drone_dds_wasd_control]: Position safety gate exceeded; requesting LAND horizontal=307.85 m vertical=0.80 m[0m
[31m[ERROR] [1786181017.630907692] [my_drone_dds_wasd_control]: Position safety gate exceeded; requesting LAND horizontal=308.12 m vertical=0.80 m[0m
[31m[ERROR] [1786181017.702063335] [my_drone_dds_wasd_control]: Position safety gate exceeded; requesting LAND horizontal=308.54 m vertical=0.80 m[0m
[31m[ERROR] [1786181017.735224986] [my_drone_dds_wasd_control]: Position safety gate exceeded; requesting LAND horizontal=308.80 m vertical=0.79 m[0m
[31m[ERROR] [1786181017.777505247] [my_drone_dds_wasd_control]: Position safety gate exceeded; requesting LAND horizontal=309.16 m vertical=0.79 m[0m
[31m[ERROR] [1786181017.833409940] [my_drone_dds_wasd_control]: Position safety gate exceeded; requesting LAND horizontal=309.43 m vertical=0.79 m[0m
[31m[ERROR] [1786181017.882850676] [my_drone_dds_wasd_control]: Position safety gate exceeded; requesting LAND horizontal=309.85 m vertical=0.79 m[0m
[31m[ERROR] [1786181017.927277919] [my_drone_dds_wasd_control]: Position safety gate exceeded; requesting LAND horizontal=310.11 m vertical=0.79 m[0m
[31m[ERROR] [1786181017.979661595] [my_drone_dds_wasd_control]: Position safety gate exceeded; requesting LAND horizontal=310.48 m vertical=0.79 m[0m
[31m[ERROR] [1786181018.030524957] [my_drone_dds_wasd_control]: Position safety gate exceeded; requesting LAND horizontal=310.74 m vertical=0.79 m[0m
[31m[ERROR] [1786181018.082668259] [my_drone_dds_wasd_control]: Position safety gate exceeded; requesting LAND horizontal=311.16 m vertical=0.79 m[0m
[31m[ERROR] [1786181018.123969938] [my_drone_dds_wasd_control]: Position safety gate exceeded; requesting LAND horizontal=311.42 m vertical=0.79 m[0m
[31m[ERROR] [1786181018.182246176] [my_drone_dds_wasd_control]: Position safety gate exceeded; requesting LAND horizontal=311.79 m vertical=0.79 m[0m
[31m[ERROR] [1786181018.237398041] [my_drone_dds_wasd_control]: Position safety gate exceeded; requesting LAND horizontal=312.05 m vertical=0.79 m[0m
[31m[ERROR] [1786181018.280166263] [my_drone_dds_wasd_control]: Position safety gate exceeded; requesting LAND horizontal=312.47 m vertical=0.79 m[0m
[31m[ERROR] [1786181018.333045408] [my_drone_dds_wasd_control]: Position safety gate exceeded; requesting LAND horizontal=312.73 m vertical=0.79 m[0m
[31m[ERROR] [1786181018.379584832] [my_drone_dds_wasd_control]: Position safety gate exceeded; requesting LAND horizontal=313.10 m vertical=0.79 m[0m
[31m[ERROR] [1786181018.435505354] [my_drone_dds_wasd_control]: Position safety gate exceeded; requesting LAND horizontal=313.36 m vertical=0.79 m[0m
[31m[ERROR] [1786181018.480509504] [my_drone_dds_wasd_control]: Position safety gate exceeded; requesting LAND horizontal=313.78 m vertical=0.79 m[0m
[31m[ERROR] [1786181018.540327067] [my_drone_dds_wasd_control]: Position safety gate exceeded; requesting LAND horizontal=314.04 m vertical=0.79 m[0m
[0m[INFO] [1786181018.586992246] [my_drone_dds_wasd_control]: STATE arm=2 nav=5 NED=(1.697,311.433,0.728) vel=(-0.015,6.572,0.002) yaw_deg=-166.2 failsafe=True age_s=(0.26,0.00) arm_torque_nm=0.000 motors=[819.03,1000.00,816.91,1000.00,1000.00,1000.00,1000.00,1000.00][0m
[31m[ERROR] [1786181018.615363687] [my_drone_dds_wasd_control]: Position safety gate exceeded; requesting LAND horizontal=314.41 m vertical=0.79 m[0m
[31m[ERROR] [1786181018.653983274] [my_drone_dds_wasd_control]: Position safety gate exceeded; requesting LAND horizontal=314.41 m vertical=0.79 m[0m
[31m[ERROR] [1786181018.680464717] [my_drone_dds_wasd_control]: Position safety gate exceeded; requesting LAND horizontal=315.09 m vertical=0.79 m[0m
[31m[ERROR] [1786181018.731964858] [my_drone_dds_wasd_control]: Position safety gate exceeded; requesting LAND horizontal=315.35 m vertical=0.79 m[0m
[31m[ERROR] [1786181018.786154701] [my_drone_dds_wasd_control]: Position safety gate exceeded; requesting LAND horizontal=315.72 m vertical=0.79 m[0m
[31m[ERROR] [1786181018.833067929] [my_drone_dds_wasd_control]: Position safety gate exceeded; requesting LAND horizontal=315.98 m vertical=0.79 m[0m
[31m[ERROR] [1786181018.886963392] [my_drone_dds_wasd_control]: Position safety gate exceeded; requesting LAND horizontal=316.40 m vertical=0.78 m[0m
[31m[ERROR] [1786181018.952958420] [my_drone_dds_wasd_control]: Position safety gate exceeded; requesting LAND horizontal=316.66 m vertical=0.78 m[0m
[31m[ERROR] [1786181018.984335762] [my_drone_dds_wasd_control]: Position safety gate exceeded; requesting LAND horizontal=317.03 m vertical=0.78 m[0m
[31m[ERROR] [1786181019.033481312] [my_drone_dds_wasd_control]: Position safety gate exceeded; requesting LAND horizontal=317.29 m vertical=0.78 m[0m
[31m[ERROR] [1786181019.080287467] [my_drone_dds_wasd_control]: Position safety gate exceeded; requesting LAND horizontal=317.71 m vertical=0.78 m[0m
[31m[ERROR] [1786181019.130250610] [my_drone_dds_wasd_control]: Position safety gate exceeded; requesting LAND horizontal=317.97 m vertical=0.78 m[0m
[31m[ERROR] [1786181019.186059645] [my_drone_dds_wasd_control]: Position safety gate exceeded; requesting LAND horizontal=318.34 m vertical=0.78 m[0m
[31m[ERROR] [1786181019.232181867] [my_drone_dds_wasd_control]: Position safety gate exceeded; requesting LAND horizontal=318.60 m vertical=0.78 m[0m
[31m[ERROR] [1786181019.280726336] [my_drone_dds_wasd_control]: Position safety gate exceeded; requesting LAND horizontal=319.02 m vertical=0.78 m[0m
[31m[ERROR] [1786181019.335055461] [my_drone_dds_wasd_control]: Position safety gate exceeded; requesting LAND horizontal=319.28 m vertical=0.78 m[0m
[31m[ERROR] [1786181019.383313365] [my_drone_dds_wasd_control]: Position safety gate exceeded; requesting LAND horizontal=319.64 m vertical=0.78 m[0m
[31m[ERROR] [1786181019.442903058] [my_drone_dds_wasd_control]: Position safety gate exceeded; requesting LAND horizontal=319.91 m vertical=0.78 m[0m
[31m[ERROR] [1786181019.484627385] [my_drone_dds_wasd_control]: Position safety gate exceeded; requesting LAND horizontal=320.32 m vertical=0.78 m[0m
[31m[ERROR] [1786181019.575158550] [my_drone_dds_wasd_control]: Position safety gate exceeded; requesting LAND horizontal=320.59 m vertical=0.77 m[0m
[0m[INFO] [1786181019.638455085] [my_drone_dds_wasd_control]: STATE arm=2 nav=5 NED=(1.703,317.610,0.711) vel=(-0.004,6.563,-0.003) yaw_deg=-166.3 failsafe=True age_s=(0.27,0.08) arm_torque_nm=0.000 motors=[818.84,1000.00,816.72,1000.00,1000.00,1000.00,1000.00,1000.00][0m
[31m[ERROR] [1786181019.673002896] [my_drone_dds_wasd_control]: Position safety gate exceeded; requesting LAND horizontal=320.59 m vertical=0.77 m[0m
[31m[ERROR] [1786181019.699808867] [my_drone_dds_wasd_control]: Position safety gate exceeded; requesting LAND horizontal=321.61 m vertical=0.77 m[0m
[31m[ERROR] [1786181019.729879215] [my_drone_dds_wasd_control]: Position safety gate exceeded; requesting LAND horizontal=321.86 m vertical=0.77 m[0m
[31m[ERROR] [1786181019.777260429] [my_drone_dds_wasd_control]: Position safety gate exceeded; requesting LAND horizontal=322.23 m vertical=0.77 m[0m
[31m[ERROR] [1786181019.839910249] [my_drone_dds_wasd_control]: Position safety gate exceeded; requesting LAND horizontal=322.49 m vertical=0.77 m[0m
[31m[ERROR] [1786181019.885470476] [my_drone_dds_wasd_control]: Position safety gate exceeded; requesting LAND horizontal=322.91 m vertical=0.77 m[0m
[31m[ERROR] [1786181019.933704678] [my_drone_dds_wasd_control]: Position safety gate exceeded; requesting LAND horizontal=323.17 m vertical=0.77 m[0m
[31m[ERROR] [1786181019.995329048] [my_drone_dds_wasd_control]: Position safety gate exceeded; requesting LAND horizontal=323.54 m vertical=0.77 m[0m
[31m[ERROR] [1786181020.044256053] [my_drone_dds_wasd_control]: Position safety gate exceeded; requesting LAND horizontal=323.80 m vertical=0.77 m[0m
[31m[ERROR] [1786181020.084200652] [my_drone_dds_wasd_control]: Position safety gate exceeded; requesting LAND horizontal=324.06 m vertical=0.77 m[0m
[31m[ERROR] [1786181020.132235504] [my_drone_dds_wasd_control]: Position safety gate exceeded; requesting LAND horizontal=324.48 m vertical=0.77 m[0m
[31m[ERROR] [1786181020.198069166] [my_drone_dds_wasd_control]: Position safety gate exceeded; requesting LAND horizontal=324.85 m vertical=0.76 m[0m
[31m[ERROR] [1786181020.240048636] [my_drone_dds_wasd_control]: Position safety gate exceeded; requesting LAND horizontal=325.11 m vertical=0.76 m[0m
[31m[ERROR] [1786181020.287626355] [my_drone_dds_wasd_control]: Position safety gate exceeded; requesting LAND horizontal=325.53 m vertical=0.76 m[0m
[31m[ERROR] [1786181020.340768909] [my_drone_dds_wasd_control]: Position safety gate exceeded; requesting LAND horizontal=325.79 m vertical=0.76 m[0m
[31m[ERROR] [1786181020.391549740] [my_drone_dds_wasd_control]: Position safety gate exceeded; requesting LAND horizontal=326.15 m vertical=0.76 m[0m
[31m[ERROR] [1786181020.439366808] [my_drone_dds_wasd_control]: Position safety gate exceeded; requesting LAND horizontal=326.42 m vertical=0.76 m[0m
[31m[ERROR] [1786181020.484028782] [my_drone_dds_wasd_control]: Position safety gate exceeded; requesting LAND horizontal=326.83 m vertical=0.76 m[0m
[31m[ERROR] [1786181020.535074223] [my_drone_dds_wasd_control]: Position safety gate exceeded; requesting LAND horizontal=327.10 m vertical=0.76 m[0m
[31m[ERROR] [1786181020.598419685] [my_drone_dds_wasd_control]: Position safety gate exceeded; requesting LAND horizontal=327.46 m vertical=0.76 m[0m
[0m[INFO] [1786181020.630422130] [my_drone_dds_wasd_control]: STATE arm=2 nav=5 NED=(1.717,324.745,0.697) vel=(0.006,6.559,-0.007) yaw_deg=-166.3 failsafe=True age_s=(0.27,0.01) arm_torque_nm=0.000 motors=[818.79,1000.00,816.66,1000.00,1000.00,1000.00,1000.00,1000.00][0m
[31m[ERROR] [1786181020.657177536] [my_drone_dds_wasd_control]: Position safety gate exceeded; requesting LAND horizontal=327.72 m vertical=0.76 m[0m
[31m[ERROR] [1786181020.682107416] [my_drone_dds_wasd_control]: Position safety gate exceeded; requesting LAND horizontal=328.14 m vertical=0.76 m[0m
[31m[ERROR] [1786181020.730941226] [my_drone_dds_wasd_control]: Position safety gate exceeded; requesting LAND horizontal=328.40 m vertical=0.76 m[0m
[31m[ERROR] [1786181020.782549028] [my_drone_dds_wasd_control]: Position safety gate exceeded; requesting LAND horizontal=328.77 m vertical=0.76 m[0m
[31m[ERROR] [1786181020.832907326] [my_drone_dds_wasd_control]: Position safety gate exceeded; requesting LAND horizontal=329.03 m vertical=0.76 m[0m
[31m[ERROR] [1786181020.883008921] [my_drone_dds_wasd_control]: Position safety gate exceeded; requesting LAND horizontal=329.45 m vertical=0.76 m[0m
[31m[ERROR] [1786181020.932180936] [my_drone_dds_wasd_control]: Position safety gate exceeded; requesting LAND horizontal=329.71 m vertical=0.76 m[0m
[31m[ERROR] [1786181020.981602899] [my_drone_dds_wasd_control]: Position safety gate exceeded; requesting LAND horizontal=330.08 m vertical=0.76 m[0m
[31m[ERROR] [1786181021.034557314] [my_drone_dds_wasd_control]: Position safety gate exceeded; requesting LAND horizontal=330.34 m vertical=0.76 m[0m
[31m[ERROR] [1786181021.095771213] [my_drone_dds_wasd_control]: Position safety gate exceeded; requesting LAND horizontal=330.75 m vertical=0.76 m[0m
[31m[ERROR] [1786181021.137641500] [my_drone_dds_wasd_control]: Position safety gate exceeded; requesting LAND horizontal=331.01 m vertical=0.76 m[0m
[31m[ERROR] [1786181021.184628863] [my_drone_dds_wasd_control]: Position safety gate exceeded; requesting LAND horizontal=331.37 m vertical=0.76 m[0m
[31m[ERROR] [1786181021.236002165] [my_drone_dds_wasd_control]: Position safety gate exceeded; requesting LAND horizontal=331.63 m vertical=0.76 m[0m
[31m[ERROR] [1786181021.286206721] [my_drone_dds_wasd_control]: Position safety gate exceeded; requesting LAND horizontal=332.04 m vertical=0.76 m[0m
[31m[ERROR] [1786181021.339307948] [my_drone_dds_wasd_control]: Position safety gate exceeded; requesting LAND horizontal=332.30 m vertical=0.76 m[0m
[31m[ERROR] [1786181021.387344857] [my_drone_dds_wasd_control]: Position safety gate exceeded; requesting LAND horizontal=332.67 m vertical=0.76 m[0m
[31m[ERROR] [1786181021.441613642] [my_drone_dds_wasd_control]: Position safety gate exceeded; requesting LAND horizontal=332.93 m vertical=0.76 m[0m
[31m[ERROR] [1786181021.483504361] [my_drone_dds_wasd_control]: Position safety gate exceeded; requesting LAND horizontal=333.35 m vertical=0.77 m[0m
[31m[ERROR] [1786181021.538194535] [my_drone_dds_wasd_control]: Position safety gate exceeded; requesting LAND horizontal=333.61 m vertical=0.77 m[0m
[31m[ERROR] [1786181021.584678150] [my_drone_dds_wasd_control]: Position safety gate exceeded; requesting LAND horizontal=333.97 m vertical=0.77 m[0m
[0m[INFO] [1786181021.635824700] [my_drone_dds_wasd_control]: STATE arm=2 nav=5 NED=(1.708,331.261,0.703) vel=(0.003,6.562,-0.004) yaw_deg=-166.3 failsafe=True age_s=(0.27,0.01) arm_torque_nm=0.000 motors=[818.67,1000.00,816.55,1000.00,1000.00,1000.00,1000.00,1000.00][0m
[31m[ERROR] [1786181021.664119454] [my_drone_dds_wasd_control]: Position safety gate exceeded; requesting LAND horizontal=334.24 m vertical=0.77 m[0m
[31m[ERROR] [1786181021.697074290] [my_drone_dds_wasd_control]: Position safety gate exceeded; requesting LAND horizontal=334.24 m vertical=0.77 m[0m
[31m[ERROR] [1786181021.738662149] [my_drone_dds_wasd_control]: Position safety gate exceeded; requesting LAND horizontal=334.92 m vertical=0.77 m[0m
[31m[ERROR] [1786181021.784335670] [my_drone_dds_wasd_control]: Position safety gate exceeded; requesting LAND horizontal=335.28 m vertical=0.77 m[0m
[31m[ERROR] [1786181021.834485296] [my_drone_dds_wasd_control]: Position safety gate exceeded; requesting LAND horizontal=335.55 m vertical=0.77 m[0m
[31m[ERROR] [1786181021.885700194] [my_drone_dds_wasd_control]: Position safety gate exceeded; requesting LAND horizontal=335.96 m vertical=0.77 m[0m
[31m[ERROR] [1786181021.935244488] [my_drone_dds_wasd_control]: Position safety gate exceeded; requesting LAND horizontal=336.23 m vertical=0.77 m[0m
[31m[ERROR] [1786181021.986793806] [my_drone_dds_wasd_control]: Position safety gate exceeded; requesting LAND horizontal=336.59 m vertical=0.77 m[0m
[31m[ERROR] [1786181022.044005086] [my_drone_dds_wasd_control]: Position safety gate exceeded; requesting LAND horizontal=336.85 m vertical=0.77 m[0m
[31m[ERROR] [1786181022.087667163] [my_drone_dds_wasd_control]: Position safety gate exceeded; requesting LAND horizontal=337.27 m vertical=0.77 m[0m
[31m[ERROR] [1786181022.134784487] [my_drone_dds_wasd_control]: Position safety gate exceeded; requesting LAND horizontal=337.53 m vertical=0.77 m[0m
[31m[ERROR] [1786181022.188147409] [my_drone_dds_wasd_control]: Position safety gate exceeded; requesting LAND horizontal=337.89 m vertical=0.77 m[0m
[31m[ERROR] [1786181022.231027335] [my_drone_dds_wasd_control]: Position safety gate exceeded; requesting LAND horizontal=338.15 m vertical=0.77 m[0m
[31m[ERROR] [1786181022.280745899] [my_drone_dds_wasd_control]: Position safety gate exceeded; requesting LAND horizontal=338.57 m vertical=0.78 m[0m
[31m[ERROR] [1786181022.329196886] [my_drone_dds_wasd_control]: Position safety gate exceeded; requesting LAND horizontal=338.83 m vertical=0.78 m[0m
[31m[ERROR] [1786181022.394160383] [my_drone_dds_wasd_control]: Position safety gate exceeded; requesting LAND horizontal=339.20 m vertical=0.78 m[0m
[31m[ERROR] [1786181022.442519371] [my_drone_dds_wasd_control]: Position safety gate exceeded; requesting LAND horizontal=339.46 m vertical=0.78 m[0m
[31m[ERROR] [1786181022.493470072] [my_drone_dds_wasd_control]: Position safety gate exceeded; requesting LAND horizontal=339.88 m vertical=0.78 m[0m
[31m[ERROR] [1786181022.540676318] [my_drone_dds_wasd_control]: Position safety gate exceeded; requesting LAND horizontal=340.14 m vertical=0.78 m[0m
[31m[ERROR] [1786181022.587273201] [my_drone_dds_wasd_control]: Position safety gate exceeded; requesting LAND horizontal=340.50 m vertical=0.78 m[0m
[31m[ERROR] [1786181022.681573877] [my_drone_dds_wasd_control]: Position safety gate exceeded; requesting LAND horizontal=340.77 m vertical=0.78 m[0m
[0m[INFO] [1786181022.741433125] [my_drone_dds_wasd_control]: STATE arm=2 nav=5 NED=(1.716,337.790,0.717) vel=(0.009,6.524,-0.000) yaw_deg=-166.3 failsafe=True age_s=(0.35,0.08) arm_torque_nm=0.000 motors=[818.92,1000.00,816.80,1000.00,1000.00,1000.00,1000.00,1000.00][0m
[31m[ERROR] [1786181022.771644819] [my_drone_dds_wasd_control]: Position safety gate exceeded; requesting LAND horizontal=340.77 m vertical=0.78 m[0m
[31m[ERROR] [1786181022.805261061] [my_drone_dds_wasd_control]: Position safety gate exceeded; requesting LAND horizontal=341.79 m vertical=0.78 m[0m
[31m[ERROR] [1786181022.831200311] [my_drone_dds_wasd_control]: Position safety gate exceeded; requesting LAND horizontal=342.05 m vertical=0.78 m[0m
[31m[ERROR] [1786181022.887241049] [my_drone_dds_wasd_control]: Position safety gate exceeded; requesting LAND horizontal=342.46 m vertical=0.78 m[0m
[31m[ERROR] [1786181022.936432461] [my_drone_dds_wasd_control]: Position safety gate exceeded; requesting LAND horizontal=342.72 m vertical=0.78 m[0m
[31m[ERROR] [1786181022.983114533] [my_drone_dds_wasd_control]: Position safety gate exceeded; requesting LAND horizontal=343.09 m vertical=0.78 m[0m
[31m[ERROR] [1786181023.042736806] [my_drone_dds_wasd_control]: Position safety gate exceeded; requesting LAND horizontal=343.35 m vertical=0.78 m[0m
[31m[ERROR] [1786181023.080853482] [my_drone_dds_wasd_control]: Position safety gate exceeded; requesting LAND horizontal=343.77 m vertical=0.78 m[0m
[31m[ERROR] [1786181023.135053026] [my_drone_dds_wasd_control]: Position safety gate exceeded; requesting LAND horizontal=344.03 m vertical=0.78 m[0m
[31m[ERROR] [1786181023.198108393] [my_drone_dds_wasd_control]: Position safety gate exceeded; requesting LAND horizontal=344.39 m vertical=0.78 m[0m
[31m[ERROR] [1786181023.244919697] [my_drone_dds_wasd_control]: Position safety gate exceeded; requesting LAND horizontal=344.65 m vertical=0.79 m[0m
[31m[ERROR] [1786181023.299886478] [my_drone_dds_wasd_control]: Position safety gate exceeded; requesting LAND horizontal=344.91 m vertical=0.79 m[0m
[31m[ERROR] [1786181023.342350873] [my_drone_dds_wasd_control]: Position safety gate exceeded; requesting LAND horizontal=345.33 m vertical=0.79 m[0m
[31m[ERROR] [1786181023.398399689] [my_drone_dds_wasd_control]: Position safety gate exceeded; requesting LAND horizontal=345.69 m vertical=0.79 m[0m
[31m[ERROR] [1786181023.435215352] [my_drone_dds_wasd_control]: Position safety gate exceeded; requesting LAND horizontal=345.95 m vertical=0.79 m[0m
[31m[ERROR] [1786181023.485548185] [my_drone_dds_wasd_control]: Position safety gate exceeded; requesting LAND horizontal=346.37 m vertical=0.79 m[0m
[31m[ERROR] [1786181023.536925589] [my_drone_dds_wasd_control]: Position safety gate exceeded; requesting LAND horizontal=346.63 m vertical=0.79 m[0m
[31m[ERROR] [1786181023.592253084] [my_drone_dds_wasd_control]: Position safety gate exceeded; requesting LAND horizontal=347.00 m vertical=0.79 m[0m
[31m[ERROR] [1786181023.655749416] [my_drone_dds_wasd_control]: Position safety gate exceeded; requesting LAND horizontal=347.26 m vertical=0.79 m[0m
[31m[ERROR] [1786181023.704241895] [my_drone_dds_wasd_control]: Position safety gate exceeded; requesting LAND horizontal=347.52 m vertical=0.79 m[0m
[0m[INFO] [1786181023.745550112] [my_drone_dds_wasd_control]: STATE arm=2 nav=5 NED=(1.698,344.960,0.724) vel=(-0.004,6.525,0.001) yaw_deg=-166.4 failsafe=True age_s=(0.37,0.00) arm_torque_nm=0.000 motors=[818.90,1000.00,816.78,1000.00,1000.00,1000.00,1000.00,1000.00][0m
[31m[ERROR] [1786181023.774913908] [my_drone_dds_wasd_control]: Position safety gate exceeded; requesting LAND horizontal=347.94 m vertical=0.79 m[0m
[31m[ERROR] [1786181023.822843258] [my_drone_dds_wasd_control]: Position safety gate exceeded; requesting LAND horizontal=347.94 m vertical=0.79 m[0m
[31m[ERROR] [1786181023.875933504] [my_drone_dds_wasd_control]: Position safety gate exceeded; requesting LAND horizontal=348.72 m vertical=0.79 m[0m
[31m[ERROR] [1786181023.939722099] [my_drone_dds_wasd_control]: Position safety gate exceeded; requesting LAND horizontal=348.72 m vertical=0.79 m[0m
[31m[ERROR] [1786181023.980694833] [my_drone_dds_wasd_control]: Position safety gate exceeded; requesting LAND horizontal=349.35 m vertical=0.79 m[0m
[31m[ERROR] [1786181024.019922750] [my_drone_dds_wasd_control]: Position safety gate exceeded; requesting LAND horizontal=349.35 m vertical=0.79 m[0m
[31m[ERROR] [1786181024.047007644] [my_drone_dds_wasd_control]: Position safety gate exceeded; requesting LAND horizontal=349.86 m vertical=0.79 m[0m
[31m[ERROR] [1786181024.087318538] [my_drone_dds_wasd_control]: Position safety gate exceeded; requesting LAND horizontal=350.12 m vertical=0.79 m[0m
[31m[ERROR] [1786181024.136116820] [my_drone_dds_wasd_control]: Position safety gate exceeded; requesting LAND horizontal=350.48 m vertical=0.79 m[0m
[31m[ERROR] [1786181024.192457377] [my_drone_dds_wasd_control]: Position safety gate exceeded; requesting LAND horizontal=350.73 m vertical=0.79 m[0m
[31m[ERROR] [1786181024.234954492] [my_drone_dds_wasd_control]: Position safety gate exceeded; requesting LAND horizontal=351.15 m vertical=0.79 m[0m
[31m[ERROR] [1786181024.292405589] [my_drone_dds_wasd_control]: Position safety gate exceeded; requesting LAND horizontal=351.41 m vertical=0.79 m[0m
[31m[ERROR] [1786181024.343591309] [my_drone_dds_wasd_control]: Position safety gate exceeded; requesting LAND horizontal=351.78 m vertical=0.79 m[0m
[31m[ERROR] [1786181024.383572178] [my_drone_dds_wasd_control]: Position safety gate exceeded; requesting LAND horizontal=352.04 m vertical=0.79 m[0m
[31m[ERROR] [1786181024.430740877] [my_drone_dds_wasd_control]: Position safety gate exceeded; requesting LAND horizontal=352.46 m vertical=0.79 m[0m
[31m[ERROR] [1786181024.485443483] [my_drone_dds_wasd_control]: Position safety gate exceeded; requesting LAND horizontal=352.72 m vertical=0.79 m[0m
[31m[ERROR] [1786181024.551709708] [my_drone_dds_wasd_control]: Position safety gate exceeded; requesting LAND horizontal=353.09 m vertical=0.79 m[0m
[31m[ERROR] [1786181024.589204206] [my_drone_dds_wasd_control]: Position safety gate exceeded; requesting LAND horizontal=353.35 m vertical=0.79 m[0m
[31m[ERROR] [1786181024.631489244] [my_drone_dds_wasd_control]: Position safety gate exceeded; requesting LAND horizontal=353.76 m vertical=0.79 m[0m
[31m[ERROR] [1786181024.734609329] [my_drone_dds_wasd_control]: Position safety gate exceeded; requesting LAND horizontal=354.03 m vertical=0.79 m[0m
[0m[INFO] [1786181024.777324638] [my_drone_dds_wasd_control]: STATE arm=2 nav=5 NED=(1.702,351.049,0.726) vel=(0.002,6.564,0.002) yaw_deg=-166.4 failsafe=True age_s=(0.38,0.09) arm_torque_nm=0.000 motors=[818.76,1000.00,816.64,1000.00,1000.00,1000.00,1000.00,1000.00][0m
[31m[ERROR] [1786181024.808133290] [my_drone_dds_wasd_control]: Position safety gate exceeded; requesting LAND horizontal=354.03 m vertical=0.79 m[0m
[31m[ERROR] [1786181024.841051411] [my_drone_dds_wasd_control]: Position safety gate exceeded; requesting LAND horizontal=355.03 m vertical=0.79 m[0m
[31m[ERROR] [1786181024.901444032] [my_drone_dds_wasd_control]: Position safety gate exceeded; requesting LAND horizontal=355.29 m vertical=0.79 m[0m
[31m[ERROR] [1786181024.944166322] [my_drone_dds_wasd_control]: Position safety gate exceeded; requesting LAND horizontal=355.65 m vertical=0.79 m[0m
[31m[ERROR] [1786181024.980677397] [my_drone_dds_wasd_control]: Position safety gate exceeded; requesting LAND horizontal=355.91 m vertical=0.79 m[0m
[31m[ERROR] [1786181025.037977693] [my_drone_dds_wasd_control]: Position safety gate exceeded; requesting LAND horizontal=356.32 m vertical=0.79 m[0m
[31m[ERROR] [1786181025.088891396] [my_drone_dds_wasd_control]: Position safety gate exceeded; requesting LAND horizontal=356.58 m vertical=0.79 m[0m
[31m[ERROR] [1786181025.140958255] [my_drone_dds_wasd_control]: Position safety gate exceeded; requesting LAND horizontal=356.95 m vertical=0.79 m[0m
[31m[ERROR] [1786181025.190997590] [my_drone_dds_wasd_control]: Position safety gate exceeded; requesting LAND horizontal=357.20 m vertical=0.79 m[0m
[31m[ERROR] [1786181025.231061420] [my_drone_dds_wasd_control]: Position safety gate exceeded; requesting LAND horizontal=357.62 m vertical=0.79 m[0m
[31m[ERROR] [1786181025.279088428] [my_drone_dds_wasd_control]: Position safety gate exceeded; requesting LAND horizontal=357.88 m vertical=0.79 m[0m
[31m[ERROR] [1786181025.324988424] [my_drone_dds_wasd_control]: Position safety gate exceeded; requesting LAND horizontal=358.25 m vertical=0.79 m[0m
[31m[ERROR] [1786181025.381080001] [my_drone_dds_wasd_control]: Position safety gate exceeded; requesting LAND horizontal=358.51 m vertical=0.79 m[0m
[31m[ERROR] [1786181025.429868506] [my_drone_dds_wasd_control]: Position safety gate exceeded; requesting LAND horizontal=358.93 m vertical=0.79 m[0m
[31m[ERROR] [1786181025.489049603] [my_drone_dds_wasd_control]: Position safety gate exceeded; requesting LAND horizontal=359.19 m vertical=0.79 m[0m
[31m[ERROR] [1786181025.542366140] [my_drone_dds_wasd_control]: Position safety gate exceeded; requesting LAND horizontal=359.56 m vertical=0.79 m[0m
[31m[ERROR] [1786181025.582542365] [my_drone_dds_wasd_control]: Position safety gate exceeded; requesting LAND horizontal=359.82 m vertical=0.79 m[0m
[31m[ERROR] [1786181025.635827772] [my_drone_dds_wasd_control]: Position safety gate exceeded; requesting LAND horizontal=360.24 m vertical=0.79 m[0m
[31m[ERROR] [1786181025.679728917] [my_drone_dds_wasd_control]: Position safety gate exceeded; requesting LAND horizontal=360.51 m vertical=0.79 m[0m
[31m[ERROR] [1786181025.734300698] [my_drone_dds_wasd_control]: Position safety gate exceeded; requesting LAND horizontal=360.87 m vertical=0.79 m[0m
[0m[INFO] [1786181025.779415169] [my_drone_dds_wasd_control]: STATE arm=2 nav=5 NED=(1.721,358.162,0.731) vel=(0.010,6.530,0.004) yaw_deg=-166.4 failsafe=True age_s=(0.38,0.01) arm_torque_nm=0.000 motors=[818.86,1000.00,816.74,1000.00,1000.00,1000.00,1000.00,1000.00][0m
[31m[ERROR] [1786181025.803467406] [my_drone_dds_wasd_control]: Position safety gate exceeded; requesting LAND horizontal=361.14 m vertical=0.79 m[0m
[31m[ERROR] [1786181025.832339867] [my_drone_dds_wasd_control]: Position safety gate exceeded; requesting LAND horizontal=361.56 m vertical=0.79 m[0m
[31m[ERROR] [1786181025.881217324] [my_drone_dds_wasd_control]: Position safety gate exceeded; requesting LAND horizontal=361.82 m vertical=0.79 m[0m
[31m[ERROR] [1786181025.926897017] [my_drone_dds_wasd_control]: Position safety gate exceeded; requesting LAND horizontal=362.19 m vertical=0.79 m[0m
[31m[ERROR] [1786181025.985263433] [my_drone_dds_wasd_control]: Position safety gate exceeded; requesting LAND horizontal=362.45 m vertical=0.79 m[0m
[31m[ERROR] [1786181026.036090148] [my_drone_dds_wasd_control]: Position safety gate exceeded; requesting LAND horizontal=362.87 m vertical=0.79 m[0m
[31m[ERROR] [1786181026.081592079] [my_drone_dds_wasd_control]: Position safety gate exceeded; requesting LAND horizontal=363.13 m vertical=0.79 m[0m
[31m[ERROR] [1786181026.127663678] [my_drone_dds_wasd_control]: Position safety gate exceeded; requesting LAND horizontal=363.50 m vertical=0.79 m[0m
[31m[ERROR] [1786181026.185869991] [my_drone_dds_wasd_control]: Position safety gate exceeded; requesting LAND horizontal=363.76 m vertical=0.79 m[0m
[31m[ERROR] [1786181026.231402086] [my_drone_dds_wasd_control]: Position safety gate exceeded; requesting LAND horizontal=364.18 m vertical=0.79 m[0m
[31m[ERROR] [1786181026.285419257] [my_drone_dds_wasd_control]: Position safety gate exceeded; requesting LAND horizontal=364.44 m vertical=0.79 m[0m
[31m[ERROR] [1786181026.327654532] [my_drone_dds_wasd_control]: Position safety gate exceeded; requesting LAND horizontal=364.81 m vertical=0.80 m[0m
[31m[ERROR] [1786181026.384275699] [my_drone_dds_wasd_control]: Position safety gate exceeded; requesting LAND horizontal=365.07 m vertical=0.80 m[0m
[31m[ERROR] [1786181026.428757160] [my_drone_dds_wasd_control]: Position safety gate exceeded; requesting LAND horizontal=365.49 m vertical=0.80 m[0m
[31m[ERROR] [1786181026.476083556] [my_drone_dds_wasd_control]: Position safety gate exceeded; requesting LAND horizontal=365.76 m vertical=0.80 m[0m
[31m[ERROR] [1786181026.535769986] [my_drone_dds_wasd_control]: Position safety gate exceeded; requesting LAND horizontal=366.13 m vertical=0.80 m[0m
[31m[ERROR] [1786181026.600014979] [my_drone_dds_wasd_control]: Position safety gate exceeded; requesting LAND horizontal=366.39 m vertical=0.80 m[0m
[31m[ERROR] [1786181026.642624745] [my_drone_dds_wasd_control]: Position safety gate exceeded; requesting LAND horizontal=366.81 m vertical=0.80 m[0m
[31m[ERROR] [1786181026.686568587] [my_drone_dds_wasd_control]: Position safety gate exceeded; requesting LAND horizontal=367.07 m vertical=0.80 m[0m
[31m[ERROR] [1786181026.730317910] [my_drone_dds_wasd_control]: Position safety gate exceeded; requesting LAND horizontal=367.44 m vertical=0.80 m[0m
[0m[INFO] [1786181026.788846288] [my_drone_dds_wasd_control]: STATE arm=2 nav=5 NED=(1.722,364.726,0.735) vel=(0.004,6.540,0.004) yaw_deg=-166.5 failsafe=True age_s=(0.37,0.01) arm_torque_nm=0.000 motors=[818.88,1000.00,816.75,1000.00,1000.00,1000.00,1000.00,1000.00][0m
[31m[ERROR] [1786181026.814386574] [my_drone_dds_wasd_control]: Position safety gate exceeded; requesting LAND horizontal=367.70 m vertical=0.80 m[0m
[31m[ERROR] [1786181026.840378291] [my_drone_dds_wasd_control]: Position safety gate exceeded; requesting LAND horizontal=367.70 m vertical=0.80 m[0m
[31m[ERROR] [1786181026.886030758] [my_drone_dds_wasd_control]: Position safety gate exceeded; requesting LAND horizontal=368.39 m vertical=0.80 m[0m
[31m[ERROR] [1786181026.930543242] [my_drone_dds_wasd_control]: Position safety gate exceeded; requesting LAND horizontal=368.75 m vertical=0.80 m[0m
[31m[ERROR] [1786181026.977046613] [my_drone_dds_wasd_control]: Position safety gate exceeded; requesting LAND horizontal=369.02 m vertical=0.80 m[0m
[31m[ERROR] [1786181027.028696815] [my_drone_dds_wasd_control]: Position safety gate exceeded; requesting LAND horizontal=369.44 m vertical=0.80 m[0m
[31m[ERROR] [1786181027.083985835] [my_drone_dds_wasd_control]: Position safety gate exceeded; requesting LAND horizontal=369.70 m vertical=0.80 m[0m
[31m[ERROR] [1786181027.136553136] [my_drone_dds_wasd_control]: Position safety gate exceeded; requesting LAND horizontal=370.07 m vertical=0.80 m[0m
[31m[ERROR] [1786181027.193365856] [my_drone_dds_wasd_control]: Position safety gate exceeded; requesting LAND horizontal=370.33 m vertical=0.80 m[0m
[31m[ERROR] [1786181027.241611405] [my_drone_dds_wasd_control]: Position safety gate exceeded; requesting LAND horizontal=370.74 m vertical=0.80 m[0m
[31m[ERROR] [1786181027.284843095] [my_drone_dds_wasd_control]: Position safety gate exceeded; requesting LAND horizontal=371.00 m vertical=0.80 m[0m
[31m[ERROR] [1786181027.331984110] [my_drone_dds_wasd_control]: Position safety gate exceeded; requesting LAND horizontal=371.37 m vertical=0.80 m[0m
[31m[ERROR] [1786181027.381179783] [my_drone_dds_wasd_control]: Position safety gate exceeded; requesting LAND horizontal=371.63 m vertical=0.80 m[0m
[31m[ERROR] [1786181027.429947534] [my_drone_dds_wasd_control]: Position safety gate exceeded; requesting LAND horizontal=372.05 m vertical=0.80 m[0m
[31m[ERROR] [1786181027.481453708] [my_drone_dds_wasd_control]: Position safety gate exceeded; requesting LAND horizontal=372.31 m vertical=0.80 m[0m
[31m[ERROR] [1786181027.527447502] [my_drone_dds_wasd_control]: Position safety gate exceeded; requesting LAND horizontal=372.68 m vertical=0.79 m[0m
[31m[ERROR] [1786181027.578715072] [my_drone_dds_wasd_control]: Position safety gate exceeded; requesting LAND horizontal=372.95 m vertical=0.79 m[0m
[31m[ERROR] [1786181027.629863890] [my_drone_dds_wasd_control]: Position safety gate exceeded; requesting LAND horizontal=373.37 m vertical=0.79 m[0m
[31m[ERROR] [1786181027.695923426] [my_drone_dds_wasd_control]: Position safety gate exceeded; requesting LAND horizontal=373.63 m vertical=0.79 m[0m
[31m[ERROR] [1786181027.735131564] [my_drone_dds_wasd_control]: Position safety gate exceeded; requesting LAND horizontal=374.00 m vertical=0.80 m[0m
[0m[INFO] [1786181027.785400426] [my_drone_dds_wasd_control]: STATE arm=2 nav=5 NED=(1.719,371.286,0.732) vel=(-0.004,6.544,0.004) yaw_deg=-166.5 failsafe=True age_s=(0.38,0.01) arm_torque_nm=0.000 motors=[819.03,1000.00,816.91,1000.00,1000.00,1000.00,1000.00,1000.00][0m
[31m[ERROR] [1786181027.813409351] [my_drone_dds_wasd_control]: Position safety gate exceeded; requesting LAND horizontal=374.26 m vertical=0.80 m[0m
[31m[ERROR] [1786181027.841719823] [my_drone_dds_wasd_control]: Position safety gate exceeded; requesting LAND horizontal=374.26 m vertical=0.80 m[0m
[31m[ERROR] [1786181027.889569300] [my_drone_dds_wasd_control]: Position safety gate exceeded; requesting LAND horizontal=374.94 m vertical=0.80 m[0m
[31m[ERROR] [1786181027.938160386] [my_drone_dds_wasd_control]: Position safety gate exceeded; requesting LAND horizontal=375.31 m vertical=0.80 m[0m
[31m[ERROR] [1786181027.979908659] [my_drone_dds_wasd_control]: Position safety gate exceeded; requesting LAND horizontal=375.57 m vertical=0.80 m[0m
[31m[ERROR] [1786181028.031552927] [my_drone_dds_wasd_control]: Position safety gate exceeded; requesting LAND horizontal=375.99 m vertical=0.80 m[0m
[31m[ERROR] [1786181028.076928215] [my_drone_dds_wasd_control]: Position safety gate exceeded; requesting LAND horizontal=376.25 m vertical=0.80 m[0m
[31m[ERROR] [1786181028.130563075] [my_drone_dds_wasd_control]: Position safety gate exceeded; requesting LAND horizontal=376.62 m vertical=0.80 m[0m
[31m[ERROR] [1786181028.203677479] [my_drone_dds_wasd_control]: Position safety gate exceeded; requesting LAND horizontal=376.88 m vertical=0.80 m[0m
[31m[ERROR] [1786181028.240557108] [my_drone_dds_wasd_control]: Position safety gate exceeded; requesting LAND horizontal=377.30 m vertical=0.80 m[0m
[31m[ERROR] [1786181028.295437286] [my_drone_dds_wasd_control]: Position safety gate exceeded; requesting LAND horizontal=377.56 m vertical=0.80 m[0m
[31m[ERROR] [1786181028.346892517] [my_drone_dds_wasd_control]: Position safety gate exceeded; requesting LAND horizontal=377.92 m vertical=0.80 m[0m
[31m[ERROR] [1786181028.379834642] [my_drone_dds_wasd_control]: Position safety gate exceeded; requesting LAND horizontal=378.18 m vertical=0.80 m[0m
[31m[ERROR] [1786181028.435768408] [my_drone_dds_wasd_control]: Position safety gate exceeded; requesting LAND horizontal=378.60 m vertical=0.80 m[0m
[31m[ERROR] [1786181028.486229597] [my_drone_dds_wasd_control]: Position safety gate exceeded; requesting LAND horizontal=378.87 m vertical=0.80 m[0m
[31m[ERROR] [1786181028.535652095] [my_drone_dds_wasd_control]: Position safety gate exceeded; requesting LAND horizontal=379.23 m vertical=0.80 m[0m
[31m[ERROR] [1786181028.594832319] [my_drone_dds_wasd_control]: Position safety gate exceeded; requesting LAND horizontal=379.49 m vertical=0.80 m[0m
[31m[ERROR] [1786181028.643649256] [my_drone_dds_wasd_control]: Position safety gate exceeded; requesting LAND horizontal=379.91 m vertical=0.80 m[0m
[31m[ERROR] [1786181028.687124798] [my_drone_dds_wasd_control]: Position safety gate exceeded; requesting LAND horizontal=380.17 m vertical=0.80 m[0m
[31m[ERROR] [1786181028.741714349] [my_drone_dds_wasd_control]: Position safety gate exceeded; requesting LAND horizontal=380.54 m vertical=0.80 m[0m
[31m[ERROR] [1786181028.787690457] [my_drone_dds_wasd_control]: Position safety gate exceeded; requesting LAND horizontal=380.80 m vertical=0.81 m[0m
[0m[INFO] [1786181028.845358556] [my_drone_dds_wasd_control]: STATE arm=2 nav=5 NED=(1.715,378.241,0.743) vel=(-0.009,6.545,0.006) yaw_deg=-166.5 failsafe=True age_s=(0.42,0.00) arm_torque_nm=0.000 motors=[818.83,1000.00,816.71,1000.00,1000.00,1000.00,1000.00,1000.00][0m
[31m[ERROR] [1786181028.891405845] [my_drone_dds_wasd_control]: Position safety gate exceeded; requesting LAND horizontal=381.22 m vertical=0.81 m[0m
[31m[ERROR] [1786181028.930524449] [my_drone_dds_wasd_control]: Position safety gate exceeded; requesting LAND horizontal=381.22 m vertical=0.81 m[0m
[31m[ERROR] [1786181028.972640303] [my_drone_dds_wasd_control]: Position safety gate exceeded; requesting LAND horizontal=382.00 m vertical=0.81 m[0m
[31m[ERROR] [1786181028.996654759] [my_drone_dds_wasd_control]: Position safety gate exceeded; requesting LAND horizontal=382.00 m vertical=0.81 m[0m
[31m[ERROR] [1786181029.033417488] [my_drone_dds_wasd_control]: Position safety gate exceeded; requesting LAND horizontal=382.52 m vertical=0.81 m[0m
[31m[ERROR] [1786181029.083437407] [my_drone_dds_wasd_control]: Position safety gate exceeded; requesting LAND horizontal=382.79 m vertical=0.81 m[0m
[31m[ERROR] [1786181029.136259526] [my_drone_dds_wasd_control]: Position safety gate exceeded; requesting LAND horizontal=383.15 m vertical=0.81 m[0m
[31m[ERROR] [1786181029.183395080] [my_drone_dds_wasd_control]: Position safety gate exceeded; requesting LAND horizontal=383.41 m vertical=0.81 m[0m
[31m[ERROR] [1786181029.240114452] [my_drone_dds_wasd_control]: Position safety gate exceeded; requesting LAND horizontal=383.83 m vertical=0.81 m[0m
[31m[ERROR] [1786181029.286369640] [my_drone_dds_wasd_control]: Position safety gate exceeded; requesting LAND horizontal=384.09 m vertical=0.81 m[0m
[31m[ERROR] [1786181029.336584810] [my_drone_dds_wasd_control]: Position safety gate exceeded; requesting LAND horizontal=384.46 m vertical=0.81 m[0m
[31m[ERROR] [1786181029.383743355] [my_drone_dds_wasd_control]: Position safety gate exceeded; requesting LAND horizontal=384.72 m vertical=0.81 m[0m
[31m[ERROR] [1786181029.452856789] [my_drone_dds_wasd_control]: Position safety gate exceeded; requesting LAND horizontal=385.14 m vertical=0.81 m[0m
[31m[ERROR] [1786181029.496596275] [my_drone_dds_wasd_control]: Position safety gate exceeded; requesting LAND horizontal=385.40 m vertical=0.81 m[0m
[31m[ERROR] [1786181029.536350953] [my_drone_dds_wasd_control]: Position safety gate exceeded; requesting LAND horizontal=385.76 m vertical=0.81 m[0m
[31m[ERROR] [1786181029.583660644] [my_drone_dds_wasd_control]: Position safety gate exceeded; requesting LAND horizontal=386.03 m vertical=0.81 m[0m
[31m[ERROR] [1786181029.633828012] [my_drone_dds_wasd_control]: Position safety gate exceeded; requesting LAND horizontal=386.44 m vertical=0.81 m[0m
[31m[ERROR] [1786181029.687913148] [my_drone_dds_wasd_control]: Position safety gate exceeded; requesting LAND horizontal=386.70 m vertical=0.81 m[0m
[31m[ERROR] [1786181029.734936314] [my_drone_dds_wasd_control]: Position safety gate exceeded; requesting LAND horizontal=387.07 m vertical=0.81 m[0m
[31m[ERROR] [1786181029.780996341] [my_drone_dds_wasd_control]: Position safety gate exceeded; requesting LAND horizontal=387.33 m vertical=0.81 m[0m
[31m[ERROR] [1786181029.834844190] [my_drone_dds_wasd_control]: Position safety gate exceeded; requesting LAND horizontal=387.75 m vertical=0.81 m[0m
[0m[INFO] [1786181029.888823881] [my_drone_dds_wasd_control]: STATE arm=2 nav=5 NED=(1.712,385.034,0.745) vel=(-0.010,6.563,0.007) yaw_deg=-166.6 failsafe=True age_s=(0.46,0.01) arm_torque_nm=0.000 motors=[818.97,1000.00,816.85,1000.00,1000.00,1000.00,1000.00,1000.00][0m
[31m[ERROR] [1786181029.961750748] [my_drone_dds_wasd_control]: Position safety gate exceeded; requesting LAND horizontal=388.01 m vertical=0.81 m[0m
[31m[ERROR] [1786181030.007191134] [my_drone_dds_wasd_control]: Position safety gate exceeded; requesting LAND horizontal=388.01 m vertical=0.81 m[0m
[31m[ERROR] [1786181030.048336562] [my_drone_dds_wasd_control]: Position safety gate exceeded; requesting LAND horizontal=389.04 m vertical=0.81 m[0m
[31m[ERROR] [1786181030.091236591] [my_drone_dds_wasd_control]: Position safety gate exceeded; requesting LAND horizontal=389.30 m vertical=0.81 m[0m
[31m[ERROR] [1786181030.134394494] [my_drone_dds_wasd_control]: Position safety gate exceeded; requesting LAND horizontal=389.66 m vertical=0.81 m[0m
[31m[ERROR] [1786181030.186118323] [my_drone_dds_wasd_control]: Position safety gate exceeded; requesting LAND horizontal=389.92 m vertical=0.81 m[0m
[31m[ERROR] [1786181030.232277290] [my_drone_dds_wasd_control]: Position safety gate exceeded; requesting LAND horizontal=390.33 m vertical=0.81 m[0m
[31m[ERROR] [1786181030.294189393] [my_drone_dds_wasd_control]: Position safety gate exceeded; requesting LAND horizontal=390.59 m vertical=0.81 m[0m
[31m[ERROR] [1786181030.334941194] [my_drone_dds_wasd_control]: Position safety gate exceeded; requesting LAND horizontal=390.96 m vertical=0.81 m[0m
[31m[ERROR] [1786181030.380809015] [my_drone_dds_wasd_control]: Position safety gate exceeded; requesting LAND horizontal=391.22 m vertical=0.81 m[0m
[31m[ERROR] [1786181030.440528736] [my_drone_dds_wasd_control]: Position safety gate exceeded; requesting LAND horizontal=391.64 m vertical=0.82 m[0m
[31m[ERROR] [1786181030.485546188] [my_drone_dds_wasd_control]: Position safety gate exceeded; requesting LAND horizontal=391.90 m vertical=0.82 m[0m
[31m[ERROR] [1786181030.540612638] [my_drone_dds_wasd_control]: Position safety gate exceeded; requesting LAND horizontal=392.27 m vertical=0.82 m[0m
[31m[ERROR] [1786181030.616579311] [my_drone_dds_wasd_control]: Position safety gate exceeded; requesting LAND horizontal=392.53 m vertical=0.82 m[0m
[31m[ERROR] [1786181030.660139077] [my_drone_dds_wasd_control]: Position safety gate exceeded; requesting LAND horizontal=392.53 m vertical=0.82 m[0m
[31m[ERROR] [1786181030.692106857] [my_drone_dds_wasd_control]: Position safety gate exceeded; requesting LAND horizontal=393.20 m vertical=0.81 m[0m
[31m[ERROR] [1786181030.729647910] [my_drone_dds_wasd_control]: Position safety gate exceeded; requesting LAND horizontal=393.56 m vertical=0.81 m[0m
[31m[ERROR] [1786181030.782399997] [my_drone_dds_wasd_control]: Position safety gate exceeded; requesting LAND horizontal=393.82 m vertical=0.82 m[0m
[31m[ERROR] [1786181030.831645580] [my_drone_dds_wasd_control]: Position safety gate exceeded; requesting LAND horizontal=394.24 m vertical=0.82 m[0m
[31m[ERROR] [1786181030.889248994] [my_drone_dds_wasd_control]: Position safety gate exceeded; requesting LAND horizontal=394.50 m vertical=0.82 m[0m
[0m[INFO] [1786181030.934334944] [my_drone_dds_wasd_control]: STATE arm=2 nav=5 NED=(1.690,391.893,0.752) vel=(-0.016,6.566,0.009) yaw_deg=-166.6 failsafe=True age_s=(0.00,0.00) arm_torque_nm=0.000 motors=[818.95,1000.00,816.83,1000.00,1000.00,1000.00,1000.00,1000.00][0m
[31m[ERROR] [1786181030.958606520] [my_drone_dds_wasd_control]: Position safety gate exceeded; requesting LAND horizontal=394.87 m vertical=0.82 m[0m
[31m[ERROR] [1786181030.980195023] [my_drone_dds_wasd_control]: Position safety gate exceeded; requesting LAND horizontal=394.87 m vertical=0.82 m[0m
[31m[ERROR] [1786181031.027017306] [my_drone_dds_wasd_control]: Position safety gate exceeded; requesting LAND horizontal=395.55 m vertical=0.82 m[0m
[31m[ERROR] [1786181031.078407390] [my_drone_dds_wasd_control]: Position safety gate exceeded; requesting LAND horizontal=395.81 m vertical=0.82 m[0m
[31m[ERROR] [1786181031.129549602] [my_drone_dds_wasd_control]: Position safety gate exceeded; requesting LAND horizontal=396.18 m vertical=0.82 m[0m
[31m[ERROR] [1786181031.197148263] [my_drone_dds_wasd_control]: Position safety gate exceeded; requesting LAND horizontal=396.43 m vertical=0.82 m[0m
[31m[ERROR] [1786181031.242700950] [my_drone_dds_wasd_control]: Position safety gate exceeded; requesting LAND horizontal=396.85 m vertical=0.82 m[0m
[31m[ERROR] [1786181031.303223235] [my_drone_dds_wasd_control]: Position safety gate exceeded; requesting LAND horizontal=397.11 m vertical=0.82 m[0m
[31m[ERROR] [1786181031.327962112] [my_drone_dds_wasd_control]: Position safety gate exceeded; requesting LAND horizontal=397.48 m vertical=0.82 m[0m
[31m[ERROR] [1786181031.378059435] [my_drone_dds_wasd_control]: Position safety gate exceeded; requesting LAND horizontal=397.74 m vertical=0.82 m[0m
[31m[ERROR] [1786181031.429289146] [my_drone_dds_wasd_control]: Position safety gate exceeded; requesting LAND horizontal=398.16 m vertical=0.82 m[0m
[31m[ERROR] [1786181031.485451474] [my_drone_dds_wasd_control]: Position safety gate exceeded; requesting LAND horizontal=398.42 m vertical=0.82 m[0m
[31m[ERROR] [1786181031.539129464] [my_drone_dds_wasd_control]: Position safety gate exceeded; requesting LAND horizontal=398.79 m vertical=0.82 m[0m
[31m[ERROR] [1786181031.582736939] [my_drone_dds_wasd_control]: Position safety gate exceeded; requesting LAND horizontal=399.05 m vertical=0.82 m[0m
[31m[ERROR] [1786181031.634923468] [my_drone_dds_wasd_control]: Position safety gate exceeded; requesting LAND horizontal=399.47 m vertical=0.82 m[0m
[31m[ERROR] [1786181031.678394155] [my_drone_dds_wasd_control]: Position safety gate exceeded; requesting LAND horizontal=399.73 m vertical=0.82 m[0m
[31m[ERROR] [1786181031.731066728] [my_drone_dds_wasd_control]: Position safety gate exceeded; requesting LAND horizontal=400.10 m vertical=0.82 m[0m
[31m[ERROR] [1786181031.783488496] [my_drone_dds_wasd_control]: Position safety gate exceeded; requesting LAND horizontal=400.36 m vertical=0.82 m[0m
[31m[ERROR] [1786181031.831360217] [my_drone_dds_wasd_control]: Position safety gate exceeded; requesting LAND horizontal=400.78 m vertical=0.82 m[0m
[31m[ERROR] [1786181031.884236560] [my_drone_dds_wasd_control]: Position safety gate exceeded; requesting LAND horizontal=401.04 m vertical=0.82 m[0m
[31m[ERROR] [1786181031.933370754] [my_drone_dds_wasd_control]: Position safety gate exceeded; requesting LAND horizontal=401.41 m vertical=0.82 m[0m
[0m[INFO] [1786181031.980354877] [my_drone_dds_wasd_control]: STATE arm=2 nav=5 NED=(1.677,398.693,0.759) vel=(-0.017,6.546,0.008) yaw_deg=-166.6 failsafe=True age_s=(0.02,0.01) arm_torque_nm=0.000 motors=[819.10,1000.00,816.98,1000.00,1000.00,1000.00,1000.00,1000.00][0m
[31m[ERROR] [1786181032.006829619] [my_drone_dds_wasd_control]: Position safety gate exceeded; requesting LAND horizontal=401.67 m vertical=0.82 m[0m
[31m[ERROR] [1786181032.032804004] [my_drone_dds_wasd_control]: Position safety gate exceeded; requesting LAND horizontal=402.09 m vertical=0.82 m[0m
[31m[ERROR] [1786181032.089628467] [my_drone_dds_wasd_control]: Position safety gate exceeded; requesting LAND horizontal=402.35 m vertical=0.82 m[0m
[31m[ERROR] [1786181032.130294884] [my_drone_dds_wasd_control]: Position safety gate exceeded; requesting LAND horizontal=402.72 m vertical=0.82 m[0m
[31m[ERROR] [1786181032.182686383] [my_drone_dds_wasd_control]: Position safety gate exceeded; requesting LAND horizontal=402.98 m vertical=0.82 m[0m
[31m[ERROR] [1786181032.234616801] [my_drone_dds_wasd_control]: Position safety gate exceeded; requesting LAND horizontal=403.39 m vertical=0.82 m[0m
[31m[ERROR] [1786181032.284237342] [my_drone_dds_wasd_control]: Position safety gate exceeded; requesting LAND horizontal=403.66 m vertical=0.82 m[0m
[31m[ERROR] [1786181032.336280406] [my_drone_dds_wasd_control]: Position safety gate exceeded; requesting LAND horizontal=404.02 m vertical=0.82 m[0m
[31m[ERROR] [1786181032.381419570] [my_drone_dds_wasd_control]: Position safety gate exceeded; requesting LAND horizontal=404.29 m vertical=0.82 m[0m
[31m[ERROR] [1786181032.429072027] [my_drone_dds_wasd_control]: Position safety gate exceeded; requesting LAND horizontal=404.71 m vertical=0.82 m[0m
[31m[ERROR] [1786181032.479198188] [my_drone_dds_wasd_control]: Position safety gate exceeded; requesting LAND horizontal=404.97 m vertical=0.82 m[0m
[31m[ERROR] [1786181032.534634932] [my_drone_dds_wasd_control]: Position safety gate exceeded; requesting LAND horizontal=405.34 m vertical=0.82 m[0m
[31m[ERROR] [1786181032.583633406] [my_drone_dds_wasd_control]: Position safety gate exceeded; requesting LAND horizontal=405.60 m vertical=0.82 m[0m
[31m[ERROR] [1786181032.633638985] [my_drone_dds_wasd_control]: Position safety gate exceeded; requesting LAND horizontal=406.02 m vertical=0.82 m[0m
[31m[ERROR] [1786181032.688292621] [my_drone_dds_wasd_control]: Position safety gate exceeded; requesting LAND horizontal=406.28 m vertical=0.82 m[0m
[31m[ERROR] [1786181032.735674002] [my_drone_dds_wasd_control]: Position safety gate exceeded; requesting LAND horizontal=406.65 m vertical=0.82 m[0m
[31m[ERROR] [1786181032.785711827] [my_drone_dds_wasd_control]: Position safety gate exceeded; requesting LAND horizontal=406.91 m vertical=0.82 m[0m
[31m[ERROR] [1786181032.833190926] [my_drone_dds_wasd_control]: Position safety gate exceeded; requesting LAND horizontal=407.33 m vertical=0.82 m[0m
[31m[ERROR] [1786181032.884710850] [my_drone_dds_wasd_control]: Position safety gate exceeded; requesting LAND horizontal=407.59 m vertical=0.82 m[0m
[31m[ERROR] [1786181032.936195181] [my_drone_dds_wasd_control]: Position safety gate exceeded; requesting LAND horizontal=407.96 m vertical=0.82 m[0m
[0m[INFO] [1786181032.982252473] [my_drone_dds_wasd_control]: STATE arm=2 nav=5 NED=(1.693,405.241,0.756) vel=(-0.005,6.531,0.007) yaw_deg=-166.7 failsafe=True age_s=(0.02,0.01) arm_torque_nm=0.000 motors=[818.58,1000.00,816.46,1000.00,1000.00,1000.00,1000.00,1000.00][0m
[31m[ERROR] [1786181033.002126284] [my_drone_dds_wasd_control]: Position safety gate exceeded; requesting LAND horizontal=408.22 m vertical=0.82 m[0m
[31m[ERROR] [1786181033.029664677] [my_drone_dds_wasd_control]: Position safety gate exceeded; requesting LAND horizontal=408.63 m vertical=0.82 m[0m
[31m[ERROR] [1786181033.083922312] [my_drone_dds_wasd_control]: Position safety gate exceeded; requesting LAND horizontal=408.90 m vertical=0.82 m[0m
[31m[ERROR] [1786181033.137047770] [my_drone_dds_wasd_control]: Position safety gate exceeded; requesting LAND horizontal=409.26 m vertical=0.82 m[0m
[31m[ERROR] [1786181033.189625832] [my_drone_dds_wasd_control]: Position safety gate exceeded; requesting LAND horizontal=409.52 m vertical=0.82 m[0m
[31m[ERROR] [1786181033.233402467] [my_drone_dds_wasd_control]: Position safety gate exceeded; requesting LAND horizontal=409.93 m vertical=0.82 m[0m
[31m[ERROR] [1786181033.291251625] [my_drone_dds_wasd_control]: Position safety gate exceeded; requesting LAND horizontal=410.19 m vertical=0.82 m[0m
[31m[ERROR] [1786181033.341476299] [my_drone_dds_wasd_control]: Position safety gate exceeded; requesting LAND horizontal=410.56 m vertical=0.82 m[0m
[31m[ERROR] [1786181033.394428973] [my_drone_dds_wasd_control]: Position safety gate exceeded; requesting LAND horizontal=410.82 m vertical=0.82 m[0m
[31m[ERROR] [1786181033.447364669] [my_drone_dds_wasd_control]: Position safety gate exceeded; requesting LAND horizontal=411.24 m vertical=0.82 m[0m
[31m[ERROR] [1786181033.485867941] [my_drone_dds_wasd_control]: Position safety gate exceeded; requesting LAND horizontal=411.50 m vertical=0.82 m[0m
[31m[ERROR] [1786181033.538042920] [my_drone_dds_wasd_control]: Position safety gate exceeded; requesting LAND horizontal=411.87 m vertical=0.82 m[0m
[31m[ERROR] [1786181033.604173971] [my_drone_dds_wasd_control]: Position safety gate exceeded; requesting LAND horizontal=412.13 m vertical=0.81 m[0m
[31m[ERROR] [1786181033.642255315] [my_drone_dds_wasd_control]: Position safety gate exceeded; requesting LAND horizontal=412.55 m vertical=0.81 m[0m
[31m[ERROR] [1786181033.701622700] [my_drone_dds_wasd_control]: Position safety gate exceeded; requesting LAND horizontal=412.81 m vertical=0.81 m[0m
[31m[ERROR] [1786181033.741806742] [my_drone_dds_wasd_control]: Position safety gate exceeded; requesting LAND horizontal=413.17 m vertical=0.81 m[0m
[31m[ERROR] [1786181033.790345762] [my_drone_dds_wasd_control]: Position safety gate exceeded; requesting LAND horizontal=413.43 m vertical=0.81 m[0m
[31m[ERROR] [1786181033.836402399] [my_drone_dds_wasd_control]: Position safety gate exceeded; requesting LAND horizontal=413.85 m vertical=0.81 m[0m
[31m[ERROR] [1786181033.891712536] [my_drone_dds_wasd_control]: Position safety gate exceeded; requesting LAND horizontal=414.11 m vertical=0.81 m[0m
[31m[ERROR] [1786181033.937384711] [my_drone_dds_wasd_control]: Position safety gate exceeded; requesting LAND horizontal=414.48 m vertical=0.81 m[0m
[31m[ERROR] [1786181033.979816717] [my_drone_dds_wasd_control]: Position safety gate exceeded; requesting LAND horizontal=414.74 m vertical=0.81 m[0m
[0m[INFO] [1786181034.041671621] [my_drone_dds_wasd_control]: STATE arm=2 nav=5 NED=(1.709,412.179,0.747) vel=(0.002,6.572,0.004) yaw_deg=-166.7 failsafe=True age_s=(0.07,0.00) arm_torque_nm=0.000 motors=[818.81,1000.00,816.69,1000.00,1000.00,1000.00,1000.00,1000.00][0m
[31m[ERROR] [1786181034.069534025] [my_drone_dds_wasd_control]: Position safety gate exceeded; requesting LAND horizontal=415.15 m vertical=0.81 m[0m
[31m[ERROR] [1786181034.100532069] [my_drone_dds_wasd_control]: Position safety gate exceeded; requesting LAND horizontal=415.15 m vertical=0.81 m[0m
[31m[ERROR] [1786181034.134830429] [my_drone_dds_wasd_control]: Position safety gate exceeded; requesting LAND horizontal=415.78 m vertical=0.81 m[0m
[31m[ERROR] [1786181034.192043066] [my_drone_dds_wasd_control]: Position safety gate exceeded; requesting LAND horizontal=416.03 m vertical=0.81 m[0m
[31m[ERROR] [1786181034.239747516] [my_drone_dds_wasd_control]: Position safety gate exceeded; requesting LAND horizontal=416.45 m vertical=0.81 m[0m
[31m[ERROR] [1786181034.287968943] [my_drone_dds_wasd_control]: Position safety gate exceeded; requesting LAND horizontal=416.70 m vertical=0.81 m[0m
[31m[ERROR] [1786181034.338743962] [my_drone_dds_wasd_control]: Position safety gate exceeded; requesting LAND horizontal=417.07 m vertical=0.81 m[0m
[31m[ERROR] [1786181034.383446157] [my_drone_dds_wasd_control]: Position safety gate exceeded; requesting LAND horizontal=417.33 m vertical=0.81 m[0m
[31m[ERROR] [1786181034.436407351] [my_drone_dds_wasd_control]: Position safety gate exceeded; requesting LAND horizontal=417.75 m vertical=0.81 m[0m
[31m[ERROR] [1786181034.484943573] [my_drone_dds_wasd_control]: Position safety gate exceeded; requesting LAND horizontal=418.01 m vertical=0.81 m[0m
[31m[ERROR] [1786181034.533315909] [my_drone_dds_wasd_control]: Position safety gate exceeded; requesting LAND horizontal=418.37 m vertical=0.81 m[0m
[31m[ERROR] [1786181034.581773145] [my_drone_dds_wasd_control]: Position safety gate exceeded; requesting LAND horizontal=418.63 m vertical=0.81 m[0m
[31m[ERROR] [1786181034.642658698] [my_drone_dds_wasd_control]: Position safety gate exceeded; requesting LAND horizontal=419.05 m vertical=0.81 m[0m
[31m[ERROR] [1786181034.688725410] [my_drone_dds_wasd_control]: Position safety gate exceeded; requesting LAND horizontal=419.31 m vertical=0.81 m[0m
[31m[ERROR] [1786181034.736819563] [my_drone_dds_wasd_control]: Position safety gate exceeded; requesting LAND horizontal=419.68 m vertical=0.81 m[0m
[31m[ERROR] [1786181034.783143745] [my_drone_dds_wasd_control]: Position safety gate exceeded; requesting LAND horizontal=419.94 m vertical=0.81 m[0m
[31m[ERROR] [1786181034.833911456] [my_drone_dds_wasd_control]: Position safety gate exceeded; requesting LAND horizontal=420.36 m vertical=0.81 m[0m
[31m[ERROR] [1786181034.881595122] [my_drone_dds_wasd_control]: Position safety gate exceeded; requesting LAND horizontal=420.62 m vertical=0.81 m[0m
[31m[ERROR] [1786181034.933919094] [my_drone_dds_wasd_control]: Position safety gate exceeded; requesting LAND horizontal=420.98 m vertical=0.81 m[0m
[31m[ERROR] [1786181034.982490194] [my_drone_dds_wasd_control]: Position safety gate exceeded; requesting LAND horizontal=421.24 m vertical=0.81 m[0m
[0m[INFO] [1786181035.029185753] [my_drone_dds_wasd_control]: STATE arm=2 nav=5 NED=(1.714,418.685,0.747) vel=(0.004,6.560,0.003) yaw_deg=-166.7 failsafe=True age_s=(0.07,0.00) arm_torque_nm=0.000 motors=[819.13,1000.00,817.01,1000.00,1000.00,1000.00,1000.00,1000.00][0m
[31m[ERROR] [1786181035.053773012] [my_drone_dds_wasd_control]: Position safety gate exceeded; requesting LAND horizontal=421.66 m vertical=0.81 m[0m
[31m[ERROR] [1786181035.079554727] [my_drone_dds_wasd_control]: Position safety gate exceeded; requesting LAND horizontal=421.92 m vertical=0.81 m[0m
[31m[ERROR] [1786181035.130536455] [my_drone_dds_wasd_control]: Position safety gate exceeded; requesting LAND horizontal=422.29 m vertical=0.81 m[0m
[31m[ERROR] [1786181035.183374859] [my_drone_dds_wasd_control]: Position safety gate exceeded; requesting LAND horizontal=422.54 m vertical=0.81 m[0m
[31m[ERROR] [1786181035.233323681] [my_drone_dds_wasd_control]: Position safety gate exceeded; requesting LAND horizontal=422.96 m vertical=0.81 m[0m
[31m[ERROR] [1786181035.279881949] [my_drone_dds_wasd_control]: Position safety gate exceeded; requesting LAND horizontal=423.22 m vertical=0.81 m[0m
[31m[ERROR] [1786181035.333726742] [my_drone_dds_wasd_control]: Position safety gate exceeded; requesting LAND horizontal=423.59 m vertical=0.81 m[0m
[31m[ERROR] [1786181035.382561411] [my_drone_dds_wasd_control]: Position safety gate exceeded; requesting LAND horizontal=423.85 m vertical=0.81 m[0m
[31m[ERROR] [1786181035.432993748] [my_drone_dds_wasd_control]: Position safety gate exceeded; requesting LAND horizontal=424.27 m vertical=0.81 m[0m
[31m[ERROR] [1786181035.483447274] [my_drone_dds_wasd_control]: Position safety gate exceeded; requesting LAND horizontal=424.53 m vertical=0.81 m[0m
[31m[ERROR] [1786181035.548208468] [my_drone_dds_wasd_control]: Position safety gate exceeded; requesting LAND horizontal=424.90 m vertical=0.81 m[0m
[31m[ERROR] [1786181035.584035471] [my_drone_dds_wasd_control]: Position safety gate exceeded; requesting LAND horizontal=425.16 m vertical=0.82 m[0m
[31m[ERROR] [1786181035.628816247] [my_drone_dds_wasd_control]: Position safety gate exceeded; requesting LAND horizontal=425.58 m vertical=0.82 m[0m
[31m[ERROR] [1786181035.678631886] [my_drone_dds_wasd_control]: Position safety gate exceeded; requesting LAND horizontal=425.84 m vertical=0.82 m[0m
[31m[ERROR] [1786181035.732617793] [my_drone_dds_wasd_control]: Position safety gate exceeded; requesting LAND horizontal=426.21 m vertical=0.82 m[0m
[31m[ERROR] [1786181035.786252097] [my_drone_dds_wasd_control]: Position safety gate exceeded; requesting LAND horizontal=426.47 m vertical=0.82 m[0m
[31m[ERROR] [1786181035.830009848] [my_drone_dds_wasd_control]: Position safety gate exceeded; requesting LAND horizontal=426.89 m vertical=0.82 m[0m
[31m[ERROR] [1786181035.884616857] [my_drone_dds_wasd_control]: Position safety gate exceeded; requesting LAND horizontal=427.15 m vertical=0.82 m[0m
[31m[ERROR] [1786181035.932802091] [my_drone_dds_wasd_control]: Position safety gate exceeded; requesting LAND horizontal=427.52 m vertical=0.82 m[0m
[31m[ERROR] [1786181035.976909200] [my_drone_dds_wasd_control]: Position safety gate exceeded; requesting LAND horizontal=427.78 m vertical=0.82 m[0m
[31m[ERROR] [1786181036.028499396] [my_drone_dds_wasd_control]: Position safety gate exceeded; requesting LAND horizontal=428.20 m vertical=0.83 m[0m
[0m[INFO] [1786181036.079659761] [my_drone_dds_wasd_control]: STATE arm=2 nav=5 NED=(1.709,425.487,0.764) vel=(0.001,6.544,0.008) yaw_deg=-166.7 failsafe=True age_s=(0.11,0.01) arm_torque_nm=0.000 motors=[818.97,1000.00,816.85,1000.00,1000.00,1000.00,1000.00,1000.00][0m
[31m[ERROR] [1786181036.098070454] [my_drone_dds_wasd_control]: Position safety gate exceeded; requesting LAND horizontal=428.46 m vertical=0.83 m[0m
[31m[ERROR] [1786181036.129793316] [my_drone_dds_wasd_control]: Position safety gate exceeded; requesting LAND horizontal=428.83 m vertical=0.83 m[0m
[31m[ERROR] [1786181036.179895578] [my_drone_dds_wasd_control]: Position safety gate exceeded; requesting LAND horizontal=429.09 m vertical=0.83 m[0m
[31m[ERROR] [1786181036.230434155] [my_drone_dds_wasd_control]: Position safety gate exceeded; requesting LAND horizontal=429.51 m vertical=0.83 m[0m
[31m[ERROR] [1786181036.280678583] [my_drone_dds_wasd_control]: Position safety gate exceeded; requesting LAND horizontal=429.77 m vertical=0.83 m[0m
[31m[ERROR] [1786181036.332506756] [my_drone_dds_wasd_control]: Position safety gate exceeded; requesting LAND horizontal=430.13 m vertical=0.83 m[0m
[31m[ERROR] [1786181036.385709990] [my_drone_dds_wasd_control]: Position safety gate exceeded; requesting LAND horizontal=430.39 m vertical=0.84 m[0m
[31m[ERROR] [1786181036.435199487] [my_drone_dds_wasd_control]: Position safety gate exceeded; requesting LAND horizontal=430.81 m vertical=0.84 m[0m
[31m[ERROR] [1786181036.483275763] [my_drone_dds_wasd_control]: Position safety gate exceeded; requesting LAND horizontal=431.07 m vertical=0.84 m[0m
[31m[ERROR] [1786181036.535332204] [my_drone_dds_wasd_control]: Position safety gate exceeded; requesting LAND horizontal=431.44 m vertical=0.84 m[0m
[31m[ERROR] [1786181036.592671449] [my_drone_dds_wasd_control]: Position safety gate exceeded; requesting LAND horizontal=431.70 m vertical=0.84 m[0m
[31m[ERROR] [1786181036.633170070] [my_drone_dds_wasd_control]: Position safety gate exceeded; requesting LAND horizontal=432.12 m vertical=0.84 m[0m
[31m[ERROR] [1786181036.682612281] [my_drone_dds_wasd_control]: Position safety gate exceeded; requesting LAND horizontal=432.38 m vertical=0.85 m[0m
[31m[ERROR] [1786181036.732249984] [my_drone_dds_wasd_control]: Position safety gate exceeded; requesting LAND horizontal=432.75 m vertical=0.85 m[0m
[31m[ERROR] [1786181036.779658356] [my_drone_dds_wasd_control]: Position safety gate exceeded; requesting LAND horizontal=433.01 m vertical=0.85 m[0m
[31m[ERROR] [1786181036.833409035] [my_drone_dds_wasd_control]: Position safety gate exceeded; requesting LAND horizontal=433.43 m vertical=0.85 m[0m
[31m[ERROR] [1786181036.884149882] [my_drone_dds_wasd_control]: Position safety gate exceeded; requesting LAND horizontal=433.69 m vertical=0.85 m[0m
[31m[ERROR] [1786181036.937471455] [my_drone_dds_wasd_control]: Position safety gate exceeded; requesting LAND horizontal=434.05 m vertical=0.85 m[0m
[31m[ERROR] [1786181036.983823855] [my_drone_dds_wasd_control]: Position safety gate exceeded; requesting LAND horizontal=434.31 m vertical=0.85 m[0m
[31m[ERROR] [1786181037.032846109] [my_drone_dds_wasd_control]: Position safety gate exceeded; requesting LAND horizontal=434.73 m vertical=0.85 m[0m
[31m[ERROR] [1786181037.082123143] [my_drone_dds_wasd_control]: Position safety gate exceeded; requesting LAND horizontal=434.99 m vertical=0.85 m[0m
[0m[INFO] [1786181037.130998647] [my_drone_dds_wasd_control]: STATE arm=2 nav=5 NED=(1.704,432.381,0.792) vel=(-0.006,6.465,0.015) yaw_deg=-166.8 failsafe=True age_s=(0.15,0.00) arm_torque_nm=0.000 motors=[819.13,1000.00,817.02,1000.00,1000.00,1000.00,1000.00,1000.00][0m
[31m[ERROR] [1786181037.155200699] [my_drone_dds_wasd_control]: Position safety gate exceeded; requesting LAND horizontal=435.36 m vertical=0.86 m[0m
[31m[ERROR] [1786181037.187217332] [my_drone_dds_wasd_control]: Position safety gate exceeded; requesting LAND horizontal=435.61 m vertical=0.86 m[0m
[31m[ERROR] [1786181037.239800382] [my_drone_dds_wasd_control]: Position safety gate exceeded; requesting LAND horizontal=436.03 m vertical=0.86 m[0m
[31m[ERROR] [1786181037.283511856] [my_drone_dds_wasd_control]: Position safety gate exceeded; requesting LAND horizontal=436.29 m vertical=0.86 m[0m
[31m[ERROR] [1786181037.331732025] [my_drone_dds_wasd_control]: Position safety gate exceeded; requesting LAND horizontal=436.65 m vertical=0.86 m[0m
[31m[ERROR] [1786181037.384400062] [my_drone_dds_wasd_control]: Position safety gate exceeded; requesting LAND horizontal=436.92 m vertical=0.86 m[0m
[31m[ERROR] [1786181037.433543040] [my_drone_dds_wasd_control]: Position safety gate exceeded; requesting LAND horizontal=437.34 m vertical=0.86 m[0m
[31m[ERROR] [1786181037.488376891] [my_drone_dds_wasd_control]: Position safety gate exceeded; requesting LAND horizontal=437.60 m vertical=0.86 m[0m
[31m[ERROR] [1786181037.534769019] [my_drone_dds_wasd_control]: Position safety gate exceeded; requesting LAND horizontal=437.96 m vertical=0.86 m[0m
[31m[ERROR] [1786181037.592258317] [my_drone_dds_wasd_control]: Position safety gate exceeded; requesting LAND horizontal=438.22 m vertical=0.86 m[0m
[31m[ERROR] [1786181037.632796614] [my_drone_dds_wasd_control]: Position safety gate exceeded; requesting LAND horizontal=438.64 m vertical=0.86 m[0m
[31m[ERROR] [1786181037.683130728] [my_drone_dds_wasd_control]: Position safety gate exceeded; requesting LAND horizontal=438.90 m vertical=0.86 m[0m
[31m[ERROR] [1786181037.734533842] [my_drone_dds_wasd_control]: Position safety gate exceeded; requesting LAND horizontal=439.27 m vertical=0.86 m[0m
[31m[ERROR] [1786181037.781288592] [my_drone_dds_wasd_control]: Position safety gate exceeded; requesting LAND horizontal=439.53 m vertical=0.86 m[0m
[31m[ERROR] [1786181037.835273395] [my_drone_dds_wasd_control]: Position safety gate exceeded; requesting LAND horizontal=439.95 m vertical=0.86 m[0m
[31m[ERROR] [1786181037.883562551] [my_drone_dds_wasd_control]: Position safety gate exceeded; requesting LAND horizontal=440.21 m vertical=0.86 m[0m
[31m[ERROR] [1786181037.936786707] [my_drone_dds_wasd_control]: Position safety gate exceeded; requesting LAND horizontal=440.57 m vertical=0.86 m[0m
[31m[ERROR] [1786181037.987026472] [my_drone_dds_wasd_control]: Position safety gate exceeded; requesting LAND horizontal=440.83 m vertical=0.86 m[0m
[31m[ERROR] [1786181038.053328250] [my_drone_dds_wasd_control]: Position safety gate exceeded; requesting LAND horizontal=441.25 m vertical=0.86 m[0m
[31m[ERROR] [1786181038.087731901] [my_drone_dds_wasd_control]: Position safety gate exceeded; requesting LAND horizontal=441.51 m vertical=0.86 m[0m
[31m[ERROR] [1786181038.129297008] [my_drone_dds_wasd_control]: Position safety gate exceeded; requesting LAND horizontal=441.87 m vertical=0.86 m[0m
[0m[INFO] [1786181038.188822708] [my_drone_dds_wasd_control]: STATE arm=2 nav=5 NED=(1.708,439.148,0.799) vel=(-0.003,6.556,0.014) yaw_deg=-166.8 failsafe=True age_s=(0.17,0.01) arm_torque_nm=0.000 motors=[819.18,1000.00,817.07,1000.00,1000.00,1000.00,1000.00,1000.00][0m
[31m[ERROR] [1786181038.218719838] [my_drone_dds_wasd_control]: Position safety gate exceeded; requesting LAND horizontal=442.12 m vertical=0.86 m[0m
[31m[ERROR] [1786181038.244609807] [my_drone_dds_wasd_control]: Position safety gate exceeded; requesting LAND horizontal=442.12 m vertical=0.86 m[0m
[31m[ERROR] [1786181038.288368091] [my_drone_dds_wasd_control]: Position safety gate exceeded; requesting LAND horizontal=442.80 m vertical=0.86 m[0m
[31m[ERROR] [1786181038.336342905] [my_drone_dds_wasd_control]: Position safety gate exceeded; requesting LAND horizontal=443.16 m vertical=0.86 m[0m
[31m[ERROR] [1786181038.383140664] [my_drone_dds_wasd_control]: Position safety gate exceeded; requesting LAND horizontal=443.42 m vertical=0.86 m[0m
[31m[ERROR] [1786181038.431703149] [my_drone_dds_wasd_control]: Position safety gate exceeded; requesting LAND horizontal=443.84 m vertical=0.86 m[0m
[31m[ERROR] [1786181038.479838114] [my_drone_dds_wasd_control]: Position safety gate exceeded; requesting LAND horizontal=444.10 m vertical=0.86 m[0m
[31m[ERROR] [1786181038.537045003] [my_drone_dds_wasd_control]: Position safety gate exceeded; requesting LAND horizontal=444.46 m vertical=0.86 m[0m
[31m[ERROR] [1786181038.588411072] [my_drone_dds_wasd_control]: Position safety gate exceeded; requesting LAND horizontal=444.72 m vertical=0.86 m[0m
[31m[ERROR] [1786181038.640543725] [my_drone_dds_wasd_control]: Position safety gate exceeded; requesting LAND horizontal=445.14 m vertical=0.86 m[0m
[31m[ERROR] [1786181038.685997616] [my_drone_dds_wasd_control]: Position safety gate exceeded; requesting LAND horizontal=445.40 m vertical=0.86 m[0m
[31m[ERROR] [1786181038.738260976] [my_drone_dds_wasd_control]: Position safety gate exceeded; requesting LAND horizontal=445.76 m vertical=0.86 m[0m
[31m[ERROR] [1786181038.788556952] [my_drone_dds_wasd_control]: Position safety gate exceeded; requesting LAND horizontal=446.02 m vertical=0.86 m[0m
[31m[ERROR] [1786181038.854530313] [my_drone_dds_wasd_control]: Position safety gate exceeded; requesting LAND horizontal=446.44 m vertical=0.86 m[0m
[31m[ERROR] [1786181038.892016279] [my_drone_dds_wasd_control]: Position safety gate exceeded; requesting LAND horizontal=446.70 m vertical=0.86 m[0m
[31m[ERROR] [1786181038.976644567] [my_drone_dds_wasd_control]: Position safety gate exceeded; requesting LAND horizontal=446.96 m vertical=0.86 m[0m
[31m[ERROR] [1786181039.028231017] [my_drone_dds_wasd_control]: Position safety gate exceeded; requesting LAND horizontal=447.47 m vertical=0.86 m[0m
[31m[ERROR] [1786181039.065701133] [my_drone_dds_wasd_control]: Position safety gate exceeded; requesting LAND horizontal=447.47 m vertical=0.86 m[0m
[31m[ERROR] [1786181039.105918419] [my_drone_dds_wasd_control]: Position safety gate exceeded; requesting LAND horizontal=447.98 m vertical=0.86 m[0m
[31m[ERROR] [1786181039.149551995] [my_drone_dds_wasd_control]: Position safety gate exceeded; requesting LAND horizontal=448.34 m vertical=0.86 m[0m
[0m[INFO] [1786181039.210058782] [my_drone_dds_wasd_control]: STATE arm=2 nav=5 NED=(1.737,445.619,0.797) vel=(0.008,6.258,0.013) yaw_deg=-166.8 failsafe=True age_s=(0.13,0.01) arm_torque_nm=0.000 motors=[819.18,1000.00,817.07,1000.00,1000.00,1000.00,1000.00,1000.00][0m
[31m[ERROR] [1786181039.244556723] [my_drone_dds_wasd_control]: Position safety gate exceeded; requesting LAND horizontal=448.59 m vertical=0.86 m[0m
[31m[ERROR] [1786181039.281569920] [my_drone_dds_wasd_control]: Position safety gate exceeded; requesting LAND horizontal=448.59 m vertical=0.86 m[0m
[31m[ERROR] [1786181039.313085310] [my_drone_dds_wasd_control]: Position safety gate exceeded; requesting LAND horizontal=449.34 m vertical=0.86 m[0m
[31m[ERROR] [1786181039.344620884] [my_drone_dds_wasd_control]: Position safety gate exceeded; requesting LAND horizontal=449.34 m vertical=0.86 m[0m
[31m[ERROR] [1786181039.466760505] [my_drone_dds_wasd_control]: Position safety gate exceeded; requesting LAND horizontal=449.86 m vertical=0.86 m[0m
[31m[ERROR] [1786181039.517456551] [my_drone_dds_wasd_control]: Position safety gate exceeded; requesting LAND horizontal=449.86 m vertical=0.86 m[0m
[31m[ERROR] [1786181039.553686637] [my_drone_dds_wasd_control]: Position safety gate exceeded; requesting LAND horizontal=450.86 m vertical=0.86 m[0m
[31m[ERROR] [1786181039.595708558] [my_drone_dds_wasd_control]: Position safety gate exceeded; requesting LAND horizontal=451.10 m vertical=0.86 m[0m
[31m[ERROR] [1786181039.640400344] [my_drone_dds_wasd_control]: Position safety gate exceeded; requesting LAND horizontal=451.49 m vertical=0.86 m[0m
[31m[ERROR] [1786181039.686789986] [my_drone_dds_wasd_control]: Position safety gate exceeded; requesting LAND horizontal=451.74 m vertical=0.86 m[0m
[31m[ERROR] [1786181039.745149595] [my_drone_dds_wasd_control]: Position safety gate exceeded; requesting LAND horizontal=452.10 m vertical=0.86 m[0m
[31m[ERROR] [1786181039.805939747] [my_drone_dds_wasd_control]: Position safety gate exceeded; requesting LAND horizontal=452.36 m vertical=0.86 m[0m
[31m[ERROR] [1786181039.834173565] [my_drone_dds_wasd_control]: Position safety gate exceeded; requesting LAND horizontal=452.78 m vertical=0.86 m[0m
[31m[ERROR] [1786181039.884329756] [my_drone_dds_wasd_control]: Position safety gate exceeded; requesting LAND horizontal=453.04 m vertical=0.86 m[0m
[31m[ERROR] [1786181039.933167571] [my_drone_dds_wasd_control]: Position safety gate exceeded; requesting LAND horizontal=453.41 m vertical=0.86 m[0m
[31m[ERROR] [1786181039.982127686] [my_drone_dds_wasd_control]: Position safety gate exceeded; requesting LAND horizontal=453.67 m vertical=0.86 m[0m
[31m[ERROR] [1786181040.030769070] [my_drone_dds_wasd_control]: Position safety gate exceeded; requesting LAND horizontal=454.09 m vertical=0.85 m[0m
[31m[ERROR] [1786181040.078840035] [my_drone_dds_wasd_control]: Position safety gate exceeded; requesting LAND horizontal=454.36 m vertical=0.85 m[0m
[31m[ERROR] [1786181040.136452182] [my_drone_dds_wasd_control]: Position safety gate exceeded; requesting LAND horizontal=454.72 m vertical=0.85 m[0m
[31m[ERROR] [1786181040.183432709] [my_drone_dds_wasd_control]: Position safety gate exceeded; requesting LAND horizontal=454.98 m vertical=0.85 m[0m
[0m[INFO] [1786181040.231964387] [my_drone_dds_wasd_control]: STATE arm=2 nav=5 NED=(1.744,452.426,0.788) vel=(0.014,6.537,0.009) yaw_deg=-166.8 failsafe=True age_s=(0.23,0.00) arm_torque_nm=0.000 motors=[818.86,1000.00,816.75,1000.00,1000.00,1000.00,1000.00,1000.00][0m
[31m[ERROR] [1786181040.261835980] [my_drone_dds_wasd_control]: Position safety gate exceeded; requesting LAND horizontal=455.40 m vertical=0.85 m[0m
[31m[ERROR] [1786181040.294851502] [my_drone_dds_wasd_control]: Position safety gate exceeded; requesting LAND horizontal=455.40 m vertical=0.85 m[0m
[31m[ERROR] [1786181040.343699876] [my_drone_dds_wasd_control]: Position safety gate exceeded; requesting LAND horizontal=456.03 m vertical=0.85 m[0m
[31m[ERROR] [1786181040.384466481] [my_drone_dds_wasd_control]: Position safety gate exceeded; requesting LAND horizontal=456.29 m vertical=0.85 m[0m
[31m[ERROR] [1786181040.432433633] [my_drone_dds_wasd_control]: Position safety gate exceeded; requesting LAND horizontal=456.72 m vertical=0.85 m[0m
[31m[ERROR] [1786181040.481565747] [my_drone_dds_wasd_control]: Position safety gate exceeded; requesting LAND horizontal=456.98 m vertical=0.85 m[0m
[31m[ERROR] [1786181040.534795973] [my_drone_dds_wasd_control]: Position safety gate exceeded; requesting LAND horizontal=457.35 m vertical=0.84 m[0m
[31m[ERROR] [1786181040.582907900] [my_drone_dds_wasd_control]: Position safety gate exceeded; requesting LAND horizontal=457.61 m vertical=0.84 m[0m
[31m[ERROR] [1786181040.635666396] [my_drone_dds_wasd_control]: Position safety gate exceeded; requesting LAND horizontal=458.03 m vertical=0.84 m[0m
[31m[ERROR] [1786181040.680142353] [my_drone_dds_wasd_control]: Position safety gate exceeded; requesting LAND horizontal=458.29 m vertical=0.84 m[0m
[31m[ERROR] [1786181040.731977143] [my_drone_dds_wasd_control]: Position safety gate exceeded; requesting LAND horizontal=458.66 m vertical=0.84 m[0m
[31m[ERROR] [1786181040.778174825] [my_drone_dds_wasd_control]: Position safety gate exceeded; requesting LAND horizontal=458.93 m vertical=0.84 m[0m
[31m[ERROR] [1786181040.837966694] [my_drone_dds_wasd_control]: Position safety gate exceeded; requesting LAND horizontal=459.35 m vertical=0.84 m[0m
[31m[ERROR] [1786181040.891761238] [my_drone_dds_wasd_control]: Position safety gate exceeded; requesting LAND horizontal=459.61 m vertical=0.84 m[0m
[31m[ERROR] [1786181040.938616357] [my_drone_dds_wasd_control]: Position safety gate exceeded; requesting LAND horizontal=459.98 m vertical=0.84 m[0m
[31m[ERROR] [1786181040.982742112] [my_drone_dds_wasd_control]: Position safety gate exceeded; requesting LAND horizontal=460.24 m vertical=0.84 m[0m
[31m[ERROR] [1786181041.031138842] [my_drone_dds_wasd_control]: Position safety gate exceeded; requesting LAND horizontal=460.66 m vertical=0.83 m[0m
[31m[ERROR] [1786181041.080189469] [my_drone_dds_wasd_control]: Position safety gate exceeded; requesting LAND horizontal=460.92 m vertical=0.83 m[0m
[31m[ERROR] [1786181041.128092561] [my_drone_dds_wasd_control]: Position safety gate exceeded; requesting LAND horizontal=461.29 m vertical=0.83 m[0m
[31m[ERROR] [1786181041.184989919] [my_drone_dds_wasd_control]: Position safety gate exceeded; requesting LAND horizontal=461.55 m vertical=0.83 m[0m
[0m[INFO] [1786181041.234592352] [my_drone_dds_wasd_control]: STATE arm=2 nav=5 NED=(1.742,458.991,0.769) vel=(0.006,6.565,0.005) yaw_deg=-166.8 failsafe=True age_s=(0.22,0.00) arm_torque_nm=0.000 motors=[819.08,1000.00,816.97,1000.00,1000.00,1000.00,1000.00,1000.00][0m
[31m[ERROR] [1786181041.261885982] [my_drone_dds_wasd_control]: Position safety gate exceeded; requesting LAND horizontal=461.97 m vertical=0.83 m[0m
[31m[ERROR] [1786181041.289193676] [my_drone_dds_wasd_control]: Position safety gate exceeded; requesting LAND horizontal=461.97 m vertical=0.83 m[0m
[31m[ERROR] [1786181041.333014383] [my_drone_dds_wasd_control]: Position safety gate exceeded; requesting LAND horizontal=462.60 m vertical=0.83 m[0m
[31m[ERROR] [1786181041.380738927] [my_drone_dds_wasd_control]: Position safety gate exceeded; requesting LAND horizontal=462.86 m vertical=0.83 m[0m
[31m[ERROR] [1786181041.434189171] [my_drone_dds_wasd_control]: Position safety gate exceeded; requesting LAND horizontal=463.28 m vertical=0.83 m[0m
[31m[ERROR] [1786181041.483714123] [my_drone_dds_wasd_control]: Position safety gate exceeded; requesting LAND horizontal=463.54 m vertical=0.83 m[0m
[31m[ERROR] [1786181041.539352269] [my_drone_dds_wasd_control]: Position safety gate exceeded; requesting LAND horizontal=463.91 m vertical=0.83 m[0m
[31m[ERROR] [1786181041.581055676] [my_drone_dds_wasd_control]: Position safety gate exceeded; requesting LAND horizontal=464.17 m vertical=0.83 m[0m
[31m[ERROR] [1786181041.627547561] [my_drone_dds_wasd_control]: Position safety gate exceeded; requesting LAND horizontal=464.59 m vertical=0.83 m[0m
[31m[ERROR] [1786181041.679612081] [my_drone_dds_wasd_control]: Position safety gate exceeded; requesting LAND horizontal=464.85 m vertical=0.83 m[0m
[31m[ERROR] [1786181041.728958475] [my_drone_dds_wasd_control]: Position safety gate exceeded; requesting LAND horizontal=465.21 m vertical=0.83 m[0m
[31m[ERROR] [1786181041.784422631] [my_drone_dds_wasd_control]: Position safety gate exceeded; requesting LAND horizontal=465.48 m vertical=0.83 m[0m
[31m[ERROR] [1786181041.832212067] [my_drone_dds_wasd_control]: Position safety gate exceeded; requesting LAND horizontal=465.89 m vertical=0.83 m[0m
[31m[ERROR] [1786181041.884248327] [my_drone_dds_wasd_control]: Position safety gate exceeded; requesting LAND horizontal=466.16 m vertical=0.83 m[0m
[31m[ERROR] [1786181041.962093832] [my_drone_dds_wasd_control]: Position safety gate exceeded; requesting LAND horizontal=466.52 m vertical=0.82 m[0m
[31m[ERROR] [1786181042.005988397] [my_drone_dds_wasd_control]: Position safety gate exceeded; requesting LAND horizontal=466.52 m vertical=0.82 m[0m
[31m[ERROR] [1786181042.044564057] [my_drone_dds_wasd_control]: Position safety gate exceeded; requesting LAND horizontal=467.20 m vertical=0.82 m[0m
[31m[ERROR] [1786181042.087650813] [my_drone_dds_wasd_control]: Position safety gate exceeded; requesting LAND horizontal=467.46 m vertical=0.82 m[0m
[31m[ERROR] [1786181042.133577887] [my_drone_dds_wasd_control]: Position safety gate exceeded; requesting LAND horizontal=467.82 m vertical=0.82 m[0m
[31m[ERROR] [1786181042.180952697] [my_drone_dds_wasd_control]: Position safety gate exceeded; requesting LAND horizontal=468.07 m vertical=0.82 m[0m
[0m[INFO] [1786181042.233615452] [my_drone_dds_wasd_control]: STATE arm=2 nav=5 NED=(1.737,465.516,0.751) vel=(-0.000,6.529,0.000) yaw_deg=-166.8 failsafe=True age_s=(0.20,0.00) arm_torque_nm=0.000 motors=[819.27,1000.00,817.17,1000.00,1000.00,1000.00,1000.00,1000.00][0m
[31m[ERROR] [1786181042.256224434] [my_drone_dds_wasd_control]: Position safety gate exceeded; requesting LAND horizontal=468.49 m vertical=0.81 m[0m
[31m[ERROR] [1786181042.278381684] [my_drone_dds_wasd_control]: Position safety gate exceeded; requesting LAND horizontal=468.75 m vertical=0.81 m[0m
[31m[ERROR] [1786181042.337383589] [my_drone_dds_wasd_control]: Position safety gate exceeded; requesting LAND horizontal=469.12 m vertical=0.81 m[0m
[31m[ERROR] [1786181042.381066392] [my_drone_dds_wasd_control]: Position safety gate exceeded; requesting LAND horizontal=469.38 m vertical=0.81 m[0m
[31m[ERROR] [1786181042.441753541] [my_drone_dds_wasd_control]: Position safety gate exceeded; requesting LAND horizontal=469.80 m vertical=0.81 m[0m
[31m[ERROR] [1786181042.484253760] [my_drone_dds_wasd_control]: Position safety gate exceeded; requesting LAND horizontal=470.06 m vertical=0.81 m[0m
[31m[ERROR] [1786181042.530273876] [my_drone_dds_wasd_control]: Position safety gate exceeded; requesting LAND horizontal=470.43 m vertical=0.81 m[0m
[31m[ERROR] [1786181042.591305531] [my_drone_dds_wasd_control]: Position safety gate exceeded; requesting LAND horizontal=470.69 m vertical=0.81 m[0m
[31m[ERROR] [1786181042.633126261] [my_drone_dds_wasd_control]: Position safety gate exceeded; requesting LAND horizontal=471.11 m vertical=0.81 m[0m
[31m[ERROR] [1786181042.680539837] [my_drone_dds_wasd_control]: Position safety gate exceeded; requesting LAND horizontal=471.37 m vertical=0.81 m[0m
[31m[ERROR] [1786181042.727896686] [my_drone_dds_wasd_control]: Position safety gate exceeded; requesting LAND horizontal=471.74 m vertical=0.81 m[0m
[31m[ERROR] [1786181042.775519763] [my_drone_dds_wasd_control]: Position safety gate exceeded; requesting LAND horizontal=472.00 m vertical=0.81 m[0m
[31m[ERROR] [1786181042.836145556] [my_drone_dds_wasd_control]: Position safety gate exceeded; requesting LAND horizontal=472.42 m vertical=0.80 m[0m
[31m[ERROR] [1786181042.889367228] [my_drone_dds_wasd_control]: Position safety gate exceeded; requesting LAND horizontal=472.68 m vertical=0.80 m[0m
[31m[ERROR] [1786181042.935699788] [my_drone_dds_wasd_control]: Position safety gate exceeded; requesting LAND horizontal=473.04 m vertical=0.80 m[0m
[31m[ERROR] [1786181042.995521455] [my_drone_dds_wasd_control]: Position safety gate exceeded; requesting LAND horizontal=473.30 m vertical=0.80 m[0m
[31m[ERROR] [1786181043.032502485] [my_drone_dds_wasd_control]: Position safety gate exceeded; requesting LAND horizontal=473.72 m vertical=0.80 m[0m
[31m[ERROR] [1786181043.080400897] [my_drone_dds_wasd_control]: Position safety gate exceeded; requesting LAND horizontal=473.98 m vertical=0.80 m[0m
[31m[ERROR] [1786181043.132826247] [my_drone_dds_wasd_control]: Position safety gate exceeded; requesting LAND horizontal=474.35 m vertical=0.80 m[0m
[31m[ERROR] [1786181043.189289600] [my_drone_dds_wasd_control]: Position safety gate exceeded; requesting LAND horizontal=474.60 m vertical=0.80 m[0m
[0m[INFO] [1786181043.239786907] [my_drone_dds_wasd_control]: STATE arm=2 nav=5 NED=(1.721,472.044,0.738) vel=(-0.009,6.520,-0.003) yaw_deg=-166.8 failsafe=True age_s=(0.21,0.00) arm_torque_nm=0.000 motors=[819.10,1000.00,817.00,1000.00,1000.00,1000.00,1000.00,1000.00][0m
[31m[ERROR] [1786181043.274050007] [my_drone_dds_wasd_control]: Position safety gate exceeded; requesting LAND horizontal=475.02 m vertical=0.80 m[0m
[31m[ERROR] [1786181043.304360654] [my_drone_dds_wasd_control]: Position safety gate exceeded; requesting LAND horizontal=475.02 m vertical=0.80 m[0m
[31m[ERROR] [1786181043.330931488] [my_drone_dds_wasd_control]: Position safety gate exceeded; requesting LAND horizontal=475.64 m vertical=0.80 m[0m
[31m[ERROR] [1786181043.383765221] [my_drone_dds_wasd_control]: Position safety gate exceeded; requesting LAND horizontal=475.90 m vertical=0.80 m[0m
[31m[ERROR] [1786181043.432599712] [my_drone_dds_wasd_control]: Position safety gate exceeded; requesting LAND horizontal=476.32 m vertical=0.80 m[0m
[31m[ERROR] [1786181043.483624539] [my_drone_dds_wasd_control]: Position safety gate exceeded; requesting LAND horizontal=476.58 m vertical=0.80 m[0m
[31m[ERROR] [1786181043.543051186] [my_drone_dds_wasd_control]: Position safety gate exceeded; requesting LAND horizontal=476.95 m vertical=0.80 m[0m
[31m[ERROR] [1786181043.592522354] [my_drone_dds_wasd_control]: Position safety gate exceeded; requesting LAND horizontal=477.21 m vertical=0.80 m[0m
[31m[ERROR] [1786181043.647921220] [my_drone_dds_wasd_control]: Position safety gate exceeded; requesting LAND horizontal=477.62 m vertical=0.80 m[0m
[31m[ERROR] [1786181043.694828866] [my_drone_dds_wasd_control]: Position safety gate exceeded; requesting LAND horizontal=477.89 m vertical=0.79 m[0m
[31m[ERROR] [1786181043.735873442] [my_drone_dds_wasd_control]: Position safety gate exceeded; requesting LAND horizontal=478.25 m vertical=0.79 m[0m
[31m[ERROR] [1786181043.796264190] [my_drone_dds_wasd_control]: Position safety gate exceeded; requesting LAND horizontal=478.51 m vertical=0.79 m[0m
[31m[ERROR] [1786181043.840663013] [my_drone_dds_wasd_control]: Position safety gate exceeded; requesting LAND horizontal=478.93 m vertical=0.79 m[0m
[31m[ERROR] [1786181043.881245524] [my_drone_dds_wasd_control]: Position safety gate exceeded; requesting LAND horizontal=479.19 m vertical=0.79 m[0m
[31m[ERROR] [1786181043.943863475] [my_drone_dds_wasd_control]: Position safety gate exceeded; requesting LAND horizontal=479.56 m vertical=0.79 m[0m
[31m[ERROR] [1786181043.986713613] [my_drone_dds_wasd_control]: Position safety gate exceeded; requesting LAND horizontal=479.82 m vertical=0.79 m[0m
[31m[ERROR] [1786181044.037592059] [my_drone_dds_wasd_control]: Position safety gate exceeded; requesting LAND horizontal=480.24 m vertical=0.79 m[0m
[31m[ERROR] [1786181044.080468727] [my_drone_dds_wasd_control]: Position safety gate exceeded; requesting LAND horizontal=480.50 m vertical=0.79 m[0m
[31m[ERROR] [1786181044.168380336] [my_drone_dds_wasd_control]: Position safety gate exceeded; requesting LAND horizontal=480.86 m vertical=0.78 m[0m
[31m[ERROR] [1786181044.216758033] [my_drone_dds_wasd_control]: Position safety gate exceeded; requesting LAND horizontal=480.86 m vertical=0.78 m[0m
[0m[INFO] [1786181044.262208009] [my_drone_dds_wasd_control]: STATE arm=2 nav=5 NED=(1.718,478.536,0.718) vel=(-0.006,6.188,-0.008) yaw_deg=-166.9 failsafe=True age_s=(0.18,0.00) arm_torque_nm=0.000 motors=[819.68,1000.00,817.60,1000.00,1000.00,1000.00,1000.00,1000.00][0m
[31m[ERROR] [1786181044.304847853] [my_drone_dds_wasd_control]: Position safety gate exceeded; requesting LAND horizontal=481.51 m vertical=0.78 m[0m
[31m[ERROR] [1786181044.349726411] [my_drone_dds_wasd_control]: Position safety gate exceeded; requesting LAND horizontal=481.51 m vertical=0.78 m[0m
[31m[ERROR] [1786181044.384520068] [my_drone_dds_wasd_control]: Position safety gate exceeded; requesting LAND horizontal=482.35 m vertical=0.78 m[0m
[31m[ERROR] [1786181044.418214843] [my_drone_dds_wasd_control]: Position safety gate exceeded; requesting LAND horizontal=482.35 m vertical=0.78 m[0m
[31m[ERROR] [1786181044.449386654] [my_drone_dds_wasd_control]: Position safety gate exceeded; requesting LAND horizontal=482.75 m vertical=0.78 m[0m
[31m[ERROR] [1786181044.484200266] [my_drone_dds_wasd_control]: Position safety gate exceeded; requesting LAND horizontal=483.01 m vertical=0.78 m[0m
[31m[ERROR] [1786181044.536257605] [my_drone_dds_wasd_control]: Position safety gate exceeded; requesting LAND horizontal=483.38 m vertical=0.78 m[0m
[31m[ERROR] [1786181044.589928347] [my_drone_dds_wasd_control]: Position safety gate exceeded; requesting LAND horizontal=483.64 m vertical=0.77 m[0m
[31m[ERROR] [1786181044.630434636] [my_drone_dds_wasd_control]: Position safety gate exceeded; requesting LAND horizontal=484.06 m vertical=0.77 m[0m
[31m[ERROR] [1786181044.678228088] [my_drone_dds_wasd_control]: Position safety gate exceeded; requesting LAND horizontal=484.33 m vertical=0.77 m[0m
[31m[ERROR] [1786181044.732242649] [my_drone_dds_wasd_control]: Position safety gate exceeded; requesting LAND horizontal=484.69 m vertical=0.77 m[0m
[31m[ERROR] [1786181044.777810576] [my_drone_dds_wasd_control]: Position safety gate exceeded; requesting LAND horizontal=484.96 m vertical=0.77 m[0m
[31m[ERROR] [1786181044.830076844] [my_drone_dds_wasd_control]: Position safety gate exceeded; requesting LAND horizontal=485.38 m vertical=0.77 m[0m
[31m[ERROR] [1786181044.884569836] [my_drone_dds_wasd_control]: Position safety gate exceeded; requesting LAND horizontal=485.64 m vertical=0.77 m[0m
[31m[ERROR] [1786181044.939683576] [my_drone_dds_wasd_control]: Position safety gate exceeded; requesting LAND horizontal=486.01 m vertical=0.77 m[0m
[31m[ERROR] [1786181044.979192752] [my_drone_dds_wasd_control]: Position safety gate exceeded; requesting LAND horizontal=486.27 m vertical=0.77 m[0m
[31m[ERROR] [1786181045.028297422] [my_drone_dds_wasd_control]: Position safety gate exceeded; requesting LAND horizontal=486.69 m vertical=0.76 m[0m
[31m[ERROR] [1786181045.077215148] [my_drone_dds_wasd_control]: Position safety gate exceeded; requesting LAND horizontal=486.96 m vertical=0.76 m[0m
[31m[ERROR] [1786181045.131784217] [my_drone_dds_wasd_control]: Position safety gate exceeded; requesting LAND horizontal=487.32 m vertical=0.76 m[0m
[31m[ERROR] [1786181045.183497495] [my_drone_dds_wasd_control]: Position safety gate exceeded; requesting LAND horizontal=487.58 m vertical=0.76 m[0m
[31m[ERROR] [1786181045.239316550] [my_drone_dds_wasd_control]: Position safety gate exceeded; requesting LAND horizontal=488.00 m vertical=0.76 m[0m
[0m[INFO] [1786181045.283648770] [my_drone_dds_wasd_control]: STATE arm=2 nav=5 NED=(1.710,485.291,0.696) vel=(-0.007,6.557,-0.011) yaw_deg=-166.9 failsafe=True age_s=(0.23,0.01) arm_torque_nm=0.000 motors=[819.19,1000.00,817.10,1000.00,1000.00,1000.00,1000.00,1000.00][0m
[31m[ERROR] [1786181045.304318623] [my_drone_dds_wasd_control]: Position safety gate exceeded; requesting LAND horizontal=488.27 m vertical=0.76 m[0m
[31m[ERROR] [1786181045.333817146] [my_drone_dds_wasd_control]: Position safety gate exceeded; requesting LAND horizontal=488.63 m vertical=0.76 m[0m
[31m[ERROR] [1786181045.381195330] [my_drone_dds_wasd_control]: Position safety gate exceeded; requesting LAND horizontal=488.90 m vertical=0.76 m[0m
[31m[ERROR] [1786181045.437131645] [my_drone_dds_wasd_control]: Position safety gate exceeded; requesting LAND horizontal=489.32 m vertical=0.76 m[0m
[31m[ERROR] [1786181045.497661401] [my_drone_dds_wasd_control]: Position safety gate exceeded; requesting LAND horizontal=489.58 m vertical=0.76 m[0m
[31m[ERROR] [1786181045.536292740] [my_drone_dds_wasd_control]: Position safety gate exceeded; requesting LAND horizontal=489.95 m vertical=0.76 m[0m
[31m[ERROR] [1786181045.582808307] [my_drone_dds_wasd_control]: Position safety gate exceeded; requesting LAND horizontal=490.21 m vertical=0.76 m[0m
[31m[ERROR] [1786181045.633215833] [my_drone_dds_wasd_control]: Position safety gate exceeded; requesting LAND horizontal=490.63 m vertical=0.76 m[0m
[31m[ERROR] [1786181045.682375923] [my_drone_dds_wasd_control]: Position safety gate exceeded; requesting LAND horizontal=490.89 m vertical=0.76 m[0m
[31m[ERROR] [1786181045.731413658] [my_drone_dds_wasd_control]: Position safety gate exceeded; requesting LAND horizontal=491.25 m vertical=0.76 m[0m
[31m[ERROR] [1786181045.779591231] [my_drone_dds_wasd_control]: Position safety gate exceeded; requesting LAND horizontal=491.52 m vertical=0.76 m[0m
[31m[ERROR] [1786181045.833308896] [my_drone_dds_wasd_control]: Position safety gate exceeded; requesting LAND horizontal=491.94 m vertical=0.76 m[0m
[31m[ERROR] [1786181045.883829006] [my_drone_dds_wasd_control]: Position safety gate exceeded; requesting LAND horizontal=492.20 m vertical=0.76 m[0m
[31m[ERROR] [1786181045.932105880] [my_drone_dds_wasd_control]: Position safety gate exceeded; requesting LAND horizontal=492.57 m vertical=0.76 m[0m
[31m[ERROR] [1786181045.994150743] [my_drone_dds_wasd_control]: Position safety gate exceeded; requesting LAND horizontal=492.83 m vertical=0.76 m[0m
[31m[ERROR] [1786181046.031938439] [my_drone_dds_wasd_control]: Position safety gate exceeded; requesting LAND horizontal=493.25 m vertical=0.76 m[0m
[31m[ERROR] [1786181046.081749023] [my_drone_dds_wasd_control]: Position safety gate exceeded; requesting LAND horizontal=493.51 m vertical=0.76 m[0m
[31m[ERROR] [1786181046.129177694] [my_drone_dds_wasd_control]: Position safety gate exceeded; requesting LAND horizontal=493.88 m vertical=0.76 m[0m
[31m[ERROR] [1786181046.182678004] [my_drone_dds_wasd_control]: Position safety gate exceeded; requesting LAND horizontal=494.13 m vertical=0.76 m[0m
[31m[ERROR] [1786181046.232797801] [my_drone_dds_wasd_control]: Position safety gate exceeded; requesting LAND horizontal=494.55 m vertical=0.76 m[0m
[0m[INFO] [1786181046.280075218] [my_drone_dds_wasd_control]: STATE arm=2 nav=5 NED=(1.709,491.841,0.696) vel=(-0.005,6.554,-0.008) yaw_deg=-166.9 failsafe=True age_s=(0.23,0.01) arm_torque_nm=0.000 motors=[819.52,1000.00,817.43,1000.00,1000.00,1000.00,1000.00,1000.00][0m
[31m[ERROR] [1786181046.300267009] [my_drone_dds_wasd_control]: Position safety gate exceeded; requesting LAND horizontal=494.82 m vertical=0.76 m[0m
[31m[ERROR] [1786181046.333370946] [my_drone_dds_wasd_control]: Position safety gate exceeded; requesting LAND horizontal=495.18 m vertical=0.76 m[0m
[31m[ERROR] [1786181046.377758058] [my_drone_dds_wasd_control]: Position safety gate exceeded; requesting LAND horizontal=495.45 m vertical=0.76 m[0m
[31m[ERROR] [1786181046.429349283] [my_drone_dds_wasd_control]: Position safety gate exceeded; requesting LAND horizontal=495.87 m vertical=0.76 m[0m
[31m[ERROR] [1786181046.479040856] [my_drone_dds_wasd_control]: Position safety gate exceeded; requesting LAND horizontal=496.13 m vertical=0.76 m[0m
[31m[ERROR] [1786181046.538497072] [my_drone_dds_wasd_control]: Position safety gate exceeded; requesting LAND horizontal=496.50 m vertical=0.76 m[0m
[31m[ERROR] [1786181046.588812923] [my_drone_dds_wasd_control]: Position safety gate exceeded; requesting LAND horizontal=496.76 m vertical=0.76 m[0m
[31m[ERROR] [1786181046.627449198] [my_drone_dds_wasd_control]: Position safety gate exceeded; requesting LAND horizontal=497.18 m vertical=0.76 m[0m
[31m[ERROR] [1786181046.680521385] [my_drone_dds_wasd_control]: Position safety gate exceeded; requesting LAND horizontal=497.44 m vertical=0.76 m[0m
[31m[ERROR] [1786181046.727414947] [my_drone_dds_wasd_control]: Position safety gate exceeded; requesting LAND horizontal=497.80 m vertical=0.76 m[0m
[31m[ERROR] [1786181046.777942304] [my_drone_dds_wasd_control]: Position safety gate exceeded; requesting LAND horizontal=498.07 m vertical=0.76 m[0m
[31m[ERROR] [1786181046.830092133] [my_drone_dds_wasd_control]: Position safety gate exceeded; requesting LAND horizontal=498.48 m vertical=0.76 m[0m
[31m[ERROR] [1786181046.884887494] [my_drone_dds_wasd_control]: Position safety gate exceeded; requesting LAND horizontal=498.75 m vertical=0.76 m[0m
[31m[ERROR] [1786181046.936049392] [my_drone_dds_wasd_control]: Position safety gate exceeded; requesting LAND horizontal=499.11 m vertical=0.76 m[0m
[31m[ERROR] [1786181046.978029109] [my_drone_dds_wasd_control]: Position safety gate exceeded; requesting LAND horizontal=499.37 m vertical=0.76 m[0m
[31m[ERROR] [1786181047.028359185] [my_drone_dds_wasd_control]: Position safety gate exceeded; requesting LAND horizontal=499.79 m vertical=0.76 m[0m
[31m[ERROR] [1786181047.077268277] [my_drone_dds_wasd_control]: Position safety gate exceeded; requesting LAND horizontal=500.05 m vertical=0.76 m[0m
[31m[ERROR] [1786181047.139235114] [my_drone_dds_wasd_control]: Position safety gate exceeded; requesting LAND horizontal=500.42 m vertical=0.76 m[0m
[31m[ERROR] [1786181047.191696093] [my_drone_dds_wasd_control]: Position safety gate exceeded; requesting LAND horizontal=500.67 m vertical=0.76 m[0m
[31m[ERROR] [1786181047.234539229] [my_drone_dds_wasd_control]: Position safety gate exceeded; requesting LAND horizontal=501.09 m vertical=0.76 m[0m
[0m[INFO] [1786181047.281751612] [my_drone_dds_wasd_control]: STATE arm=2 nav=5 NED=(1.698,498.376,0.698) vel=(-0.009,6.570,-0.005) yaw_deg=-166.9 failsafe=True age_s=(0.22,0.01) arm_torque_nm=0.000 motors=[819.49,1000.00,817.40,1000.00,1000.00,1000.00,1000.00,1000.00][0m
[31m[ERROR] [1786181047.303406932] [my_drone_dds_wasd_control]: Position safety gate exceeded; requesting LAND horizontal=501.35 m vertical=0.76 m[0m
[31m[ERROR] [1786181047.330371610] [my_drone_dds_wasd_control]: Position safety gate exceeded; requesting LAND horizontal=501.72 m vertical=0.76 m[0m
[31m[ERROR] [1786181047.383933760] [my_drone_dds_wasd_control]: Position safety gate exceeded; requesting LAND horizontal=501.98 m vertical=0.76 m[0m
[31m[ERROR] [1786181047.433553497] [my_drone_dds_wasd_control]: Position safety gate exceeded; requesting LAND horizontal=502.40 m vertical=0.76 m[0m
[31m[ERROR] [1786181047.485324543] [my_drone_dds_wasd_control]: Position safety gate exceeded; requesting LAND horizontal=502.66 m vertical=0.76 m[0m
[31m[ERROR] [1786181047.532541643] [my_drone_dds_wasd_control]: Position safety gate exceeded; requesting LAND horizontal=503.03 m vertical=0.76 m[0m
[31m[ERROR] [1786181047.580925621] [my_drone_dds_wasd_control]: Position safety gate exceeded; requesting LAND horizontal=503.29 m vertical=0.76 m[0m
[31m[ERROR] [1786181047.630572637] [my_drone_dds_wasd_control]: Position safety gate exceeded; requesting LAND horizontal=503.71 m vertical=0.76 m[0m
[31m[ERROR] [1786181047.680667366] [my_drone_dds_wasd_control]: Position safety gate exceeded; requesting LAND horizontal=503.97 m vertical=0.76 m[0m
[31m[ERROR] [1786181047.734018046] [my_drone_dds_wasd_control]: Position safety gate exceeded; requesting LAND horizontal=504.34 m vertical=0.76 m[0m
[31m[ERROR] [1786181047.784354098] [my_drone_dds_wasd_control]: Position safety gate exceeded; requesting LAND horizontal=504.60 m vertical=0.76 m[0m
[31m[ERROR] [1786181047.839453334] [my_drone_dds_wasd_control]: Position safety gate exceeded; requesting LAND horizontal=505.02 m vertical=0.76 m[0m
[31m[ERROR] [1786181047.883345259] [my_drone_dds_wasd_control]: Position safety gate exceeded; requesting LAND horizontal=505.28 m vertical=0.76 m[0m
[31m[ERROR] [1786181050.709457108] [my_drone_dds_wasd_control]: Position safety gate exceeded; requesting LAND horizontal=505.54 m vertical=0.77 m[0m
[31m[ERROR] [1786181050.731940021] [my_drone_dds_wasd_control]: Position safety gate exceeded; requesting LAND horizontal=505.54 m vertical=0.77 m[0m
[31m[ERROR] [1786181050.794467508] [my_drone_dds_wasd_control]: Position safety gate exceeded; requesting LAND horizontal=506.07 m vertical=0.77 m[0m
[31m[ERROR] [1786181050.833545874] [my_drone_dds_wasd_control]: Position safety gate exceeded; requesting LAND horizontal=506.33 m vertical=0.77 m[0m
[31m[ERROR] [1786181050.888820989] [my_drone_dds_wasd_control]: Position safety gate exceeded; requesting LAND horizontal=506.70 m vertical=0.77 m[0m
[31m[ERROR] [1786181050.939014911] [my_drone_dds_wasd_control]: Position safety gate exceeded; requesting LAND horizontal=506.96 m vertical=0.77 m[0m
[31m[ERROR] [1786181050.996257991] [my_drone_dds_wasd_control]: Position safety gate exceeded; requesting LAND horizontal=507.37 m vertical=0.77 m[0m
[31m[ERROR] [1786181051.037672553] [my_drone_dds_wasd_control]: Position safety gate exceeded; requesting LAND horizontal=507.63 m vertical=0.77 m[0m
[0m[INFO] [1786181051.095724717] [my_drone_dds_wasd_control]: STATE arm=2 nav=5 NED=(1.705,505.018,0.703) vel=(-0.002,6.559,-0.003) yaw_deg=-167.0 failsafe=True age_s=(0.22,0.00) arm_torque_nm=0.000 motors=[819.44,1000.00,817.35,1000.00,1000.00,1000.00,1000.00,1000.00][0m
[31m[ERROR] [1786181051.145780856] [my_drone_dds_wasd_control]: Position safety gate exceeded; requesting LAND horizontal=507.99 m vertical=0.77 m[0m
[31m[ERROR] [1786181051.182323551] [my_drone_dds_wasd_control]: Position safety gate exceeded; requesting LAND horizontal=507.99 m vertical=0.77 m[0m
[31m[ERROR] [1786181051.216439174] [my_drone_dds_wasd_control]: Position safety gate exceeded; requesting LAND horizontal=508.78 m vertical=0.77 m[0m
[31m[ERROR] [1786181051.251253303] [my_drone_dds_wasd_control]: Position safety gate exceeded; requesting LAND horizontal=508.78 m vertical=0.77 m[0m
[31m[ERROR] [1786181051.288636462] [my_drone_dds_wasd_control]: Position safety gate exceeded; requesting LAND horizontal=509.20 m vertical=0.77 m[0m
[31m[ERROR] [1786181051.336295079] [my_drone_dds_wasd_control]: Position safety gate exceeded; requesting LAND horizontal=509.56 m vertical=0.77 m[0m
[31m[ERROR] [1786181051.383491640] [my_drone_dds_wasd_control]: Position safety gate exceeded; requesting LAND horizontal=509.98 m vertical=0.76 m[0m
[31m[ERROR] [1786181051.430290523] [my_drone_dds_wasd_control]: Position safety gate exceeded; requesting LAND horizontal=510.24 m vertical=0.76 m[0m
[31m[ERROR] [1786181051.475955228] [my_drone_dds_wasd_control]: Position safety gate exceeded; requesting LAND horizontal=510.61 m vertical=0.76 m[0m
[31m[ERROR] [1786181051.534243656] [my_drone_dds_wasd_control]: Position safety gate exceeded; requesting LAND horizontal=510.87 m vertical=0.76 m[0m
[31m[ERROR] [1786181051.588854690] [my_drone_dds_wasd_control]: Position safety gate exceeded; requesting LAND horizontal=511.29 m vertical=0.76 m[0m
[31m[ERROR] [1786181051.632630157] [my_drone_dds_wasd_control]: Position safety gate exceeded; requesting LAND horizontal=511.56 m vertical=0.76 m[0m
[31m[ERROR] [1786181051.685759225] [my_drone_dds_wasd_control]: Position safety gate exceeded; requesting LAND horizontal=511.92 m vertical=0.76 m[0m
[31m[ERROR] [1786181051.755732072] [my_drone_dds_wasd_control]: Position safety gate exceeded; requesting LAND horizontal=512.18 m vertical=0.76 m[0m
[31m[ERROR] [1786181051.788225012] [my_drone_dds_wasd_control]: Position safety gate exceeded; requesting LAND horizontal=512.60 m vertical=0.76 m[0m
[31m[ERROR] [1786181051.831400905] [my_drone_dds_wasd_control]: Position safety gate exceeded; requesting LAND horizontal=512.86 m vertical=0.76 m[0m
[31m[ERROR] [1786181051.880624499] [my_drone_dds_wasd_control]: Position safety gate exceeded; requesting LAND horizontal=513.23 m vertical=0.76 m[0m
[31m[ERROR] [1786181051.930288430] [my_drone_dds_wasd_control]: Position safety gate exceeded; requesting LAND horizontal=513.49 m vertical=0.76 m[0m
[31m[ERROR] [1786181051.979845516] [my_drone_dds_wasd_control]: Position safety gate exceeded; requesting LAND horizontal=513.90 m vertical=0.76 m[0m
[31m[ERROR] [1786181052.029734907] [my_drone_dds_wasd_control]: Position safety gate exceeded; requesting LAND horizontal=514.16 m vertical=0.76 m[0m
[31m[ERROR] [1786181052.086636388] [my_drone_dds_wasd_control]: Position safety gate exceeded; requesting LAND horizontal=514.53 m vertical=0.76 m[0m
[0m[INFO] [1786181052.131321460] [my_drone_dds_wasd_control]: STATE arm=2 nav=5 NED=(1.706,511.813,0.697) vel=(-0.001,6.558,-0.005) yaw_deg=-167.0 failsafe=True age_s=(0.27,0.01) arm_torque_nm=0.000 motors=[819.46,1000.00,817.37,1000.00,1000.00,1000.00,1000.00,1000.00][0m
[31m[ERROR] [1786181052.151112879] [my_drone_dds_wasd_control]: Position safety gate exceeded; requesting LAND horizontal=514.79 m vertical=0.76 m[0m
[31m[ERROR] [1786181052.182629314] [my_drone_dds_wasd_control]: Position safety gate exceeded; requesting LAND horizontal=515.21 m vertical=0.76 m[0m
[31m[ERROR] [1786181052.251473714] [my_drone_dds_wasd_control]: Position safety gate exceeded; requesting LAND horizontal=515.47 m vertical=0.76 m[0m
[31m[ERROR] [1786181052.295960052] [my_drone_dds_wasd_control]: Position safety gate exceeded; requesting LAND horizontal=515.73 m vertical=0.76 m[0m
[31m[ERROR] [1786181052.337471825] [my_drone_dds_wasd_control]: Position safety gate exceeded; requesting LAND horizontal=516.10 m vertical=0.76 m[0m
[31m[ERROR] [1786181052.388157175] [my_drone_dds_wasd_control]: Position safety gate exceeded; requesting LAND horizontal=516.52 m vertical=0.76 m[0m
[31m[ERROR] [1786181052.432303735] [my_drone_dds_wasd_control]: Position safety gate exceeded; requesting LAND horizontal=516.78 m vertical=0.76 m[0m
[31m[ERROR] [1786181052.485413829] [my_drone_dds_wasd_control]: Position safety gate exceeded; requesting LAND horizontal=517.14 m vertical=0.77 m[0m
[31m[ERROR] [1786181052.531386401] [my_drone_dds_wasd_control]: Position safety gate exceeded; requesting LAND horizontal=517.41 m vertical=0.77 m[0m
[31m[ERROR] [1786181052.584296496] [my_drone_dds_wasd_control]: Position safety gate exceeded; requesting LAND horizontal=517.82 m vertical=0.77 m[0m
[31m[ERROR] [1786181052.630726674] [my_drone_dds_wasd_control]: Position safety gate exceeded; requesting LAND horizontal=518.09 m vertical=0.77 m[0m
[31m[ERROR] [1786181052.679419471] [my_drone_dds_wasd_control]: Position safety gate exceeded; requesting LAND horizontal=518.45 m vertical=0.77 m[0m
[31m[ERROR] [1786181052.728562189] [my_drone_dds_wasd_control]: Position safety gate exceeded; requesting LAND horizontal=518.71 m vertical=0.77 m[0m
[31m[ERROR] [1786181052.777716941] [my_drone_dds_wasd_control]: Position safety gate exceeded; requesting LAND horizontal=519.13 m vertical=0.77 m[0m
[31m[ERROR] [1786181052.833357455] [my_drone_dds_wasd_control]: Position safety gate exceeded; requesting LAND horizontal=519.40 m vertical=0.77 m[0m
[31m[ERROR] [1786181052.887170537] [my_drone_dds_wasd_control]: Position safety gate exceeded; requesting LAND horizontal=519.76 m vertical=0.77 m[0m
[31m[ERROR] [1786181052.933308890] [my_drone_dds_wasd_control]: Position safety gate exceeded; requesting LAND horizontal=520.02 m vertical=0.77 m[0m
[31m[ERROR] [1786181052.979208153] [my_drone_dds_wasd_control]: Position safety gate exceeded; requesting LAND horizontal=520.43 m vertical=0.77 m[0m
[31m[ERROR] [1786181053.034689746] [my_drone_dds_wasd_control]: Position safety gate exceeded; requesting LAND horizontal=520.69 m vertical=0.77 m[0m
[31m[ERROR] [1786181053.080342368] [my_drone_dds_wasd_control]: Position safety gate exceeded; requesting LAND horizontal=521.06 m vertical=0.77 m[0m
[0m[INFO] [1786181053.130989197] [my_drone_dds_wasd_control]: STATE arm=2 nav=5 NED=(1.707,518.344,0.705) vel=(0.004,6.572,-0.002) yaw_deg=-167.0 failsafe=True age_s=(0.26,0.01) arm_torque_nm=0.000 motors=[819.25,1000.00,817.17,1000.00,1000.00,1000.00,1000.00,1000.00][0m
[31m[ERROR] [1786181053.152402865] [my_drone_dds_wasd_control]: Position safety gate exceeded; requesting LAND horizontal=521.32 m vertical=0.77 m[0m
[31m[ERROR] [1786181053.180284618] [my_drone_dds_wasd_control]: Position safety gate exceeded; requesting LAND horizontal=521.74 m vertical=0.77 m[0m
[31m[ERROR] [1786181053.231610328] [my_drone_dds_wasd_control]: Position safety gate exceeded; requesting LAND horizontal=522.00 m vertical=0.77 m[0m
[31m[ERROR] [1786181053.277232739] [my_drone_dds_wasd_control]: Position safety gate exceeded; requesting LAND horizontal=522.37 m vertical=0.77 m[0m
[31m[ERROR] [1786181053.334288931] [my_drone_dds_wasd_control]: Position safety gate exceeded; requesting LAND horizontal=522.63 m vertical=0.77 m[0m
[31m[ERROR] [1786181053.382856518] [my_drone_dds_wasd_control]: Position safety gate exceeded; requesting LAND horizontal=523.05 m vertical=0.77 m[0m
[31m[ERROR] [1786181053.435463973] [my_drone_dds_wasd_control]: Position safety gate exceeded; requesting LAND horizontal=523.31 m vertical=0.77 m[0m
[31m[ERROR] [1786181053.483829855] [my_drone_dds_wasd_control]: Position safety gate exceeded; requesting LAND horizontal=523.67 m vertical=0.77 m[0m
[31m[ERROR] [1786181053.532653968] [my_drone_dds_wasd_control]: Position safety gate exceeded; requesting LAND horizontal=523.93 m vertical=0.77 m[0m
[31m[ERROR] [1786181053.583589586] [my_drone_dds_wasd_control]: Position safety gate exceeded; requesting LAND horizontal=524.35 m vertical=0.76 m[0m
[31m[ERROR] [1786181053.628414793] [my_drone_dds_wasd_control]: Position safety gate exceeded; requesting LAND horizontal=524.61 m vertical=0.76 m[0m
[31m[ERROR] [1786181053.679969391] [my_drone_dds_wasd_control]: Position safety gate exceeded; requesting LAND horizontal=524.98 m vertical=0.76 m[0m
[31m[ERROR] [1786181053.733672017] [my_drone_dds_wasd_control]: Position safety gate exceeded; requesting LAND horizontal=525.24 m vertical=0.76 m[0m
[31m[ERROR] [1786181053.778933788] [my_drone_dds_wasd_control]: Position safety gate exceeded; requesting LAND horizontal=525.66 m vertical=0.76 m[0m
[31m[ERROR] [1786181053.827791960] [my_drone_dds_wasd_control]: Position safety gate exceeded; requesting LAND horizontal=525.92 m vertical=0.76 m[0m
[31m[ERROR] [1786181053.884051576] [my_drone_dds_wasd_control]: Position safety gate exceeded; requesting LAND horizontal=526.29 m vertical=0.76 m[0m
[31m[ERROR] [1786181053.933980556] [my_drone_dds_wasd_control]: Position safety gate exceeded; requesting LAND horizontal=526.55 m vertical=0.76 m[0m
[31m[ERROR] [1786181053.984420090] [my_drone_dds_wasd_control]: Position safety gate exceeded; requesting LAND horizontal=526.96 m vertical=0.76 m[0m
[31m[ERROR] [1786181054.030434210] [my_drone_dds_wasd_control]: Position safety gate exceeded; requesting LAND horizontal=527.22 m vertical=0.76 m[0m
[31m[ERROR] [1786181054.078772979] [my_drone_dds_wasd_control]: Position safety gate exceeded; requesting LAND horizontal=527.59 m vertical=0.76 m[0m
[0m[INFO] [1786181054.135298808] [my_drone_dds_wasd_control]: STATE arm=2 nav=5 NED=(1.707,524.879,0.696) vel=(0.011,6.566,-0.003) yaw_deg=-167.1 failsafe=True age_s=(0.25,0.01) arm_torque_nm=0.000 motors=[819.20,1000.00,817.12,1000.00,1000.00,1000.00,1000.00,1000.00][0m
[31m[ERROR] [1786181054.170298875] [my_drone_dds_wasd_control]: Position safety gate exceeded; requesting LAND horizontal=527.85 m vertical=0.76 m[0m
[31m[ERROR] [1786181054.203073505] [my_drone_dds_wasd_control]: Position safety gate exceeded; requesting LAND horizontal=527.85 m vertical=0.76 m[0m
[31m[ERROR] [1786181054.233624838] [my_drone_dds_wasd_control]: Position safety gate exceeded; requesting LAND horizontal=528.54 m vertical=0.76 m[0m
[31m[ERROR] [1786181054.279929217] [my_drone_dds_wasd_control]: Position safety gate exceeded; requesting LAND horizontal=528.90 m vertical=0.76 m[0m
[31m[ERROR] [1786181054.328146948] [my_drone_dds_wasd_control]: Position safety gate exceeded; requesting LAND horizontal=529.17 m vertical=0.76 m[0m
[31m[ERROR] [1786181054.379268714] [my_drone_dds_wasd_control]: Position safety gate exceeded; requesting LAND horizontal=529.59 m vertical=0.76 m[0m
[31m[ERROR] [1786181054.434018511] [my_drone_dds_wasd_control]: Position safety gate exceeded; requesting LAND horizontal=529.85 m vertical=0.76 m[0m
[31m[ERROR] [1786181054.495532336] [my_drone_dds_wasd_control]: Position safety gate exceeded; requesting LAND horizontal=530.22 m vertical=0.76 m[0m
[31m[ERROR] [1786181054.536242342] [my_drone_dds_wasd_control]: Position safety gate exceeded; requesting LAND horizontal=530.48 m vertical=0.76 m[0m
[31m[ERROR] [1786181054.586261739] [my_drone_dds_wasd_control]: Position safety gate exceeded; requesting LAND horizontal=530.90 m vertical=0.76 m[0m
[31m[ERROR] [1786181054.631418784] [my_drone_dds_wasd_control]: Position safety gate exceeded; requesting LAND horizontal=531.16 m vertical=0.76 m[0m
[31m[ERROR] [1786181054.679642437] [my_drone_dds_wasd_control]: Position safety gate exceeded; requesting LAND horizontal=531.53 m vertical=0.76 m[0m
[31m[ERROR] [1786181054.732674438] [my_drone_dds_wasd_control]: Position safety gate exceeded; requesting LAND horizontal=531.79 m vertical=0.76 m[0m
[31m[ERROR] [1786181054.782718574] [my_drone_dds_wasd_control]: Position safety gate exceeded; requesting LAND horizontal=532.21 m vertical=0.76 m[0m
[31m[ERROR] [1786181054.831373598] [my_drone_dds_wasd_control]: Position safety gate exceeded; requesting LAND horizontal=532.47 m vertical=0.76 m[0m
[31m[ERROR] [1786181054.880442805] [my_drone_dds_wasd_control]: Position safety gate exceeded; requesting LAND horizontal=532.84 m vertical=0.76 m[0m
[31m[ERROR] [1786181054.932364263] [my_drone_dds_wasd_control]: Position safety gate exceeded; requesting LAND horizontal=533.10 m vertical=0.76 m[0m
[31m[ERROR] [1786181054.983845537] [my_drone_dds_wasd_control]: Position safety gate exceeded; requesting LAND horizontal=533.52 m vertical=0.76 m[0m
[31m[ERROR] [1786181055.030808111] [my_drone_dds_wasd_control]: Position safety gate exceeded; requesting LAND horizontal=533.78 m vertical=0.76 m[0m
[31m[ERROR] [1786181055.084948842] [my_drone_dds_wasd_control]: Position safety gate exceeded; requesting LAND horizontal=534.15 m vertical=0.76 m[0m
[0m[INFO] [1786181055.135196866] [my_drone_dds_wasd_control]: STATE arm=2 nav=5 NED=(1.693,531.437,0.698) vel=(0.002,6.559,-0.002) yaw_deg=-167.1 failsafe=True age_s=(0.23,0.01) arm_torque_nm=0.000 motors=[819.53,1000.00,817.45,1000.00,1000.00,1000.00,1000.00,1000.00][0m
[31m[ERROR] [1786181055.162858361] [my_drone_dds_wasd_control]: Position safety gate exceeded; requesting LAND horizontal=534.41 m vertical=0.76 m[0m
[31m[ERROR] [1786181055.190361293] [my_drone_dds_wasd_control]: Position safety gate exceeded; requesting LAND horizontal=534.41 m vertical=0.76 m[0m
[31m[ERROR] [1786181055.235664422] [my_drone_dds_wasd_control]: Position safety gate exceeded; requesting LAND horizontal=535.09 m vertical=0.76 m[0m
[31m[ERROR] [1786181055.280346180] [my_drone_dds_wasd_control]: Position safety gate exceeded; requesting LAND horizontal=535.46 m vertical=0.76 m[0m
[31m[ERROR] [1786181055.334600615] [my_drone_dds_wasd_control]: Position safety gate exceeded; requesting LAND horizontal=535.72 m vertical=0.76 m[0m
[31m[ERROR] [1786181055.384931957] [my_drone_dds_wasd_control]: Position safety gate exceeded; requesting LAND horizontal=536.14 m vertical=0.76 m[0m
[31m[ERROR] [1786181055.434047168] [my_drone_dds_wasd_control]: Position safety gate exceeded; requesting LAND horizontal=536.40 m vertical=0.76 m[0m
[31m[ERROR] [1786181055.480180839] [my_drone_dds_wasd_control]: Position safety gate exceeded; requesting LAND horizontal=536.77 m vertical=0.76 m[0m
[31m[ERROR] [1786181055.541155224] [my_drone_dds_wasd_control]: Position safety gate exceeded; requesting LAND horizontal=537.03 m vertical=0.76 m[0m
[31m[ERROR] [1786181055.586463143] [my_drone_dds_wasd_control]: Position safety gate exceeded; requesting LAND horizontal=537.45 m vertical=0.76 m[0m
[31m[ERROR] [1786181055.640367993] [my_drone_dds_wasd_control]: Position safety gate exceeded; requesting LAND horizontal=537.71 m vertical=0.76 m[0m
[31m[ERROR] [1786181055.705724699] [my_drone_dds_wasd_control]: Position safety gate exceeded; requesting LAND horizontal=538.07 m vertical=0.76 m[0m
[31m[ERROR] [1786181055.750752725] [my_drone_dds_wasd_control]: Position safety gate exceeded; requesting LAND horizontal=538.33 m vertical=0.76 m[0m
[31m[ERROR] [1786181055.792281237] [my_drone_dds_wasd_control]: Position safety gate exceeded; requesting LAND horizontal=538.75 m vertical=0.76 m[0m
[31m[ERROR] [1786181055.833848569] [my_drone_dds_wasd_control]: Position safety gate exceeded; requesting LAND horizontal=539.01 m vertical=0.76 m[0m
[31m[ERROR] [1786181055.893331483] [my_drone_dds_wasd_control]: Position safety gate exceeded; requesting LAND horizontal=539.37 m vertical=0.76 m[0m
[31m[ERROR] [1786181055.936605197] [my_drone_dds_wasd_control]: Position safety gate exceeded; requesting LAND horizontal=539.63 m vertical=0.76 m[0m
[31m[ERROR] [1786181055.981544421] [my_drone_dds_wasd_control]: Position safety gate exceeded; requesting LAND horizontal=540.04 m vertical=0.77 m[0m
[31m[ERROR] [1786181056.039482750] [my_drone_dds_wasd_control]: Position safety gate exceeded; requesting LAND horizontal=540.30 m vertical=0.77 m[0m
[31m[ERROR] [1786181056.079596397] [my_drone_dds_wasd_control]: Position safety gate exceeded; requesting LAND horizontal=540.67 m vertical=0.77 m[0m
[31m[ERROR] [1786181056.133583810] [my_drone_dds_wasd_control]: Position safety gate exceeded; requesting LAND horizontal=540.93 m vertical=0.77 m[0m
[0m[INFO] [1786181056.178530385] [my_drone_dds_wasd_control]: STATE arm=2 nav=5 NED=(1.689,538.369,0.707) vel=(0.000,6.574,0.001) yaw_deg=-167.1 failsafe=True age_s=(0.26,0.00) arm_torque_nm=0.000 motors=[819.79,1000.00,817.72,1000.00,1000.00,1000.00,1000.00,1000.00][0m
[31m[ERROR] [1786181056.201914932] [my_drone_dds_wasd_control]: Position safety gate exceeded; requesting LAND horizontal=541.34 m vertical=0.77 m[0m
[31m[ERROR] [1786181056.239385535] [my_drone_dds_wasd_control]: Position safety gate exceeded; requesting LAND horizontal=541.60 m vertical=0.77 m[0m
[31m[ERROR] [1786181056.290850195] [my_drone_dds_wasd_control]: Position safety gate exceeded; requesting LAND horizontal=541.97 m vertical=0.77 m[0m
[31m[ERROR] [1786181056.334978592] [my_drone_dds_wasd_control]: Position safety gate exceeded; requesting LAND horizontal=542.23 m vertical=0.77 m[0m
[31m[ERROR] [1786181056.379992808] [my_drone_dds_wasd_control]: Position safety gate exceeded; requesting LAND horizontal=542.65 m vertical=0.78 m[0m
[31m[ERROR] [1786181056.432685744] [my_drone_dds_wasd_control]: Position safety gate exceeded; requesting LAND horizontal=542.91 m vertical=0.78 m[0m
[31m[ERROR] [1786181056.479457327] [my_drone_dds_wasd_control]: Position safety gate exceeded; requesting LAND horizontal=543.27 m vertical=0.78 m[0m
[31m[ERROR] [1786181056.536771134] [my_drone_dds_wasd_control]: Position safety gate exceeded; requesting LAND horizontal=543.54 m vertical=0.78 m[0m
[31m[ERROR] [1786181056.581756764] [my_drone_dds_wasd_control]: Position safety gate exceeded; requesting LAND horizontal=543.95 m vertical=0.78 m[0m
[31m[ERROR] [1786181056.629088212] [my_drone_dds_wasd_control]: Position safety gate exceeded; requesting LAND horizontal=544.21 m vertical=0.78 m[0m
[31m[ERROR] [1786181056.682222653] [my_drone_dds_wasd_control]: Position safety gate exceeded; requesting LAND horizontal=544.58 m vertical=0.78 m[0m
[31m[ERROR] [1786181056.746529378] [my_drone_dds_wasd_control]: Position safety gate exceeded; requesting LAND horizontal=544.84 m vertical=0.78 m[0m
[31m[ERROR] [1786181056.784273624] [my_drone_dds_wasd_control]: Position safety gate exceeded; requesting LAND horizontal=545.26 m vertical=0.78 m[0m
[31m[ERROR] [1786181056.845821142] [my_drone_dds_wasd_control]: Position safety gate exceeded; requesting LAND horizontal=545.52 m vertical=0.78 m[0m
[31m[ERROR] [1786181056.885571556] [my_drone_dds_wasd_control]: Position safety gate exceeded; requesting LAND horizontal=545.88 m vertical=0.78 m[0m
[31m[ERROR] [1786181056.929211793] [my_drone_dds_wasd_control]: Position safety gate exceeded; requesting LAND horizontal=546.14 m vertical=0.78 m[0m
[31m[ERROR] [1786181056.979981285] [my_drone_dds_wasd_control]: Position safety gate exceeded; requesting LAND horizontal=546.55 m vertical=0.78 m[0m
[31m[ERROR] [1786181057.031800615] [my_drone_dds_wasd_control]: Position safety gate exceeded; requesting LAND horizontal=546.82 m vertical=0.78 m[0m
[31m[ERROR] [1786181057.077937486] [my_drone_dds_wasd_control]: Position safety gate exceeded; requesting LAND horizontal=547.18 m vertical=0.77 m[0m
[31m[ERROR] [1786181057.128907336] [my_drone_dds_wasd_control]: Position safety gate exceeded; requesting LAND horizontal=547.44 m vertical=0.77 m[0m
[0m[INFO] [1786181057.185448166] [my_drone_dds_wasd_control]: STATE arm=2 nav=5 NED=(1.700,544.883,0.710) vel=(0.007,6.561,0.002) yaw_deg=-167.2 failsafe=True age_s=(0.27,0.00) arm_torque_nm=0.000 motors=[819.60,1000.00,817.53,1000.00,1000.00,1000.00,1000.00,1000.00][0m
[31m[ERROR] [1786181057.215366396] [my_drone_dds_wasd_control]: Position safety gate exceeded; requesting LAND horizontal=547.86 m vertical=0.77 m[0m
[31m[ERROR] [1786181057.242768397] [my_drone_dds_wasd_control]: Position safety gate exceeded; requesting LAND horizontal=547.86 m vertical=0.77 m[0m
[31m[ERROR] [1786181057.284028966] [my_drone_dds_wasd_control]: Position safety gate exceeded; requesting LAND horizontal=548.48 m vertical=0.77 m[0m
[31m[ERROR] [1786181057.331244665] [my_drone_dds_wasd_control]: Position safety gate exceeded; requesting LAND horizontal=548.74 m vertical=0.77 m[0m
[31m[ERROR] [1786181057.392376063] [my_drone_dds_wasd_control]: Position safety gate exceeded; requesting LAND horizontal=549.16 m vertical=0.77 m[0m
[31m[ERROR] [1786181057.435389871] [my_drone_dds_wasd_control]: Position safety gate exceeded; requesting LAND horizontal=549.42 m vertical=0.77 m[0m
[31m[ERROR] [1786181057.489018626] [my_drone_dds_wasd_control]: Position safety gate exceeded; requesting LAND horizontal=549.79 m vertical=0.77 m[0m
[31m[ERROR] [1786181057.533209487] [my_drone_dds_wasd_control]: Position safety gate exceeded; requesting LAND horizontal=550.05 m vertical=0.77 m[0m
[31m[ERROR] [1786181057.594199435] [my_drone_dds_wasd_control]: Position safety gate exceeded; requesting LAND horizontal=550.47 m vertical=0.77 m[0m
[31m[ERROR] [1786181057.635267269] [my_drone_dds_wasd_control]: Position safety gate exceeded; requesting LAND horizontal=550.73 m vertical=0.77 m[0m
[31m[ERROR] [1786181057.696499100] [my_drone_dds_wasd_control]: Position safety gate exceeded; requesting LAND horizontal=551.09 m vertical=0.77 m[0m
[31m[ERROR] [1786181057.730859211] [my_drone_dds_wasd_control]: Position safety gate exceeded; requesting LAND horizontal=551.35 m vertical=0.77 m[0m
[31m[ERROR] [1786181057.782088502] [my_drone_dds_wasd_control]: Position safety gate exceeded; requesting LAND horizontal=551.77 m vertical=0.77 m[0m
[31m[ERROR] [1786181057.834299988] [my_drone_dds_wasd_control]: Position safety gate exceeded; requesting LAND horizontal=552.03 m vertical=0.77 m[0m
[31m[ERROR] [1786181057.885399760] [my_drone_dds_wasd_control]: Position safety gate exceeded; requesting LAND horizontal=552.40 m vertical=0.77 m[0m
[31m[ERROR] [1786181057.932555885] [my_drone_dds_wasd_control]: Position safety gate exceeded; requesting LAND horizontal=552.66 m vertical=0.78 m[0m
[31m[ERROR] [1786181057.983806477] [my_drone_dds_wasd_control]: Position safety gate exceeded; requesting LAND horizontal=553.07 m vertical=0.78 m[0m
[31m[ERROR] [1786181058.036261243] [my_drone_dds_wasd_control]: Position safety gate exceeded; requesting LAND horizontal=553.33 m vertical=0.78 m[0m
[31m[ERROR] [1786181058.088640787] [my_drone_dds_wasd_control]: Position safety gate exceeded; requesting LAND horizontal=553.70 m vertical=0.78 m[0m
[31m[ERROR] [1786181058.131639932] [my_drone_dds_wasd_control]: Position safety gate exceeded; requesting LAND horizontal=553.96 m vertical=0.78 m[0m
[0m[INFO] [1786181058.183851445] [my_drone_dds_wasd_control]: STATE arm=2 nav=5 NED=(1.713,551.400,0.715) vel=(0.012,6.535,0.003) yaw_deg=-167.2 failsafe=True age_s=(0.27,0.00) arm_torque_nm=0.000 motors=[819.70,1000.00,817.63,1000.00,1000.00,1000.00,1000.00,1000.00][0m
[31m[ERROR] [1786181058.211174177] [my_drone_dds_wasd_control]: Position safety gate exceeded; requesting LAND horizontal=554.37 m vertical=0.78 m[0m
[31m[ERROR] [1786181058.241519070] [my_drone_dds_wasd_control]: Position safety gate exceeded; requesting LAND horizontal=554.37 m vertical=0.78 m[0m
[31m[ERROR] [1786181058.283740931] [my_drone_dds_wasd_control]: Position safety gate exceeded; requesting LAND horizontal=555.00 m vertical=0.78 m[0m
[31m[ERROR] [1786181058.331115359] [my_drone_dds_wasd_control]: Position safety gate exceeded; requesting LAND horizontal=555.26 m vertical=0.78 m[0m
[31m[ERROR] [1786181058.381602363] [my_drone_dds_wasd_control]: Position safety gate exceeded; requesting LAND horizontal=555.68 m vertical=0.78 m[0m
[31m[ERROR] [1786181058.431751369] [my_drone_dds_wasd_control]: Position safety gate exceeded; requesting LAND horizontal=555.94 m vertical=0.78 m[0m
[31m[ERROR] [1786181058.481448303] [my_drone_dds_wasd_control]: Position safety gate exceeded; requesting LAND horizontal=556.31 m vertical=0.78 m[0m
[31m[ERROR] [1786181058.536422191] [my_drone_dds_wasd_control]: Position safety gate exceeded; requesting LAND horizontal=556.57 m vertical=0.78 m[0m
[31m[ERROR] [1786181058.587978586] [my_drone_dds_wasd_control]: Position safety gate exceeded; requesting LAND horizontal=556.99 m vertical=0.78 m[0m
[31m[ERROR] [1786181058.635075700] [my_drone_dds_wasd_control]: Position safety gate exceeded; requesting LAND horizontal=557.25 m vertical=0.78 m[0m
[31m[ERROR] [1786181058.695190456] [my_drone_dds_wasd_control]: Position safety gate exceeded; requesting LAND horizontal=557.62 m vertical=0.78 m[0m
[31m[ERROR] [1786181058.735914745] [my_drone_dds_wasd_control]: Position safety gate exceeded; requesting LAND horizontal=557.88 m vertical=0.78 m[0m
[31m[ERROR] [1786181058.783158608] [my_drone_dds_wasd_control]: Position safety gate exceeded; requesting LAND horizontal=558.30 m vertical=0.78 m[0m
[31m[ERROR] [1786181058.839712797] [my_drone_dds_wasd_control]: Position safety gate exceeded; requesting LAND horizontal=558.56 m vertical=0.78 m[0m
[31m[ERROR] [1786181058.884438234] [my_drone_dds_wasd_control]: Position safety gate exceeded; requesting LAND horizontal=558.93 m vertical=0.78 m[0m
[31m[ERROR] [1786181058.935188048] [my_drone_dds_wasd_control]: Position safety gate exceeded; requesting LAND horizontal=559.19 m vertical=0.78 m[0m
[31m[ERROR] [1786181058.985135546] [my_drone_dds_wasd_control]: Position safety gate exceeded; requesting LAND horizontal=559.60 m vertical=0.78 m[0m
[31m[ERROR] [1786181059.029762196] [my_drone_dds_wasd_control]: Position safety gate exceeded; requesting LAND horizontal=559.86 m vertical=0.78 m[0m
[31m[ERROR] [1786181059.080767975] [my_drone_dds_wasd_control]: Position safety gate exceeded; requesting LAND horizontal=560.23 m vertical=0.78 m[0m
[31m[ERROR] [1786181059.130619561] [my_drone_dds_wasd_control]: Position safety gate exceeded; requesting LAND horizontal=560.49 m vertical=0.78 m[0m
[31m[ERROR] [1786181059.187532106] [my_drone_dds_wasd_control]: Position safety gate exceeded; requesting LAND horizontal=560.91 m vertical=0.78 m[0m
[0m[INFO] [1786181059.237292111] [my_drone_dds_wasd_control]: STATE arm=2 nav=5 NED=(1.719,558.203,0.720) vel=(0.010,6.543,0.003) yaw_deg=-167.2 failsafe=True age_s=(0.31,0.01) arm_torque_nm=0.000 motors=[819.76,1000.00,817.69,1000.00,1000.00,1000.00,1000.00,1000.00][0m
[31m[ERROR] [1786181059.267030648] [my_drone_dds_wasd_control]: Position safety gate exceeded; requesting LAND horizontal=561.18 m vertical=0.78 m[0m
[31m[ERROR] [1786181059.299994326] [my_drone_dds_wasd_control]: Position safety gate exceeded; requesting LAND horizontal=561.18 m vertical=0.78 m[0m
[31m[ERROR] [1786181059.332455550] [my_drone_dds_wasd_control]: Position safety gate exceeded; requesting LAND horizontal=561.81 m vertical=0.78 m[0m
[31m[ERROR] [1786181059.378529811] [my_drone_dds_wasd_control]: Position safety gate exceeded; requesting LAND horizontal=562.23 m vertical=0.79 m[0m
[31m[ERROR] [1786181059.434218928] [my_drone_dds_wasd_control]: Position safety gate exceeded; requesting LAND horizontal=562.49 m vertical=0.79 m[0m
[31m[ERROR] [1786181059.478631639] [my_drone_dds_wasd_control]: Position safety gate exceeded; requesting LAND horizontal=562.86 m vertical=0.79 m[0m
[31m[ERROR] [1786181059.538186779] [my_drone_dds_wasd_control]: Position safety gate exceeded; requesting LAND horizontal=563.12 m vertical=0.79 m[0m
[31m[ERROR] [1786181059.584670277] [my_drone_dds_wasd_control]: Position safety gate exceeded; requesting LAND horizontal=563.54 m vertical=0.79 m[0m
[31m[ERROR] [1786181059.628535083] [my_drone_dds_wasd_control]: Position safety gate exceeded; requesting LAND horizontal=563.80 m vertical=0.79 m[0m
[31m[ERROR] [1786181059.679367392] [my_drone_dds_wasd_control]: Position safety gate exceeded; requesting LAND horizontal=564.17 m vertical=0.79 m[0m
[31m[ERROR] [1786181059.728929271] [my_drone_dds_wasd_control]: Position safety gate exceeded; requesting LAND horizontal=564.43 m vertical=0.79 m[0m
[31m[ERROR] [1786181059.783685525] [my_drone_dds_wasd_control]: Position safety gate exceeded; requesting LAND horizontal=564.85 m vertical=0.79 m[0m
[31m[ERROR] [1786181059.834599895] [my_drone_dds_wasd_control]: Position safety gate exceeded; requesting LAND horizontal=565.11 m vertical=0.79 m[0m
[31m[ERROR] [1786181059.890069020] [my_drone_dds_wasd_control]: Position safety gate exceeded; requesting LAND horizontal=565.48 m vertical=0.79 m[0m
[31m[ERROR] [1786181059.934755385] [my_drone_dds_wasd_control]: Position safety gate exceeded; requesting LAND horizontal=565.74 m vertical=0.79 m[0m
[31m[ERROR] [1786181059.979600647] [my_drone_dds_wasd_control]: Position safety gate exceeded; requesting LAND horizontal=566.14 m vertical=0.79 m[0m
[31m[ERROR] [1786181060.030173721] [my_drone_dds_wasd_control]: Position safety gate exceeded; requesting LAND horizontal=566.40 m vertical=0.79 m[0m
[31m[ERROR] [1786181060.078185149] [my_drone_dds_wasd_control]: Position safety gate exceeded; requesting LAND horizontal=566.77 m vertical=0.80 m[0m
[31m[ERROR] [1786181060.128181002] [my_drone_dds_wasd_control]: Position safety gate exceeded; requesting LAND horizontal=567.03 m vertical=0.80 m[0m
[31m[ERROR] [1786181060.187692092] [my_drone_dds_wasd_control]: Position safety gate exceeded; requesting LAND horizontal=567.45 m vertical=0.80 m[0m
[0m[INFO] [1786181060.233779706] [my_drone_dds_wasd_control]: STATE arm=2 nav=5 NED=(1.727,564.733,0.734) vel=(0.011,6.569,0.008) yaw_deg=-167.2 failsafe=True age_s=(0.30,0.01) arm_torque_nm=0.000 motors=[819.94,1000.00,817.88,1000.00,1000.00,1000.00,1000.00,1000.00][0m
[31m[ERROR] [1786181060.261885620] [my_drone_dds_wasd_control]: Position safety gate exceeded; requesting LAND horizontal=567.71 m vertical=0.80 m[0m
[31m[ERROR] [1786181060.287223530] [my_drone_dds_wasd_control]: Position safety gate exceeded; requesting LAND horizontal=567.71 m vertical=0.80 m[0m
[31m[ERROR] [1786181060.334047125] [my_drone_dds_wasd_control]: Position safety gate exceeded; requesting LAND horizontal=568.33 m vertical=0.80 m[0m
[31m[ERROR] [1786181060.406758804] [my_drone_dds_wasd_control]: Position safety gate exceeded; requesting LAND horizontal=568.75 m vertical=0.80 m[0m
[31m[ERROR] [1786181060.437218375] [my_drone_dds_wasd_control]: Position safety gate exceeded; requesting LAND horizontal=569.01 m vertical=0.80 m[0m
[31m[ERROR] [1786181060.483804216] [my_drone_dds_wasd_control]: Position safety gate exceeded; requesting LAND horizontal=569.38 m vertical=0.80 m[0m
[31m[ERROR] [1786181060.534469565] [my_drone_dds_wasd_control]: Position safety gate exceeded; requesting LAND horizontal=569.64 m vertical=0.80 m[0m
[31m[ERROR] [1786181060.586825124] [my_drone_dds_wasd_control]: Position safety gate exceeded; requesting LAND horizontal=570.06 m vertical=0.80 m[0m
[31m[ERROR] [1786181060.633598351] [my_drone_dds_wasd_control]: Position safety gate exceeded; requesting LAND horizontal=570.32 m vertical=0.80 m[0m
[31m[ERROR] [1786181060.683794517] [my_drone_dds_wasd_control]: Position safety gate exceeded; requesting LAND horizontal=570.68 m vertical=0.80 m[0m
[31m[ERROR] [1786181060.738683466] [my_drone_dds_wasd_control]: Position safety gate exceeded; requesting LAND horizontal=570.95 m vertical=0.80 m[0m
[31m[ERROR] [1786181060.839398637] [my_drone_dds_wasd_control]: Position safety gate exceeded; requesting LAND horizontal=571.36 m vertical=0.80 m[0m
[31m[ERROR] [1786181060.911469458] [my_drone_dds_wasd_control]: Position safety gate exceeded; requesting LAND horizontal=571.36 m vertical=0.80 m[0m
[31m[ERROR] [1786181060.957349687] [my_drone_dds_wasd_control]: Position safety gate exceeded; requesting LAND horizontal=572.21 m vertical=0.79 m[0m
[31m[ERROR] [1786181061.016664926] [my_drone_dds_wasd_control]: Position safety gate exceeded; requesting LAND horizontal=572.21 m vertical=0.79 m[0m
[31m[ERROR] [1786181061.057551828] [my_drone_dds_wasd_control]: Position safety gate exceeded; requesting LAND horizontal=572.81 m vertical=0.79 m[0m
[31m[ERROR] [1786181061.083526201] [my_drone_dds_wasd_control]: Position safety gate exceeded; requesting LAND horizontal=573.11 m vertical=0.79 m[0m
[31m[ERROR] [1786181061.132435215] [my_drone_dds_wasd_control]: Position safety gate exceeded; requesting LAND horizontal=573.32 m vertical=0.79 m[0m
[31m[ERROR] [1786181061.191140405] [my_drone_dds_wasd_control]: Position safety gate exceeded; requesting LAND horizontal=573.69 m vertical=0.79 m[0m
[0m[INFO] [1786181061.237484932] [my_drone_dds_wasd_control]: STATE arm=2 nav=5 NED=(1.734,570.956,0.727) vel=(0.008,6.208,0.005) yaw_deg=-167.3 failsafe=True age_s=(0.19,0.01) arm_torque_nm=0.000 motors=[820.10,1000.00,818.06,1000.00,1000.00,1000.00,1000.00,1000.00][0m
[31m[ERROR] [1786181061.287407446] [my_drone_dds_wasd_control]: Position safety gate exceeded; requesting LAND horizontal=573.93 m vertical=0.79 m[0m
[31m[ERROR] [1786181061.315307384] [my_drone_dds_wasd_control]: Position safety gate exceeded; requesting LAND horizontal=573.93 m vertical=0.79 m[0m
[31m[ERROR] [1786181061.348583896] [my_drone_dds_wasd_control]: Position safety gate exceeded; requesting LAND horizontal=574.52 m vertical=0.79 m[0m
[31m[ERROR] [1786181061.383964588] [my_drone_dds_wasd_control]: Position safety gate exceeded; requesting LAND horizontal=574.92 m vertical=0.79 m[0m
[31m[ERROR] [1786181061.435846685] [my_drone_dds_wasd_control]: Position safety gate exceeded; requesting LAND horizontal=575.17 m vertical=0.79 m[0m
[31m[ERROR] [1786181061.489260826] [my_drone_dds_wasd_control]: Position safety gate exceeded; requesting LAND horizontal=575.42 m vertical=0.79 m[0m
[31m[ERROR] [1786181061.537973368] [my_drone_dds_wasd_control]: Position safety gate exceeded; requesting LAND horizontal=575.82 m vertical=0.79 m[0m
[31m[ERROR] [1786181061.584466259] [my_drone_dds_wasd_control]: Position safety gate exceeded; requesting LAND horizontal=576.16 m vertical=0.79 m[0m
[31m[ERROR] [1786181061.634133286] [my_drone_dds_wasd_control]: Position safety gate exceeded; requesting LAND horizontal=576.41 m vertical=0.79 m[0m
[31m[ERROR] [1786181061.682884054] [my_drone_dds_wasd_control]: Position safety gate exceeded; requesting LAND horizontal=576.76 m vertical=0.79 m[0m
[31m[ERROR] [1786181061.733590840] [my_drone_dds_wasd_control]: Position safety gate exceeded; requesting LAND horizontal=577.01 m vertical=0.79 m[0m
[31m[ERROR] [1786181061.789879541] [my_drone_dds_wasd_control]: Position safety gate exceeded; requesting LAND horizontal=577.41 m vertical=0.79 m[0m
[31m[ERROR] [1786181061.834547185] [my_drone_dds_wasd_control]: Position safety gate exceeded; requesting LAND horizontal=577.66 m vertical=0.79 m[0m
[31m[ERROR] [1786181061.882226648] [my_drone_dds_wasd_control]: Position safety gate exceeded; requesting LAND horizontal=578.02 m vertical=0.79 m[0m
[31m[ERROR] [1786181061.930820335] [my_drone_dds_wasd_control]: Position safety gate exceeded; requesting LAND horizontal=578.27 m vertical=0.79 m[0m
[31m[ERROR] [1786181061.978290099] [my_drone_dds_wasd_control]: Position safety gate exceeded; requesting LAND horizontal=578.66 m vertical=0.79 m[0m
[31m[ERROR] [1786181062.033724437] [my_drone_dds_wasd_control]: Position safety gate exceeded; requesting LAND horizontal=578.92 m vertical=0.79 m[0m
[31m[ERROR] [1786181062.084354456] [my_drone_dds_wasd_control]: Position safety gate exceeded; requesting LAND horizontal=579.17 m vertical=0.79 m[0m
[31m[ERROR] [1786181062.131904724] [my_drone_dds_wasd_control]: Position safety gate exceeded; requesting LAND horizontal=579.52 m vertical=0.79 m[0m
[31m[ERROR] [1786181062.189487283] [my_drone_dds_wasd_control]: Position safety gate exceeded; requesting LAND horizontal=579.77 m vertical=0.79 m[0m
[31m[ERROR] [1786181062.240138923] [my_drone_dds_wasd_control]: Position safety gate exceeded; requesting LAND horizontal=580.17 m vertical=0.79 m[0m
[0m[INFO] [1786181062.283691652] [my_drone_dds_wasd_control]: STATE arm=2 nav=5 NED=(1.725,577.449,0.730) vel=(0.004,6.257,0.006) yaw_deg=-167.3 failsafe=True age_s=(0.33,0.01) arm_torque_nm=0.000 motors=[819.99,1000.00,817.93,1000.00,1000.00,1000.00,1000.00,1000.00][0m
[31m[ERROR] [1786181062.306503753] [my_drone_dds_wasd_control]: Position safety gate exceeded; requesting LAND horizontal=580.42 m vertical=0.79 m[0m
[31m[ERROR] [1786181062.331638719] [my_drone_dds_wasd_control]: Position safety gate exceeded; requesting LAND horizontal=580.78 m vertical=0.79 m[0m
[31m[ERROR] [1786181062.377250138] [my_drone_dds_wasd_control]: Position safety gate exceeded; requesting LAND horizontal=581.03 m vertical=0.79 m[0m
[31m[ERROR] [1786181062.428196700] [my_drone_dds_wasd_control]: Position safety gate exceeded; requesting LAND horizontal=581.43 m vertical=0.79 m[0m
[31m[ERROR] [1786181062.477353498] [my_drone_dds_wasd_control]: Position safety gate exceeded; requesting LAND horizontal=581.69 m vertical=0.79 m[0m
[31m[ERROR] [1786181062.538851836] [my_drone_dds_wasd_control]: Position safety gate exceeded; requesting LAND horizontal=582.04 m vertical=0.79 m[0m
[31m[ERROR] [1786181062.582593388] [my_drone_dds_wasd_control]: Position safety gate exceeded; requesting LAND horizontal=582.29 m vertical=0.79 m[0m
[31m[ERROR] [1786181062.630683496] [my_drone_dds_wasd_control]: Position safety gate exceeded; requesting LAND horizontal=582.70 m vertical=0.79 m[0m
[31m[ERROR] [1786181062.682826169] [my_drone_dds_wasd_control]: Position safety gate exceeded; requesting LAND horizontal=582.95 m vertical=0.79 m[0m
[31m[ERROR] [1786181062.732335632] [my_drone_dds_wasd_control]: Position safety gate exceeded; requesting LAND horizontal=583.30 m vertical=0.79 m[0m
[31m[ERROR] [1786181062.785219143] [my_drone_dds_wasd_control]: Position safety gate exceeded; requesting LAND horizontal=583.55 m vertical=0.79 m[0m
[31m[ERROR] [1786181062.834032933] [my_drone_dds_wasd_control]: Position safety gate exceeded; requesting LAND horizontal=583.96 m vertical=0.79 m[0m
[31m[ERROR] [1786181062.883913874] [my_drone_dds_wasd_control]: Position safety gate exceeded; requesting LAND horizontal=584.21 m vertical=0.80 m[0m
[31m[ERROR] [1786181062.932910707] [my_drone_dds_wasd_control]: Position safety gate exceeded; requesting LAND horizontal=584.56 m vertical=0.80 m[0m
[31m[ERROR] [1786181062.979013801] [my_drone_dds_wasd_control]: Position safety gate exceeded; requesting LAND horizontal=584.80 m vertical=0.80 m[0m
[31m[ERROR] [1786181063.031741702] [my_drone_dds_wasd_control]: Position safety gate exceeded; requesting LAND horizontal=585.21 m vertical=0.80 m[0m
[31m[ERROR] [1786181063.078743679] [my_drone_dds_wasd_control]: Position safety gate exceeded; requesting LAND horizontal=585.46 m vertical=0.80 m[0m
[31m[ERROR] [1786181063.131796081] [my_drone_dds_wasd_control]: Position safety gate exceeded; requesting LAND horizontal=585.81 m vertical=0.80 m[0m
[31m[ERROR] [1786181063.190350160] [my_drone_dds_wasd_control]: Position safety gate exceeded; requesting LAND horizontal=586.06 m vertical=0.80 m[0m
[31m[ERROR] [1786181063.236785866] [my_drone_dds_wasd_control]: Position safety gate exceeded; requesting LAND horizontal=586.47 m vertical=0.80 m[0m
[0m[INFO] [1786181063.282665104] [my_drone_dds_wasd_control]: STATE arm=2 nav=5 NED=(1.711,583.745,0.733) vel=(-0.001,6.319,0.007) yaw_deg=-167.3 failsafe=True age_s=(0.32,0.01) arm_torque_nm=0.000 motors=[820.07,1000.00,818.03,1000.00,1000.00,1000.00,1000.00,1000.00][0m
[31m[ERROR] [1786181063.306134654] [my_drone_dds_wasd_control]: Position safety gate exceeded; requesting LAND horizontal=586.72 m vertical=0.80 m[0m
[31m[ERROR] [1786181063.331602469] [my_drone_dds_wasd_control]: Position safety gate exceeded; requesting LAND horizontal=587.07 m vertical=0.80 m[0m
[31m[ERROR] [1786181063.379095083] [my_drone_dds_wasd_control]: Position safety gate exceeded; requesting LAND horizontal=587.33 m vertical=0.80 m[0m
[31m[ERROR] [1786181063.434618537] [my_drone_dds_wasd_control]: Position safety gate exceeded; requesting LAND horizontal=587.73 m vertical=0.79 m[0m
[31m[ERROR] [1786181063.485674245] [my_drone_dds_wasd_control]: Position safety gate exceeded; requesting LAND horizontal=587.98 m vertical=0.79 m[0m
[31m[ERROR] [1786181063.533369987] [my_drone_dds_wasd_control]: Position safety gate exceeded; requesting LAND horizontal=588.34 m vertical=0.79 m[0m
[31m[ERROR] [1786181063.583863278] [my_drone_dds_wasd_control]: Position safety gate exceeded; requesting LAND horizontal=588.59 m vertical=0.79 m[0m
[31m[ERROR] [1786181063.630420093] [my_drone_dds_wasd_control]: Position safety gate exceeded; requesting LAND horizontal=589.00 m vertical=0.79 m[0m
[31m[ERROR] [1786181063.685124587] [my_drone_dds_wasd_control]: Position safety gate exceeded; requesting LAND horizontal=589.25 m vertical=0.79 m[0m
[31m[ERROR] [1786181063.738095034] [my_drone_dds_wasd_control]: Position safety gate exceeded; requesting LAND horizontal=589.60 m vertical=0.79 m[0m
[31m[ERROR] [1786181063.787258150] [my_drone_dds_wasd_control]: Position safety gate exceeded; requesting LAND horizontal=589.86 m vertical=0.79 m[0m
[31m[ERROR] [1786181063.836777660] [my_drone_dds_wasd_control]: Position safety gate exceeded; requesting LAND horizontal=590.26 m vertical=0.79 m[0m
[31m[ERROR] [1786181063.887096636] [my_drone_dds_wasd_control]: Position safety gate exceeded; requesting LAND horizontal=590.52 m vertical=0.79 m[0m
[31m[ERROR] [1786181063.932351754] [my_drone_dds_wasd_control]: Position safety gate exceeded; requesting LAND horizontal=590.87 m vertical=0.79 m[0m
[31m[ERROR] [1786181063.977173039] [my_drone_dds_wasd_control]: Position safety gate exceeded; requesting LAND horizontal=591.12 m vertical=0.79 m[0m
[31m[ERROR] [1786181064.029058862] [my_drone_dds_wasd_control]: Position safety gate exceeded; requesting LAND horizontal=591.52 m vertical=0.79 m[0m
[31m[ERROR] [1786181064.082859675] [my_drone_dds_wasd_control]: Position safety gate exceeded; requesting LAND horizontal=591.77 m vertical=0.79 m[0m
[31m[ERROR] [1786181064.134864305] [my_drone_dds_wasd_control]: Position safety gate exceeded; requesting LAND horizontal=592.13 m vertical=0.79 m[0m
[31m[ERROR] [1786181064.183792237] [my_drone_dds_wasd_control]: Position safety gate exceeded; requesting LAND horizontal=592.38 m vertical=0.79 m[0m
[31m[ERROR] [1786181064.252768678] [my_drone_dds_wasd_control]: Position safety gate exceeded; requesting LAND horizontal=592.79 m vertical=0.79 m[0m
[31m[ERROR] [1786181064.284322494] [my_drone_dds_wasd_control]: Position safety gate exceeded; requesting LAND horizontal=593.04 m vertical=0.79 m[0m
[0m[INFO] [1786181064.333846746] [my_drone_dds_wasd_control]: STATE arm=2 nav=5 NED=(1.706,590.426,0.729) vel=(-0.005,6.376,0.005) yaw_deg=-167.3 failsafe=True age_s=(0.36,0.00) arm_torque_nm=0.000 motors=[820.22,1000.00,818.17,1000.00,1000.00,1000.00,1000.00,1000.00][0m
[31m[ERROR] [1786181064.361926245] [my_drone_dds_wasd_control]: Position safety gate exceeded; requesting LAND horizontal=593.40 m vertical=0.79 m[0m
[31m[ERROR] [1786181064.394872407] [my_drone_dds_wasd_control]: Position safety gate exceeded; requesting LAND horizontal=593.40 m vertical=0.79 m[0m
[31m[ERROR] [1786181064.432750688] [my_drone_dds_wasd_control]: Position safety gate exceeded; requesting LAND horizontal=594.06 m vertical=0.79 m[0m
[31m[ERROR] [1786181064.478526407] [my_drone_dds_wasd_control]: Position safety gate exceeded; requesting LAND horizontal=594.31 m vertical=0.79 m[0m
[31m[ERROR] [1786181064.531588029] [my_drone_dds_wasd_control]: Position safety gate exceeded; requesting LAND horizontal=594.67 m vertical=0.79 m[0m
[31m[ERROR] [1786181064.583061289] [my_drone_dds_wasd_control]: Position safety gate exceeded; requesting LAND horizontal=594.93 m vertical=0.79 m[0m
[31m[ERROR] [1786181064.629722867] [my_drone_dds_wasd_control]: Position safety gate exceeded; requesting LAND horizontal=595.33 m vertical=0.79 m[0m
[31m[ERROR] [1786181064.686264441] [my_drone_dds_wasd_control]: Position safety gate exceeded; requesting LAND horizontal=595.59 m vertical=0.79 m[0m
[31m[ERROR] [1786181064.731830324] [my_drone_dds_wasd_control]: Position safety gate exceeded; requesting LAND horizontal=595.94 m vertical=0.79 m[0m
[31m[ERROR] [1786181064.789123577] [my_drone_dds_wasd_control]: Position safety gate exceeded; requesting LAND horizontal=596.20 m vertical=0.79 m[0m
[31m[ERROR] [1786181064.831172460] [my_drone_dds_wasd_control]: Position safety gate exceeded; requesting LAND horizontal=596.60 m vertical=0.79 m[0m
[31m[ERROR] [1786181064.885642555] [my_drone_dds_wasd_control]: Position safety gate exceeded; requesting LAND horizontal=596.86 m vertical=0.79 m[0m
[31m[ERROR] [1786181064.932712500] [my_drone_dds_wasd_control]: Position safety gate exceeded; requesting LAND horizontal=597.21 m vertical=0.79 m[0m
[31m[ERROR] [1786181064.992019920] [my_drone_dds_wasd_control]: Position safety gate exceeded; requesting LAND horizontal=597.46 m vertical=0.79 m[0m
[31m[ERROR] [1786181065.034032954] [my_drone_dds_wasd_control]: Position safety gate exceeded; requesting LAND horizontal=597.86 m vertical=0.79 m[0m
[31m[ERROR] [1786181065.084090048] [my_drone_dds_wasd_control]: Position safety gate exceeded; requesting LAND horizontal=598.12 m vertical=0.79 m[0m
[31m[ERROR] [1786181065.142076465] [my_drone_dds_wasd_control]: Position safety gate exceeded; requesting LAND horizontal=598.47 m vertical=0.79 m[0m
[31m[ERROR] [1786181065.188388469] [my_drone_dds_wasd_control]: Position safety gate exceeded; requesting LAND horizontal=598.73 m vertical=0.79 m[0m
[31m[ERROR] [1786181065.236325829] [my_drone_dds_wasd_control]: Position safety gate exceeded; requesting LAND horizontal=599.13 m vertical=0.79 m[0m
[31m[ERROR] [1786181065.300129214] [my_drone_dds_wasd_control]: Position safety gate exceeded; requesting LAND horizontal=599.39 m vertical=0.79 m[0m
[0m[INFO] [1786181065.339483913] [my_drone_dds_wasd_control]: STATE arm=2 nav=5 NED=(1.697,596.771,0.726) vel=(-0.007,6.362,0.005) yaw_deg=-167.4 failsafe=True age_s=(0.35,0.00) arm_torque_nm=0.000 motors=[820.30,1000.00,818.26,1000.00,1000.00,1000.00,1000.00,1000.00][0m
[31m[ERROR] [1786181065.374075984] [my_drone_dds_wasd_control]: Position safety gate exceeded; requesting LAND horizontal=599.75 m vertical=0.79 m[0m
[31m[ERROR] [1786181065.403030238] [my_drone_dds_wasd_control]: Position safety gate exceeded; requesting LAND horizontal=599.75 m vertical=0.79 m[0m
[31m[ERROR] [1786181065.437315869] [my_drone_dds_wasd_control]: Position safety gate exceeded; requesting LAND horizontal=600.41 m vertical=0.79 m[0m
[31m[ERROR] [1786181065.491118294] [my_drone_dds_wasd_control]: Position safety gate exceeded; requesting LAND horizontal=600.66 m vertical=0.79 m[0m
[31m[ERROR] [1786181065.548531277] [my_drone_dds_wasd_control]: Position safety gate exceeded; requesting LAND horizontal=601.02 m vertical=0.79 m[0m
[31m[ERROR] [1786181065.587331023] [my_drone_dds_wasd_control]: Position safety gate exceeded; requesting LAND horizontal=601.27 m vertical=0.79 m[0m
[31m[ERROR] [1786181065.637180587] [my_drone_dds_wasd_control]: Position safety gate exceeded; requesting LAND horizontal=601.68 m vertical=0.79 m[0m
[31m[ERROR] [1786181065.688163538] [my_drone_dds_wasd_control]: Position safety gate exceeded; requesting LAND horizontal=601.94 m vertical=0.79 m[0m
[31m[ERROR] [1786181065.735442047] [my_drone_dds_wasd_control]: Position safety gate exceeded; requesting LAND horizontal=602.29 m vertical=0.79 m[0m
[31m[ERROR] [1786181065.781854362] [my_drone_dds_wasd_control]: Position safety gate exceeded; requesting LAND horizontal=602.55 m vertical=0.79 m[0m
[31m[ERROR] [1786181065.831286143] [my_drone_dds_wasd_control]: Position safety gate exceeded; requesting LAND horizontal=602.96 m vertical=0.80 m[0m
[31m[ERROR] [1786181065.886351703] [my_drone_dds_wasd_control]: Position safety gate exceeded; requesting LAND horizontal=603.22 m vertical=0.80 m[0m
[31m[ERROR] [1786181065.939519985] [my_drone_dds_wasd_control]: Position safety gate exceeded; requesting LAND horizontal=603.57 m vertical=0.80 m[0m
[31m[ERROR] [1786181065.981883956] [my_drone_dds_wasd_control]: Position safety gate exceeded; requesting LAND horizontal=603.82 m vertical=0.80 m[0m
[31m[ERROR] [1786181066.027040255] [my_drone_dds_wasd_control]: Position safety gate exceeded; requesting LAND horizontal=604.23 m vertical=0.80 m[0m
[31m[ERROR] [1786181066.094954161] [my_drone_dds_wasd_control]: Position safety gate exceeded; requesting LAND horizontal=604.48 m vertical=0.80 m[0m
[31m[ERROR] [1786181066.136643617] [my_drone_dds_wasd_control]: Position safety gate exceeded; requesting LAND horizontal=604.84 m vertical=0.80 m[0m
[31m[ERROR] [1786181066.185790305] [my_drone_dds_wasd_control]: Position safety gate exceeded; requesting LAND horizontal=605.10 m vertical=0.80 m[0m
[31m[ERROR] [1786181066.231845265] [my_drone_dds_wasd_control]: Position safety gate exceeded; requesting LAND horizontal=605.51 m vertical=0.80 m[0m
[31m[ERROR] [1786181066.282317048] [my_drone_dds_wasd_control]: Position safety gate exceeded; requesting LAND horizontal=605.76 m vertical=0.80 m[0m
[31m[ERROR] [1786181066.336168328] [my_drone_dds_wasd_control]: Position safety gate exceeded; requesting LAND horizontal=606.12 m vertical=0.80 m[0m
[0m[INFO] [1786181066.380618422] [my_drone_dds_wasd_control]: STATE arm=2 nav=5 NED=(1.704,603.405,0.732) vel=(-0.003,6.429,0.006) yaw_deg=-167.4 failsafe=True age_s=(0.38,0.01) arm_torque_nm=0.000 motors=[820.09,1000.00,818.05,1000.00,1000.00,1000.00,1000.00,1000.00][0m
[31m[ERROR] [1786181066.403820787] [my_drone_dds_wasd_control]: Position safety gate exceeded; requesting LAND horizontal=606.38 m vertical=0.80 m[0m
[31m[ERROR] [1786181066.432895662] [my_drone_dds_wasd_control]: Position safety gate exceeded; requesting LAND horizontal=606.79 m vertical=0.80 m[0m
[31m[ERROR] [1786181066.481929904] [my_drone_dds_wasd_control]: Position safety gate exceeded; requesting LAND horizontal=607.05 m vertical=0.79 m[0m
[31m[ERROR] [1786181066.530713215] [my_drone_dds_wasd_control]: Position safety gate exceeded; requesting LAND horizontal=607.41 m vertical=0.79 m[0m
[31m[ERROR] [1786181066.586831173] [my_drone_dds_wasd_control]: Position safety gate exceeded; requesting LAND horizontal=607.67 m vertical=0.79 m[0m
[31m[ERROR] [1786181066.636205922] [my_drone_dds_wasd_control]: Position safety gate exceeded; requesting LAND horizontal=608.08 m vertical=0.79 m[0m
[31m[ERROR] [1786181066.681967056] [my_drone_dds_wasd_control]: Position safety gate exceeded; requesting LAND horizontal=608.33 m vertical=0.79 m[0m
[31m[ERROR] [1786181066.731838503] [my_drone_dds_wasd_control]: Position safety gate exceeded; requesting LAND horizontal=608.69 m vertical=0.79 m[0m
[31m[ERROR] [1786181066.781145300] [my_drone_dds_wasd_control]: Position safety gate exceeded; requesting LAND horizontal=608.95 m vertical=0.79 m[0m
[31m[ERROR] [1786181066.827964679] [my_drone_dds_wasd_control]: Position safety gate exceeded; requesting LAND horizontal=609.36 m vertical=0.79 m[0m
[31m[ERROR] [1786181066.887673739] [my_drone_dds_wasd_control]: Position safety gate exceeded; requesting LAND horizontal=609.62 m vertical=0.79 m[0m
[31m[ERROR] [1786181066.931412657] [my_drone_dds_wasd_control]: Position safety gate exceeded; requesting LAND horizontal=609.98 m vertical=0.79 m[0m
[31m[ERROR] [1786181066.981911758] [my_drone_dds_wasd_control]: Position safety gate exceeded; requesting LAND horizontal=610.23 m vertical=0.79 m[0m
[31m[ERROR] [1786181067.027618396] [my_drone_dds_wasd_control]: Position safety gate exceeded; requesting LAND horizontal=610.64 m vertical=0.79 m[0m
[31m[ERROR] [1786181067.079371033] [my_drone_dds_wasd_control]: Position safety gate exceeded; requesting LAND horizontal=610.90 m vertical=0.79 m[0m
[31m[ERROR] [1786181067.128680589] [my_drone_dds_wasd_control]: Position safety gate exceeded; requesting LAND horizontal=611.26 m vertical=0.78 m[0m
[31m[ERROR] [1786181067.209563379] [my_drone_dds_wasd_control]: Position safety gate exceeded; requesting LAND horizontal=611.52 m vertical=0.78 m[0m
[31m[ERROR] [1786181067.241540898] [my_drone_dds_wasd_control]: Position safety gate exceeded; requesting LAND horizontal=611.52 m vertical=0.78 m[0m
[31m[ERROR] [1786181067.284581473] [my_drone_dds_wasd_control]: Position safety gate exceeded; requesting LAND horizontal=612.19 m vertical=0.78 m[0m
[31m[ERROR] [1786181067.330785277] [my_drone_dds_wasd_control]: Position safety gate exceeded; requesting LAND horizontal=612.55 m vertical=0.78 m[0m
[0m[INFO] [1786181067.381030424] [my_drone_dds_wasd_control]: STATE arm=2 nav=5 NED=(1.721,609.835,0.717) vel=(0.007,6.439,0.000) yaw_deg=-167.5 failsafe=True age_s=(0.38,0.01) arm_torque_nm=0.000 motors=[820.25,1000.00,818.21,1000.00,1000.00,1000.00,1000.00,1000.00][0m
[31m[ERROR] [1786181067.405702838] [my_drone_dds_wasd_control]: Position safety gate exceeded; requesting LAND horizontal=612.81 m vertical=0.78 m[0m
[31m[ERROR] [1786181067.433248251] [my_drone_dds_wasd_control]: Position safety gate exceeded; requesting LAND horizontal=613.22 m vertical=0.78 m[0m
[31m[ERROR] [1786181067.487146451] [my_drone_dds_wasd_control]: Position safety gate exceeded; requesting LAND horizontal=613.48 m vertical=0.78 m[0m
[31m[ERROR] [1786181067.536165683] [my_drone_dds_wasd_control]: Position safety gate exceeded; requesting LAND horizontal=613.84 m vertical=0.78 m[0m
[31m[ERROR] [1786181067.582309603] [my_drone_dds_wasd_control]: Position safety gate exceeded; requesting LAND horizontal=614.10 m vertical=0.78 m[0m
[31m[ERROR] [1786181067.627193576] [my_drone_dds_wasd_control]: Position safety gate exceeded; requesting LAND horizontal=614.52 m vertical=0.78 m[0m
[31m[ERROR] [1786181067.685214454] [my_drone_dds_wasd_control]: Position safety gate exceeded; requesting LAND horizontal=614.77 m vertical=0.78 m[0m
[31m[ERROR] [1786181067.730249462] [my_drone_dds_wasd_control]: Position safety gate exceeded; requesting LAND horizontal=615.14 m vertical=0.78 m[0m
[31m[ERROR] [1786181067.779220099] [my_drone_dds_wasd_control]: Position safety gate exceeded; requesting LAND horizontal=615.39 m vertical=0.78 m[0m
[31m[ERROR] [1786181067.837059526] [my_drone_dds_wasd_control]: Position safety gate exceeded; requesting LAND horizontal=615.81 m vertical=0.78 m[0m
[31m[ERROR] [1786181067.890865057] [my_drone_dds_wasd_control]: Position safety gate exceeded; requesting LAND horizontal=616.07 m vertical=0.78 m[0m
[31m[ERROR] [1786181067.931728018] [my_drone_dds_wasd_control]: Position safety gate exceeded; requesting LAND horizontal=616.43 m vertical=0.78 m[0m
[31m[ERROR] [1786181067.978385346] [my_drone_dds_wasd_control]: Position safety gate exceeded; requesting LAND horizontal=616.68 m vertical=0.78 m[0m
[31m[ERROR] [1786181068.030116410] [my_drone_dds_wasd_control]: Position safety gate exceeded; requesting LAND horizontal=617.08 m vertical=0.78 m[0m
[31m[ERROR] [1786181068.077136462] [my_drone_dds_wasd_control]: Position safety gate exceeded; requesting LAND horizontal=617.34 m vertical=0.78 m[0m
[31m[ERROR] [1786181068.128002923] [my_drone_dds_wasd_control]: Position safety gate exceeded; requesting LAND horizontal=617.70 m vertical=0.78 m[0m
[31m[ERROR] [1786181068.180463399] [my_drone_dds_wasd_control]: Position safety gate exceeded; requesting LAND horizontal=617.96 m vertical=0.78 m[0m
[31m[ERROR] [1786181068.232570763] [my_drone_dds_wasd_control]: Position safety gate exceeded; requesting LAND horizontal=618.37 m vertical=0.78 m[0m
[31m[ERROR] [1786181068.282805621] [my_drone_dds_wasd_control]: Position safety gate exceeded; requesting LAND horizontal=618.63 m vertical=0.78 m[0m
[31m[ERROR] [1786181068.343359488] [my_drone_dds_wasd_control]: Position safety gate exceeded; requesting LAND horizontal=618.99 m vertical=0.78 m[0m
[31m[ERROR] [1786181068.381862621] [my_drone_dds_wasd_control]: Position safety gate exceeded; requesting LAND horizontal=619.25 m vertical=0.78 m[0m
[0m[INFO] [1786181068.431677790] [my_drone_dds_wasd_control]: STATE arm=2 nav=5 NED=(1.721,616.687,0.718) vel=(0.003,6.464,0.002) yaw_deg=-167.5 failsafe=True age_s=(0.43,0.00) arm_torque_nm=0.000 motors=[820.27,1000.00,818.25,999.83,1000.00,1000.00,1000.00,1000.00][0m
[31m[ERROR] [1786181068.457395984] [my_drone_dds_wasd_control]: Position safety gate exceeded; requesting LAND horizontal=619.66 m vertical=0.78 m[0m
[31m[ERROR] [1786181068.484344815] [my_drone_dds_wasd_control]: Position safety gate exceeded; requesting LAND horizontal=619.66 m vertical=0.78 m[0m
[31m[ERROR] [1786181068.536007384] [my_drone_dds_wasd_control]: Position safety gate exceeded; requesting LAND horizontal=620.28 m vertical=0.78 m[0m
[31m[ERROR] [1786181068.588748872] [my_drone_dds_wasd_control]: Position safety gate exceeded; requesting LAND horizontal=620.54 m vertical=0.78 m[0m
[31m[ERROR] [1786181068.627366533] [my_drone_dds_wasd_control]: Position safety gate exceeded; requesting LAND horizontal=620.95 m vertical=0.78 m[0m
[31m[ERROR] [1786181068.678792043] [my_drone_dds_wasd_control]: Position safety gate exceeded; requesting LAND horizontal=621.21 m vertical=0.78 m[0m
[31m[ERROR] [1786181068.730190408] [my_drone_dds_wasd_control]: Position safety gate exceeded; requesting LAND horizontal=621.57 m vertical=0.78 m[0m
[31m[ERROR] [1786181068.778941447] [my_drone_dds_wasd_control]: Position safety gate exceeded; requesting LAND horizontal=621.83 m vertical=0.78 m[0m
[31m[ERROR] [1786181068.835202096] [my_drone_dds_wasd_control]: Position safety gate exceeded; requesting LAND horizontal=622.24 m vertical=0.78 m[0m
[31m[ERROR] [1786181068.884301858] [my_drone_dds_wasd_control]: Position safety gate exceeded; requesting LAND horizontal=622.50 m vertical=0.79 m[0m
[31m[ERROR] [1786181068.949876007] [my_drone_dds_wasd_control]: Position safety gate exceeded; requesting LAND horizontal=622.86 m vertical=0.79 m[0m
[31m[ERROR] [1786181068.998908591] [my_drone_dds_wasd_control]: Position safety gate exceeded; requesting LAND horizontal=623.11 m vertical=0.79 m[0m
[31m[ERROR] [1786181069.033743122] [my_drone_dds_wasd_control]: Position safety gate exceeded; requesting LAND horizontal=623.51 m vertical=0.79 m[0m
[31m[ERROR] [1786181069.078379146] [my_drone_dds_wasd_control]: Position safety gate exceeded; requesting LAND horizontal=623.77 m vertical=0.79 m[0m
[31m[ERROR] [1786181069.130843785] [my_drone_dds_wasd_control]: Position safety gate exceeded; requesting LAND horizontal=624.13 m vertical=0.79 m[0m
[31m[ERROR] [1786181069.178949462] [my_drone_dds_wasd_control]: Position safety gate exceeded; requesting LAND horizontal=624.39 m vertical=0.79 m[0m
[31m[ERROR] [1786181069.234437468] [my_drone_dds_wasd_control]: Position safety gate exceeded; requesting LAND horizontal=624.80 m vertical=0.79 m[0m
[31m[ERROR] [1786181069.283104128] [my_drone_dds_wasd_control]: Position safety gate exceeded; requesting LAND horizontal=625.06 m vertical=0.79 m[0m
[31m[ERROR] [1786181069.333326722] [my_drone_dds_wasd_control]: Position safety gate exceeded; requesting LAND horizontal=625.42 m vertical=0.79 m[0m
[31m[ERROR] [1786181069.380898305] [my_drone_dds_wasd_control]: Position safety gate exceeded; requesting LAND horizontal=625.68 m vertical=0.79 m[0m
[31m[ERROR] [1786181069.438242549] [my_drone_dds_wasd_control]: Position safety gate exceeded; requesting LAND horizontal=626.10 m vertical=0.78 m[0m
[0m[INFO] [1786181069.480577933] [my_drone_dds_wasd_control]: STATE arm=2 nav=5 NED=(1.709,623.379,0.721) vel=(0.000,6.476,0.003) yaw_deg=-167.5 failsafe=True age_s=(0.46,0.01) arm_torque_nm=0.000 motors=[820.46,1000.00,818.43,1000.00,1000.00,1000.00,1000.00,1000.00][0m
[31m[ERROR] [1786181069.502275541] [my_drone_dds_wasd_control]: Position safety gate exceeded; requesting LAND horizontal=626.35 m vertical=0.78 m[0m
[31m[ERROR] [1786181069.547440801] [my_drone_dds_wasd_control]: Position safety gate exceeded; requesting LAND horizontal=626.72 m vertical=0.78 m[0m
[31m[ERROR] [1786181069.583341018] [my_drone_dds_wasd_control]: Position safety gate exceeded; requesting LAND horizontal=626.98 m vertical=0.78 m[0m
[31m[ERROR] [1786181069.636057806] [my_drone_dds_wasd_control]: Position safety gate exceeded; requesting LAND horizontal=627.39 m vertical=0.78 m[0m
[31m[ERROR] [1786181069.682807493] [my_drone_dds_wasd_control]: Position safety gate exceeded; requesting LAND horizontal=627.65 m vertical=0.78 m[0m
[31m[ERROR] [1786181069.738578256] [my_drone_dds_wasd_control]: Position safety gate exceeded; requesting LAND horizontal=628.01 m vertical=0.78 m[0m
[31m[ERROR] [1786181069.783647351] [my_drone_dds_wasd_control]: Position safety gate exceeded; requesting LAND horizontal=628.27 m vertical=0.78 m[0m
[31m[ERROR] [1786181069.841882135] [my_drone_dds_wasd_control]: Position safety gate exceeded; requesting LAND horizontal=628.68 m vertical=0.78 m[0m
[31m[ERROR] [1786181069.884020060] [my_drone_dds_wasd_control]: Position safety gate exceeded; requesting LAND horizontal=628.94 m vertical=0.78 m[0m
[31m[ERROR] [1786181069.936053681] [my_drone_dds_wasd_control]: Position safety gate exceeded; requesting LAND horizontal=629.30 m vertical=0.78 m[0m
[31m[ERROR] [1786181069.984048965] [my_drone_dds_wasd_control]: Position safety gate exceeded; requesting LAND horizontal=629.56 m vertical=0.78 m[0m
[31m[ERROR] [1786181070.037092747] [my_drone_dds_wasd_control]: Position safety gate exceeded; requesting LAND horizontal=629.97 m vertical=0.78 m[0m
[31m[ERROR] [1786181070.086038647] [my_drone_dds_wasd_control]: Position safety gate exceeded; requesting LAND horizontal=630.23 m vertical=0.78 m[0m
[31m[ERROR] [1786181070.143649900] [my_drone_dds_wasd_control]: Position safety gate exceeded; requesting LAND horizontal=630.59 m vertical=0.77 m[0m
[31m[ERROR] [1786181070.191419489] [my_drone_dds_wasd_control]: Position safety gate exceeded; requesting LAND horizontal=630.85 m vertical=0.77 m[0m
[31m[ERROR] [1786181070.242517424] [my_drone_dds_wasd_control]: Position safety gate exceeded; requesting LAND horizontal=631.27 m vertical=0.77 m[0m
[31m[ERROR] [1786181070.282554253] [my_drone_dds_wasd_control]: Position safety gate exceeded; requesting LAND horizontal=631.52 m vertical=0.77 m[0m
[31m[ERROR] [1786181070.329652264] [my_drone_dds_wasd_control]: Position safety gate exceeded; requesting LAND horizontal=631.89 m vertical=0.77 m[0m
[31m[ERROR] [1786181070.378154406] [my_drone_dds_wasd_control]: Position safety gate exceeded; requesting LAND horizontal=632.15 m vertical=0.77 m[0m
[31m[ERROR] [1786181070.428982861] [my_drone_dds_wasd_control]: Position safety gate exceeded; requesting LAND horizontal=632.56 m vertical=0.77 m[0m
[0m[INFO] [1786181070.486728352] [my_drone_dds_wasd_control]: STATE arm=2 nav=5 NED=(1.694,629.849,0.706) vel=(-0.009,6.511,-0.001) yaw_deg=-167.5 failsafe=True age_s=(0.46,0.01) arm_torque_nm=0.000 motors=[820.71,1000.00,818.69,999.49,1000.00,1000.00,1000.00,1000.00][0m
[31m[ERROR] [1786181070.515248100] [my_drone_dds_wasd_control]: Position safety gate exceeded; requesting LAND horizontal=632.82 m vertical=0.77 m[0m
[31m[ERROR] [1786181070.543119146] [my_drone_dds_wasd_control]: Position safety gate exceeded; requesting LAND horizontal=632.82 m vertical=0.77 m[0m
[31m[ERROR] [1786181070.593867424] [my_drone_dds_wasd_control]: Position safety gate exceeded; requesting LAND horizontal=633.45 m vertical=0.77 m[0m
[31m[ERROR] [1786181070.633176823] [my_drone_dds_wasd_control]: Position safety gate exceeded; requesting LAND horizontal=633.86 m vertical=0.77 m[0m
[31m[ERROR] [1786181070.681357100] [my_drone_dds_wasd_control]: Position safety gate exceeded; requesting LAND horizontal=634.12 m vertical=0.77 m[0m
[31m[ERROR] [1786181070.734927085] [my_drone_dds_wasd_control]: Position safety gate exceeded; requesting LAND horizontal=634.49 m vertical=0.77 m[0m
[31m[ERROR] [1786181070.782692448] [my_drone_dds_wasd_control]: Position safety gate exceeded; requesting LAND horizontal=634.75 m vertical=0.77 m[0m
[31m[ERROR] [1786181070.827798390] [my_drone_dds_wasd_control]: Position safety gate exceeded; requesting LAND horizontal=635.17 m vertical=0.77 m[0m
[31m[ERROR] [1786181070.883523618] [my_drone_dds_wasd_control]: Position safety gate exceeded; requesting LAND horizontal=635.43 m vertical=0.77 m[0m
[31m[ERROR] [1786181070.937283548] [my_drone_dds_wasd_control]: Position safety gate exceeded; requesting LAND horizontal=635.79 m vertical=0.77 m[0m
[31m[ERROR] [1786181070.982113004] [my_drone_dds_wasd_control]: Position safety gate exceeded; requesting LAND horizontal=636.04 m vertical=0.77 m[0m
[31m[ERROR] [1786181071.029680954] [my_drone_dds_wasd_control]: Position safety gate exceeded; requesting LAND horizontal=636.46 m vertical=0.77 m[0m
[31m[ERROR] [1786181071.078929520] [my_drone_dds_wasd_control]: Position safety gate exceeded; requesting LAND horizontal=636.71 m vertical=0.77 m[0m
[31m[ERROR] [1786181071.133082834] [my_drone_dds_wasd_control]: Position safety gate exceeded; requesting LAND horizontal=637.08 m vertical=0.77 m[0m
[31m[ERROR] [1786181071.187314634] [my_drone_dds_wasd_control]: Position safety gate exceeded; requesting LAND horizontal=637.34 m vertical=0.77 m[0m
[31m[ERROR] [1786181071.233911538] [my_drone_dds_wasd_control]: Position safety gate exceeded; requesting LAND horizontal=637.76 m vertical=0.77 m[0m
[31m[ERROR] [1786181071.278971699] [my_drone_dds_wasd_control]: Position safety gate exceeded; requesting LAND horizontal=638.02 m vertical=0.77 m[0m
[31m[ERROR] [1786181071.331805941] [my_drone_dds_wasd_control]: Position safety gate exceeded; requesting LAND horizontal=638.38 m vertical=0.77 m[0m
[31m[ERROR] [1786181071.387558060] [my_drone_dds_wasd_control]: Position safety gate exceeded; requesting LAND horizontal=638.64 m vertical=0.77 m[0m
[31m[ERROR] [1786181071.433944741] [my_drone_dds_wasd_control]: Position safety gate exceeded; requesting LAND horizontal=639.06 m vertical=0.77 m[0m
[0m[INFO] [1786181071.492177576] [my_drone_dds_wasd_control]: STATE arm=2 nav=5 NED=(1.691,636.343,0.703) vel=(-0.007,6.508,0.000) yaw_deg=-167.6 failsafe=True age_s=(0.46,0.01) arm_torque_nm=0.000 motors=[820.39,1000.00,818.37,1000.00,1000.00,1000.00,1000.00,1000.00][0m
[31m[ERROR] [1786181071.516656359] [my_drone_dds_wasd_control]: Position safety gate exceeded; requesting LAND horizontal=639.32 m vertical=0.77 m[0m
[31m[ERROR] [1786181071.541367653] [my_drone_dds_wasd_control]: Position safety gate exceeded; requesting LAND horizontal=639.32 m vertical=0.77 m[0m
[31m[ERROR] [1786181071.583704646] [my_drone_dds_wasd_control]: Position safety gate exceeded; requesting LAND horizontal=639.94 m vertical=0.77 m[0m
[31m[ERROR] [1786181071.628210901] [my_drone_dds_wasd_control]: Position safety gate exceeded; requesting LAND horizontal=640.33 m vertical=0.77 m[0m
[31m[ERROR] [1786181071.678209037] [my_drone_dds_wasd_control]: Position safety gate exceeded; requesting LAND horizontal=640.59 m vertical=0.77 m[0m
[31m[ERROR] [1786181071.733977900] [my_drone_dds_wasd_control]: Position safety gate exceeded; requesting LAND horizontal=641.01 m vertical=0.77 m[0m
[31m[ERROR] [1786181071.782448987] [my_drone_dds_wasd_control]: Position safety gate exceeded; requesting LAND horizontal=641.27 m vertical=0.77 m[0m
[31m[ERROR] [1786181071.840510023] [my_drone_dds_wasd_control]: Position safety gate exceeded; requesting LAND horizontal=641.64 m vertical=0.77 m[0m
[31m[ERROR] [1786181071.893453636] [my_drone_dds_wasd_control]: Position safety gate exceeded; requesting LAND horizontal=641.90 m vertical=0.77 m[0m
[31m[ERROR] [1786181071.936207232] [my_drone_dds_wasd_control]: Position safety gate exceeded; requesting LAND horizontal=642.31 m vertical=0.77 m[0m
[31m[ERROR] [1786181071.995387437] [my_drone_dds_wasd_control]: Position safety gate exceeded; requesting LAND horizontal=642.56 m vertical=0.77 m[0m
[31m[ERROR] [1786181072.034004607] [my_drone_dds_wasd_control]: Position safety gate exceeded; requesting LAND horizontal=642.92 m vertical=0.77 m[0m
[31m[ERROR] [1786181072.084714974] [my_drone_dds_wasd_control]: Position safety gate exceeded; requesting LAND horizontal=643.18 m vertical=0.77 m[0m
[31m[ERROR] [1786181072.137668567] [my_drone_dds_wasd_control]: Position safety gate exceeded; requesting LAND horizontal=643.59 m vertical=0.77 m[0m
[31m[ERROR] [1786181072.192392438] [my_drone_dds_wasd_control]: Position safety gate exceeded; requesting LAND horizontal=643.85 m vertical=0.77 m[0m
[31m[ERROR] [1786181072.238432166] [my_drone_dds_wasd_control]: Position safety gate exceeded; requesting LAND horizontal=644.22 m vertical=0.77 m[0m
[31m[ERROR] [1786181072.289323967] [my_drone_dds_wasd_control]: Position safety gate exceeded; requesting LAND horizontal=644.48 m vertical=0.77 m[0m
[31m[ERROR] [1786181072.333063573] [my_drone_dds_wasd_control]: Position safety gate exceeded; requesting LAND horizontal=644.89 m vertical=0.77 m[0m
[31m[ERROR] [1786181072.381979038] [my_drone_dds_wasd_control]: Position safety gate exceeded; requesting LAND horizontal=645.15 m vertical=0.76 m[0m
[31m[ERROR] [1786181072.436034738] [my_drone_dds_wasd_control]: Position safety gate exceeded; requesting LAND horizontal=645.52 m vertical=0.76 m[0m
[0m[INFO] [1786181072.484089991] [my_drone_dds_wasd_control]: STATE arm=2 nav=5 NED=(1.699,642.802,0.699) vel=(0.003,6.543,-0.000) yaw_deg=-167.6 failsafe=True age_s=(0.42,0.01) arm_torque_nm=0.000 motors=[820.52,1000.00,818.49,1000.00,1000.00,1000.00,1000.00,1000.00][0m
[31m[ERROR] [1786181072.521524917] [my_drone_dds_wasd_control]: Position safety gate exceeded; requesting LAND horizontal=645.78 m vertical=0.76 m[0m
[31m[ERROR] [1786181072.558669416] [my_drone_dds_wasd_control]: Position safety gate exceeded; requesting LAND horizontal=645.78 m vertical=0.76 m[0m
[31m[ERROR] [1786181072.591281777] [my_drone_dds_wasd_control]: Position safety gate exceeded; requesting LAND horizontal=646.45 m vertical=0.76 m[0m
[31m[ERROR] [1786181072.639918939] [my_drone_dds_wasd_control]: Position safety gate exceeded; requesting LAND horizontal=646.82 m vertical=0.76 m[0m
[31m[ERROR] [1786181072.685825601] [my_drone_dds_wasd_control]: Position safety gate exceeded; requesting LAND horizontal=647.08 m vertical=0.76 m[0m
[31m[ERROR] [1786181072.735343874] [my_drone_dds_wasd_control]: Position safety gate exceeded; requesting LAND horizontal=647.49 m vertical=0.76 m[0m
[31m[ERROR] [1786181072.782330301] [my_drone_dds_wasd_control]: Position safety gate exceeded; requesting LAND horizontal=647.76 m vertical=0.76 m[0m
[31m[ERROR] [1786181072.839218255] [my_drone_dds_wasd_control]: Position safety gate exceeded; requesting LAND horizontal=648.12 m vertical=0.76 m[0m
[31m[ERROR] [1786181072.884236606] [my_drone_dds_wasd_control]: Position safety gate exceeded; requesting LAND horizontal=648.38 m vertical=0.76 m[0m
[31m[ERROR] [1786181072.930949337] [my_drone_dds_wasd_control]: Position safety gate exceeded; requesting LAND horizontal=648.80 m vertical=0.76 m[0m
[31m[ERROR] [1786181072.985189454] [my_drone_dds_wasd_control]: Position safety gate exceeded; requesting LAND horizontal=649.05 m vertical=0.76 m[0m
[31m[ERROR] [1786181073.035911439] [my_drone_dds_wasd_control]: Position safety gate exceeded; requesting LAND horizontal=649.42 m vertical=0.76 m[0m
[31m[ERROR] [1786181073.082204070] [my_drone_dds_wasd_control]: Position safety gate exceeded; requesting LAND horizontal=649.68 m vertical=0.76 m[0m
[31m[ERROR] [1786181073.134318320] [my_drone_dds_wasd_control]: Position safety gate exceeded; requesting LAND horizontal=650.09 m vertical=0.76 m[0m
[31m[ERROR] [1786181073.186833446] [my_drone_dds_wasd_control]: Position safety gate exceeded; requesting LAND horizontal=650.35 m vertical=0.76 m[0m
[31m[ERROR] [1786181073.241808056] [my_drone_dds_wasd_control]: Position safety gate exceeded; requesting LAND horizontal=650.72 m vertical=0.76 m[0m
[31m[ERROR] [1786181073.286970249] [my_drone_dds_wasd_control]: Position safety gate exceeded; requesting LAND horizontal=650.98 m vertical=0.76 m[0m
[31m[ERROR] [1786181073.329405581] [my_drone_dds_wasd_control]: Position safety gate exceeded; requesting LAND horizontal=651.39 m vertical=0.76 m[0m
[31m[ERROR] [1786181073.381432995] [my_drone_dds_wasd_control]: Position safety gate exceeded; requesting LAND horizontal=651.65 m vertical=0.76 m[0m
[31m[ERROR] [1786181073.431334579] [my_drone_dds_wasd_control]: Position safety gate exceeded; requesting LAND horizontal=652.02 m vertical=0.76 m[0m
[31m[ERROR] [1786181073.479466526] [my_drone_dds_wasd_control]: Position safety gate exceeded; requesting LAND horizontal=652.28 m vertical=0.76 m[0m
[0m[INFO] [1786181073.536791382] [my_drone_dds_wasd_control]: STATE arm=2 nav=5 NED=(1.696,649.721,0.696) vel=(0.000,6.550,-0.001) yaw_deg=-167.6 failsafe=True age_s=(0.47,0.00) arm_torque_nm=0.000 motors=[820.49,1000.00,818.47,1000.00,1000.00,1000.00,1000.00,1000.00][0m
[31m[ERROR] [1786181073.561054907] [my_drone_dds_wasd_control]: Position safety gate exceeded; requesting LAND horizontal=652.70 m vertical=0.76 m[0m
[31m[ERROR] [1786181073.591407858] [my_drone_dds_wasd_control]: Position safety gate exceeded; requesting LAND horizontal=652.70 m vertical=0.76 m[0m
[31m[ERROR] [1786181073.631657487] [my_drone_dds_wasd_control]: Position safety gate exceeded; requesting LAND horizontal=653.32 m vertical=0.76 m[0m
[31m[ERROR] [1786181073.677410877] [my_drone_dds_wasd_control]: Position safety gate exceeded; requesting LAND horizontal=653.58 m vertical=0.76 m[0m
[31m[ERROR] [1786181073.728632129] [my_drone_dds_wasd_control]: Position safety gate exceeded; requesting LAND horizontal=654.00 m vertical=0.76 m[0m
[31m[ERROR] [1786181073.779211360] [my_drone_dds_wasd_control]: Position safety gate exceeded; requesting LAND horizontal=654.26 m vertical=0.76 m[0m
[31m[ERROR] [1786181073.828320043] [my_drone_dds_wasd_control]: Position safety gate exceeded; requesting LAND horizontal=654.63 m vertical=0.76 m[0m
[31m[ERROR] [1786181073.886084052] [my_drone_dds_wasd_control]: Position safety gate exceeded; requesting LAND horizontal=654.89 m vertical=0.76 m[0m
[31m[ERROR] [1786181073.939688782] [my_drone_dds_wasd_control]: Position safety gate exceeded; requesting LAND horizontal=655.30 m vertical=0.76 m[0m
[31m[ERROR] [1786181073.987047866] [my_drone_dds_wasd_control]: Position safety gate exceeded; requesting LAND horizontal=655.55 m vertical=0.76 m[0m
[31m[ERROR] [1786181074.033668912] [my_drone_dds_wasd_control]: Position safety gate exceeded; requesting LAND horizontal=655.91 m vertical=0.76 m[0m
[31m[ERROR] [1786181074.100005587] [my_drone_dds_wasd_control]: Position safety gate exceeded; requesting LAND horizontal=656.17 m vertical=0.76 m[0m
[31m[ERROR] [1786181074.131209170] [my_drone_dds_wasd_control]: Position safety gate exceeded; requesting LAND horizontal=656.59 m vertical=0.76 m[0m
[31m[ERROR] [1786181074.193220969] [my_drone_dds_wasd_control]: Position safety gate exceeded; requesting LAND horizontal=656.85 m vertical=0.76 m[0m
[31m[ERROR] [1786181074.234088937] [my_drone_dds_wasd_control]: Position safety gate exceeded; requesting LAND horizontal=657.21 m vertical=0.76 m[0m
[31m[ERROR] [1786181074.285676938] [my_drone_dds_wasd_control]: Position safety gate exceeded; requesting LAND horizontal=657.48 m vertical=0.76 m[0m
[31m[ERROR] [1786181074.343206470] [my_drone_dds_wasd_control]: Position safety gate exceeded; requesting LAND horizontal=657.89 m vertical=0.76 m[0m
[31m[ERROR] [1786181074.383642528] [my_drone_dds_wasd_control]: Position safety gate exceeded; requesting LAND horizontal=658.15 m vertical=0.76 m[0m
[31m[ERROR] [1786181074.439937008] [my_drone_dds_wasd_control]: Position safety gate exceeded; requesting LAND horizontal=658.52 m vertical=0.76 m[0m
[31m[ERROR] [1786181074.484544186] [my_drone_dds_wasd_control]: Position safety gate exceeded; requesting LAND horizontal=658.78 m vertical=0.76 m[0m
[0m[INFO] [1786181074.542595293] [my_drone_dds_wasd_control]: STATE arm=2 nav=5 NED=(1.693,656.222,0.701) vel=(-0.000,6.514,0.001) yaw_deg=-167.6 failsafe=True age_s=(0.47,0.00) arm_torque_nm=0.000 motors=[820.54,1000.00,818.52,999.97,1000.00,1000.00,1000.00,1000.00][0m
[31m[ERROR] [1786181074.582512065] [my_drone_dds_wasd_control]: Position safety gate exceeded; requesting LAND horizontal=659.20 m vertical=0.76 m[0m
[31m[ERROR] [1786181074.619170086] [my_drone_dds_wasd_control]: Position safety gate exceeded; requesting LAND horizontal=659.20 m vertical=0.76 m[0m
[31m[ERROR] [1786181074.650138551] [my_drone_dds_wasd_control]: Position safety gate exceeded; requesting LAND horizontal=659.82 m vertical=0.77 m[0m
[31m[ERROR] [1786181074.686604049] [my_drone_dds_wasd_control]: Position safety gate exceeded; requesting LAND horizontal=660.08 m vertical=0.77 m[0m
[31m[ERROR] [1786181074.744762229] [my_drone_dds_wasd_control]: Position safety gate exceeded; requesting LAND horizontal=660.50 m vertical=0.77 m[0m
[31m[ERROR] [1786181074.792425552] [my_drone_dds_wasd_control]: Position safety gate exceeded; requesting LAND horizontal=660.76 m vertical=0.77 m[0m
[31m[ERROR] [1786181074.842562678] [my_drone_dds_wasd_control]: Position safety gate exceeded; requesting LAND horizontal=661.12 m vertical=0.77 m[0m
[31m[ERROR] [1786181074.895762325] [my_drone_dds_wasd_control]: Position safety gate exceeded; requesting LAND horizontal=661.38 m vertical=0.77 m[0m
[31m[ERROR] [1786181074.936021167] [my_drone_dds_wasd_control]: Position safety gate exceeded; requesting LAND horizontal=661.80 m vertical=0.77 m[0m
[31m[ERROR] [1786181074.985497799] [my_drone_dds_wasd_control]: Position safety gate exceeded; requesting LAND horizontal=662.05 m vertical=0.77 m[0m
[31m[ERROR] [1786181075.047688804] [my_drone_dds_wasd_control]: Position safety gate exceeded; requesting LAND horizontal=662.41 m vertical=0.77 m[0m
[31m[ERROR] [1786181075.091876362] [my_drone_dds_wasd_control]: Position safety gate exceeded; requesting LAND horizontal=662.67 m vertical=0.77 m[0m
[31m[ERROR] [1786181075.148637218] [my_drone_dds_wasd_control]: Position safety gate exceeded; requesting LAND horizontal=663.09 m vertical=0.77 m[0m
[31m[ERROR] [1786181075.186844113] [my_drone_dds_wasd_control]: Position safety gate exceeded; requesting LAND horizontal=663.35 m vertical=0.77 m[0m
[31m[ERROR] [1786181075.238371740] [my_drone_dds_wasd_control]: Position safety gate exceeded; requesting LAND horizontal=663.71 m vertical=0.76 m[0m
[31m[ERROR] [1786181075.294629349] [my_drone_dds_wasd_control]: Position safety gate exceeded; requesting LAND horizontal=663.97 m vertical=0.76 m[0m
[31m[ERROR] [1786181075.336224841] [my_drone_dds_wasd_control]: Position safety gate exceeded; requesting LAND horizontal=664.39 m vertical=0.76 m[0m
[31m[ERROR] [1786181075.390293038] [my_drone_dds_wasd_control]: Position safety gate exceeded; requesting LAND horizontal=664.65 m vertical=0.76 m[0m
[31m[ERROR] [1786181075.431910895] [my_drone_dds_wasd_control]: Position safety gate exceeded; requesting LAND horizontal=665.01 m vertical=0.76 m[0m
[31m[ERROR] [1786181075.482057417] [my_drone_dds_wasd_control]: Position safety gate exceeded; requesting LAND horizontal=665.27 m vertical=0.76 m[0m
[31m[ERROR] [1786181075.540504161] [my_drone_dds_wasd_control]: Position safety gate exceeded; requesting LAND horizontal=665.69 m vertical=0.76 m[0m
[0m[INFO] [1786181075.588411211] [my_drone_dds_wasd_control]: STATE arm=2 nav=5 NED=(1.713,662.976,0.701) vel=(0.011,6.516,0.001) yaw_deg=-167.7 failsafe=True age_s=(0.02,0.01) arm_torque_nm=0.000 motors=[820.42,1000.00,818.40,999.74,1000.00,1000.00,1000.00,1000.00][0m
[31m[ERROR] [1786181075.626968782] [my_drone_dds_wasd_control]: Position safety gate exceeded; requesting LAND horizontal=665.95 m vertical=0.76 m[0m
[31m[ERROR] [1786181075.657951432] [my_drone_dds_wasd_control]: Position safety gate exceeded; requesting LAND horizontal=665.95 m vertical=0.76 m[0m
[31m[ERROR] [1786181075.700495778] [my_drone_dds_wasd_control]: Position safety gate exceeded; requesting LAND horizontal=666.58 m vertical=0.76 m[0m
[31m[ERROR] [1786181075.738273229] [my_drone_dds_wasd_control]: Position safety gate exceeded; requesting LAND horizontal=666.99 m vertical=0.76 m[0m
[31m[ERROR] [1786181075.783475712] [my_drone_dds_wasd_control]: Position safety gate exceeded; requesting LAND horizontal=667.25 m vertical=0.76 m[0m
[31m[ERROR] [1786181075.836237453] [my_drone_dds_wasd_control]: Position safety gate exceeded; requesting LAND horizontal=667.62 m vertical=0.76 m[0m
[31m[ERROR] [1786181075.882626865] [my_drone_dds_wasd_control]: Position safety gate exceeded; requesting LAND horizontal=667.88 m vertical=0.76 m[0m
[31m[ERROR] [1786181075.932084324] [my_drone_dds_wasd_control]: Position safety gate exceeded; requesting LAND horizontal=668.30 m vertical=0.76 m[0m
[31m[ERROR] [1786181075.983440685] [my_drone_dds_wasd_control]: Position safety gate exceeded; requesting LAND horizontal=668.55 m vertical=0.76 m[0m
[31m[ERROR] [1786181076.029742739] [my_drone_dds_wasd_control]: Position safety gate exceeded; requesting LAND horizontal=668.91 m vertical=0.76 m[0m
[31m[ERROR] [1786181076.077313115] [my_drone_dds_wasd_control]: Position safety gate exceeded; requesting LAND horizontal=669.17 m vertical=0.77 m[0m
[31m[ERROR] [1786181076.127115974] [my_drone_dds_wasd_control]: Position safety gate exceeded; requesting LAND horizontal=669.59 m vertical=0.77 m[0m
[31m[ERROR] [1786181076.189420627] [my_drone_dds_wasd_control]: Position safety gate exceeded; requesting LAND horizontal=669.85 m vertical=0.77 m[0m
[31m[ERROR] [1786181076.236521430] [my_drone_dds_wasd_control]: Position safety gate exceeded; requesting LAND horizontal=670.22 m vertical=0.77 m[0m
[31m[ERROR] [1786181076.287431454] [my_drone_dds_wasd_control]: Position safety gate exceeded; requesting LAND horizontal=670.48 m vertical=0.77 m[0m
[31m[ERROR] [1786181076.331824016] [my_drone_dds_wasd_control]: Position safety gate exceeded; requesting LAND horizontal=670.90 m vertical=0.77 m[0m
[31m[ERROR] [1786181076.378992267] [my_drone_dds_wasd_control]: Position safety gate exceeded; requesting LAND horizontal=671.16 m vertical=0.77 m[0m
[31m[ERROR] [1786181076.432616218] [my_drone_dds_wasd_control]: Position safety gate exceeded; requesting LAND horizontal=671.52 m vertical=0.77 m[0m
[31m[ERROR] [1786181076.483078486] [my_drone_dds_wasd_control]: Position safety gate exceeded; requesting LAND horizontal=671.79 m vertical=0.77 m[0m
[31m[ERROR] [1786181076.533587620] [my_drone_dds_wasd_control]: Position safety gate exceeded; requesting LAND horizontal=672.20 m vertical=0.77 m[0m
[31m[ERROR] [1786181076.581638209] [my_drone_dds_wasd_control]: Position safety gate exceeded; requesting LAND horizontal=672.47 m vertical=0.77 m[0m
[0m[INFO] [1786181076.631928710] [my_drone_dds_wasd_control]: STATE arm=2 nav=5 NED=(1.693,669.857,0.707) vel=(-0.006,6.539,0.004) yaw_deg=-167.7 failsafe=True age_s=(0.06,0.00) arm_torque_nm=0.000 motors=[820.99,1000.00,818.99,999.78,1000.00,1000.00,1000.00,1000.00][0m
[31m[ERROR] [1786181076.662244886] [my_drone_dds_wasd_control]: Position safety gate exceeded; requesting LAND horizontal=672.83 m vertical=0.77 m[0m
[31m[ERROR] [1786181076.689160706] [my_drone_dds_wasd_control]: Position safety gate exceeded; requesting LAND horizontal=672.83 m vertical=0.77 m[0m
[31m[ERROR] [1786181076.735108042] [my_drone_dds_wasd_control]: Position safety gate exceeded; requesting LAND horizontal=673.51 m vertical=0.77 m[0m
[31m[ERROR] [1786181076.785956191] [my_drone_dds_wasd_control]: Position safety gate exceeded; requesting LAND horizontal=673.77 m vertical=0.77 m[0m
[31m[ERROR] [1786181076.830799239] [my_drone_dds_wasd_control]: Position safety gate exceeded; requesting LAND horizontal=674.14 m vertical=0.77 m[0m
[31m[ERROR] [1786181076.888597668] [my_drone_dds_wasd_control]: Position safety gate exceeded; requesting LAND horizontal=674.40 m vertical=0.77 m[0m
[31m[ERROR] [1786181076.944759772] [my_drone_dds_wasd_control]: Position safety gate exceeded; requesting LAND horizontal=674.81 m vertical=0.77 m[0m
[31m[ERROR] [1786181076.987835949] [my_drone_dds_wasd_control]: Position safety gate exceeded; requesting LAND horizontal=675.07 m vertical=0.77 m[0m
[31m[ERROR] [1786181077.032443500] [my_drone_dds_wasd_control]: Position safety gate exceeded; requesting LAND horizontal=675.43 m vertical=0.77 m[0m
[31m[ERROR] [1786181077.081462255] [my_drone_dds_wasd_control]: Position safety gate exceeded; requesting LAND horizontal=675.69 m vertical=0.77 m[0m
[31m[ERROR] [1786181077.135558948] [my_drone_dds_wasd_control]: Position safety gate exceeded; requesting LAND horizontal=676.11 m vertical=0.77 m[0m
[31m[ERROR] [1786181077.187902520] [my_drone_dds_wasd_control]: Position safety gate exceeded; requesting LAND horizontal=676.37 m vertical=0.77 m[0m
[31m[ERROR] [1786181077.236436607] [my_drone_dds_wasd_control]: Position safety gate exceeded; requesting LAND horizontal=676.73 m vertical=0.77 m[0m
[31m[ERROR] [1786181077.280266451] [my_drone_dds_wasd_control]: Position safety gate exceeded; requesting LAND horizontal=676.99 m vertical=0.77 m[0m
[31m[ERROR] [1786181077.331553531] [my_drone_dds_wasd_control]: Position safety gate exceeded; requesting LAND horizontal=677.41 m vertical=0.77 m[0m
[31m[ERROR] [1786181077.380818188] [my_drone_dds_wasd_control]: Position safety gate exceeded; requesting LAND horizontal=677.67 m vertical=0.77 m[0m
[31m[ERROR] [1786181077.440894259] [my_drone_dds_wasd_control]: Position safety gate exceeded; requesting LAND horizontal=678.04 m vertical=0.77 m[0m
[31m[ERROR] [1786181077.485696656] [my_drone_dds_wasd_control]: Position safety gate exceeded; requesting LAND horizontal=678.30 m vertical=0.77 m[0m
[31m[ERROR] [1786181077.539389797] [my_drone_dds_wasd_control]: Position safety gate exceeded; requesting LAND horizontal=678.72 m vertical=0.77 m[0m
[31m[ERROR] [1786181077.598703798] [my_drone_dds_wasd_control]: Position safety gate exceeded; requesting LAND horizontal=678.98 m vertical=0.77 m[0m
[0m[INFO] [1786181077.630808829] [my_drone_dds_wasd_control]: STATE arm=2 nav=5 NED=(1.685,676.370,0.711) vel=(-0.009,6.521,0.003) yaw_deg=-167.8 failsafe=True age_s=(0.05,0.00) arm_torque_nm=0.000 motors=[821.11,1000.00,819.11,999.39,1000.00,1000.00,1000.00,1000.00][0m
[31m[ERROR] [1786181077.651820067] [my_drone_dds_wasd_control]: Position safety gate exceeded; requesting LAND horizontal=679.34 m vertical=0.77 m[0m
[31m[ERROR] [1786181077.679340292] [my_drone_dds_wasd_control]: Position safety gate exceeded; requesting LAND horizontal=679.61 m vertical=0.78 m[0m
[31m[ERROR] [1786181077.733595530] [my_drone_dds_wasd_control]: Position safety gate exceeded; requesting LAND horizontal=680.02 m vertical=0.78 m[0m
[31m[ERROR] [1786181077.779738151] [my_drone_dds_wasd_control]: Position safety gate exceeded; requesting LAND horizontal=680.29 m vertical=0.78 m[0m
[31m[ERROR] [1786181077.829763387] [my_drone_dds_wasd_control]: Position safety gate exceeded; requesting LAND horizontal=680.65 m vertical=0.78 m[0m
[31m[ERROR] [1786181077.886416198] [my_drone_dds_wasd_control]: Position safety gate exceeded; requesting LAND horizontal=680.92 m vertical=0.78 m[0m
[31m[ERROR] [1786181077.932752575] [my_drone_dds_wasd_control]: Position safety gate exceeded; requesting LAND horizontal=681.33 m vertical=0.78 m[0m
[31m[ERROR] [1786181077.986543745] [my_drone_dds_wasd_control]: Position safety gate exceeded; requesting LAND horizontal=681.59 m vertical=0.78 m[0m
[31m[ERROR] [1786181078.033853242] [my_drone_dds_wasd_control]: Position safety gate exceeded; requesting LAND horizontal=681.95 m vertical=0.78 m[0m
[31m[ERROR] [1786181078.080891621] [my_drone_dds_wasd_control]: Position safety gate exceeded; requesting LAND horizontal=682.21 m vertical=0.78 m[0m
[31m[ERROR] [1786181078.135019498] [my_drone_dds_wasd_control]: Position safety gate exceeded; requesting LAND horizontal=682.63 m vertical=0.79 m[0m
[31m[ERROR] [1786181078.183438193] [my_drone_dds_wasd_control]: Position safety gate exceeded; requesting LAND horizontal=682.89 m vertical=0.79 m[0m
[31m[ERROR] [1786181078.231351447] [my_drone_dds_wasd_control]: Position safety gate exceeded; requesting LAND horizontal=683.26 m vertical=0.79 m[0m
[31m[ERROR] [1786181078.278841967] [my_drone_dds_wasd_control]: Position safety gate exceeded; requesting LAND horizontal=683.52 m vertical=0.79 m[0m
[31m[ERROR] [1786181078.334181465] [my_drone_dds_wasd_control]: Position safety gate exceeded; requesting LAND horizontal=683.94 m vertical=0.79 m[0m
[31m[ERROR] [1786181078.402210714] [my_drone_dds_wasd_control]: Position safety gate exceeded; requesting LAND horizontal=684.20 m vertical=0.79 m[0m
[31m[ERROR] [1786181078.447094527] [my_drone_dds_wasd_control]: Position safety gate exceeded; requesting LAND horizontal=684.56 m vertical=0.79 m[0m
[31m[ERROR] [1786181078.486703132] [my_drone_dds_wasd_control]: Position safety gate exceeded; requesting LAND horizontal=684.82 m vertical=0.79 m[0m
[31m[ERROR] [1786181078.533737404] [my_drone_dds_wasd_control]: Position safety gate exceeded; requesting LAND horizontal=685.24 m vertical=0.79 m[0m
[31m[ERROR] [1786181078.590970117] [my_drone_dds_wasd_control]: Position safety gate exceeded; requesting LAND horizontal=685.50 m vertical=0.79 m[0m
[31m[ERROR] [1786181078.632207933] [my_drone_dds_wasd_control]: Position safety gate exceeded; requesting LAND horizontal=685.87 m vertical=0.80 m[0m
[0m[INFO] [1786181078.679921718] [my_drone_dds_wasd_control]: STATE arm=2 nav=5 NED=(1.691,683.157,0.732) vel=(-0.002,6.563,0.011) yaw_deg=-167.8 failsafe=True age_s=(0.07,0.01) arm_torque_nm=0.000 motors=[821.11,1000.00,819.12,999.77,1000.00,1000.00,1000.00,1000.00][0m
[31m[ERROR] [1786181078.713460190] [my_drone_dds_wasd_control]: Position safety gate exceeded; requesting LAND horizontal=686.13 m vertical=0.80 m[0m
[31m[ERROR] [1786181078.745886805] [my_drone_dds_wasd_control]: Position safety gate exceeded; requesting LAND horizontal=686.13 m vertical=0.80 m[0m
[31m[ERROR] [1786181078.784333980] [my_drone_dds_wasd_control]: Position safety gate exceeded; requesting LAND horizontal=686.81 m vertical=0.80 m[0m
[31m[ERROR] [1786181078.831627880] [my_drone_dds_wasd_control]: Position safety gate exceeded; requesting LAND horizontal=687.18 m vertical=0.80 m[0m
[31m[ERROR] [1786181078.886723085] [my_drone_dds_wasd_control]: Position safety gate exceeded; requesting LAND horizontal=687.44 m vertical=0.80 m[0m
[31m[ERROR] [1786181078.932104367] [my_drone_dds_wasd_control]: Position safety gate exceeded; requesting LAND horizontal=687.86 m vertical=0.80 m[0m
[31m[ERROR] [1786181079.000637737] [my_drone_dds_wasd_control]: Position safety gate exceeded; requesting LAND horizontal=688.11 m vertical=0.80 m[0m
[31m[ERROR] [1786181079.042475205] [my_drone_dds_wasd_control]: Position safety gate exceeded; requesting LAND horizontal=688.48 m vertical=0.80 m[0m
[31m[ERROR] [1786181079.089820400] [my_drone_dds_wasd_control]: Position safety gate exceeded; requesting LAND horizontal=688.74 m vertical=0.80 m[0m
[31m[ERROR] [1786181079.135494933] [my_drone_dds_wasd_control]: Position safety gate exceeded; requesting LAND horizontal=689.15 m vertical=0.80 m[0m
[31m[ERROR] [1786181079.189902256] [my_drone_dds_wasd_control]: Position safety gate exceeded; requesting LAND horizontal=689.41 m vertical=0.80 m[0m
[31m[ERROR] [1786181079.246894587] [my_drone_dds_wasd_control]: Position safety gate exceeded; requesting LAND horizontal=689.78 m vertical=0.80 m[0m
[31m[ERROR] [1786181079.290820776] [my_drone_dds_wasd_control]: Position safety gate exceeded; requesting LAND horizontal=690.04 m vertical=0.80 m[0m
[31m[ERROR] [1786181079.359284603] [my_drone_dds_wasd_control]: Position safety gate exceeded; requesting LAND horizontal=690.29 m vertical=0.80 m[0m
[31m[ERROR] [1786181079.398599069] [my_drone_dds_wasd_control]: Position safety gate exceeded; requesting LAND horizontal=690.71 m vertical=0.80 m[0m
[31m[ERROR] [1786181079.435709409] [my_drone_dds_wasd_control]: Position safety gate exceeded; requesting LAND horizontal=691.07 m vertical=0.80 m[0m
[31m[ERROR] [1786181079.495007407] [my_drone_dds_wasd_control]: Position safety gate exceeded; requesting LAND horizontal=691.33 m vertical=0.80 m[0m
[31m[ERROR] [1786181079.560131198] [my_drone_dds_wasd_control]: Position safety gate exceeded; requesting LAND horizontal=691.74 m vertical=0.80 m[0m
[31m[ERROR] [1786181079.603458330] [my_drone_dds_wasd_control]: Position safety gate exceeded; requesting LAND horizontal=691.74 m vertical=0.80 m[0m
[31m[ERROR] [1786181079.663972036] [my_drone_dds_wasd_control]: Position safety gate exceeded; requesting LAND horizontal=692.36 m vertical=0.80 m[0m
[0m[INFO] [1786181079.703447856] [my_drone_dds_wasd_control]: STATE arm=2 nav=5 NED=(1.701,689.389,0.737) vel=(0.001,6.478,0.010) yaw_deg=-167.8 failsafe=True age_s=(0.06,0.06) arm_torque_nm=0.000 motors=[821.18,1000.00,819.18,999.39,1000.00,1000.00,1000.00,1000.00][0m
[31m[ERROR] [1786181079.728373248] [my_drone_dds_wasd_control]: Position safety gate exceeded; requesting LAND horizontal=692.36 m vertical=0.80 m[0m
[31m[ERROR] [1786181079.756255751] [my_drone_dds_wasd_control]: Position safety gate exceeded; requesting LAND horizontal=693.14 m vertical=0.80 m[0m
[31m[ERROR] [1786181079.792477707] [my_drone_dds_wasd_control]: Position safety gate exceeded; requesting LAND horizontal=693.30 m vertical=0.80 m[0m
[31m[ERROR] [1786181079.841651911] [my_drone_dds_wasd_control]: Position safety gate exceeded; requesting LAND horizontal=693.67 m vertical=0.80 m[0m
[31m[ERROR] [1786181079.896153011] [my_drone_dds_wasd_control]: Position safety gate exceeded; requesting LAND horizontal=693.93 m vertical=0.80 m[0m
[31m[ERROR] [1786181079.936250522] [my_drone_dds_wasd_control]: Position safety gate exceeded; requesting LAND horizontal=694.35 m vertical=0.80 m[0m
[31m[ERROR] [1786181079.983968328] [my_drone_dds_wasd_control]: Position safety gate exceeded; requesting LAND horizontal=694.60 m vertical=0.80 m[0m
[31m[ERROR] [1786181080.032402897] [my_drone_dds_wasd_control]: Position safety gate exceeded; requesting LAND horizontal=694.96 m vertical=0.80 m[0m
[31m[ERROR] [1786181080.112540541] [my_drone_dds_wasd_control]: Position safety gate exceeded; requesting LAND horizontal=695.22 m vertical=0.80 m[0m
[31m[ERROR] [1786181080.149791675] [my_drone_dds_wasd_control]: Position safety gate exceeded; requesting LAND horizontal=695.22 m vertical=0.80 m[0m
[31m[ERROR] [1786181080.200653543] [my_drone_dds_wasd_control]: Position safety gate exceeded; requesting LAND horizontal=695.90 m vertical=0.80 m[0m
[31m[ERROR] [1786181080.237533532] [my_drone_dds_wasd_control]: Position safety gate exceeded; requesting LAND horizontal=696.26 m vertical=0.80 m[0m
[31m[ERROR] [1786181080.289054498] [my_drone_dds_wasd_control]: Position safety gate exceeded; requesting LAND horizontal=696.53 m vertical=0.80 m[0m
[31m[ERROR] [1786181080.332585276] [my_drone_dds_wasd_control]: Position safety gate exceeded; requesting LAND horizontal=696.94 m vertical=0.80 m[0m
[31m[ERROR] [1786181080.387024899] [my_drone_dds_wasd_control]: Position safety gate exceeded; requesting LAND horizontal=697.21 m vertical=0.80 m[0m
[31m[ERROR] [1786181080.448742606] [my_drone_dds_wasd_control]: Position safety gate exceeded; requesting LAND horizontal=697.57 m vertical=0.80 m[0m
[31m[ERROR] [1786181080.488755618] [my_drone_dds_wasd_control]: Position safety gate exceeded; requesting LAND horizontal=697.84 m vertical=0.80 m[0m
[31m[ERROR] [1786181080.537792460] [my_drone_dds_wasd_control]: Position safety gate exceeded; requesting LAND horizontal=698.26 m vertical=0.80 m[0m
[31m[ERROR] [1786181080.587119796] [my_drone_dds_wasd_control]: Position safety gate exceeded; requesting LAND horizontal=698.52 m vertical=0.80 m[0m
[31m[ERROR] [1786181080.641807546] [my_drone_dds_wasd_control]: Position safety gate exceeded; requesting LAND horizontal=698.88 m vertical=0.80 m[0m
[31m[ERROR] [1786181080.686633183] [my_drone_dds_wasd_control]: Position safety gate exceeded; requesting LAND horizontal=699.15 m vertical=0.80 m[0m
[0m[INFO] [1786181080.745286277] [my_drone_dds_wasd_control]: STATE arm=2 nav=5 NED=(1.704,696.591,0.741) vel=(0.008,6.561,0.007) yaw_deg=-167.8 failsafe=True age_s=(0.12,0.00) arm_torque_nm=0.000 motors=[820.95,1000.00,818.96,999.57,1000.00,1000.00,1000.00,1000.00][0m
[31m[ERROR] [1786181080.774689548] [my_drone_dds_wasd_control]: Position safety gate exceeded; requesting LAND horizontal=699.57 m vertical=0.80 m[0m
[31m[ERROR] [1786181080.808354362] [my_drone_dds_wasd_control]: Position safety gate exceeded; requesting LAND horizontal=699.57 m vertical=0.80 m[0m
[31m[ERROR] [1786181080.840051344] [my_drone_dds_wasd_control]: Position safety gate exceeded; requesting LAND horizontal=700.19 m vertical=0.81 m[0m
[31m[ERROR] [1786181080.886753134] [my_drone_dds_wasd_control]: Position safety gate exceeded; requesting LAND horizontal=700.46 m vertical=0.81 m[0m
[31m[ERROR] [1786181080.939212748] [my_drone_dds_wasd_control]: Position safety gate exceeded; requesting LAND horizontal=700.87 m vertical=0.81 m[0m
[31m[ERROR] [1786181080.984359230] [my_drone_dds_wasd_control]: Position safety gate exceeded; requesting LAND horizontal=701.13 m vertical=0.81 m[0m
[31m[ERROR] [1786181081.035827899] [my_drone_dds_wasd_control]: Position safety gate exceeded; requesting LAND horizontal=701.49 m vertical=0.81 m[0m
[31m[ERROR] [1786181081.081398070] [my_drone_dds_wasd_control]: Position safety gate exceeded; requesting LAND horizontal=701.75 m vertical=0.81 m[0m
[31m[ERROR] [1786181081.134583209] [my_drone_dds_wasd_control]: Position safety gate exceeded; requesting LAND horizontal=702.17 m vertical=0.81 m[0m
[31m[ERROR] [1786181081.186575991] [my_drone_dds_wasd_control]: Position safety gate exceeded; requesting LAND horizontal=702.44 m vertical=0.81 m[0m
[31m[ERROR] [1786181081.252180433] [my_drone_dds_wasd_control]: Position safety gate exceeded; requesting LAND horizontal=702.80 m vertical=0.81 m[0m
[31m[ERROR] [1786181081.286236546] [my_drone_dds_wasd_control]: Position safety gate exceeded; requesting LAND horizontal=703.07 m vertical=0.81 m[0m
[31m[ERROR] [1786181081.335428406] [my_drone_dds_wasd_control]: Position safety gate exceeded; requesting LAND horizontal=703.49 m vertical=0.81 m[0m
[31m[ERROR] [1786181081.384063947] [my_drone_dds_wasd_control]: Position safety gate exceeded; requesting LAND horizontal=703.75 m vertical=0.81 m[0m
[31m[ERROR] [1786181081.432116282] [my_drone_dds_wasd_control]: Position safety gate exceeded; requesting LAND horizontal=704.12 m vertical=0.81 m[0m
[31m[ERROR] [1786181081.478967416] [my_drone_dds_wasd_control]: Position safety gate exceeded; requesting LAND horizontal=704.38 m vertical=0.81 m[0m
[31m[ERROR] [1786181081.543421065] [my_drone_dds_wasd_control]: Position safety gate exceeded; requesting LAND horizontal=704.80 m vertical=0.81 m[0m
[31m[ERROR] [1786181081.584350267] [my_drone_dds_wasd_control]: Position safety gate exceeded; requesting LAND horizontal=705.06 m vertical=0.81 m[0m
[31m[ERROR] [1786181081.636052006] [my_drone_dds_wasd_control]: Position safety gate exceeded; requesting LAND horizontal=705.43 m vertical=0.81 m[0m
[31m[ERROR] [1786181081.684155243] [my_drone_dds_wasd_control]: Position safety gate exceeded; requesting LAND horizontal=705.69 m vertical=0.81 m[0m
[31m[ERROR] [1786181081.731695980] [my_drone_dds_wasd_control]: Position safety gate exceeded; requesting LAND horizontal=706.11 m vertical=0.81 m[0m
[0m[INFO] [1786181081.780387965] [my_drone_dds_wasd_control]: STATE arm=2 nav=5 NED=(1.717,703.401,0.745) vel=(0.010,6.584,0.006) yaw_deg=-167.8 failsafe=True age_s=(0.17,0.01) arm_torque_nm=0.000 motors=[820.89,1000.00,818.89,999.56,1000.00,1000.00,1000.00,1000.00][0m
[31m[ERROR] [1786181081.804173135] [my_drone_dds_wasd_control]: Position safety gate exceeded; requesting LAND horizontal=706.38 m vertical=0.81 m[0m
[31m[ERROR] [1786181081.831054687] [my_drone_dds_wasd_control]: Position safety gate exceeded; requesting LAND horizontal=706.74 m vertical=0.81 m[0m
[31m[ERROR] [1786181081.886082190] [my_drone_dds_wasd_control]: Position safety gate exceeded; requesting LAND horizontal=707.01 m vertical=0.81 m[0m
[31m[ERROR] [1786181081.941002733] [my_drone_dds_wasd_control]: Position safety gate exceeded; requesting LAND horizontal=707.43 m vertical=0.81 m[0m
[31m[ERROR] [1786181081.985057087] [my_drone_dds_wasd_control]: Position safety gate exceeded; requesting LAND horizontal=707.68 m vertical=0.81 m[0m
[31m[ERROR] [1786181082.030665498] [my_drone_dds_wasd_control]: Position safety gate exceeded; requesting LAND horizontal=708.04 m vertical=0.81 m[0m
[31m[ERROR] [1786181082.086356729] [my_drone_dds_wasd_control]: Position safety gate exceeded; requesting LAND horizontal=708.30 m vertical=0.81 m[0m
[31m[ERROR] [1786181082.135157739] [my_drone_dds_wasd_control]: Position safety gate exceeded; requesting LAND horizontal=708.72 m vertical=0.81 m[0m
[31m[ERROR] [1786181082.185598648] [my_drone_dds_wasd_control]: Position safety gate exceeded; requesting LAND horizontal=708.98 m vertical=0.81 m[0m
[31m[ERROR] [1786181082.233938792] [my_drone_dds_wasd_control]: Position safety gate exceeded; requesting LAND horizontal=709.35 m vertical=0.81 m[0m
[31m[ERROR] [1786181082.282588216] [my_drone_dds_wasd_control]: Position safety gate exceeded; requesting LAND horizontal=709.61 m vertical=0.81 m[0m
[31m[ERROR] [1786181082.328836358] [my_drone_dds_wasd_control]: Position safety gate exceeded; requesting LAND horizontal=710.03 m vertical=0.81 m[0m
[31m[ERROR] [1786181082.381783273] [my_drone_dds_wasd_control]: Position safety gate exceeded; requesting LAND horizontal=710.30 m vertical=0.81 m[0m
[31m[ERROR] [1786181082.430546800] [my_drone_dds_wasd_control]: Position safety gate exceeded; requesting LAND horizontal=710.67 m vertical=0.81 m[0m
[31m[ERROR] [1786181082.486752054] [my_drone_dds_wasd_control]: Position safety gate exceeded; requesting LAND horizontal=710.93 m vertical=0.81 m[0m
[31m[ERROR] [1786181082.538194334] [my_drone_dds_wasd_control]: Position safety gate exceeded; requesting LAND horizontal=711.35 m vertical=0.81 m[0m
[31m[ERROR] [1786181082.587509837] [my_drone_dds_wasd_control]: Position safety gate exceeded; requesting LAND horizontal=711.61 m vertical=0.81 m[0m
[31m[ERROR] [1786181082.627598012] [my_drone_dds_wasd_control]: Position safety gate exceeded; requesting LAND horizontal=711.97 m vertical=0.81 m[0m
[31m[ERROR] [1786181082.680052102] [my_drone_dds_wasd_control]: Position safety gate exceeded; requesting LAND horizontal=712.24 m vertical=0.81 m[0m
[31m[ERROR] [1786181082.730421386] [my_drone_dds_wasd_control]: Position safety gate exceeded; requesting LAND horizontal=712.66 m vertical=0.81 m[0m
[0m[INFO] [1786181082.782226266] [my_drone_dds_wasd_control]: STATE arm=2 nav=5 NED=(1.714,709.943,0.749) vel=(0.004,6.586,0.008) yaw_deg=-167.9 failsafe=True age_s=(0.16,0.01) arm_torque_nm=0.000 motors=[821.19,1000.00,819.20,999.55,1000.00,1000.00,1000.00,1000.00][0m
[31m[ERROR] [1786181082.807350931] [my_drone_dds_wasd_control]: Position safety gate exceeded; requesting LAND horizontal=712.92 m vertical=0.81 m[0m
[31m[ERROR] [1786181082.836050927] [my_drone_dds_wasd_control]: Position safety gate exceeded; requesting LAND horizontal=713.29 m vertical=0.81 m[0m
[31m[ERROR] [1786181082.888129019] [my_drone_dds_wasd_control]: Position safety gate exceeded; requesting LAND horizontal=713.55 m vertical=0.81 m[0m
[31m[ERROR] [1786181082.936124685] [my_drone_dds_wasd_control]: Position safety gate exceeded; requesting LAND horizontal=713.97 m vertical=0.81 m[0m
[31m[ERROR] [1786181082.986954983] [my_drone_dds_wasd_control]: Position safety gate exceeded; requesting LAND horizontal=714.22 m vertical=0.81 m[0m
[31m[ERROR] [1786181083.036663681] [my_drone_dds_wasd_control]: Position safety gate exceeded; requesting LAND horizontal=714.58 m vertical=0.81 m[0m
[31m[ERROR] [1786181083.101792337] [my_drone_dds_wasd_control]: Position safety gate exceeded; requesting LAND horizontal=714.84 m vertical=0.81 m[0m
[31m[ERROR] [1786181083.159322018] [my_drone_dds_wasd_control]: Position safety gate exceeded; requesting LAND horizontal=715.26 m vertical=0.81 m[0m
[31m[ERROR] [1786181085.914714110] [my_drone_dds_wasd_control]: Position safety gate exceeded; requesting LAND horizontal=715.26 m vertical=0.81 m[0m
[31m[ERROR] [1786181085.956057854] [my_drone_dds_wasd_control]: Position safety gate exceeded; requesting LAND horizontal=715.87 m vertical=0.81 m[0m
[31m[ERROR] [1786181086.005298481] [my_drone_dds_wasd_control]: Position safety gate exceeded; requesting LAND horizontal=716.12 m vertical=0.81 m[0m
[31m[ERROR] [1786181086.048142913] [my_drone_dds_wasd_control]: Position safety gate exceeded; requesting LAND horizontal=716.37 m vertical=0.81 m[0m
[31m[ERROR] [1786181086.086162981] [my_drone_dds_wasd_control]: Position safety gate exceeded; requesting LAND horizontal=716.77 m vertical=0.81 m[0m
[31m[ERROR] [1786181086.131022074] [my_drone_dds_wasd_control]: Position safety gate exceeded; requesting LAND horizontal=717.13 m vertical=0.81 m[0m
[31m[ERROR] [1786181086.205106535] [my_drone_dds_wasd_control]: Position safety gate exceeded; requesting LAND horizontal=717.40 m vertical=0.80 m[0m
[31m[ERROR] [1786181086.236907339] [my_drone_dds_wasd_control]: Position safety gate exceeded; requesting LAND horizontal=717.81 m vertical=0.80 m[0m
[31m[ERROR] [1786181086.288007917] [my_drone_dds_wasd_control]: Position safety gate exceeded; requesting LAND horizontal=718.08 m vertical=0.80 m[0m
[31m[ERROR] [1786181086.331945391] [my_drone_dds_wasd_control]: Position safety gate exceeded; requesting LAND horizontal=718.45 m vertical=0.80 m[0m
[31m[ERROR] [1786181086.383793134] [my_drone_dds_wasd_control]: Position safety gate exceeded; requesting LAND horizontal=718.71 m vertical=0.80 m[0m
[31m[ERROR] [1786181086.437219831] [my_drone_dds_wasd_control]: Position safety gate exceeded; requesting LAND horizontal=719.13 m vertical=0.80 m[0m
[31m[ERROR] [1786181086.486858018] [my_drone_dds_wasd_control]: Position safety gate exceeded; requesting LAND horizontal=719.39 m vertical=0.80 m[0m
[0m[INFO] [1786181086.538723569] [my_drone_dds_wasd_control]: STATE arm=2 nav=5 NED=(1.696,716.787,0.735) vel=(-0.009,6.601,0.003) yaw_deg=-167.9 failsafe=True age_s=(0.21,0.00) arm_torque_nm=0.000 motors=[821.37,1000.00,819.38,999.06,1000.00,1000.00,1000.00,1000.00][0m
[31m[ERROR] [1786181086.567335766] [my_drone_dds_wasd_control]: Position safety gate exceeded; requesting LAND horizontal=719.76 m vertical=0.80 m[0m
[31m[ERROR] [1786181086.598408726] [my_drone_dds_wasd_control]: Position safety gate exceeded; requesting LAND horizontal=719.76 m vertical=0.80 m[0m
[31m[ERROR] [1786181086.631715868] [my_drone_dds_wasd_control]: Position safety gate exceeded; requesting LAND horizontal=720.44 m vertical=0.80 m[0m
[31m[ERROR] [1786181086.685136315] [my_drone_dds_wasd_control]: Position safety gate exceeded; requesting LAND horizontal=720.70 m vertical=0.80 m[0m
[31m[ERROR] [1786181086.737564227] [my_drone_dds_wasd_control]: Position safety gate exceeded; requesting LAND horizontal=721.07 m vertical=0.80 m[0m
[31m[ERROR] [1786181086.786896919] [my_drone_dds_wasd_control]: Position safety gate exceeded; requesting LAND horizontal=721.33 m vertical=0.80 m[0m
[31m[ERROR] [1786181086.835375834] [my_drone_dds_wasd_control]: Position safety gate exceeded; requesting LAND horizontal=721.75 m vertical=0.79 m[0m
[31m[ERROR] [1786181086.898223874] [my_drone_dds_wasd_control]: Position safety gate exceeded; requesting LAND horizontal=722.01 m vertical=0.79 m[0m
[31m[ERROR] [1786181086.945043510] [my_drone_dds_wasd_control]: Position safety gate exceeded; requesting LAND horizontal=722.27 m vertical=0.79 m[0m
[31m[ERROR] [1786181086.990551483] [my_drone_dds_wasd_control]: Position safety gate exceeded; requesting LAND horizontal=722.64 m vertical=0.79 m[0m
[31m[ERROR] [1786181087.034291110] [my_drone_dds_wasd_control]: Position safety gate exceeded; requesting LAND horizontal=723.05 m vertical=0.79 m[0m
[31m[ERROR] [1786181087.081972274] [my_drone_dds_wasd_control]: Position safety gate exceeded; requesting LAND horizontal=723.32 m vertical=0.79 m[0m
[31m[ERROR] [1786181087.133608488] [my_drone_dds_wasd_control]: Position safety gate exceeded; requesting LAND horizontal=723.69 m vertical=0.79 m[0m
[31m[ERROR] [1786181087.187705161] [my_drone_dds_wasd_control]: Position safety gate exceeded; requesting LAND horizontal=723.95 m vertical=0.79 m[0m
[31m[ERROR] [1786181087.237542610] [my_drone_dds_wasd_control]: Position safety gate exceeded; requesting LAND horizontal=724.37 m vertical=0.79 m[0m
[31m[ERROR] [1786181087.283975408] [my_drone_dds_wasd_control]: Position safety gate exceeded; requesting LAND horizontal=724.63 m vertical=0.79 m[0m
[31m[ERROR] [1786181087.332409745] [my_drone_dds_wasd_control]: Position safety gate exceeded; requesting LAND horizontal=725.00 m vertical=0.79 m[0m
[31m[ERROR] [1786181087.384839145] [my_drone_dds_wasd_control]: Position safety gate exceeded; requesting LAND horizontal=725.26 m vertical=0.79 m[0m
[31m[ERROR] [1786181087.436847977] [my_drone_dds_wasd_control]: Position safety gate exceeded; requesting LAND horizontal=725.69 m vertical=0.79 m[0m
[31m[ERROR] [1786181087.485765756] [my_drone_dds_wasd_control]: Position safety gate exceeded; requesting LAND horizontal=725.95 m vertical=0.79 m[0m
[0m[INFO] [1786181087.532643590] [my_drone_dds_wasd_control]: STATE arm=2 nav=5 NED=(1.684,723.343,0.723) vel=(-0.017,6.603,-0.001) yaw_deg=-167.9 failsafe=True age_s=(0.17,0.00) arm_torque_nm=0.000 motors=[821.28,1000.00,819.30,999.06,1000.00,1000.00,1000.00,1000.00][0m
Traceback (most recent call last):
  File "/mnt/e/清洁无人机/drone_sim_ws/scripts/test_ros2_dds_dynamic_hover_pty.py", line 226, in <module>
    raise SystemExit(main())
                     ^^^^^^
  File "/mnt/e/清洁无人机/drone_sim_ws/scripts/test_ros2_dds_dynamic_hover_pty.py", line 106, in main
    raise RuntimeError("dynamic hover controller did not finish before timeout")
RuntimeError: dynamic hover controller did not finish before timeout
