[INFO] [launch]: All log files can be found below /home/asus/.ros/log/2026-08-08-14-57-08-767201-LAPTOP-FHNQ6FG2-23689
[INFO] [launch]: Default logging verbosity is set to INFO
[INFO] [gazebo-1]: process started with pid [23722]
[INFO] [parameter_bridge-2]: process started with pid [23723]
[INFO] [robot_state_publisher-3]: process started with pid [23724]
[INFO] [gazebo_sensor_delay-4]: process started with pid [23725]
[parameter_bridge-2] [INFO] [1786172233.464835595] [ros_gz_bridge]: Creating GZ->ROS Bridge: [/model/my_drone/odometry (gz.msgs.Odometry) -> /model/my_drone/odometry (nav_msgs/msg/Odometry)] (Lazy 0)
[parameter_bridge-2] [INFO] [1786172233.467226652] [ros_gz_bridge]: Creating ROS->GZ Bridge: [/world/flight_world/wrench (ros_gz_interfaces/msg/EntityWrench) -> /world/flight_world/wrench (gz.msgs.EntityWrench)] (Lazy 0)
[parameter_bridge-2] [INFO] [1786172233.468871396] [ros_gz_bridge]: Creating ROS->GZ Bridge: [/world/flight_world/wrench/persistent (ros_gz_interfaces/msg/EntityWrench) -> /world/flight_world/wrench/persistent (gz.msgs.EntityWrench)] (Lazy 0)
[parameter_bridge-2] [INFO] [1786172233.469317042] [ros_gz_bridge]: Creating ROS->GZ Bridge: [/world/flight_world/wrench/clear (ros_gz_interfaces/msg/Entity) -> /world/flight_world/wrench/clear (gz.msgs.Entity)] (Lazy 0)
[parameter_bridge-2] [INFO] [1786172233.469716484] [ros_gz_bridge]: Creating GZ->ROS Bridge: [/my_drone/command/motor_speed (gz.msgs.Actuators) -> /my_drone/command/motor_speed (actuator_msgs/msg/Actuators)] (Lazy 0)
[parameter_bridge-2] [INFO] [1786172233.470443149] [ros_gz_bridge]: Creating GZ->ROS Bridge: [/world/flight_world/model/my_drone/joint_state (gz.msgs.Model) -> /world/flight_world/model/my_drone/joint_state (sensor_msgs/msg/JointState)] (Lazy 0)
[parameter_bridge-2] [INFO] [1786172233.471768690] [ros_gz_bridge]: Creating ROS->GZ Bridge: [/world/flight_world/model/my_drone/joint_state (sensor_msgs/msg/JointState) -> /world/flight_world/model/my_drone/joint_state (gz.msgs.Model)] (Lazy 0)
[parameter_bridge-2] [INFO] [1786172233.472307499] [ros_gz_bridge]: Creating GZ->ROS Bridge: [/clock (gz.msgs.Clock) -> /clock (rosgraph_msgs/msg/Clock)] (Lazy 0)
[robot_state_publisher-3] [WARN] [1786172233.472707145] [kdl_parser]: The root link base_link has an inertia specified in the URDF, but KDL does not support a root link with an inertia.  As a workaround, you can add an extra dummy link to your URDF.
[robot_state_publisher-3] [INFO] [1786172233.472823212] [robot_state_publisher]: Robot initialized
[INFO] [gazebo_direct_motor_model-5]: process started with pid [23770]
[gazebo-1] [1;32m[Msg] [0m[1;32mGazebo Sim Server v[0m[1;32m8.11.0[0m[1;32m[0m
[gazebo-1] [1;32m[Msg] [0m[1;32mLoading SDF world file[[0m[1;32m/mnt/e/清洁无人机/drone_sim_ws/install/drone_arm_sim/share/drone_arm_sim/worlds/flight_world_250hz.sdf[0m[1;32m].[0m
[gazebo-1] [1;32m[Msg] [0m[1;32mServing entity system service on [[0m[1;32m/[0m[1;32mentity/system/add[0m[1;32m][0m[1;32m[0m
[gazebo-1] [1;32m[Msg] [0m[1;32mCreate[0m[1;32m service on [[0m[1;32m/world/flight_world/create_multiple[0m[1;32m] (async)[0m[1;32m[0m
[gazebo-1] [1;32m[Msg] [0m[1;32mCreate[0m[1;32m service on [[0m[1;32m/world/flight_world/create_multiple/blocking[0m[1;32m] (blocking)[0m[1;32m[0m
[gazebo-1] [1;32m[Msg] [0m[1;32mRemove[0m[1;32m service on [[0m[1;32m/world/flight_world/remove[0m[1;32m] (async)[0m[1;32m[0m
[gazebo-1] [1;32m[Msg] [0m[1;32mRemove[0m[1;32m service on [[0m[1;32m/world/flight_world/remove/blocking[0m[1;32m] (blocking)[0m[1;32m[0m
[gazebo-1] [1;32m[Msg] [0m[1;32mPose[0m[1;32m service on [[0m[1;32m/world/flight_world/set_pose[0m[1;32m] (async)[0m[1;32m[0m
[gazebo-1] [1;32m[Msg] [0m[1;32mPose[0m[1;32m service on [[0m[1;32m/world/flight_world/set_pose/blocking[0m[1;32m] (blocking)[0m[1;32m[0m
[gazebo-1] [1;32m[Msg] [0m[1;32mPose[0m[1;32m service on [[0m[1;32m/world/flight_world/set_pose_vector[0m[1;32m] (async)[0m[1;32m[0m
[gazebo-1] [1;32m[Msg] [0m[1;32mPose[0m[1;32m service on [[0m[1;32m/world/flight_world/set_pose_vector/blocking[0m[1;32m] (blocking)[0m[1;32m[0m
[gazebo-1] [1;32m[Msg] [0m[1;32mLight configuration[0m[1;32m service on [[0m[1;32m/world/flight_world/light_config[0m[1;32m] (async)[0m[1;32m[0m
[gazebo-1] [1;32m[Msg] [0m[1;32mLight configuration[0m[1;32m service on [[0m[1;32m/world/flight_world/light_config/blocking[0m[1;32m] (blocking)[0m[1;32m[0m
[gazebo-1] [1;32m[Msg] [0m[1;32mPhysics[0m[1;32m service on [[0m[1;32m/world/flight_world/set_physics[0m[1;32m] (async)[0m[1;32m[0m
[gazebo-1] [1;32m[Msg] [0m[1;32mPhysics[0m[1;32m service on [[0m[1;32m/world/flight_world/set_physics/blocking[0m[1;32m] (blocking)[0m[1;32m[0m
[gazebo-1] [1;32m[Msg] [0m[1;32mSphericalCoordinates[0m[1;32m service on [[0m[1;32m/world/flight_world/set_spherical_coordinates[0m[1;32m] (async)[0m[1;32m[0m
[gazebo-1] [1;32m[Msg] [0m[1;32mSphericalCoordinates[0m[1;32m service on [[0m[1;32m/world/flight_world/set_spherical_coordinates/blocking[0m[1;32m] (blocking)[0m[1;32m[0m
[gazebo-1] [1;32m[Msg] [0m[1;32mEnable collision[0m[1;32m service on [[0m[1;32m/world/flight_world/enable_collision[0m[1;32m] (async)[0m[1;32m[0m
[gazebo-1] [1;32m[Msg] [0m[1;32mEnable collision[0m[1;32m service on [[0m[1;32m/world/flight_world/enable_collision/blocking[0m[1;32m] (blocking)[0m[1;32m[0m
[gazebo-1] [1;32m[Msg] [0m[1;32mDisable collision[0m[1;32m service on [[0m[1;32m/world/flight_world/disable_collision[0m[1;32m] (async)[0m[1;32m[0m
[gazebo-1] [1;32m[Msg] [0m[1;32mDisable collision[0m[1;32m service on [[0m[1;32m/world/flight_world/disable_collision/blocking[0m[1;32m] (blocking)[0m[1;32m[0m
[gazebo-1] [1;32m[Msg] [0m[1;32mMaterial[0m[1;32m service on [[0m[1;32m/world/flight_world/visual_config[0m[1;32m] (async)[0m[1;32m[0m
[gazebo-1] [1;32m[Msg] [0m[1;32mMaterial[0m[1;32m service on [[0m[1;32m/world/flight_world/visual_config/blocking[0m[1;32m] (blocking)[0m[1;32m[0m
[gazebo-1] [1;32m[Msg] [0m[1;32mMaterial[0m[1;32m service on [[0m[1;32m/world/flight_world/wheel_slip[0m[1;32m] (async)[0m[1;32m[0m
[gazebo-1] [1;32m[Msg] [0m[1;32mMaterial[0m[1;32m service on [[0m[1;32m/world/flight_world/wheel_slip/blocking[0m[1;32m] (blocking)[0m[1;32m[0m
[gazebo-1] [1;32m[Msg] [0m[1;32mListening to instantaneous wrench commands in [[0m[1;32m/world/flight_world/wrench[0m[1;32m][0m[1;32m[0m
[gazebo-1] [1;32m[Msg] [0m[1;32mListening to persistent wrench commands in [[0m[1;32m/world/flight_world/wrench/persistent[0m[1;32m][0m[1;32m[0m
[gazebo-1] [1;32m[Msg] [0m[1;32mListening to wrench clear commands in [[0m[1;32m/world/flight_world/wrench/clear[0m[1;32m][0m[1;32m[0m
[gazebo-1] [1;32m[Msg] [0m[1;32mLoaded level [[0m[1;32mdefault[0m[1;32m][0m[1;32m[0m
[gazebo_sensor_delay-4] [INFO] [1786172234.897207838] [my_drone_gazebo_sensor_delay]: sensor delay imu: 4.0 ms
[gazebo_sensor_delay-4] [INFO] [1786172234.914480014] [my_drone_gazebo_sensor_delay]: sensor delay magnetometer: 10.0 ms
[gazebo_sensor_delay-4] [INFO] [1786172234.928647406] [my_drone_gazebo_sensor_delay]: sensor delay air_pressure: 20.0 ms
[gazebo_sensor_delay-4] [INFO] [1786172234.942768971] [my_drone_gazebo_sensor_delay]: sensor delay navsat: 50.0 ms
[INFO] [create-6]: process started with pid [23814]
[gazebo_direct_motor_model-5] [INFO] [1786172235.573187513] [my_drone_gazebo_direct_motor_model]: battery dynamics override: enabled=False R=0.005 ohm capacity=10 Ah
[create-6] [INFO] [1786172235.697127593] [ros_gz_sim]: Entity creation successful.
[gazebo-1] [1;32m[Msg] [0m[1;32mServing world controls on [[0m[1;32m/world/flight_world[0m[1;32m/control], [[0m[1;32m/world/flight_world[0m[1;32m/control/state] and [[0m[1;32m/world/flight_world[0m[1;32m/playback/control][0m[1;32m[0m
[gazebo-1] [1;32m[Msg] [0m[1;32mServing GUI information on [[0m[1;32m/world/flight_world[0m[1;32m/[0m[1;32mgui/info[0m[1;32m][0m[1;32m[0m
[gazebo-1] [1;32m[Msg] [0m[1;32mWorld [[0m[1;32mflight_world[0m[1;32m] initialized with [[0m[1;32mflight_step[0m[1;32m] physics profile.[0m[1;32m[0m
[gazebo-1] [1;32m[Msg] [0m[1;32mServing world SDF generation service on [[0m[1;32m/world/flight_world[0m[1;32m/[0m[1;32mgenerate_world_sdf[0m[1;32m][0m[1;32m[0m
[gazebo-1] [1;32m[Msg] [0m[1;32mServing world names on [[0m[1;32m/gazebo/worlds[0m[1;32m][0m[1;32m[0m
[gazebo-1] [1;32m[Msg] [0m[1;32mResource path add service on [[0m[1;32m/gazebo/resource_paths/add[0m[1;32m].[0m[1;32m[0m
[gazebo-1] [1;32m[Msg] [0m[1;32mResource path get service on [[0m[1;32m/gazebo/resource_paths/get[0m[1;32m].[0m[1;32m[0m
[gazebo-1] [1;32m[Msg] [0m[1;32mResource path resolve service on [[0m[1;32m/gazebo/resource_paths/resolve[0m[1;32m].[0m[1;32m[0m
[gazebo-1] [1;32m[Msg] [0m[1;32mResource paths published on [[0m[1;32m/gazebo/resource_paths[0m[1;32m].[0m[1;32m[0m
[gazebo-1] [1;32m[Msg] [0m[1;32mServer control service on [[0m[1;32m/server_control[0m[1;32m].[0m[1;32m[0m
[gazebo-1] [1;32m[Msg] [0m[1;32mFound no publishers on /stats, adding root stats topic[0m[1;32m[0m
[gazebo-1] [1;32m[Msg] [0m[1;32mFound no publishers on /clock, adding root clock topic[0m[1;32m[0m
[INFO] [create-6]: process has finished cleanly [pid 23814]
[gazebo-1] [1;33mWarning [Utils.cc:132][0m [/sdf/model[@name="my_drone_v3_cad_formal_dynamic"]/link[@name="base_link"]/sensor[@name="air_pressure_sensor"]/gz_frame_id:<urdf-string>:L0]: XML Element[gz_frame_id], child of element[sensor], not defined in SDF. Copying[gz_frame_id] as children of [sensor].
[gazebo-1] [1;33mWarning [Utils.cc:132][0m [/sdf/model[@name="my_drone_v3_cad_formal_dynamic"]/link[@name="base_link"]/sensor[@name="magnetometer_sensor"]/gz_frame_id:<urdf-string>:L0]: XML Element[gz_frame_id], child of element[sensor], not defined in SDF. Copying[gz_frame_id] as children of [sensor].
[gazebo-1] [1;33mWarning [Utils.cc:132][0m [/sdf/model[@name="my_drone_v3_cad_formal_dynamic"]/link[@name="base_link"]/sensor[@name="imu_sensor"]/gz_frame_id:<urdf-string>:L0]: XML Element[gz_frame_id], child of element[sensor], not defined in SDF. Copying[gz_frame_id] as children of [sensor].
[gazebo-1] [1;33mWarning [Utils.cc:132][0m [/sdf/model[@name="my_drone_v3_cad_formal_dynamic"]/link[@name="base_link"]/sensor[@name="navsat_sensor"]/gz_frame_id:<urdf-string>:L0]: XML Element[gz_frame_id], child of element[sensor], not defined in SDF. Copying[gz_frame_id] as children of [sensor].
[gazebo-1] [INFO] [1786172235.974614816] [gz_ros_control]: [gz_ros2_control] Fixed joint ['arm_mount'] (Entity='67') is skipped.
[gazebo-1] [INFO] [1786172236.109403232] [gz_ros_control]: Loading controller_manager
[gazebo-1] [INFO] [1786172236.269676056] [controller_manager]: Using ROS clock for triggering controller manager cycles.
[gazebo-1] [INFO] [1786172236.273691716] [controller_manager]: Subscribing to '/robot_description' topic for robot description.
[gazebo-1] [WARN] [1786172236.277783306] [gz_ros_control]: Waiting RM to load and initialize hardware...
[gazebo-1] [INFO] [1786172236.284667802] [controller_manager]: Received robot description from topic.
[gazebo-1] [INFO] [1786172236.284747634] [controller_manager]: Enforcing command limits is disabled. Command limits from URDF will be ignored.
[gazebo-1] [INFO] [1786172236.360696604] [gz_ros_control]: The position_proportional_gain has been set to: 0.5
[gazebo-1] [INFO] [1786172236.360792228] [gz_ros_control]: Loading joint: shoulder_pan
[gazebo-1] [INFO] [1786172236.360798840] [gz_ros_control]: 	State:
[gazebo-1] [INFO] [1786172236.360803713] [gz_ros_control]: 		 position
[gazebo-1] [INFO] [1786172236.360811042] [gz_ros_control]: 			 found initial value: 0.000000
[gazebo-1] [INFO] [1786172236.360816681] [gz_ros_control]: 		 velocity
[gazebo-1] [INFO] [1786172236.360821995] [gz_ros_control]: 	Command:
[gazebo-1] [INFO] [1786172236.360823894] [gz_ros_control]: 		 position
[gazebo-1] [INFO] [1786172236.360839415] [gz_ros_control]: Loading joint: shoulder_lift
[gazebo-1] [INFO] [1786172236.360841588] [gz_ros_control]: 	State:
[gazebo-1] [INFO] [1786172236.360843524] [gz_ros_control]: 		 position
[gazebo-1] [INFO] [1786172236.360845743] [gz_ros_control]: 			 found initial value: 0.000000
[gazebo-1] [INFO] [1786172236.360847998] [gz_ros_control]: 		 velocity
[gazebo-1] [INFO] [1786172236.360849902] [gz_ros_control]: 	Command:
[gazebo-1] [INFO] [1786172236.360851656] [gz_ros_control]: 		 position
[gazebo-1] [INFO] [1786172236.360857421] [gz_ros_control]: Loading joint: elbow_flex
[gazebo-1] [INFO] [1786172236.360859582] [gz_ros_control]: 	State:
[gazebo-1] [INFO] [1786172236.360861441] [gz_ros_control]: 		 position
[gazebo-1] [INFO] [1786172236.360863525] [gz_ros_control]: 			 found initial value: 0.000000
[gazebo-1] [INFO] [1786172236.360865427] [gz_ros_control]: 		 velocity
[gazebo-1] [INFO] [1786172236.360867228] [gz_ros_control]: 	Command:
[gazebo-1] [INFO] [1786172236.360869024] [gz_ros_control]: 		 position
[gazebo-1] [INFO] [1786172236.360874492] [gz_ros_control]: Loading joint: wrist_flex
[gazebo-1] [INFO] [1786172236.360876381] [gz_ros_control]: 	State:
[gazebo-1] [INFO] [1786172236.360878121] [gz_ros_control]: 		 position
[gazebo-1] [INFO] [1786172236.360879807] [gz_ros_control]: 			 found initial value: 0.000000
[gazebo-1] [INFO] [1786172236.360881729] [gz_ros_control]: 		 velocity
[gazebo-1] [INFO] [1786172236.360883521] [gz_ros_control]: 	Command:
[gazebo-1] [INFO] [1786172236.360885278] [gz_ros_control]: 		 position
[gazebo-1] [INFO] [1786172236.360890885] [gz_ros_control]: Loading joint: wrist_roll
[gazebo-1] [INFO] [1786172236.360892834] [gz_ros_control]: 	State:
[gazebo-1] [INFO] [1786172236.360894694] [gz_ros_control]: 		 position
[gazebo-1] [INFO] [1786172236.360897276] [gz_ros_control]: 			 found initial value: 0.000000
[gazebo-1] [INFO] [1786172236.360899247] [gz_ros_control]: 		 velocity
[gazebo-1] [INFO] [1786172236.360901208] [gz_ros_control]: 	Command:
[gazebo-1] [INFO] [1786172236.360902969] [gz_ros_control]: 		 position
[gazebo-1] [INFO] [1786172236.360910773] [gz_ros_control]: Loading joint: gripper
[gazebo-1] [INFO] [1786172236.360912907] [gz_ros_control]: 	State:
[gazebo-1] [INFO] [1786172236.360914636] [gz_ros_control]: 		 position
[gazebo-1] [INFO] [1786172236.360916353] [gz_ros_control]: 			 found initial value: 0.000000
[gazebo-1] [INFO] [1786172236.360918253] [gz_ros_control]: 		 velocity
[gazebo-1] [INFO] [1786172236.360919959] [gz_ros_control]: 	Command:
[gazebo-1] [INFO] [1786172236.360921570] [gz_ros_control]: 		 position
[gazebo-1] [INFO] [1786172236.360955607] [gz_ros_control]: Loading sensor: imu_sensor
[gazebo-1] [INFO] [1786172236.360957931] [gz_ros_control]: 	State:
[gazebo-1] [WARN] [1786172236.360960290] [gz_ros_control]: IMU sensor 'imu_sensor' not found in hardware_info, skipping.
[gazebo-1] [INFO] [1786172236.361029959] [controller_manager]: Initialize hardware 'GazeboSimSystem' 
[gazebo-1] [WARN] [1786172236.361044543] [controller_manager.hardware_component.system.GazeboSimSystem]: Executor is not available during hardware component initialization for 'GazeboSimSystem'. Skipping node creation!
[gazebo-1] [INFO] [1786172236.361094364] [controller_manager]: Successful initialization of hardware 'GazeboSimSystem'
[gazebo-1] [INFO] [1786172236.361201281] [controller_manager]: Activating component 'GazeboSimSystem'.
[gazebo-1] [INFO] [1786172236.361209196] [resource_manager]: 'configure' hardware 'GazeboSimSystem' 
[gazebo-1] [INFO] [1786172236.361212425] [gz_ros_control]: System Successfully configured!
[gazebo-1] [INFO] [1786172236.361215444] [resource_manager]: Successful 'configure' of hardware 'GazeboSimSystem'
[gazebo-1] [INFO] [1786172236.361220797] [resource_manager]: 'activate' hardware 'GazeboSimSystem' 
[gazebo-1] [INFO] [1786172236.361231352] [resource_manager]: Successful 'activate' of hardware 'GazeboSimSystem'
[gazebo-1] [WARN] [1786172236.361285653] [controller_manager]: Component 'GazeboSimSystem' does not have read or write statistics initialized, skipping registration.
[gazebo-1] [INFO] [1786172236.361290873] [controller_manager]: Resource Manager has been successfully initialized. Starting Controller Manager services...
[INFO] [spawner-7]: process started with pid [23879]
[spawner-7] [INFO] [1786172239.850437855] [spawner_joint_state_broadcaster]: waiting for service /controller_manager/load_controller to become available...
[gazebo-1] [INFO] [1786172240.101023972] [controller_manager]: Loading controller : 'joint_state_broadcaster' of type 'joint_state_broadcaster/JointStateBroadcaster'
[gazebo-1] [INFO] [1786172240.101090959] [controller_manager]: Loading controller 'joint_state_broadcaster'
[gazebo-1] [INFO] [1786172240.151088768] [controller_manager]: Controller 'joint_state_broadcaster' node arguments: --ros-args --params-file /mnt/e/清洁无人机/drone_sim_ws/install/drone_arm_sim/share/drone_arm_sim/config/so101_ros2_control.yaml -p use_sim_time:=true --param use_sim_time:=true 
[spawner-7] [INFO] [1786172240.171488505] [spawner_joint_state_broadcaster]: Loaded joint_state_broadcaster
[gazebo-1] [INFO] [1786172240.172616061] [controller_manager]: Configuring controller: 'joint_state_broadcaster'
[gazebo-1] [INFO] [1786172240.173149128] [joint_state_broadcaster]: 'joints' or 'interfaces' parameter is empty. All available state interfaces will be published
[gazebo-1] [INFO] [1786172240.198834533] [controller_manager]: Activating controllers: [ joint_state_broadcaster ]
[gazebo-1] [INFO] [1786172240.387833434] [controller_manager]: Successfully switched controllers!
[spawner-7] [INFO] [1786172240.391377876] [spawner_joint_state_broadcaster]: Configured and activated joint_state_broadcaster
[gazebo_direct_motor_model-5] [INFO] [1786172240.411225186] [my_drone_gazebo_direct_motor_model]: MOTOR_DYNAMIC_STATE sim_s=0.012 cmd_min=0.0000 cmd_mean=0.0000 cmd_max=0.0000 filtered_mean=0.0000 filtered_max=0.0000 esc_throttle_mean=0.0000 total_thrust_n=0.0000 body_up_force_n=0.0000 saturated_motors=0 voltage_v=14.8000 thrust_scale=1.000000 current_a=0.0000
[parameter_bridge-2] [INFO] [1786172240.412138611] [ros_gz_bridge]: Passing message from ROS ros_gz_interfaces/msg/EntityWrench to Gazebo gz.msgs.EntityWrench (showing msg only once per type)
[INFO] [spawner-7]: process has finished cleanly [pid 23879]
[gazebo-1] [1;32m[Msg] [0m[1;32mOdometryPublisher publishing odometry on [[0m[1;32m/model/my_drone/odometry[0m[1;32m][0m[1;32m[0m
[gazebo-1] [1;32m[Msg] [0m[1;32mOdometryPublisher publishing odometry with covariance on [[0m[1;32m/model/my_drone/odometry_with_covariance[0m[1;32m][0m[1;32m[0m
[gazebo-1] [1;32m[Msg] [0m[1;32mOdometryPublisher publishing Pose_V (TF) on [[0m[1;32m/model/my_drone/pose[0m[1;32m][0m[1;32m[0m
[gazebo-1] [1;32m[Msg] [0m[1;32mServing scene information on [[0m[1;32m/world/flight_world[0m[1;32m/[0m[1;32mscene/info[0m[1;32m][0m[1;32m[0m
[gazebo-1] [1;32m[Msg] [0m[1;32mServing graph information on [[0m[1;32m/world/flight_world[0m[1;32m/[0m[1;32mscene/graph[0m[1;32m][0m[1;32m[0m
[gazebo-1] [1;32m[Msg] [0m[1;32mServing full state on [[0m[1;32m/world/flight_world[0m[1;32m/[0m[1;32mstate[0m[1;32m][0m[1;32m[0m
[gazebo-1] [1;32m[Msg] [0m[1;32mServing full state (async) on [[0m[1;32m/world/flight_world[0m[1;32m/[0m[1;32mstate_async[0m[1;32m][0m[1;32m[0m
[gazebo-1] [1;32m[Msg] [0m[1;32mPublishing scene information on [[0m[1;32m/world/flight_world/scene/info[0m[1;32m][0m[1;32m[0m
[gazebo-1] [1;32m[Msg] [0m[1;32mPublishing entity deletions on [[0m[1;32m/world/flight_world/scene/deletion[0m[1;32m][0m[1;32m[0m
[gazebo-1] [1;32m[Msg] [0m[1;32mPublishing state changes on [[0m[1;32m/world/flight_world/state[0m[1;32m][0m[1;32m[0m
[gazebo-1] [1;32m[Msg] [0m[1;32mPublishing pose messages on [[0m[1;32m/world/flight_world[0m[1;32m/[0m[1;32mpose/info[0m[1;32m][0m[1;32m[0m
[gazebo-1] [1;32m[Msg] [0m[1;32mPublishing dynamic pose messages on [[0m[1;32m/world/flight_world[0m[1;32m/[0m[1;32mdynamic_pose/info[0m[1;32m][0m[1;32m[0m
[INFO] [spawner-8]: process started with pid [23907]
[gazebo_direct_motor_model-5] [INFO] [1786172241.407902128] [my_drone_gazebo_direct_motor_model]: MOTOR_DYNAMIC_STATE sim_s=1.012 cmd_min=0.0000 cmd_mean=0.0000 cmd_max=0.0000 filtered_mean=0.0000 filtered_max=0.0000 esc_throttle_mean=0.0000 total_thrust_n=0.0000 body_up_force_n=0.0000 saturated_motors=0 voltage_v=14.8000 thrust_scale=1.000000 current_a=0.0000
[gazebo_direct_motor_model-5] [INFO] [1786172242.406836009] [my_drone_gazebo_direct_motor_model]: MOTOR_DYNAMIC_STATE sim_s=2.012 cmd_min=0.0000 cmd_mean=0.0000 cmd_max=0.0000 filtered_mean=0.0000 filtered_max=0.0000 esc_throttle_mean=0.0000 total_thrust_n=0.0000 body_up_force_n=0.0000 saturated_motors=0 voltage_v=14.8000 thrust_scale=1.000000 current_a=0.0000
[spawner-8] [INFO] [1786172242.507227721] [spawner_arm_controller]: waiting for service /controller_manager/list_controllers to become available...
[gazebo-1] [INFO] [1786172242.759214264] [controller_manager]: Loading controller : 'arm_controller' of type 'joint_trajectory_controller/JointTrajectoryController'
[gazebo-1] [INFO] [1786172242.759253969] [controller_manager]: Loading controller 'arm_controller'
[gazebo-1] [INFO] [1786172242.784058420] [controller_manager]: Controller 'arm_controller' node arguments: --ros-args --params-file /mnt/e/清洁无人机/drone_sim_ws/install/drone_arm_sim/share/drone_arm_sim/config/so101_ros2_control.yaml -p use_sim_time:=true --param use_sim_time:=true 
[spawner-8] [INFO] [1786172242.859134759] [spawner_arm_controller]: Loaded arm_controller
[gazebo-1] [INFO] [1786172242.860198298] [controller_manager]: Configuring controller: 'arm_controller'
[gazebo-1] [INFO] [1786172242.860810044] [arm_controller]: No specific joint names are used for command interfaces. Using 'joints' parameter.
[gazebo-1] [INFO] [1786172242.861429774] [arm_controller]: Command interfaces are [position] and state interfaces are [position velocity].
[gazebo-1] [INFO] [1786172242.861494081] [arm_controller]: Using 'splines' interpolation method.
[gazebo-1] [INFO] [1786172242.865250715] [arm_controller]: Action status changes will be monitored at 20.00 Hz.
[gazebo-1] [INFO] [1786172242.873013388] [arm_controller]: Setting initial scaling factor to 1.000000
[gazebo-1] [INFO] [1786172242.873053773] [arm_controller]: No scaling interface set. This controller will not read speed scaling from the hardware.
[gazebo-1] [INFO] [1786172242.875452791] [controller_manager]: Activating controllers: [ arm_controller ]
[gazebo-1] [INFO] [1786172242.878446629] [controller_manager]: Successfully switched controllers!
[spawner-8] [INFO] [1786172242.883424677] [spawner_arm_controller]: Configured and activated arm_controller
[INFO] [spawner-8]: process has finished cleanly [pid 23907]
[INFO] [arm_coupling_monitor-9]: process started with pid [23924]
[gazebo_direct_motor_model-5] [INFO] [1786172243.404616554] [my_drone_gazebo_direct_motor_model]: MOTOR_DYNAMIC_STATE sim_s=3.012 cmd_min=0.0000 cmd_mean=0.0000 cmd_max=0.0000 filtered_mean=0.0000 filtered_max=0.0000 esc_throttle_mean=0.0000 total_thrust_n=0.0000 body_up_force_n=0.0000 saturated_motors=0 voltage_v=14.8000 thrust_scale=1.000000 current_a=0.0000
[gazebo_direct_motor_model-5] [INFO] [1786172244.415373374] [my_drone_gazebo_direct_motor_model]: MOTOR_DYNAMIC_STATE sim_s=4.016 cmd_min=0.0000 cmd_mean=0.0000 cmd_max=0.0000 filtered_mean=0.0000 filtered_max=0.0000 esc_throttle_mean=0.0000 total_thrust_n=0.0000 body_up_force_n=0.0000 saturated_motors=0 voltage_v=14.8000 thrust_scale=1.000000 current_a=0.0000
[gazebo_direct_motor_model-5] [INFO] [1786172245.415376242] [my_drone_gazebo_direct_motor_model]: MOTOR_DYNAMIC_STATE sim_s=5.016 cmd_min=0.0000 cmd_mean=0.0000 cmd_max=0.0000 filtered_mean=0.0000 filtered_max=0.0000 esc_throttle_mean=0.0000 total_thrust_n=0.0000 body_up_force_n=0.0000 saturated_motors=0 voltage_v=14.8000 thrust_scale=1.000000 current_a=0.0000
[arm_coupling_monitor-9] [INFO] [1786172245.879764749] [my_drone_arm_coupling_monitor]: ARM_COUPLING_STATE {"com_body_flu_m": [-0.0036629033473980304, -0.0006667866477932354, -0.20538691627599456], "com_shift_m": [0.0003372844528538887, 5.869870513150314e-06, -0.0009054712145773469], "feedforward_acceleration_ned_m_s2": [-5.867654563807029e-18, 2.6971736485924274e-18, -2.6598164746491032e-17], "inertia_diag_kg_m2": [0.4027396062629295, 0.4040587467116097, 0.41220447254676673], "mass_kg": 7.735, "reaction_force_body_n": [-2.0862901133591078e-17, 4.538618676223638e-17, -2.0573680440516629e-16], "reaction_torque_body_nm": [-3.86667576296764e-15, -2.1807098201968602e-14, -1.1276155267698737e-15]}
[gazebo_direct_motor_model-5] [INFO] [1786172246.411983276] [my_drone_gazebo_direct_motor_model]: MOTOR_DYNAMIC_STATE sim_s=6.016 cmd_min=0.0000 cmd_mean=0.0000 cmd_max=0.0000 filtered_mean=0.0000 filtered_max=0.0000 esc_throttle_mean=0.0000 total_thrust_n=0.0000 body_up_force_n=0.0000 saturated_motors=0 voltage_v=14.8000 thrust_scale=1.000000 current_a=0.0000
[arm_coupling_monitor-9] [INFO] [1786172247.115985574] [my_drone_arm_coupling_monitor]: ARM_COUPLING_STATE {"com_body_flu_m": [-0.0036629033473980304, -0.0006667866477932354, -0.20538691627599456], "com_shift_m": [0.0003372844528538887, 5.869870513150314e-06, -0.0009054712145773469], "feedforward_acceleration_ned_m_s2": [-1.4403205180780517e-18, -2.36292854821582e-17, -2.4318448211088032e-17], "inertia_diag_kg_m2": [0.4027396062629295, 0.4040587467116097, 0.41220447254676673], "mass_kg": 7.735, "reaction_force_body_n": [1.8277245898118524e-16, 1.1141939973222498e-17, -1.8810319648654683e-16], "reaction_torque_body_nm": [-3.7659520095315034e-15, 2.1036167235838213e-14, -4.732075990119936e-16]}
[gazebo_direct_motor_model-5] [INFO] [1786172247.413217165] [my_drone_gazebo_direct_motor_model]: MOTOR_DYNAMIC_STATE sim_s=7.016 cmd_min=0.0000 cmd_mean=0.0000 cmd_max=0.0000 filtered_mean=0.0000 filtered_max=0.0000 esc_throttle_mean=0.0000 total_thrust_n=0.0000 body_up_force_n=0.0000 saturated_motors=0 voltage_v=14.8000 thrust_scale=1.000000 current_a=0.0000
[arm_coupling_monitor-9] [INFO] [1786172248.139445300] [my_drone_arm_coupling_monitor]: ARM_COUPLING_STATE {"com_body_flu_m": [-0.0036629033473980304, -0.0006667866477932354, -0.20538691627599456], "com_shift_m": [0.0003372844528538887, 5.869870513150314e-06, -0.0009054712145773469], "feedforward_acceleration_ned_m_s2": [1.3074348618895976e-18, 2.3175260975427882e-17, 2.522711734164214e-16], "inertia_diag_kg_m2": [0.4027396062629295, 0.4040587467116097, 0.41220447254676673], "mass_kg": 7.735, "reaction_force_body_n": [-1.7926058959759887e-16, -1.0114047434713443e-17, 1.9513175259572503e-15], "reaction_torque_body_nm": [3.077458102428825e-15, -9.958123691899023e-15, 6.431425954071814e-17]}
[gazebo_direct_motor_model-5] [INFO] [1786172248.417073412] [my_drone_gazebo_direct_motor_model]: MOTOR_DYNAMIC_STATE sim_s=8.016 cmd_min=0.0000 cmd_mean=0.0000 cmd_max=0.0000 filtered_mean=0.0000 filtered_max=0.0000 esc_throttle_mean=0.0000 total_thrust_n=0.0000 body_up_force_n=0.0000 saturated_motors=0 voltage_v=14.8000 thrust_scale=1.000000 current_a=0.0000
[gazebo_direct_motor_model-5] [INFO] [1786172252.750789738] [my_drone_gazebo_direct_motor_model]: MOTOR_DYNAMIC_STATE sim_s=9.016 cmd_min=0.0000 cmd_mean=0.0000 cmd_max=0.0000 filtered_mean=0.0000 filtered_max=0.0000 esc_throttle_mean=0.0000 total_thrust_n=0.0000 body_up_force_n=0.0000 saturated_motors=0 voltage_v=14.8000 thrust_scale=1.000000 current_a=0.0000
[arm_coupling_monitor-9] [INFO] [1786172252.790314558] [my_drone_arm_coupling_monitor]: ARM_COUPLING_STATE {"com_body_flu_m": [-0.0036629033473980304, -0.0006667866477932354, -0.20538691627599456], "com_shift_m": [0.0003372844528538887, 5.869870513150314e-06, -0.0009054712145773469], "feedforward_acceleration_ned_m_s2": [-3.652666209982159e-18, -1.01188181410937e-16, -1.9384807805687477e-16], "inertia_diag_kg_m2": [0.4027396062629295, 0.4040587467116097, 0.41220447254676673], "mass_kg": 7.735, "reaction_force_body_n": [7.826904227781232e-16, 2.8257915043731264e-17, -1.4994148819270367e-15], "reaction_torque_body_nm": [6.535308203456892e-15, -3.800944430676828e-14, -2.1084083933463592e-16]}
[gazebo_direct_motor_model-5] [INFO] [1786172253.750099460] [my_drone_gazebo_direct_motor_model]: MOTOR_DYNAMIC_STATE sim_s=10.016 cmd_min=0.0000 cmd_mean=0.0000 cmd_max=0.0000 filtered_mean=0.0000 filtered_max=0.0000 esc_throttle_mean=0.0000 total_thrust_n=0.0000 body_up_force_n=0.0000 saturated_motors=0 voltage_v=14.8000 thrust_scale=1.000000 current_a=0.0000
[arm_coupling_monitor-9] [INFO] [1786172254.120986002] [my_drone_arm_coupling_monitor]: ARM_COUPLING_STATE {"com_body_flu_m": [-0.0036629033473980304, -0.0006667866477932354, -0.20538691627599456], "com_shift_m": [0.0003372844528538887, 5.869870513150314e-06, -0.0009054712145773469], "feedforward_acceleration_ned_m_s2": [-5.804169791992242e-17, -6.075920989425007e-17, 2.02733466078443e-16], "inertia_diag_kg_m2": [0.4027396062629295, 0.4040587467116097, 0.41220447254676673], "mass_kg": 7.735, "reaction_force_body_n": [4.699698787520442e-16, 4.489552628708449e-16, 1.5681433608307025e-15], "reaction_torque_body_nm": [-2.3330945390744636e-15, 4.0130313064974745e-14, -5.795328779241208e-15]}
[gazebo_direct_motor_model-5] [INFO] [1786172254.753754881] [my_drone_gazebo_direct_motor_model]: MOTOR_DYNAMIC_STATE sim_s=11.016 cmd_min=0.0000 cmd_mean=0.0000 cmd_max=0.0000 filtered_mean=0.0000 filtered_max=0.0000 esc_throttle_mean=0.0000 total_thrust_n=0.0000 body_up_force_n=0.0000 saturated_motors=0 voltage_v=14.8000 thrust_scale=1.000000 current_a=0.0000
[arm_coupling_monitor-9] [INFO] [1786172255.452425255] [my_drone_arm_coupling_monitor]: ARM_COUPLING_STATE {"com_body_flu_m": [-0.0036629033473980304, -0.0006667866477932354, -0.20538691627599456], "com_shift_m": [0.0003372844528538887, 5.869870513150314e-06, -0.0009054712145773469], "feedforward_acceleration_ned_m_s2": [-1.1275435268191348e-16, -1.3452522070864863e-16, 7.974421753461941e-16], "inertia_diag_kg_m2": [0.4027396062629295, 0.4040587467116097, 0.41220447254676673], "mass_kg": 7.735, "reaction_force_body_n": [1.0405475048529206e-15, 8.721609636667065e-16, 6.168215227994294e-15], "reaction_torque_body_nm": [4.3814732435061404e-15, 6.366816666572714e-14, -1.0201504758372068e-14]}
[gazebo_direct_motor_model-5] [INFO] [1786172255.749376643] [my_drone_gazebo_direct_motor_model]: MOTOR_DYNAMIC_STATE sim_s=12.016 cmd_min=0.0000 cmd_mean=0.0000 cmd_max=0.0000 filtered_mean=0.0000 filtered_max=0.0000 esc_throttle_mean=0.0000 total_thrust_n=0.0000 body_up_force_n=0.0000 saturated_motors=0 voltage_v=14.8000 thrust_scale=1.000000 current_a=0.0000
[arm_coupling_monitor-9] [INFO] [1786172256.483819427] [my_drone_arm_coupling_monitor]: ARM_COUPLING_STATE {"com_body_flu_m": [-0.0036629033473980304, -0.0006667866477932354, -0.20538691627599456], "com_shift_m": [0.0003372844528538887, 5.869870513150314e-06, -0.0009054712145773469], "feedforward_acceleration_ned_m_s2": [-3.485052656193853e-18, 1.0428920153560434e-17, -5.205059699653296e-16], "inertia_diag_kg_m2": [0.4027396062629295, 0.4040587467116097, 0.41220447254676673], "mass_kg": 7.735, "reaction_force_body_n": [-8.066784425082837e-17, 2.695641038532322e-17, -4.0261136778989096e-15], "reaction_torque_body_nm": [-4.0402391236327023e-16, 4.114731000723218e-14, 2.2550169569238224e-16]}
[gazebo_direct_motor_model-5] [INFO] [1786172256.761904862] [my_drone_gazebo_direct_motor_model]: MOTOR_DYNAMIC_STATE sim_s=13.016 cmd_min=0.0000 cmd_mean=0.0000 cmd_max=0.0000 filtered_mean=0.0000 filtered_max=0.0000 esc_throttle_mean=0.0000 total_thrust_n=0.0000 body_up_force_n=0.0000 saturated_motors=0 voltage_v=14.8000 thrust_scale=1.000000 current_a=0.0000
[gazebo_direct_motor_model-5] [INFO] [1786172257.752135784] [my_drone_gazebo_direct_motor_model]: MOTOR_DYNAMIC_STATE sim_s=14.016 cmd_min=0.0000 cmd_mean=0.0000 cmd_max=0.0000 filtered_mean=0.0000 filtered_max=0.0000 esc_throttle_mean=0.0000 total_thrust_n=0.0000 body_up_force_n=0.0000 saturated_motors=0 voltage_v=14.8000 thrust_scale=1.000000 current_a=0.0000
[arm_coupling_monitor-9] [INFO] [1786172257.795828242] [my_drone_arm_coupling_monitor]: ARM_COUPLING_STATE {"com_body_flu_m": [-0.0036629033473980304, -0.0006667866477932354, -0.20538691627599456], "com_shift_m": [0.0003372844528538887, 5.869870513150314e-06, -0.0009054712145773469], "feedforward_acceleration_ned_m_s2": [-6.711291041538518e-17, -1.106568473105676e-16, 7.120349294940785e-16], "inertia_diag_kg_m2": [0.4027396062629295, 0.4040587467116097, 0.41220447254676673], "mass_kg": 7.735, "reaction_force_body_n": [8.559276874652563e-16, 5.191233354687218e-16, 5.507590181208294e-15], "reaction_torque_body_nm": [4.225268318567326e-15, 5.400131398926953e-14, -7.0236637017360544e-15]}
[gazebo_direct_motor_model-5] [INFO] [1786172258.749170634] [my_drone_gazebo_direct_motor_model]: MOTOR_DYNAMIC_STATE sim_s=15.016 cmd_min=0.0000 cmd_mean=0.0000 cmd_max=0.0000 filtered_mean=0.0000 filtered_max=0.0000 esc_throttle_mean=0.0000 total_thrust_n=0.0000 body_up_force_n=0.0000 saturated_motors=0 voltage_v=14.8000 thrust_scale=1.000000 current_a=0.0000
[arm_coupling_monitor-9] [INFO] [1786172259.108197987] [my_drone_arm_coupling_monitor]: ARM_COUPLING_STATE {"com_body_flu_m": [-0.0036629033473980304, -0.0006667866477932354, -0.20538691627599456], "com_shift_m": [0.0003372844528538887, 5.869870513150314e-06, -0.0009054712145773469], "feedforward_acceleration_ned_m_s2": [-4.536333999216391e-18, -7.670174644890361e-17, -2.123937609583912e-16], "inertia_diag_kg_m2": [0.4027396062629295, 0.4040587467116097, 0.41220447254676673], "mass_kg": 7.735, "reaction_force_body_n": [5.932878090164411e-16, 3.5091985840560156e-17, -1.642865739628652e-15], "reaction_torque_body_nm": [2.2763574448491854e-15, 2.559051180168425e-15, 1.8637766287429595e-16]}
[gazebo_direct_motor_model-5] [INFO] [1786172259.753644172] [my_drone_gazebo_direct_motor_model]: MOTOR_DYNAMIC_STATE sim_s=16.020 cmd_min=0.0000 cmd_mean=0.0000 cmd_max=0.0000 filtered_mean=0.0000 filtered_max=0.0000 esc_throttle_mean=0.0000 total_thrust_n=0.0000 body_up_force_n=0.0000 saturated_motors=0 voltage_v=14.8000 thrust_scale=1.000000 current_a=0.0000
[arm_coupling_monitor-9] [INFO] [1786172260.128010405] [my_drone_arm_coupling_monitor]: ARM_COUPLING_STATE {"com_body_flu_m": [-0.0036629033473980304, -0.0006667866477932354, -0.20538691627599456], "com_shift_m": [0.0003372844528538887, 5.869870513150314e-06, -0.0009054712145773469], "feedforward_acceleration_ned_m_s2": [-2.874827831320262e-17, 7.405913956021115e-18, -4.686220967658067e-16], "inertia_diag_kg_m2": [0.4027396062629295, 0.4040587467116097, 0.41220447254676673], "mass_kg": 7.735, "reaction_force_body_n": [-5.728602657107734e-17, 2.2236759693443864e-16, -3.624791918822384e-15], "reaction_torque_body_nm": [5.6608827039780095e-15, -1.595558644673275e-14, -8.714851782012856e-16]}
[gazebo_direct_motor_model-5] [INFO] [1786172260.755285657] [my_drone_gazebo_direct_motor_model]: MOTOR_DYNAMIC_STATE sim_s=17.020 cmd_min=0.0000 cmd_mean=0.0000 cmd_max=0.0000 filtered_mean=0.0000 filtered_max=0.0000 esc_throttle_mean=0.0000 total_thrust_n=0.0000 body_up_force_n=0.0000 saturated_motors=0 voltage_v=14.8000 thrust_scale=1.000000 current_a=0.0000
[arm_coupling_monitor-9] [INFO] [1786172261.443553224] [my_drone_arm_coupling_monitor]: ARM_COUPLING_STATE {"com_body_flu_m": [-0.0036629033473980304, -0.0006667866477932354, -0.20538691627599456], "com_shift_m": [0.0003372844528538887, 5.869870513150314e-06, -0.0009054712145773469], "feedforward_acceleration_ned_m_s2": [-1.2990928170241212e-17, -3.98119759091661e-17, 1.4952499071664597e-16], "inertia_diag_kg_m2": [0.4027396062629295, 0.4040587467116097, 0.41220447254676673], "mass_kg": 7.735, "reaction_force_body_n": [3.0794504760818967e-16, 1.0048661797390853e-16, 1.1565758038371055e-15], "reaction_torque_body_nm": [3.220377121541136e-15, 3.465800091308294e-14, -1.8481762433536073e-15]}
[gazebo_direct_motor_model-5] [INFO] [1786172261.756638090] [my_drone_gazebo_direct_motor_model]: MOTOR_DYNAMIC_STATE sim_s=18.020 cmd_min=0.0000 cmd_mean=0.0000 cmd_max=0.0000 filtered_mean=0.0000 filtered_max=0.0000 esc_throttle_mean=0.0000 total_thrust_n=0.0000 body_up_force_n=0.0000 saturated_motors=0 voltage_v=14.8000 thrust_scale=1.000000 current_a=0.0000
[arm_coupling_monitor-9] [INFO] [1786172262.493198054] [my_drone_arm_coupling_monitor]: ARM_COUPLING_STATE {"com_body_flu_m": [-0.0036629033473980304, -0.0006667866477932354, -0.20538691627599456], "com_shift_m": [0.0003372844528538887, 5.869870513150314e-06, -0.0009054712145773469], "feedforward_acceleration_ned_m_s2": [-1.0602176683282513e-18, -3.0764282940769306e-17, 2.8334346779945695e-18], "inertia_diag_kg_m2": [0.4027396062629295, 0.4040587467116097, 0.41220447254676673], "mass_kg": 7.735, "reaction_force_body_n": [2.3796168088754737e-16, 8.202164977327769e-18, 2.1916617794936196e-17], "reaction_torque_body_nm": [2.895097338586564e-15, -9.790983407222567e-15, 1.841602906445609e-16]}
[gazebo_direct_motor_model-5] [INFO] [1786172262.758484905] [my_drone_gazebo_direct_motor_model]: MOTOR_DYNAMIC_STATE sim_s=19.020 cmd_min=0.0000 cmd_mean=0.0000 cmd_max=0.0000 filtered_mean=0.0000 filtered_max=0.0000 esc_throttle_mean=0.0000 total_thrust_n=0.0000 body_up_force_n=0.0000 saturated_motors=0 voltage_v=14.8000 thrust_scale=1.000000 current_a=0.0000
[gazebo_direct_motor_model-5] [INFO] [1786172263.754307546] [my_drone_gazebo_direct_motor_model]: MOTOR_DYNAMIC_STATE sim_s=20.020 cmd_min=0.0000 cmd_mean=0.0000 cmd_max=0.0000 filtered_mean=0.0000 filtered_max=0.0000 esc_throttle_mean=0.0000 total_thrust_n=0.0000 body_up_force_n=0.0000 saturated_motors=0 voltage_v=14.8000 thrust_scale=1.000000 current_a=0.0000
[arm_coupling_monitor-9] [INFO] [1786172263.793195926] [my_drone_arm_coupling_monitor]: ARM_COUPLING_STATE {"com_body_flu_m": [-0.0036629033473980304, -0.0006667866477932354, -0.20538691627599456], "com_shift_m": [0.0003372844528538887, 5.869870513150314e-06, -0.0009054712145773469], "feedforward_acceleration_ned_m_s2": [-1.932641157328673e-18, -1.9726311507739967e-17, 4.1536653783889106e-16], "inertia_diag_kg_m2": [0.4027396062629295, 0.4040587467116097, 0.41220447254676673], "mass_kg": 7.735, "reaction_force_body_n": [1.525829250653808e-16, 1.494986796825419e-17, 3.212860170534507e-15], "reaction_torque_body_nm": [-7.46429227160832e-15, 5.091965621650573e-14, -2.3905886517442794e-15]}
[gazebo_direct_motor_model-5] [INFO] [1786172264.752801745] [my_drone_gazebo_direct_motor_model]: MOTOR_DYNAMIC_STATE sim_s=21.020 cmd_min=0.0000 cmd_mean=0.0000 cmd_max=0.0000 filtered_mean=0.0000 filtered_max=0.0000 esc_throttle_mean=0.0000 total_thrust_n=0.0000 body_up_force_n=0.0000 saturated_motors=0 voltage_v=14.8000 thrust_scale=1.000000 current_a=0.0000
[arm_coupling_monitor-9] [INFO] [1786172265.132037224] [my_drone_arm_coupling_monitor]: ARM_COUPLING_STATE {"com_body_flu_m": [-0.0036629033473980304, -0.0006667866477932354, -0.20538691627599456], "com_shift_m": [0.0003372844528538887, 5.869870513150314e-06, -0.0009054712145773469], "feedforward_acceleration_ned_m_s2": [-3.009402672664835e-17, 1.1839172775254698e-17, -1.7914003257454645e-16], "inertia_diag_kg_m2": [0.4027396062629295, 0.4040587467116097, 0.41220447254676673], "mass_kg": 7.735, "reaction_force_body_n": [-9.157734930602549e-17, 2.327767638974143e-16, -1.3856481523943122e-15], "reaction_torque_body_nm": [-2.7756989270807203e-15, 2.735079413108587e-14, -4.755986206399389e-15]}
[gazebo_direct_motor_model-5] [INFO] [1786172265.757233082] [my_drone_gazebo_direct_motor_model]: MOTOR_DYNAMIC_STATE sim_s=22.020 cmd_min=0.0000 cmd_mean=0.0000 cmd_max=0.0000 filtered_mean=0.0000 filtered_max=0.0000 esc_throttle_mean=0.0000 total_thrust_n=0.0000 body_up_force_n=0.0000 saturated_motors=0 voltage_v=14.8000 thrust_scale=1.000000 current_a=0.0000
[arm_coupling_monitor-9] [INFO] [1786172266.452619003] [my_drone_arm_coupling_monitor]: ARM_COUPLING_STATE {"com_body_flu_m": [-0.0036629033473980304, -0.0006667866477932354, -0.20538691627599456], "com_shift_m": [0.0003372844528538887, 5.869870513150314e-06, -0.0009054712145773469], "feedforward_acceleration_ned_m_s2": [1.27924223083648e-17, -1.0548350725402422e-16, 9.726308161404997e-17], "inertia_diag_kg_m2": [0.4027396062629295, 0.4040587467116097, 0.41220447254676673], "mass_kg": 7.735, "reaction_force_body_n": [8.15915501170123e-16, -9.894464974009113e-17, 7.523299383224991e-16], "reaction_torque_body_nm": [-3.545116051750493e-15, 3.2568463637870984e-14, 3.8711303939432254e-16]}
[gazebo_direct_motor_model-5] [INFO] [1786172266.754379209] [my_drone_gazebo_direct_motor_model]: MOTOR_DYNAMIC_STATE sim_s=23.020 cmd_min=0.0000 cmd_mean=0.0000 cmd_max=0.0000 filtered_mean=0.0000 filtered_max=0.0000 esc_throttle_mean=0.0000 total_thrust_n=0.0000 body_up_force_n=0.0000 saturated_motors=0 voltage_v=14.8000 thrust_scale=1.000000 current_a=0.0000
[arm_coupling_monitor-9] [INFO] [1786172267.454618336] [my_drone_arm_coupling_monitor]: ARM_COUPLING_STATE {"com_body_flu_m": [-0.0036629033473980304, -0.0006667866477932354, -0.20538691627599456], "com_shift_m": [0.0003372844528538887, 5.869870513150314e-06, -0.0009054712145773469], "feedforward_acceleration_ned_m_s2": [2.2476232333880034e-18, 5.653546001313654e-17, 1.6667863678966978e-16], "inertia_diag_kg_m2": [0.4027396062629295, 0.4040587467116097, 0.41220447254676673], "mass_kg": 7.735, "reaction_force_body_n": [-4.3730168535560234e-16, -1.7387902937559172e-17, 1.2892592545398976e-15], "reaction_torque_body_nm": [-3.67928361135112e-15, 2.6618377246953597e-14, -1.1391786263015603e-16]}
[gazebo_direct_motor_model-5] [INFO] [1786172267.757544993] [my_drone_gazebo_direct_motor_model]: MOTOR_DYNAMIC_STATE sim_s=24.020 cmd_min=0.0000 cmd_mean=0.0000 cmd_max=0.0000 filtered_mean=0.0000 filtered_max=0.0000 esc_throttle_mean=0.0000 total_thrust_n=0.0000 body_up_force_n=0.0000 saturated_motors=0 voltage_v=14.8000 thrust_scale=1.000000 current_a=0.0000
[gazebo_direct_motor_model-5] [INFO] [1786172268.754616544] [my_drone_gazebo_direct_motor_model]: MOTOR_DYNAMIC_STATE sim_s=25.020 cmd_min=0.0000 cmd_mean=0.0000 cmd_max=0.0000 filtered_mean=0.0000 filtered_max=0.0000 esc_throttle_mean=0.0000 total_thrust_n=0.0000 body_up_force_n=0.0000 saturated_motors=0 voltage_v=14.8000 thrust_scale=1.000000 current_a=0.0000
[arm_coupling_monitor-9] [INFO] [1786172268.800818234] [my_drone_arm_coupling_monitor]: ARM_COUPLING_STATE {"com_body_flu_m": [-0.0036759026666567237, -0.0006669738775758074, -0.20535635218127207], "com_shift_m": [0.00032428513359519535, 5.682640730578312e-06, -0.0008749071198548564], "feedforward_acceleration_ned_m_s2": [-4.7546879217985905e-07, -3.2084974083813033e-05, -7.694824648838669e-05], "inertia_diag_kg_m2": [0.4027155676508733, 0.4040237278718282, 0.41219360080826073], "mass_kg": 7.735, "reaction_force_body_n": [0.00024817725460687473, 3.679191157548537e-06, -0.0005951946859985237], "reaction_torque_body_nm": [2.3780229159902178e-05, 0.0308825781447007, -2.6142627456321053e-05]}
[gazebo_direct_motor_model-5] [INFO] [1786172269.757364470] [my_drone_gazebo_direct_motor_model]: MOTOR_DYNAMIC_STATE sim_s=26.020 cmd_min=0.0000 cmd_mean=0.0000 cmd_max=0.0000 filtered_mean=0.0000 filtered_max=0.0000 esc_throttle_mean=0.0000 total_thrust_n=0.0000 body_up_force_n=0.0000 saturated_motors=0 voltage_v=14.8000 thrust_scale=1.000000 current_a=0.0000
[arm_coupling_monitor-9] [INFO] [1786172270.124289223] [my_drone_arm_coupling_monitor]: ARM_COUPLING_STATE {"com_body_flu_m": [-0.003739699997394815, -0.000667929969501828, -0.20520220359243518], "com_shift_m": [0.00026048780285710393, 4.726548804557715e-06, -0.0007207585310179676], "feedforward_acceleration_ned_m_s2": [-4.272058760995242e-07, -2.2807876824836727e-05, -6.463158231106587e-05], "inertia_diag_kg_m2": [0.4025956487921598, 0.40384999129494786, 0.4121403337553251], "mass_kg": 7.735, "reaction_force_body_n": [0.00017641890924942683, 3.3054610536142404e-06, -0.0004999252887579212], "reaction_torque_body_nm": [2.0936742444907634e-05, 0.03474069772812779, 0.00023164061918264992]}
[gazebo_direct_motor_model-5] [INFO] [1786172270.756363278] [my_drone_gazebo_direct_motor_model]: MOTOR_DYNAMIC_STATE sim_s=27.020 cmd_min=0.0000 cmd_mean=0.0000 cmd_max=0.0000 filtered_mean=0.0000 filtered_max=0.0000 esc_throttle_mean=0.0000 total_thrust_n=0.0000 body_up_force_n=0.0000 saturated_motors=0 voltage_v=14.8000 thrust_scale=1.000000 current_a=0.0000
[arm_coupling_monitor-9] [INFO] [1786172271.129407592] [my_drone_arm_coupling_monitor]: ARM_COUPLING_STATE {"com_body_flu_m": [-0.0038145281582781902, -0.0006691384428167742, -0.20501171297631993], "com_shift_m": [0.00018565964197372886, 3.5180754896115126e-06, -0.0005302679149027101], "feedforward_acceleration_ned_m_s2": [-1.6979836877196207e-07, -2.7829446054589622e-06, -2.0951663687450016e-05], "inertia_diag_kg_m2": [0.40245049472815375, 0.4036418334189703, 0.4120780184919513], "mass_kg": 7.735, "reaction_force_body_n": [2.1526069285944268e-05, 1.3135151872419087e-06, -0.00016206111857222899], "reaction_torque_body_nm": [1.5047633691384865e-05, 0.03599023785150127, 0.0003344795018100611]}
[gazebo_direct_motor_model-5] [INFO] [1786172271.758172599] [my_drone_gazebo_direct_motor_model]: MOTOR_DYNAMIC_STATE sim_s=28.020 cmd_min=0.0000 cmd_mean=0.0000 cmd_max=0.0000 filtered_mean=0.0000 filtered_max=0.0000 esc_throttle_mean=0.0000 total_thrust_n=0.0000 body_up_force_n=0.0000 saturated_motors=0 voltage_v=14.8000 thrust_scale=1.000000 current_a=0.0000
[arm_coupling_monitor-9] [INFO] [1786172272.464768509] [my_drone_arm_coupling_monitor]: ARM_COUPLING_STATE {"com_body_flu_m": [-0.003914817327253256, -0.0006709332109672733, -0.20473696807868838], "com_shift_m": [8.537047299866322e-05, 1.7233073391124086e-06, -0.0002555230172711642], "feedforward_acceleration_ned_m_s2": [2.852792360812846e-07, 2.0639595238591435e-05, 4.7249143335356924e-05], "inertia_diag_kg_m2": [0.4022470399905677, 0.403354039200486, 0.41199468774040615], "mass_kg": 7.735, "reaction_force_body_n": [-0.00015964725723151111, -2.2075612610909004e-06, 0.00036547212331985486], "reaction_torque_body_nm": [4.850950051941559e-06, 0.03541601446064896, 0.00028131031431381695]}
[gazebo_direct_motor_model-5] [INFO] [1786172272.754130911] [my_drone_gazebo_direct_motor_model]: MOTOR_DYNAMIC_STATE sim_s=29.020 cmd_min=0.0000 cmd_mean=0.0000 cmd_max=0.0000 filtered_mean=0.0000 filtered_max=0.0000 esc_throttle_mean=0.0000 total_thrust_n=0.0000 body_up_force_n=0.0000 saturated_motors=0 voltage_v=14.8000 thrust_scale=1.000000 current_a=0.0000
[gazebo_direct_motor_model-5] [INFO] [1786172273.754934807] [my_drone_gazebo_direct_motor_model]: MOTOR_DYNAMIC_STATE sim_s=30.020 cmd_min=0.0000 cmd_mean=0.0000 cmd_max=0.0000 filtered_mean=0.0000 filtered_max=0.0000 esc_throttle_mean=0.0000 total_thrust_n=0.0000 body_up_force_n=0.0000 saturated_motors=0 voltage_v=14.8000 thrust_scale=1.000000 current_a=0.0000
[arm_coupling_monitor-9] [INFO] [1786172273.783162709] [my_drone_arm_coupling_monitor]: ARM_COUPLING_STATE {"com_body_flu_m": [-0.003980549454176057, -0.0006722416696273145, -0.20454226151462995], "com_shift_m": [1.9638346075862186e-05, 4.1484867907125994e-07, -6.081645321273643e-05], "feedforward_acceleration_ned_m_s2": [5.528812868621974e-07, 2.7934138890101528e-05, 8.241527591757274e-05], "inertia_diag_kg_m2": [0.40210706734870294, 0.40315876770390885, 0.4119401149069251], "mass_kg": 7.735, "reaction_force_body_n": [-0.00021607054100925057, -4.277790396112448e-06, 0.0006374821587104725], "reaction_torque_body_nm": [-2.7626989342054982e-06, 0.03260771032829548, 5.110162261030572e-05]}
[gazebo_direct_motor_model-5] [INFO] [1786172274.750986315] [my_drone_gazebo_direct_motor_model]: MOTOR_DYNAMIC_STATE sim_s=31.020 cmd_min=0.0000 cmd_mean=0.0000 cmd_max=0.0000 filtered_mean=0.0000 filtered_max=0.0000 esc_throttle_mean=0.0000 total_thrust_n=0.0000 body_up_force_n=0.0000 saturated_motors=0 voltage_v=14.8000 thrust_scale=1.000000 current_a=0.0000
[arm_coupling_monitor-9] [INFO] [1786172274.781645097] [my_drone_arm_coupling_monitor]: ARM_COUPLING_STATE {"com_body_flu_m": [-0.003998580321782327, -0.000672622112709595, -0.20448647268023543], "com_shift_m": [1.6074784695918956e-06, 3.440559679073873e-08, -5.027618818209678e-06], "feedforward_acceleration_ned_m_s2": [3.886964867319169e-07, 1.82543446137973e-05, 5.6882609782322315e-05], "inertia_diag_kg_m2": [0.4020676043524844, 0.4031041212914067, 0.4119251412194685], "mass_kg": 7.735, "reaction_force_body_n": [-0.00014119733918357765, -3.0073865311865918e-06, 0.000439986986331906], "reaction_torque_body_nm": [2.400770422399547e-05, 0.021353565565535103, -0.0001815813361011425]}
[gazebo_direct_motor_model-5] [INFO] [1786172275.757602427] [my_drone_gazebo_direct_motor_model]: MOTOR_DYNAMIC_STATE sim_s=32.020 cmd_min=0.0000 cmd_mean=0.0000 cmd_max=0.0000 filtered_mean=0.0000 filtered_max=0.0000 esc_throttle_mean=0.0000 total_thrust_n=0.0000 body_up_force_n=0.0000 saturated_motors=0 voltage_v=14.8000 thrust_scale=1.000000 current_a=0.0000
[arm_coupling_monitor-9] [INFO] [1786172275.810871125] [my_drone_arm_coupling_monitor]: ARM_COUPLING_STATE {"com_body_flu_m": [-0.0040001878002439385, -0.0006726565183034146, -0.204481445061743], "com_shift_m": [7.980595351231301e-15, 2.9711476334792764e-15, -3.257949465762522e-13], "feedforward_acceleration_ned_m_s2": [2.024663442212215e-15, 9.434474166203324e-14, 2.955236076433246e-13], "inertia_diag_kg_m2": [0.40206406205816697, 0.40309922493150907, 0.4119238060916497], "mass_kg": 7.735, "reaction_force_body_n": [-7.297564912949098e-13, -1.566500565517733e-14, 2.2858751033931534e-12], "reaction_torque_body_nm": [-2.096455954581515e-14, 1.4510792611531562e-13, -9.501000038311008e-15]}
[gazebo_direct_motor_model-5] [INFO] [1786172276.757185940] [my_drone_gazebo_direct_motor_model]: MOTOR_DYNAMIC_STATE sim_s=33.020 cmd_min=0.0000 cmd_mean=0.0000 cmd_max=0.0000 filtered_mean=0.0000 filtered_max=0.0000 esc_throttle_mean=0.0000 total_thrust_n=0.0000 body_up_force_n=0.0000 saturated_motors=0 voltage_v=14.8000 thrust_scale=1.000000 current_a=0.0000
[arm_coupling_monitor-9] [INFO] [1786172277.129254400] [my_drone_arm_coupling_monitor]: ARM_COUPLING_STATE {"com_body_flu_m": [-0.0040001878002439385, -0.0006726565183034146, -0.204481445061743], "com_shift_m": [7.980595351231301e-15, 2.9711476334792764e-15, -3.257949465762522e-13], "feedforward_acceleration_ned_m_s2": [4.408252363406484e-17, 9.651209225894617e-17, 2.662651384905283e-17], "inertia_diag_kg_m2": [0.40206406205816697, 0.40309922493150907, 0.4119238060916497], "mass_kg": 7.735, "reaction_force_body_n": [-7.465190548301079e-16, -3.409826534364774e-16, 2.059560831501178e-16], "reaction_torque_body_nm": [-2.703290644422087e-15, 4.856972178124048e-15, 5.499491888788597e-15]}
[gazebo_direct_motor_model-5] [INFO] [1786172277.753440237] [my_drone_gazebo_direct_motor_model]: MOTOR_DYNAMIC_STATE sim_s=34.020 cmd_min=0.0000 cmd_mean=0.0000 cmd_max=0.0000 filtered_mean=0.0000 filtered_max=0.0000 esc_throttle_mean=0.0000 total_thrust_n=0.0000 body_up_force_n=0.0000 saturated_motors=0 voltage_v=14.8000 thrust_scale=1.000000 current_a=0.0000
[arm_coupling_monitor-9] [INFO] [1786172278.480841877] [my_drone_arm_coupling_monitor]: ARM_COUPLING_STATE {"com_body_flu_m": [-0.0040001878002439385, -0.0006726565183034146, -0.204481445061743], "com_shift_m": [7.980595351231301e-15, 2.9711476334792764e-15, -3.257949465762522e-13], "feedforward_acceleration_ned_m_s2": [-2.9004073406587995e-17, -7.886772808830543e-17, -8.223719506712863e-17], "inertia_diag_kg_m2": [0.40206406205816697, 0.40309922493150907, 0.4119238060916497], "mass_kg": 7.735, "reaction_force_body_n": [6.100405760104325e-16, 2.243500483193537e-16, -6.361047025917538e-16], "reaction_torque_body_nm": [-3.726424934248197e-15, 2.2569660788288022e-17, -4.705818630397854e-15]}
[gazebo_direct_motor_model-5] [INFO] [1786172278.777480657] [my_drone_gazebo_direct_motor_model]: MOTOR_DYNAMIC_STATE sim_s=35.020 cmd_min=0.0000 cmd_mean=0.0000 cmd_max=0.0000 filtered_mean=0.0000 filtered_max=0.0000 esc_throttle_mean=0.0000 total_thrust_n=0.0000 body_up_force_n=0.0000 saturated_motors=0 voltage_v=14.8000 thrust_scale=1.000000 current_a=0.0000
[arm_coupling_monitor-9] [INFO] [1786172279.482640062] [my_drone_arm_coupling_monitor]: ARM_COUPLING_STATE {"com_body_flu_m": [-0.0040001878002439385, -0.0006726565183034146, -0.204481445061743], "com_shift_m": [7.980595351231301e-15, 2.9711476334792764e-15, -3.257949465762522e-13], "feedforward_acceleration_ned_m_s2": [-2.2343026755403717e-18, -1.2039390747743861e-17, 1.642127252069047e-16], "inertia_diag_kg_m2": [0.40206406205816697, 0.40309922493150907, 0.4119238060916497], "mass_kg": 7.735, "reaction_force_body_n": [9.312458408132547e-17, 1.7282872908996296e-17, 1.2701854296820229e-15], "reaction_torque_body_nm": [4.113792006975275e-15, -1.9397323833146472e-15, -7.180284881871464e-17]}
[gazebo_direct_motor_model-5] [INFO] [1786172279.778607130] [my_drone_gazebo_direct_motor_model]: MOTOR_DYNAMIC_STATE sim_s=36.020 cmd_min=0.0000 cmd_mean=0.0000 cmd_max=0.0000 filtered_mean=0.0000 filtered_max=0.0000 esc_throttle_mean=0.0000 total_thrust_n=0.0000 body_up_force_n=0.0000 saturated_motors=0 voltage_v=14.8000 thrust_scale=1.000000 current_a=0.0000
[arm_coupling_monitor-9] [INFO] [1786172280.510411386] [my_drone_arm_coupling_monitor]: ARM_COUPLING_STATE {"com_body_flu_m": [-0.0040001878002439385, -0.0006726565183034146, -0.204481445061743], "com_shift_m": [7.980595351231301e-15, 2.9711476334792764e-15, -3.257949465762522e-13], "feedforward_acceleration_ned_m_s2": [-1.340398586169633e-18, 2.330157888270788e-17, -2.64494454638717e-16], "inertia_diag_kg_m2": [0.40206406205816697, 0.40309922493150907, 0.4119238060916497], "mass_kg": 7.735, "reaction_force_body_n": [-1.8023776795335196e-16, 1.036693498113865e-17, -2.045864607070193e-15], "reaction_torque_body_nm": [-7.866860182913622e-15, -6.988119068820835e-15, -7.025874203886059e-16]}
[gazebo_direct_motor_model-5] [INFO] [1786172280.761914717] [my_drone_gazebo_direct_motor_model]: MOTOR_DYNAMIC_STATE sim_s=37.020 cmd_min=0.0000 cmd_mean=0.0000 cmd_max=0.0000 filtered_mean=0.0000 filtered_max=0.0000 esc_throttle_mean=0.0000 total_thrust_n=0.0000 body_up_force_n=0.0000 saturated_motors=0 voltage_v=14.8000 thrust_scale=1.000000 current_a=0.0000
[gazebo_direct_motor_model-5] [INFO] [1786172281.761600711] [my_drone_gazebo_direct_motor_model]: MOTOR_DYNAMIC_STATE sim_s=38.020 cmd_min=0.0000 cmd_mean=0.0000 cmd_max=0.0000 filtered_mean=0.0000 filtered_max=0.0000 esc_throttle_mean=0.0000 total_thrust_n=0.0000 body_up_force_n=0.0000 saturated_motors=0 voltage_v=14.8000 thrust_scale=1.000000 current_a=0.0000
[arm_coupling_monitor-9] [INFO] [1786172281.813728441] [my_drone_arm_coupling_monitor]: ARM_COUPLING_STATE {"com_body_flu_m": [-0.0040001878002439385, -0.0006726565183034146, -0.204481445061743], "com_shift_m": [7.980595351231301e-15, 2.9711476334792764e-15, -3.257949465762522e-13], "feedforward_acceleration_ned_m_s2": [-1.4797820207766696e-17, -5.728067996167567e-17, -2.657820770180045e-16], "inertia_diag_kg_m2": [0.40206406205816697, 0.40309922493150907, 0.4119238060916497], "mass_kg": 7.735, "reaction_force_body_n": [4.430653999931828e-16, 1.1446370929583836e-16, -2.055824364780537e-15], "reaction_torque_body_nm": [-3.48725974599855e-15, -1.6572568297637293e-14, -1.1175913548757819e-15]}
[gazebo_direct_motor_model-5] [INFO] [1786172282.759688812] [my_drone_gazebo_direct_motor_model]: MOTOR_DYNAMIC_STATE sim_s=39.020 cmd_min=0.0000 cmd_mean=0.0000 cmd_max=0.0000 filtered_mean=0.0000 filtered_max=0.0000 esc_throttle_mean=0.0000 total_thrust_n=0.0000 body_up_force_n=0.0000 saturated_motors=0 voltage_v=14.8000 thrust_scale=1.000000 current_a=0.0000
[arm_coupling_monitor-9] [INFO] [1786172283.124820031] [my_drone_arm_coupling_monitor]: ARM_COUPLING_STATE {"com_body_flu_m": [-0.0040001878002439385, -0.0006726565183034146, -0.204481445061743], "com_shift_m": [7.980595351231301e-15, 2.9711476334792764e-15, -3.257949465762522e-13], "feedforward_acceleration_ned_m_s2": [7.056802443397685e-17, 1.1147550217036075e-16, -1.5972071929257493e-15], "inertia_diag_kg_m2": [0.40206406205816697, 0.40309922493150907, 0.4119238060916497], "mass_kg": 7.735, "reaction_force_body_n": [-8.622598113277695e-16, -5.458486853819947e-16, -1.2354397638843094e-14], "reaction_torque_body_nm": [5.470897759415593e-15, -1.1805981148279655e-13, 1.0962207206877524e-14]}
[gazebo_direct_motor_model-5] [INFO] [1786172283.756882944] [my_drone_gazebo_direct_motor_model]: MOTOR_DYNAMIC_STATE sim_s=40.020 cmd_min=0.0000 cmd_mean=0.0000 cmd_max=0.0000 filtered_mean=0.0000 filtered_max=0.0000 esc_throttle_mean=0.0000 total_thrust_n=0.0000 body_up_force_n=0.0000 saturated_motors=0 voltage_v=14.8000 thrust_scale=1.000000 current_a=0.0000
[arm_coupling_monitor-9] [INFO] [1786172284.127025477] [my_drone_arm_coupling_monitor]: ARM_COUPLING_STATE {"com_body_flu_m": [-0.0040001878002439385, -0.0006726565183034146, -0.204481445061743], "com_shift_m": [7.980595351231301e-15, 2.9711476334792764e-15, -3.257949465762522e-13], "feedforward_acceleration_ned_m_s2": [2.4657950822512623e-18, -1.132336613354537e-16, 9.493869647051689e-17], "inertia_diag_kg_m2": [0.40206406205816697, 0.40309922493150907, 0.4119238060916497], "mass_kg": 7.735, "reaction_force_body_n": [8.758624793741436e-16, -1.906784018773512e-17, 7.343508193077879e-16], "reaction_torque_body_nm": [7.487565039733855e-16, 9.973701766940513e-15, -1.1343362431818291e-15]}
[gazebo_direct_motor_model-5] [INFO] [1786172284.766407790] [my_drone_gazebo_direct_motor_model]: MOTOR_DYNAMIC_STATE sim_s=41.020 cmd_min=0.0000 cmd_mean=0.0000 cmd_max=0.0000 filtered_mean=0.0000 filtered_max=0.0000 esc_throttle_mean=0.0000 total_thrust_n=0.0000 body_up_force_n=0.0000 saturated_motors=0 voltage_v=14.8000 thrust_scale=1.000000 current_a=0.0000
[arm_coupling_monitor-9] [INFO] [1786172285.147753865] [my_drone_arm_coupling_monitor]: ARM_COUPLING_STATE {"com_body_flu_m": [-0.0040001878002439385, -0.0006726565183034146, -0.204481445061743], "com_shift_m": [7.980595351231301e-15, 2.9711476334792764e-15, -3.257949465762522e-13], "feedforward_acceleration_ned_m_s2": [1.4064299218991475e-17, -3.2393779169678644e-18, 6.42129609023076e-17], "inertia_diag_kg_m2": [0.40206406205816697, 0.40309922493150907, 0.4119238060916497], "mass_kg": 7.735, "reaction_force_body_n": [2.505721847794086e-17, -1.0878720856001924e-16, 4.966872527380448e-16], "reaction_torque_body_nm": [-6.798538555168792e-15, -6.704099230444575e-15, 1.4825438549334636e-15]}
[gazebo_direct_motor_model-5] [INFO] [1786172285.756226031] [my_drone_gazebo_direct_motor_model]: MOTOR_DYNAMIC_STATE sim_s=42.020 cmd_min=0.0000 cmd_mean=0.0000 cmd_max=0.0000 filtered_mean=0.0000 filtered_max=0.0000 esc_throttle_mean=0.0000 total_thrust_n=0.0000 body_up_force_n=0.0000 saturated_motors=0 voltage_v=14.8000 thrust_scale=1.000000 current_a=0.0000
[gazebo_direct_motor_model-5] [INFO] [1786172286.371260989] [my_drone_gazebo_direct_motor_model]: first nonzero velocity motor command: raw=[1.789581298828125, 0.192840576171875, 1.789154052734375, 0.522918701171875, 1.494659423828125, 0.19244384765625, 1.49505615234375, 0.523345947265625], normalized=[0.001789581298828125, 0.000192840576171875, 0.001789154052734375, 0.000522918701171875, 0.001494659423828125, 0.00019244384765625, 0.00149505615234375, 0.000523345947265625]
[arm_coupling_monitor-9] [INFO] [1786172286.464991175] [my_drone_arm_coupling_monitor]: ARM_COUPLING_STATE {"com_body_flu_m": [-0.0040001878002439385, -0.0006726565183034146, -0.204481445061743], "com_shift_m": [7.980595351231301e-15, 2.9711476334792764e-15, -3.257949465762522e-13], "feedforward_acceleration_ned_m_s2": [-3.061122208587908e-18, 1.0276509317224988e-17, -1.1314772940459416e-16], "inertia_diag_kg_m2": [0.40206406205816697, 0.40309922493150907, 0.4119238060916497], "mass_kg": 7.735, "reaction_force_body_n": [-7.948893492004497e-17, 2.3677318080085113e-17, -8.751976871558253e-16], "reaction_torque_body_nm": [1.6019772308813716e-16, 4.204119956772089e-15, 3.292254162720029e-16]}
[gazebo_direct_motor_model-5] [INFO] [1786172286.757982643] [my_drone_gazebo_direct_motor_model]: MOTOR_DYNAMIC_STATE sim_s=43.020 cmd_min=0.0001 cmd_mean=0.0010 cmd_max=0.0019 filtered_mean=0.0010 filtered_max=0.0017 esc_throttle_mean=0.0076 total_thrust_n=0.1032 body_up_force_n=0.0894 saturated_motors=0 voltage_v=14.8000 thrust_scale=1.000000 current_a=0.0000
[gazebo_direct_motor_model-5] [INFO] [1786172287.756904469] [my_drone_gazebo_direct_motor_model]: MOTOR_DYNAMIC_STATE sim_s=44.020 cmd_min=0.2462 cmd_mean=0.2550 cmd_max=0.2638 filtered_mean=0.2282 filtered_max=0.2357 esc_throttle_mean=0.3696 total_thrust_n=23.5487 body_up_force_n=20.3937 saturated_motors=0 voltage_v=14.8000 thrust_scale=1.000000 current_a=0.0000
[arm_coupling_monitor-9] [INFO] [1786172287.803544521] [my_drone_arm_coupling_monitor]: ARM_COUPLING_STATE {"com_body_flu_m": [-0.004000187800244346, -0.0006726565183034219, -0.20448144506174076], "com_shift_m": [7.572935334376751e-15, 2.9638834789236235e-15, -3.2354674495138624e-13], "feedforward_acceleration_ned_m_s2": [-3.04219905853882e-17, -3.824029093989511e-15, -2.2371019741494658e-14], "inertia_diag_kg_m2": [0.40206406205816536, 0.4030992249315071, 0.4119238060916494], "mass_kg": 7.735, "reaction_force_body_n": [2.9578864088696606e-14, 2.354856359144085e-16, -1.7303983763005945e-13], "reaction_torque_body_nm": [-7.431328370316336e-14, 1.0857464846013694e-11, 1.518929154178788e-13]}
[gazebo_direct_motor_model-5] [INFO] [1786172288.756454755] [my_drone_gazebo_direct_motor_model]: MOTOR_DYNAMIC_STATE sim_s=45.020 cmd_min=0.7303 cmd_mean=0.7561 cmd_max=0.7819 filtered_mean=0.7572 filtered_max=0.7830 esc_throttle_mean=0.8330 total_thrust_n=78.1389 body_up_force_n=67.6703 saturated_motors=0 voltage_v=14.8000 thrust_scale=1.000000 current_a=0.0000
[arm_coupling_monitor-9] [INFO] [1786172288.796554936] [my_drone_arm_coupling_monitor]: ARM_COUPLING_STATE {"com_body_flu_m": [-0.004000187800245661, -0.0006726565183034362, -0.20448144506173455], "com_shift_m": [6.2580149395863316e-15, 2.949572010246815e-15, -3.1732949601348537e-13], "feedforward_acceleration_ned_m_s2": [1.1444545408587066e-13, 1.63308582904736e-13, 8.735546335529304e-12], "inertia_diag_kg_m2": [0.4020640620581608, 0.40309922493150185, 0.41192380609164847], "mass_kg": 7.735, "reaction_force_body_n": [-1.2612327721427241e-12, -8.85148449500306e-13, 6.756948864358916e-11], "reaction_torque_body_nm": [-1.453347082721543e-11, -6.015654094210272e-10, -8.791715766310004e-12]}
[gazebo_direct_motor_model-5] [INFO] [1786172289.760002327] [my_drone_gazebo_direct_motor_model]: MOTOR_DYNAMIC_STATE sim_s=46.020 cmd_min=0.7440 cmd_mean=0.7697 cmd_max=0.7953 filtered_mean=0.7702 filtered_max=0.7959 esc_throttle_mean=0.8394 total_thrust_n=79.4854 body_up_force_n=68.8363 saturated_motors=0 voltage_v=14.8000 thrust_scale=1.000000 current_a=0.0000
[arm_coupling_monitor-9] [INFO] [1786172289.816735938] [my_drone_arm_coupling_monitor]: ARM_COUPLING_STATE {"com_body_flu_m": [-0.004000187800246303, -0.0006726565183036587, -0.2044814450617098], "com_shift_m": [5.616167253474913e-15, 2.7270937244527893e-15, -2.925715225643444e-13], "feedforward_acceleration_ned_m_s2": [3.2582835165293733e-13, 7.527967913151929e-13, 3.314918443717364e-11], "inertia_diag_kg_m2": [0.4020640620581429, 0.4030992249314815, 0.4119238060916463], "mass_kg": 7.735, "reaction_force_body_n": [-5.804030943947582e-12, -2.514364957229436e-12, 2.5640942714446033e-10], "reaction_torque_body_nm": [-2.085362679140241e-10, -3.839781369309029e-09, -5.5644622857494514e-11]}
[gazebo_direct_motor_model-5] [INFO] [1786172290.754375695] [my_drone_gazebo_direct_motor_model]: MOTOR_DYNAMIC_STATE sim_s=47.020 cmd_min=0.7549 cmd_mean=0.7813 cmd_max=0.8058 filtered_mean=0.7810 filtered_max=0.8053 esc_throttle_mean=0.8443 total_thrust_n=80.5963 body_up_force_n=69.7984 saturated_motors=0 voltage_v=14.8000 thrust_scale=1.000000 current_a=0.0000
[arm_coupling_monitor-9] [INFO] [1786172291.122606073] [my_drone_arm_coupling_monitor]: ARM_COUPLING_STATE {"com_body_flu_m": [-0.00400018780024641, -0.0006726565183037017, -0.20448144506170549], "com_shift_m": [5.509481759702339e-15, 2.6840508982051148e-15, -2.882694083439219e-13], "feedforward_acceleration_ned_m_s2": [1.2316224054727197e-09, 3.7515296104710896e-12, 1.3542473284778174e-07], "inertia_diag_kg_m2": [0.4020640620581397, 0.4030992249314779, 0.41192380609164597], "mass_kg": 7.735, "reaction_force_body_n": [1.8269536363061496e-09, -9.237070564512719e-09, 1.0475113089033984e-06], "reaction_torque_body_nm": [-2.0388741374069782e-08, -1.2421614572225226e-07, -1.073948132835425e-09]}
[gazebo_direct_motor_model-5] [INFO] [1786172291.754152847] [my_drone_gazebo_direct_motor_model]: MOTOR_DYNAMIC_STATE sim_s=48.020 cmd_min=0.7672 cmd_mean=0.7944 cmd_max=0.8200 filtered_mean=0.7941 filtered_max=0.8195 esc_throttle_mean=0.8503 total_thrust_n=81.9463 body_up_force_n=70.9676 saturated_motors=0 voltage_v=14.8000 thrust_scale=1.000000 current_a=0.0000
[gazebo_direct_motor_model-5] [INFO] [1786172292.342611658] [my_drone_gazebo_direct_motor_model]: TAKEOFF_SUPPORT_RELEASE_REQUESTED model=my_drone_bringup_landing_support body_up_force_n=73.5168 horizontal_force_n=0.0000 com_torque_nm=0.0017 threshold_n=72.0617
[arm_coupling_monitor-9] [INFO] [1786172292.466993686] [my_drone_arm_coupling_monitor]: ARM_COUPLING_STATE {"com_body_flu_m": [-0.004001464057902384, -0.0006710220542205655, -0.20466586170500548], "com_shift_m": [-1.276257650464907e-06, 1.634464085820261e-06, -0.00018441664358825882], "feedforward_acceleration_ned_m_s2": [7.555265900930299e-05, -0.011407158518749209, -0.0017003225190526385], "inertia_diag_kg_m2": [0.4022035148772641, 0.4032408231011409, 0.41192511622100825], "mass_kg": 7.735, "reaction_force_body_n": [0.08825946949375821, -0.0006492277381554113, -0.012979417794291508], "reaction_torque_body_nm": [0.002220571103185339, 0.2291691002515141, 0.0036463211705664252]}
[gazebo_direct_motor_model-5] [INFO] [1786172292.691579854] [my_drone_gazebo_direct_motor_model]: TAKEOFF_SUPPORT_RELEASE_RESULT status=0 output=data: true
[gazebo_direct_motor_model-5] [INFO] [1786172292.850951911] [my_drone_gazebo_direct_motor_model]: MOTOR_DYNAMIC_STATE sim_s=49.020 cmd_min=0.7844 cmd_mean=0.8053 cmd_max=0.8252 filtered_mean=0.8034 filtered_max=0.8233 esc_throttle_mean=0.8547 total_thrust_n=82.8936 body_up_force_n=71.7880 saturated_motors=0 voltage_v=14.8000 thrust_scale=1.000000 current_a=0.0000
[arm_coupling_monitor-9] [INFO] [1786172293.789290787] [my_drone_arm_coupling_monitor]: ARM_COUPLING_STATE {"com_body_flu_m": [-0.004000187800245858, -0.0006726565183034433, -0.20448144506173335], "com_shift_m": [6.061123825062964e-15, 2.9424162759084105e-15, -3.161360062620133e-13], "feedforward_acceleration_ned_m_s2": [-1.684941218210705e-16, -1.0387169445869875e-15, -2.8065313083479724e-14], "inertia_diag_kg_m2": [0.40206406205816, 0.403099224931501, 0.41192380609164847], "mass_kg": 7.735, "reaction_force_body_n": [2.6833020182823304e-15, 1.6612189017659129e-15, -2.1721481133302495e-13], "reaction_torque_body_nm": [2.051834783966429e-12, 3.947183544896118e-11, 6.550199339762862e-13]}
[gazebo_direct_motor_model-5] [INFO] [1786172293.850095003] [my_drone_gazebo_direct_motor_model]: MOTOR_DYNAMIC_STATE sim_s=50.020 cmd_min=0.8212 cmd_mean=0.8564 cmd_max=0.8900 filtered_mean=0.8558 filtered_max=0.8890 esc_throttle_mean=0.8769 total_thrust_n=88.3861 body_up_force_n=76.5446 saturated_motors=0 voltage_v=14.8000 thrust_scale=1.000000 current_a=0.0000
[arm_coupling_monitor-9] [INFO] [1786172294.810872930] [my_drone_arm_coupling_monitor]: ARM_COUPLING_STATE {"com_body_flu_m": [-0.004000187800245797, -0.0006726565183034182, -0.20448144506173568], "com_shift_m": [6.121839146722152e-15, 2.967569766310074e-15, -3.1846747461372615e-13], "feedforward_acceleration_ned_m_s2": [9.281733319440074e-17, -2.4539178129624303e-16, 6.898040605403101e-15], "inertia_diag_kg_m2": [0.40206406205816175, 0.4030992249315029, 0.4119238060916488], "mass_kg": 7.735, "reaction_force_body_n": [3.3954236179889202e-15, -6.236051008615814e-16, 5.3283204802734436e-14], "reaction_torque_body_nm": [4.0653888194754874e-13, 7.227995685489191e-12, 1.2624973087609484e-13]}
[gazebo_direct_motor_model-5] [INFO] [1786172294.845420614] [my_drone_gazebo_direct_motor_model]: MOTOR_DYNAMIC_STATE sim_s=51.020 cmd_min=0.8231 cmd_mean=0.8576 cmd_max=0.8878 filtered_mean=0.8582 filtered_max=0.8890 esc_throttle_mean=0.8783 total_thrust_n=88.7288 body_up_force_n=76.8414 saturated_motors=0 voltage_v=14.8000 thrust_scale=1.000000 current_a=0.0000
[gazebo_direct_motor_model-5] [INFO] [1786172295.854049838] [my_drone_gazebo_direct_motor_model]: MOTOR_DYNAMIC_STATE sim_s=52.020 cmd_min=0.8287 cmd_mean=0.8538 cmd_max=0.8753 filtered_mean=0.8539 filtered_max=0.8750 esc_throttle_mean=0.8765 total_thrust_n=88.2720 body_up_force_n=76.4458 saturated_motors=0 voltage_v=14.8000 thrust_scale=1.000000 current_a=0.0000
[arm_coupling_monitor-9] [INFO] [1786172296.123776118] [my_drone_arm_coupling_monitor]: ARM_COUPLING_STATE {"com_body_flu_m": [-0.00400018780024588, -0.0006726565183034075, -0.20448144506173768], "com_shift_m": [6.039439781613254e-15, 2.9783033678176807e-15, -3.2046587605805144e-13], "feedforward_acceleration_ned_m_s2": [4.200864092342697e-08, -3.449438569503264e-07, 8.531829797955644e-06], "inertia_diag_kg_m2": [0.4020640620581632, 0.40309922493150424, 0.41192380609164864], "mass_kg": 7.735, "reaction_force_body_n": [1.151899026906033e-07, -5.823986995675229e-07, 6.60457493099898e-05], "reaction_torque_body_nm": [-1.286767813379379e-06, -7.855526356215983e-06, -6.804090972684306e-08]}
[gazebo_direct_motor_model-5] [INFO] [1786172296.848679186] [my_drone_gazebo_direct_motor_model]: MOTOR_DYNAMIC_STATE sim_s=53.020 cmd_min=0.8206 cmd_mean=0.8510 cmd_max=0.8892 filtered_mean=0.8510 filtered_max=0.8887 esc_throttle_mean=0.8749 total_thrust_n=87.8906 body_up_force_n=76.1155 saturated_motors=0 voltage_v=14.8000 thrust_scale=1.000000 current_a=0.0000
[arm_coupling_monitor-9] [INFO] [1786172297.471629499] [my_drone_arm_coupling_monitor]: ARM_COUPLING_STATE {"com_body_flu_m": [-0.004000187800245864, -0.0006726565183034613, -0.20448144506173205], "com_shift_m": [6.055052292897045e-15, 2.924418519845151e-15, -3.1483149420807877e-13], "feedforward_acceleration_ned_m_s2": [4.242302219721264e-14, 1.431216309865032e-13, 4.211902656016607e-12], "inertia_diag_kg_m2": [0.40206406205815903, 0.4030992249314998, 0.4119238060916484], "mass_kg": 7.735, "reaction_force_body_n": [5.538309988899108e-14, -2.8803746470139267e-13, 3.2598202469889826e-11], "reaction_torque_body_nm": [-6.65102052624593e-13, -4.610608372023218e-12, 1.0714400039730654e-14]}
[gazebo_direct_motor_model-5] [INFO] [1786172297.845700984] [my_drone_gazebo_direct_motor_model]: MOTOR_DYNAMIC_STATE sim_s=54.020 cmd_min=0.8189 cmd_mean=0.8493 cmd_max=0.8830 filtered_mean=0.8494 filtered_max=0.8835 esc_throttle_mean=0.8739 total_thrust_n=87.6447 body_up_force_n=75.9025 saturated_motors=0 voltage_v=14.8000 thrust_scale=1.000000 current_a=0.0000
[arm_coupling_monitor-9] [INFO] [1786172298.785667170] [my_drone_arm_coupling_monitor]: ARM_COUPLING_STATE {"com_body_flu_m": [-0.0040001878002459195, -0.0006726565183034469, -0.2044814450617328], "com_shift_m": [5.999541141665787e-15, 2.9388384087392083e-15, -3.1558089474970075e-13], "feedforward_acceleration_ned_m_s2": [8.485281055713875e-17, 3.4473993622439113e-16, 6.3718329008718155e-15], "inertia_diag_kg_m2": [0.4020640620581596, 0.4030992249315004, 0.41192380609164836], "mass_kg": 7.735, "reaction_force_body_n": [-4.498424806614418e-15, -8.786499624548787e-16, 4.9149321961545845e-14], "reaction_torque_body_nm": [-6.920136258943171e-14, -6.525567991592663e-13, -3.7410420607112805e-15]}
[gazebo_direct_motor_model-5] [INFO] [1786172298.850387964] [my_drone_gazebo_direct_motor_model]: MOTOR_DYNAMIC_STATE sim_s=55.020 cmd_min=0.8235 cmd_mean=0.8493 cmd_max=0.8724 filtered_mean=0.8493 filtered_max=0.8723 esc_throttle_mean=0.8737 total_thrust_n=87.5885 body_up_force_n=75.8539 saturated_motors=0 voltage_v=14.8000 thrust_scale=1.000000 current_a=0.0000
[arm_coupling_monitor-9] [INFO] [1786172299.795609710] [my_drone_arm_coupling_monitor]: ARM_COUPLING_STATE {"com_body_flu_m": [-0.0040001878002449975, -0.0006726565183028441, -0.20448144506178395], "com_shift_m": [6.92154666914746e-15, 3.5416548166411488e-15, -3.6673442060930483e-13], "feedforward_acceleration_ned_m_s2": [-2.6603038535651085e-12, -1.9396923962617078e-11, -6.521524845319481e-10], "inertia_diag_kg_m2": [0.40206406205819695, 0.4030992249315423, 0.4119238060916527], "mass_kg": 7.735, "reaction_force_body_n": [8.147848932628599e-11, 5.669751115486885e-11, -5.045695852313518e-09], "reaction_torque_body_nm": [-5.323864907204467e-10, -3.746891061519714e-08, -5.09939647976392e-10]}
[gazebo_direct_motor_model-5] [INFO] [1786172299.846517008] [my_drone_gazebo_direct_motor_model]: MOTOR_DYNAMIC_STATE sim_s=56.020 cmd_min=0.8145 cmd_mean=0.8485 cmd_max=0.8807 filtered_mean=0.8486 filtered_max=0.8805 esc_throttle_mean=0.8733 total_thrust_n=87.4865 body_up_force_n=75.7655 saturated_motors=0 voltage_v=14.8000 thrust_scale=1.000000 current_a=0.0000
[gazebo_direct_motor_model-5] [INFO] [1786172300.846819594] [my_drone_gazebo_direct_motor_model]: MOTOR_DYNAMIC_STATE sim_s=57.020 cmd_min=0.8180 cmd_mean=0.8490 cmd_max=0.8814 filtered_mean=0.8491 filtered_max=0.8818 esc_throttle_mean=0.8735 total_thrust_n=87.5244 body_up_force_n=75.7984 saturated_motors=0 voltage_v=14.8000 thrust_scale=1.000000 current_a=0.0000
[arm_coupling_monitor-9] [INFO] [1786172301.115881641] [my_drone_arm_coupling_monitor]: ARM_COUPLING_STATE {"com_body_flu_m": [-0.00400018780024591, -0.0006726565183034469, -0.20448144506173307], "com_shift_m": [6.00908212078366e-15, 2.9388384087392083e-15, -3.1585845050585704e-13], "feedforward_acceleration_ned_m_s2": [3.083304576649606e-07, -6.190658821873778e-08, 1.9085575269721234e-05], "inertia_diag_kg_m2": [0.4020640620581598, 0.4030992249315005, 0.41192380609164836], "mass_kg": 7.735, "reaction_force_body_n": [2.5750001451400513e-07, -1.3019146042169317e-06, 0.00014764099981666082], "reaction_torque_body_nm": [-2.876465701639195e-06, -1.7559239188168362e-05, -1.5208840281681172e-07]}
[gazebo_direct_motor_model-5] [INFO] [1786172301.854460311] [my_drone_gazebo_direct_motor_model]: MOTOR_DYNAMIC_STATE sim_s=58.020 cmd_min=0.8234 cmd_mean=0.8485 cmd_max=0.8742 filtered_mean=0.8485 filtered_max=0.8741 esc_throttle_mean=0.8732 total_thrust_n=87.4577 body_up_force_n=75.7406 saturated_motors=0 voltage_v=14.8000 thrust_scale=1.000000 current_a=0.0000
[arm_coupling_monitor-9] [INFO] [1786172302.131528237] [my_drone_arm_coupling_monitor]: ARM_COUPLING_STATE {"com_body_flu_m": [-0.004000187800245921, -0.0006726565183034469, -0.2044814450617335], "com_shift_m": [5.9978064181898105e-15, 2.9388384087392083e-15, -3.1627478414009147e-13], "feedforward_acceleration_ned_m_s2": [3.439047934627351e-08, -1.3584500116348227e-07, 5.983392284317753e-06], "inertia_diag_kg_m2": [0.40206406205816014, 0.40309922493150085, 0.4119238060916483], "mass_kg": 7.735, "reaction_force_body_n": [8.073814482463101e-08, -4.082111299897782e-07, 4.629235992197688e-05], "reaction_torque_body_nm": [-9.01912428042946e-07, -5.5059499475241865e-06, -4.768988021359475e-08]}
[gazebo_direct_motor_model-5] [INFO] [1786172302.849699108] [my_drone_gazebo_direct_motor_model]: MOTOR_DYNAMIC_STATE sim_s=59.020 cmd_min=0.8172 cmd_mean=0.8493 cmd_max=0.8819 filtered_mean=0.8493 filtered_max=0.8818 esc_throttle_mean=0.8735 total_thrust_n=87.5271 body_up_force_n=75.8007 saturated_motors=0 voltage_v=14.8000 thrust_scale=1.000000 current_a=0.0000
[arm_coupling_monitor-9] [INFO] [1786172303.466145761] [my_drone_arm_coupling_monitor]: ARM_COUPLING_STATE {"com_body_flu_m": [-0.0040001878002484436, -0.0006726565183050223, -0.2044814450615863], "com_shift_m": [3.475518484119533e-15, 1.3634926521177704e-15, -1.6908696665041134e-13], "feedforward_acceleration_ned_m_s2": [5.7849956660821e-14, 1.4089027213796212e-13, 6.399536607647288e-12], "inertia_diag_kg_m2": [0.40206406205805256, 0.40309922493138056, 0.41192380609163665], "mass_kg": 7.735, "reaction_force_body_n": [7.537168827514581e-14, -4.380051681694428e-13, 4.951243767042557e-11], "reaction_torque_body_nm": [-6.3273385097986506e-09, -1.94251857651403e-07, -2.7250408537286095e-09]}
[gazebo_direct_motor_model-5] [INFO] [1786172303.851897838] [my_drone_gazebo_direct_motor_model]: MOTOR_DYNAMIC_STATE sim_s=60.020 cmd_min=0.8175 cmd_mean=0.8488 cmd_max=0.8794 filtered_mean=0.8488 filtered_max=0.8797 esc_throttle_mean=0.8733 total_thrust_n=87.4754 body_up_force_n=75.7559 saturated_motors=0 voltage_v=14.8000 thrust_scale=1.000000 current_a=0.0000
[arm_coupling_monitor-9] [INFO] [1786172304.480666480] [my_drone_arm_coupling_monitor]: ARM_COUPLING_STATE {"com_body_flu_m": [-0.004000187800245923, -0.0006726565183034578, -0.20448144506173177], "com_shift_m": [5.996071694713834e-15, 2.9279963870143533e-15, -3.145539384519225e-13], "feedforward_acceleration_ned_m_s2": [8.302889327508364e-14, -9.514460238103242e-14, 5.043426846353137e-12], "inertia_diag_kg_m2": [0.4020640620581589, 0.4030992249314996, 0.4119238060916483], "mass_kg": 7.735, "reaction_force_body_n": [6.783793291559742e-14, -3.440147048004554e-13, 3.90215576358783e-11], "reaction_torque_body_nm": [-2.273515317817894e-13, 5.132103410095892e-12, 6.813997969014397e-14]}
[gazebo_direct_motor_model-5] [INFO] [1786172304.851639271] [my_drone_gazebo_direct_motor_model]: MOTOR_DYNAMIC_STATE sim_s=61.020 cmd_min=0.8228 cmd_mean=0.8493 cmd_max=0.8756 filtered_mean=0.8492 filtered_max=0.8758 esc_throttle_mean=0.8734 total_thrust_n=87.5186 body_up_force_n=75.7933 saturated_motors=0 voltage_v=14.8000 thrust_scale=1.000000 current_a=0.0000
[arm_coupling_monitor-9] [INFO] [1786172305.790790143] [my_drone_arm_coupling_monitor]: ARM_COUPLING_STATE {"com_body_flu_m": [-0.0040001878002459, -0.0006726565183034613, -0.20448144506173152], "com_shift_m": [6.019490461639521e-15, 2.924418519845151e-15, -3.143041382713818e-13], "feedforward_acceleration_ned_m_s2": [1.073079717435646e-16, 9.445918969870689e-17, -2.5169988973581335e-15], "inertia_diag_kg_m2": [0.40206406205815864, 0.4030992249314994, 0.4119238060916483], "mass_kg": 7.735, "reaction_force_body_n": [-8.53232968634063e-16, -7.725157610815153e-16, -1.9466366627763192e-14], "reaction_torque_body_nm": [-3.0184735600573323e-13, -5.180716330328501e-12, -2.7459419500958132e-14]}
[gazebo_direct_motor_model-5] [INFO] [1786172305.850864398] [my_drone_gazebo_direct_motor_model]: MOTOR_DYNAMIC_STATE sim_s=62.020 cmd_min=0.8178 cmd_mean=0.8490 cmd_max=0.8808 filtered_mean=0.8491 filtered_max=0.8807 esc_throttle_mean=0.8734 total_thrust_n=87.5020 body_up_force_n=75.7789 saturated_motors=0 voltage_v=14.8000 thrust_scale=1.000000 current_a=0.0000
[gazebo_direct_motor_model-5] [INFO] [1786172306.847553844] [my_drone_gazebo_direct_motor_model]: MOTOR_DYNAMIC_STATE sim_s=63.020 cmd_min=0.8186 cmd_mean=0.8498 cmd_max=0.8807 filtered_mean=0.8498 filtered_max=0.8811 esc_throttle_mean=0.8737 total_thrust_n=87.5750 body_up_force_n=75.8422 saturated_motors=0 voltage_v=14.8000 thrust_scale=1.000000 current_a=0.0000
[arm_coupling_monitor-9] [INFO] [1786172307.138264799] [my_drone_arm_coupling_monitor]: ARM_COUPLING_STATE {"com_body_flu_m": [-0.004000187800245905, -0.0006726565183034362, -0.2044814450617341], "com_shift_m": [6.01428629121159e-15, 2.949572010246815e-15, -3.168854068036353e-13], "feedforward_acceleration_ned_m_s2": [9.181541937765226e-07, -1.4125187843263998e-07, 5.7914754831795384e-05], "inertia_diag_kg_m2": [0.4020640620581606, 0.40309922493150135, 0.4119238060916484], "mass_kg": 7.735, "reaction_force_body_n": [7.813726353036185e-07, -3.950602893905522e-06, 0.00044801015317446393], "reaction_torque_body_nm": [-8.72850500389672e-06, -5.328235254045676e-05, -4.6150196235926454e-07]}
[gazebo_direct_motor_model-5] [INFO] [1786172307.850565087] [my_drone_gazebo_direct_motor_model]: MOTOR_DYNAMIC_STATE sim_s=64.024 cmd_min=0.8229 cmd_mean=0.8503 cmd_max=0.8777 filtered_mean=0.8503 filtered_max=0.8777 esc_throttle_mean=0.8739 total_thrust_n=87.6239 body_up_force_n=75.8845 saturated_motors=0 voltage_v=14.8000 thrust_scale=1.000000 current_a=0.0000
[arm_coupling_monitor-9] [INFO] [1786172308.133568198] [my_drone_arm_coupling_monitor]: ARM_COUPLING_STATE {"com_body_flu_m": [-0.004000187800245959, -0.0006726565183034613, -0.20448144506173185], "com_shift_m": [5.960509863456309e-15, 2.924418519845151e-15, -3.1463720517876936e-13], "feedforward_acceleration_ned_m_s2": [5.464382099185694e-07, -1.0375564335339218e-06, 7.093615885783498e-05], "inertia_diag_kg_m2": [0.402064062058159, 0.4030992249314994, 0.41192380609164814], "mass_kg": 7.735, "reaction_force_body_n": [9.570621577400277e-07, -4.838884944546479e-06, 0.0005487439871896437], "reaction_torque_body_nm": [-1.0691083546589897e-05, -6.526261148710128e-05, -5.652682054259771e-07]}
[gazebo_direct_motor_model-5] [INFO] [1786172308.853687001] [my_drone_gazebo_direct_motor_model]: MOTOR_DYNAMIC_STATE sim_s=65.024 cmd_min=0.8208 cmd_mean=0.8516 cmd_max=0.8832 filtered_mean=0.8510 filtered_max=0.8825 esc_throttle_mean=0.8741 total_thrust_n=87.6924 body_up_force_n=75.9439 saturated_motors=0 voltage_v=14.8000 thrust_scale=1.000000 current_a=0.0000
[arm_coupling_monitor-9] [INFO] [1786172309.465051609] [my_drone_arm_coupling_monitor]: ARM_COUPLING_STATE {"com_body_flu_m": [-0.0040001878002459, -0.0006726565183034613, -0.20448144506173124], "com_shift_m": [6.019490461639521e-15, 2.924418519845151e-15, -3.1402658251522553e-13], "feedforward_acceleration_ned_m_s2": [1.1314888631992107e-14, 1.6331614474571067e-14, 1.3458014983902278e-12], "inertia_diag_kg_m2": [0.40206406205815837, 0.4030992249314991, 0.4119238060916483], "mass_kg": 7.735, "reaction_force_body_n": [2.1928069791003592e-14, -9.155762058810958e-14, 1.0410483238507825e-11], "reaction_torque_body_nm": [1.1566612028089775e-12, 2.3429065321744992e-11, 3.5138142311588787e-13]}
[gazebo_direct_motor_model-5] [INFO] [1786172309.854748009] [my_drone_gazebo_direct_motor_model]: MOTOR_DYNAMIC_STATE sim_s=66.024 cmd_min=0.8243 cmd_mean=0.8554 cmd_max=0.8862 filtered_mean=0.8556 filtered_max=0.8867 esc_throttle_mean=0.8761 total_thrust_n=88.1712 body_up_force_n=76.3585 saturated_motors=0 voltage_v=14.8000 thrust_scale=1.000000 current_a=0.0000
[arm_coupling_monitor-9] [INFO] [1786172310.792940120] [my_drone_arm_coupling_monitor]: ARM_COUPLING_STATE {"com_body_flu_m": [-0.004000187800245881, -0.0006726565183034398, -0.20448144506173385], "com_shift_m": [6.037705058137277e-15, 2.9459941430776126e-15, -3.1663560662309465e-13], "feedforward_acceleration_ned_m_s2": [-8.244234434499125e-17, -2.143896966260545e-16, -6.600611972380183e-15], "inertia_diag_kg_m2": [0.4020640620581604, 0.40309922493150124, 0.41192380609164847], "mass_kg": 7.735, "reaction_force_body_n": [2.3513155192360795e-15, 7.995393167635397e-16, -5.102623452644935e-14], "reaction_torque_body_nm": [-2.909502965213541e-13, -5.357961986589078e-12, -9.996494367082891e-14]}
[gazebo_direct_motor_model-5] [INFO] [1786172310.854838939] [my_drone_gazebo_direct_motor_model]: MOTOR_DYNAMIC_STATE sim_s=67.024 cmd_min=0.8251 cmd_mean=0.8532 cmd_max=0.8805 filtered_mean=0.8533 filtered_max=0.8807 esc_throttle_mean=0.8751 total_thrust_n=87.9333 body_up_force_n=76.1525 saturated_motors=0 voltage_v=14.8000 thrust_scale=1.000000 current_a=0.0000
[gazebo_direct_motor_model-5] [INFO] [1786172311.854326663] [my_drone_gazebo_direct_motor_model]: MOTOR_DYNAMIC_STATE sim_s=68.024 cmd_min=0.8201 cmd_mean=0.8509 cmd_max=0.8820 filtered_mean=0.8508 filtered_max=0.8820 esc_throttle_mean=0.8741 total_thrust_n=87.6712 body_up_force_n=75.9255 saturated_motors=0 voltage_v=14.8000 thrust_scale=1.000000 current_a=0.0000
[arm_coupling_monitor-9] [INFO] [1786172312.122422418] [my_drone_arm_coupling_monitor]: ARM_COUPLING_STATE {"com_body_flu_m": [-0.004000187800245908, -0.0006726565183034398, -0.20448144506173402], "com_shift_m": [6.0108168442596366e-15, 2.9459941430776126e-15, -3.168021400767884e-13], "feedforward_acceleration_ned_m_s2": [2.7184246104829524e-07, 5.401240872088516e-07, 4.4514029417449536e-05], "inertia_diag_kg_m2": [0.4020640620581606, 0.4030992249315013, 0.4119238060916483], "mass_kg": 7.735, "reaction_force_body_n": [6.005511779858291e-07, -3.0363740235926573e-06, 0.000344333872243746], "reaction_torque_body_nm": [-6.708602758805756e-06, -4.0952400193251554e-05, -3.5470700828988456e-07]}
[gazebo_direct_motor_model-5] [INFO] [1786172312.851464300] [my_drone_gazebo_direct_motor_model]: MOTOR_DYNAMIC_STATE sim_s=69.024 cmd_min=0.8247 cmd_mean=0.8554 cmd_max=0.8866 filtered_mean=0.8557 filtered_max=0.8869 esc_throttle_mean=0.8761 total_thrust_n=88.1805 body_up_force_n=76.3665 saturated_motors=0 voltage_v=14.8000 thrust_scale=1.000000 current_a=0.0000
[arm_coupling_monitor-9] [INFO] [1786172313.462346785] [my_drone_arm_coupling_monitor]: ARM_COUPLING_STATE {"com_body_flu_m": [-0.004000187800245891, -0.0006726565183034469, -0.204481445061733], "com_shift_m": [6.028164079019405e-15, 2.9388384087392083e-15, -3.1577518377901015e-13], "feedforward_acceleration_ned_m_s2": [7.933546496202098e-14, -4.5998501268151206e-14, 5.538137512381544e-12], "inertia_diag_kg_m2": [0.4020640620581598, 0.4030992249315005, 0.4119238060916484], "mass_kg": 7.735, "reaction_force_body_n": [4.577705320243293e-14, -3.8936568400330365e-13, 4.2841572480840317e-11], "reaction_torque_body_nm": [1.135946355936458e-12, 2.9642975953845047e-11, 4.430958924527806e-13]}
[gazebo_direct_motor_model-5] [INFO] [1786172313.855533489] [my_drone_gazebo_direct_motor_model]: MOTOR_DYNAMIC_STATE sim_s=70.024 cmd_min=0.8247 cmd_mean=0.8533 cmd_max=0.8814 filtered_mean=0.8535 filtered_max=0.8817 esc_throttle_mean=0.8752 total_thrust_n=87.9523 body_up_force_n=76.1689 saturated_motors=0 voltage_v=14.8000 thrust_scale=1.000000 current_a=0.0000
[arm_coupling_monitor-9] [INFO] [1786172314.463052141] [my_drone_arm_coupling_monitor]: ARM_COUPLING_STATE {"com_body_flu_m": [-0.00400018780024595, -0.0006726565183034828, -0.20448144506172938], "com_shift_m": [5.969183480836193e-15, 2.902951316829938e-15, -3.121669589489784e-13], "feedforward_acceleration_ned_m_s2": [6.110677371012087e-14, -1.2083083141750083e-14, 2.2154215391744078e-11], "inertia_diag_kg_m2": [0.40206406205815715, 0.4030992249314976, 0.41192380609164814], "mass_kg": 7.735, "reaction_force_body_n": [2.9626904173453275e-13, -1.5121890355263558e-12, 1.7135660503154948e-10], "reaction_torque_body_nm": [-2.2909509240695678e-12, -1.073896421996716e-12, 1.1507405993007737e-13]}
[gazebo_direct_motor_model-5] [INFO] [1786172314.854106017] [my_drone_gazebo_direct_motor_model]: MOTOR_DYNAMIC_STATE sim_s=71.024 cmd_min=0.8154 cmd_mean=0.8459 cmd_max=0.8774 filtered_mean=0.8455 filtered_max=0.8766 esc_throttle_mean=0.8719 total_thrust_n=87.1314 body_up_force_n=75.4580 saturated_motors=0 voltage_v=14.8000 thrust_scale=1.000000 current_a=0.0000
[arm_coupling_monitor-9] [INFO] [1786172315.472348092] [my_drone_arm_coupling_monitor]: ARM_COUPLING_STATE {"com_body_flu_m": [-0.0040001878002459395, -0.0006726565183034792, -0.20448144506172963], "com_shift_m": [5.979591821692054e-15, 2.9065291839991403e-15, -3.1241675912951905e-13], "feedforward_acceleration_ned_m_s2": [5.3416891842184096e-14, 4.405380793234186e-14, 7.016891134435962e-12], "inertia_diag_kg_m2": [0.40206406205815737, 0.4030992249314978, 0.4119238060916481], "mass_kg": 7.735, "reaction_force_body_n": [9.759103718766302e-14, -4.779766426531297e-13, 5.427610290873471e-11], "reaction_torque_body_nm": [8.922906560798427e-13, 2.921993757401616e-11, 4.4973290260701066e-13]}
[gazebo_direct_motor_model-5] [INFO] [1786172315.854419201] [my_drone_gazebo_direct_motor_model]: MOTOR_DYNAMIC_STATE sim_s=72.024 cmd_min=0.8253 cmd_mean=0.8556 cmd_max=0.8856 filtered_mean=0.8555 filtered_max=0.8856 esc_throttle_mean=0.8760 total_thrust_n=88.1609 body_up_force_n=76.3496 saturated_motors=0 voltage_v=14.8000 thrust_scale=1.000000 current_a=0.0000
[arm_coupling_monitor-9] [INFO] [1786172316.798206663] [my_drone_arm_coupling_monitor]: ARM_COUPLING_STATE {"com_body_flu_m": [-0.004000187800245555, -0.0006726565183032173, -0.20448144506175941], "com_shift_m": [6.363833071620917e-15, 3.168472428871638e-15, -3.4219849176508887e-13], "feedforward_acceleration_ned_m_s2": [9.113401123283129e-17, 1.039557687467067e-16, 9.18671497267141e-16], "inertia_diag_kg_m2": [0.40206406205817913, 0.40309922493152234, 0.4119238060916507], "mass_kg": 7.735, "reaction_force_body_n": [-6.087874097317517e-16, -7.327207559950941e-16, 7.122509553456708e-15], "reaction_torque_body_nm": [-9.257863765546075e-15, 7.828169085627992e-13, 1.3498862524750366e-13]}
[gazebo_direct_motor_model-5] [INFO] [1786172316.856401345] [my_drone_gazebo_direct_motor_model]: MOTOR_DYNAMIC_STATE sim_s=73.024 cmd_min=0.7793 cmd_mean=0.8328 cmd_max=0.8866 filtered_mean=0.8518 filtered_max=0.9056 esc_throttle_mean=0.8745 total_thrust_n=87.7817 body_up_force_n=76.0212 saturated_motors=0 voltage_v=14.8000 thrust_scale=1.000000 current_a=0.0000
[arm_coupling_monitor-9] [INFO] [1786172317.807640952] [my_drone_arm_coupling_monitor]: ARM_COUPLING_STATE {"com_body_flu_m": [-0.004000187800245652, -0.0006726565183033501, -0.20448144506174237], "com_shift_m": [6.266688556966216e-15, 3.035657662742164e-15, -3.251565683370927e-13], "feedforward_acceleration_ned_m_s2": [-3.876389139374178e-15, -4.014160831176184e-14, -6.620028525713329e-13], "inertia_diag_kg_m2": [0.40206406205816647, 0.4030992249315084, 0.41192380609164925], "mass_kg": 7.735, "reaction_force_body_n": [1.4203807019392428e-13, 6.323277259741323e-14, -5.127728179645862e-12], "reaction_torque_body_nm": [-3.456941361159665e-11, -6.406096820570617e-10, -8.575231152221375e-12]}
[gazebo_direct_motor_model-5] [INFO] [1786172317.853400461] [my_drone_gazebo_direct_motor_model]: MOTOR_DYNAMIC_STATE sim_s=74.024 cmd_min=0.8021 cmd_mean=0.8366 cmd_max=0.8729 filtered_mean=0.8336 filtered_max=0.8713 esc_throttle_mean=0.8670 total_thrust_n=85.9106 body_up_force_n=74.4008 saturated_motors=0 voltage_v=14.8000 thrust_scale=1.000000 current_a=0.0000
[arm_coupling_monitor-9] [INFO] [1786172318.801626637] [my_drone_arm_coupling_monitor]: ARM_COUPLING_STATE {"com_body_flu_m": [-0.004000187800245935, -0.0006726565183034362, -0.2044814450617355], "com_shift_m": [5.983928630381996e-15, 2.949572010246815e-15, -3.1827318558441675e-13], "feedforward_acceleration_ned_m_s2": [-1.4562979432983308e-16, -9.197202942640295e-15, 9.937299688941613e-14], "inertia_diag_kg_m2": [0.40206406205816153, 0.4030992249315025, 0.4119238060916486], "mass_kg": 7.735, "reaction_force_body_n": [-1.813514956181219e-14, -7.936598024689722e-15, 7.716821696370085e-13], "reaction_torque_body_nm": [-9.771831712825975e-13, -1.7795624835699784e-11, -2.547133046625345e-13]}
[gazebo_direct_motor_model-5] [INFO] [1786172318.851710432] [my_drone_gazebo_direct_motor_model]: MOTOR_DYNAMIC_STATE sim_s=75.024 cmd_min=0.8373 cmd_mean=0.8497 cmd_max=0.8632 filtered_mean=0.8515 filtered_max=0.8647 esc_throttle_mean=0.8744 total_thrust_n=87.7685 body_up_force_n=76.0097 saturated_motors=0 voltage_v=14.8000 thrust_scale=1.000000 current_a=0.0000
[gazebo_direct_motor_model-5] [INFO] [1786172319.850689461] [my_drone_gazebo_direct_motor_model]: MOTOR_DYNAMIC_STATE sim_s=76.024 cmd_min=0.8102 cmd_mean=0.8538 cmd_max=0.8973 filtered_mean=0.8537 filtered_max=0.8961 esc_throttle_mean=0.8755 total_thrust_n=88.0436 body_up_force_n=76.2480 saturated_motors=0 voltage_v=14.8000 thrust_scale=1.000000 current_a=0.0000
[arm_coupling_monitor-9] [INFO] [1786172320.138573710] [my_drone_arm_coupling_monitor]: ARM_COUPLING_STATE {"com_body_flu_m": [-0.004000187800245851, -0.0006726565183034541, -0.2044814450617311], "com_shift_m": [6.068062718966871e-15, 2.931682674400804e-15, -3.138878046371474e-13], "feedforward_acceleration_ned_m_s2": [3.9675253850479526e-07, 2.1502728795855826e-06, 2.3830475978940944e-05], "inertia_diag_kg_m2": [0.4020640620581583, 0.403099224931499, 0.4119238060916482], "mass_kg": 7.735, "reaction_force_body_n": [3.22824331251952e-07, -1.6321930484596683e-06, 0.00018509556048834977], "reaction_torque_body_nm": [-3.606187937653168e-06, -2.2013824468020704e-05, -1.9067156671330348e-07]}
[gazebo_direct_motor_model-5] [INFO] [1786172320.857305781] [my_drone_gazebo_direct_motor_model]: MOTOR_DYNAMIC_STATE sim_s=77.024 cmd_min=0.8163 cmd_mean=0.8499 cmd_max=0.8835 filtered_mean=0.8540 filtered_max=0.8888 esc_throttle_mean=0.8763 total_thrust_n=88.2193 body_up_force_n=76.4001 saturated_motors=0 voltage_v=14.8000 thrust_scale=1.000000 current_a=0.0000
[arm_coupling_monitor-9] [INFO] [1786172321.143655004] [my_drone_arm_coupling_monitor]: ARM_COUPLING_STATE {"com_body_flu_m": [-0.004000187800245331, -0.0006726565183030989, -0.20448144506176216], "com_shift_m": [6.588479761759913e-15, 3.2868673061070552e-15, -3.4494629375103614e-13], "feedforward_acceleration_ned_m_s2": [1.5063161684801644e-07, -1.1731178486083259e-07, 1.0696442203955518e-05], "inertia_diag_kg_m2": [0.40206406205818096, 0.40309922493152467, 0.4119238060916511], "mass_kg": 7.735, "reaction_force_body_n": [1.4434727197454097e-07, -7.29666565941474e-07, 8.274681632460104e-05], "reaction_torque_body_nm": [-1.6124672451654968e-06, -9.855233470136398e-06, -8.543731043014629e-08]}
[gazebo_direct_motor_model-5] [INFO] [1786172321.859744540] [my_drone_gazebo_direct_motor_model]: MOTOR_DYNAMIC_STATE sim_s=78.024 cmd_min=0.8387 cmd_mean=0.8542 cmd_max=0.8696 filtered_mean=0.8544 filtered_max=0.8695 esc_throttle_mean=0.8776 total_thrust_n=88.5542 body_up_force_n=76.6902 saturated_motors=0 voltage_v=14.8000 thrust_scale=1.000000 current_a=0.0000
[arm_coupling_monitor-9] [INFO] [1786172322.169520640] [my_drone_arm_coupling_monitor]: ARM_COUPLING_STATE {"com_body_flu_m": [-0.0040001878002458744, -0.0006726565183034182, -0.20448144506173702], "com_shift_m": [6.044643952041184e-15, 2.967569766310074e-15, -3.1979974224327634e-13], "feedforward_acceleration_ned_m_s2": [-1.1358395098548897e-14, -1.8583559967392956e-13, 3.870374877420709e-12], "inertia_diag_kg_m2": [0.4020640620581627, 0.40309922493150385, 0.4119238060916488], "mass_kg": 7.735, "reaction_force_body_n": [-5.820758006780561e-13, -2.5722445366412853e-13, 2.9965211111396984e-11], "reaction_torque_body_nm": [-1.6799320630638296e-11, -2.9205225105379805e-10, -4.015225215395217e-12]}
[gazebo_direct_motor_model-5] [INFO] [1786172322.863936366] [my_drone_gazebo_direct_motor_model]: MOTOR_DYNAMIC_STATE sim_s=79.024 cmd_min=0.7945 cmd_mean=0.8346 cmd_max=0.8748 filtered_mean=0.8352 filtered_max=0.8747 esc_throttle_mean=0.8713 total_thrust_n=86.9823 body_up_force_n=75.3289 saturated_motors=0 voltage_v=14.8000 thrust_scale=1.000000 current_a=0.0000
[arm_coupling_monitor-9] [INFO] [1786172323.493114471] [my_drone_arm_coupling_monitor]: ARM_COUPLING_STATE {"com_body_flu_m": [-0.004000187800245923, -0.0006726565183034972, -0.2044814450617269], "com_shift_m": [5.996071694713834e-15, 2.888531427935881e-15, -3.096967127191874e-13], "feedforward_acceleration_ned_m_s2": [6.193442068670871e-17, 4.853765688181342e-16, 3.8020611414478744e-15], "inertia_diag_kg_m2": [0.40206406205815526, 0.4030992249314956, 0.41192380609164797], "mass_kg": 7.735, "reaction_force_body_n": [-1.4040770331724987e-15, -4.216350482760619e-16, 2.961522656239019e-14], "reaction_torque_body_nm": [3.6372964556021468e-12, 6.710699144494985e-11, 9.048869109307476e-13]}
[gazebo_direct_motor_model-5] [INFO] [1786172323.859133135] [my_drone_gazebo_direct_motor_model]: MOTOR_DYNAMIC_STATE sim_s=80.024 cmd_min=0.8028 cmd_mean=0.8342 cmd_max=0.8657 filtered_mean=0.8338 filtered_max=0.8662 esc_throttle_mean=0.8759 total_thrust_n=88.1289 body_up_force_n=76.3219 saturated_motors=0 voltage_v=14.8000 thrust_scale=1.000000 current_a=0.0000
[arm_coupling_monitor-9] [INFO] [1786172324.482044413] [my_drone_arm_coupling_monitor]: ARM_COUPLING_STATE {"com_body_flu_m": [-0.004000187800245717, -0.0006726565183035653, -0.20448144506171445], "com_shift_m": [6.202503788355074e-15, 2.8204435315037912e-15, -2.9723445926777003e-13], "feedforward_acceleration_ned_m_s2": [-6.966829020575485e-10, 4.957101874585676e-09, 1.491823099375452e-08], "inertia_diag_kg_m2": [0.4020640620581462, 0.4030992249314856, 0.411923806091647], "mass_kg": 7.735, "reaction_force_body_n": [-7.466997342441279e-11, -1.071916271129343e-09, 1.2171079509256037e-07], "reaction_torque_body_nm": [-2.3501968236162276e-09, -1.4062370371189994e-08, -1.259189104514476e-10]}
[gazebo_direct_motor_model-5] [INFO] [1786172324.861347078] [my_drone_gazebo_direct_motor_model]: MOTOR_DYNAMIC_STATE sim_s=81.024 cmd_min=0.5962 cmd_mean=0.7640 cmd_max=0.9176 filtered_mean=0.7734 filtered_max=0.9203 esc_throttle_mean=0.8392 total_thrust_n=82.0163 body_up_force_n=71.0282 saturated_motors=0 voltage_v=14.8000 thrust_scale=1.000000 current_a=0.0000
[arm_coupling_monitor-9] [INFO] [1786172325.484509152] [my_drone_arm_coupling_monitor]: ARM_COUPLING_STATE {"com_body_flu_m": [-0.004000187800245379, -0.000672656518303996, -0.2044814450616694], "com_shift_m": [6.539907504432563e-15, 2.389798428592549e-15, -2.521871600436043e-13], "feedforward_acceleration_ned_m_s2": [1.1898880012542382e-05, -4.8592662744128374e-05, -0.0003951865333185045], "inertia_diag_kg_m2": [0.4020640620581129, 0.40309922493145, 0.4119238060916448], "mass_kg": 7.735, "reaction_force_body_n": [-0.0002142287441993646, 2.8748330531342507e-05, -0.0030735735019947704], "reaction_torque_body_nm": [6.498189487318945e-05, 0.0004778516202575516, 8.009310634387033e-07]}
[gazebo_direct_motor_model-5] [INFO] [1786172325.854535182] [my_drone_gazebo_direct_motor_model]: MOTOR_DYNAMIC_STATE sim_s=82.024 cmd_min=0.5276 cmd_mean=0.7316 cmd_max=0.9381 filtered_mean=0.7314 filtered_max=0.9282 esc_throttle_mean=0.8125 total_thrust_n=77.3100 body_up_force_n=66.9524 saturated_motors=0 voltage_v=14.8000 thrust_scale=1.000000 current_a=0.0000
[arm_coupling_monitor-9] [INFO] [1786172326.819263509] [my_drone_arm_coupling_monitor]: ARM_COUPLING_STATE {"com_body_flu_m": [-0.0040001877956429574, -0.0006726565414779962, -0.2044814424350357], "com_shift_m": [4.608961649832377e-12, -2.3171610463723624e-11, 2.626381528925137e-09], "feedforward_acceleration_ned_m_s2": [8.706782952549212e-05, -0.0002467740184093787, -0.0008698146087581614], "inertia_diag_kg_m2": [0.40206406010945106, 0.4030992229272514, 0.4119238060479578], "mass_kg": 7.735, "reaction_force_body_n": [-1.2698023527721339e-05, 6.195476971273423e-05, -0.0070256150721309365], "reaction_torque_body_nm": [0.00015290222566347327, 0.0026867004908400997, 2.3525553947094984e-05]}
[gazebo_direct_motor_model-5] [INFO] [1786172326.858965274] [my_drone_gazebo_direct_motor_model]: MOTOR_DYNAMIC_STATE sim_s=83.024 cmd_min=0.4767 cmd_mean=0.6924 cmd_max=0.9147 filtered_mean=0.6947 filtered_max=0.9148 esc_throttle_mean=0.7811 total_thrust_n=73.7817 body_up_force_n=63.8968 saturated_motors=0 voltage_v=14.8000 thrust_scale=1.000000 current_a=0.0000
[gazebo_direct_motor_model-5] [INFO] [1786172327.854681738] [my_drone_gazebo_direct_motor_model]: MOTOR_DYNAMIC_STATE sim_s=84.024 cmd_min=0.4475 cmd_mean=0.6511 cmd_max=0.8996 filtered_mean=0.6514 filtered_max=0.8977 esc_throttle_mean=0.7344 total_thrust_n=69.2130 body_up_force_n=59.9402 saturated_motors=0 voltage_v=14.8000 thrust_scale=1.000000 current_a=0.0000
[arm_coupling_monitor-9] [INFO] [1786172328.146312459] [my_drone_arm_coupling_monitor]: ARM_COUPLING_STATE {"com_body_flu_m": [-0.003980726440237848, -0.0006728359321353276, -0.20447171110794035], "com_shift_m": [1.946136001407077e-05, -1.794138289418169e-07, 9.733953476864787e-06], "feedforward_acceleration_ned_m_s2": [0.014593139779070782, -0.03966681663798849, -0.0290312451738798], "inertia_diag_kg_m2": [0.4020548629075262, 0.4031062023796402, 0.4119400477194232], "mass_kg": 7.735, "reaction_force_body_n": [0.2553337783879416, 0.001326670423278241, -0.3034967548258932], "reaction_torque_body_nm": [0.0021246206552791025, 0.14803669476929576, 0.004071866344653424]}
[gazebo_direct_motor_model-5] [INFO] [1786172328.853646305] [my_drone_gazebo_direct_motor_model]: MOTOR_DYNAMIC_STATE sim_s=85.024 cmd_min=0.3810 cmd_mean=0.6092 cmd_max=0.8751 filtered_mean=0.6088 filtered_max=0.8752 esc_throttle_mean=0.6815 total_thrust_n=64.6770 body_up_force_n=56.0119 saturated_motors=0 voltage_v=14.8000 thrust_scale=1.000000 current_a=0.0000
[arm_coupling_monitor-9] [INFO] [1786172329.478136603] [my_drone_arm_coupling_monitor]: ARM_COUPLING_STATE {"com_body_flu_m": [-0.004000170696807967, -0.0006727640883762955, -0.20446924219277104], "com_shift_m": [1.7103443951914377e-08, -1.07570069909739e-07, 1.2202868646171705e-05], "feedforward_acceleration_ned_m_s2": [0.0033379378569744667, -0.00924579791066066, -0.030828283268332562], "inertia_diag_kg_m2": [0.4020550204281275, 0.40308991769313895, 0.41192359547991075], "mass_kg": 7.735, "reaction_force_body_n": [0.00017605726369142847, 0.002201635235968517, -0.25027573830957195], "reaction_torque_body_nm": [0.004319543648890849, -0.03457694350712942, -0.00029728467368715596]}
[gazebo_direct_motor_model-5] [INFO] [1786172329.854659573] [my_drone_gazebo_direct_motor_model]: MOTOR_DYNAMIC_STATE sim_s=86.024 cmd_min=0.2675 cmd_mean=0.5000 cmd_max=0.7612 filtered_mean=0.5013 filtered_max=0.7649 esc_throttle_mean=0.6143 total_thrust_n=53.2579 body_up_force_n=46.1227 saturated_motors=0 voltage_v=14.8000 thrust_scale=1.000000 current_a=0.0000
[arm_coupling_monitor-9] [INFO] [1786172330.486855000] [my_drone_arm_coupling_monitor]: ARM_COUPLING_STATE {"com_body_flu_m": [-0.003985689885177667, -0.0006735513061440331, -0.20438757226043858], "com_shift_m": [1.4497915074252084e-05, -8.947878376473154e-07, 9.387280097863937e-05], "feedforward_acceleration_ned_m_s2": [0.0005926647248548121, -0.001746936451811865, -0.0077487752279400655], "inertia_diag_kg_m2": [0.401993864038661, 0.40303862414114994, 0.41193384052360443], "mass_kg": 7.735, "reaction_force_body_n": [-0.004321239616786742, 0.0005503086502558357, -0.06145767460681044], "reaction_torque_body_nm": [0.00018614548383792304, -0.12445616840407145, -0.0005751979505415498]}
[gazebo_direct_motor_model-5] [INFO] [1786172330.852961887] [my_drone_gazebo_direct_motor_model]: MOTOR_DYNAMIC_STATE sim_s=87.024 cmd_min=0.0000 cmd_mean=0.0908 cmd_max=0.2141 filtered_mean=0.0923 filtered_max=0.2191 esc_throttle_mean=0.1733 total_thrust_n=9.8815 body_up_force_n=8.5576 saturated_motors=0 voltage_v=14.8000 thrust_scale=1.000000 current_a=0.0000
[arm_coupling_monitor-9] [INFO] [1786172331.818530152] [my_drone_arm_coupling_monitor]: ARM_COUPLING_STATE {"com_body_flu_m": [-0.006282053190698503, -0.0007299822277462037, -0.1957270995347238], "com_shift_m": [-0.002281865390446584, -5.732570943981798e-05, 0.008754345526693408], "feedforward_acceleration_ned_m_s2": [9.276051650474603e-06, -2.3772358858146326e-05, -4.5420766685778194e-05], "inertia_diag_kg_m2": [0.40148384598271153, 0.39854561202456984, 0.40798017902666417], "mass_kg": 7.735, "reaction_force_body_n": [0.00019746895908004432, 1.3841268162852245e-06, -0.00035127804074065337], "reaction_torque_body_nm": [0.0003565119086528253, 0.04046440963106664, 0.00035985865751237697]}
[gazebo_direct_motor_model-5] [INFO] [1786172331.858577140] [my_drone_gazebo_direct_motor_model]: MOTOR_DYNAMIC_STATE sim_s=88.024 cmd_min=0.0000 cmd_mean=0.0909 cmd_max=0.2097 filtered_mean=0.0909 filtered_max=0.2098 esc_throttle_mean=0.1726 total_thrust_n=9.7306 body_up_force_n=8.4269 saturated_motors=0 voltage_v=14.8000 thrust_scale=1.000000 current_a=0.0000
[gazebo_direct_motor_model-5] [INFO] [1786172332.852027923] [my_drone_gazebo_direct_motor_model]: MOTOR_DYNAMIC_STATE sim_s=89.024 cmd_min=0.0000 cmd_mean=0.0912 cmd_max=0.2107 filtered_mean=0.0912 filtered_max=0.2106 esc_throttle_mean=0.1727 total_thrust_n=9.7566 body_up_force_n=8.4495 saturated_motors=0 voltage_v=14.8000 thrust_scale=1.000000 current_a=0.0000
[arm_coupling_monitor-9] [INFO] [1786172333.129320595] [my_drone_arm_coupling_monitor]: ARM_COUPLING_STATE {"com_body_flu_m": [-0.006278355310949756, -0.0007299562222071004, -0.19573368745447767], "com_shift_m": [-0.0022781675106978367, -5.729970390071465e-05, 0.008747757606939549], "feedforward_acceleration_ned_m_s2": [3.221753209013799e-07, -8.257395770096334e-07, -1.5798219420593078e-06], "inertia_diag_kg_m2": [0.4014798572790583, 0.3985472052824991, 0.40798574730436504], "mass_kg": 7.735, "reaction_force_body_n": [6.855990802862337e-06, 4.826406498530656e-08, -1.2219850927927658e-05], "reaction_torque_body_nm": [1.7208786523701957e-05, 0.00196343640586009, 1.7409852548195667e-05]}
[gazebo_direct_motor_model-5] [INFO] [1786172333.852316993] [my_drone_gazebo_direct_motor_model]: MOTOR_DYNAMIC_STATE sim_s=90.024 cmd_min=0.0000 cmd_mean=0.0000 cmd_max=0.0000 filtered_mean=0.0291 filtered_max=0.0672 esc_throttle_mean=0.0997 total_thrust_n=3.1144 body_up_force_n=2.6971 saturated_motors=0 voltage_v=14.8000 thrust_scale=1.000000 current_a=0.0000
[arm_coupling_monitor-9] [INFO] [1786172334.141746928] [my_drone_arm_coupling_monitor]: ARM_COUPLING_STATE {"com_body_flu_m": [-0.006278226181356991, -0.0007299553130480957, -0.1957339176222905], "com_shift_m": [-0.0022780383811050716, -5.729879474170995e-05, 0.008747527439126712], "feedforward_acceleration_ned_m_s2": [2.9257587112353772e-08, -7.498790116205995e-08, -1.4347519935098887e-07], "inertia_diag_kg_m2": [0.4014797180420541, 0.39854726100899585, 0.40798594178947295], "mass_kg": 7.735, "reaction_force_body_n": [6.226036993175093e-07, 4.383798645184981e-09, -1.109779276880143e-06], "reaction_torque_body_nm": [1.615405013681542e-06, 0.00018436663893627982, 1.634593755248521e-06]}
[gazebo_direct_motor_model-5] [INFO] [1786172334.855743671] [my_drone_gazebo_direct_motor_model]: MOTOR_DYNAMIC_STATE sim_s=91.024 cmd_min=0.0000 cmd_mean=0.0000 cmd_max=0.0000 filtered_mean=0.0000 filtered_max=0.0000 esc_throttle_mean=0.0000 total_thrust_n=0.0000 body_up_force_n=0.0000 saturated_motors=0 voltage_v=14.8000 thrust_scale=1.000000 current_a=0.0000
[arm_coupling_monitor-9] [INFO] [1786172335.493679442] [my_drone_arm_coupling_monitor]: ARM_COUPLING_STATE {"com_body_flu_m": [-0.006278212639334155, -0.0007299552177002047, -0.19573394176081416], "com_shift_m": [-0.002278024839082236, -5.729869939381891e-05, 0.00874750330060306], "feedforward_acceleration_ned_m_s2": [1.1271419893763493e-09, -2.8888971561356272e-09, -5.527367821034429e-09], "inertia_diag_kg_m2": [0.4014797034402431, 0.3985472668534707, 0.4079859621855881], "mass_kg": 7.735, "reaction_force_body_n": [2.3985617477055548e-08, 1.6889823944022907e-10, -4.2754185323677226e-08], "reaction_torque_body_nm": [1.2257005237993999e-07, 1.4075702178195385e-05, 1.2437542170256922e-07]}
[gazebo_direct_motor_model-5] [INFO] [1786172335.860909922] [my_drone_gazebo_direct_motor_model]: MOTOR_DYNAMIC_STATE sim_s=92.024 cmd_min=0.0000 cmd_mean=0.0000 cmd_max=0.0000 filtered_mean=0.0000 filtered_max=0.0000 esc_throttle_mean=0.0000 total_thrust_n=0.0000 body_up_force_n=0.0000 saturated_motors=0 voltage_v=14.8000 thrust_scale=1.000000 current_a=0.0000
[arm_coupling_monitor-9] [INFO] [1786172336.804122748] [my_drone_arm_coupling_monitor]: ARM_COUPLING_STATE {"com_body_flu_m": [-0.006278210718326282, -0.000729955204174021, -0.1957339451849987], "com_shift_m": [-0.0022780229180743633, -5.729868586763526e-05, 0.008747499876418513], "feedforward_acceleration_ned_m_s2": [1.4505679886975765e-10, -3.717842150351912e-10, -7.113395710760025e-10], "inertia_diag_kg_m2": [0.40147970136890154, 0.39854726768254617, 0.40798596507888757], "mass_kg": 7.735, "reaction_force_body_n": [3.08680964627834e-09, 2.1734790605517713e-11, -5.502210968141121e-09], "reaction_torque_body_nm": [4.736451272606772e-08, 5.463375932188489e-06, 4.81543058172034e-08]}
[gazebo_direct_motor_model-5] [INFO] [1786172336.853990143] [my_drone_gazebo_direct_motor_model]: MOTOR_DYNAMIC_STATE sim_s=93.024 cmd_min=0.0000 cmd_mean=0.0000 cmd_max=0.0000 filtered_mean=0.0000 filtered_max=0.0000 esc_throttle_mean=0.0000 total_thrust_n=0.0000 body_up_force_n=0.0000 saturated_motors=0 voltage_v=14.8000 thrust_scale=1.000000 current_a=0.0000
[gazebo_direct_motor_model-5] [INFO] [1786172337.855620670] [my_drone_gazebo_direct_motor_model]: MOTOR_DYNAMIC_STATE sim_s=94.024 cmd_min=0.0000 cmd_mean=0.0000 cmd_max=0.0000 filtered_mean=0.0000 filtered_max=0.0000 esc_throttle_mean=0.0000 total_thrust_n=0.0000 body_up_force_n=0.0000 saturated_motors=0 voltage_v=14.8000 thrust_scale=1.000000 current_a=0.0000
[arm_coupling_monitor-9] [INFO] [1786172338.122533908] [my_drone_arm_coupling_monitor]: ARM_COUPLING_STATE {"com_body_flu_m": [-0.006278209718149321, -0.0007299551971317049, -0.19573394696780863], "com_shift_m": [-0.002278021917897402, -5.7298678825319096e-05, 0.008747498093608586], "feedforward_acceleration_ned_m_s2": [7.0716304780675e-11, -1.8124756060315935e-10, -3.4678419582335013e-10], "inertia_diag_kg_m2": [0.40147970029045316, 0.39854726811420665, 0.4079859665852909], "mass_kg": 7.735, "reaction_force_body_n": [1.504842697752949e-09, 1.059558316484573e-11, -2.68237545529981e-09], "reaction_torque_body_nm": [2.9568107695728072e-08, 3.412256987247465e-06, 3.006745439048592e-08]}
[gazebo_direct_motor_model-5] [INFO] [1786172338.852741763] [my_drone_gazebo_direct_motor_model]: MOTOR_DYNAMIC_STATE sim_s=95.024 cmd_min=0.0000 cmd_mean=0.0000 cmd_max=0.0000 filtered_mean=0.0000 filtered_max=0.0000 esc_throttle_mean=0.0000 total_thrust_n=0.0000 body_up_force_n=0.0000 saturated_motors=0 voltage_v=14.8000 thrust_scale=1.000000 current_a=0.0000
[arm_coupling_monitor-9] [INFO] [1786172339.139492525] [my_drone_arm_coupling_monitor]: ARM_COUPLING_STATE {"com_body_flu_m": [-0.0062782092126904485, -0.0007299551935727367, -0.19573394786878648], "com_shift_m": [-0.0022780214124385294, -5.729867526635098e-05, 0.008747497192630738], "feedforward_acceleration_ned_m_s2": [5.01864688068315e-11, -1.2862930203082827e-10, -2.461082487940212e-10], "inertia_diag_kg_m2": [0.4014796997454383, 0.3985472683323547, 0.4079859673465812], "mass_kg": 7.735, "reaction_force_body_n": [1.0679692764309105e-09, 7.52011338022374e-12, -1.9036470919454624e-09], "reaction_torque_body_nm": [2.141989785723779e-08, 2.472010666748412e-06, 2.1781948429246545e-08]}
[gazebo_direct_motor_model-5] [INFO] [1786172339.853560047] [my_drone_gazebo_direct_motor_model]: MOTOR_DYNAMIC_STATE sim_s=96.024 cmd_min=0.0000 cmd_mean=0.0000 cmd_max=0.0000 filtered_mean=0.0000 filtered_max=0.0000 esc_throttle_mean=0.0000 total_thrust_n=0.0000 body_up_force_n=0.0000 saturated_motors=0 voltage_v=14.8000 thrust_scale=1.000000 current_a=0.0000
[arm_coupling_monitor-9] [INFO] [1786172340.143402979] [my_drone_arm_coupling_monitor]: ARM_COUPLING_STATE {"com_body_flu_m": [-0.006278208846000398, -0.0007299551909908474, -0.1957339485224097], "com_shift_m": [-0.0022780210457484787, -5.729867268446163e-05, 0.008747496539007527], "feedforward_acceleration_ned_m_s2": [3.620152865675007e-11, -9.278551480583865e-11, -1.775277940536234e-10], "inertia_diag_kg_m2": [0.4014796993500521, 0.39854726849061256, 0.4079859678988668], "mass_kg": 7.735, "reaction_force_body_n": [7.703694072847766e-10, 5.424560683767932e-12, -1.3731773337370392e-09], "reaction_torque_body_nm": [1.5551779763742618e-08, 1.7948102799215704e-06, 1.5814733057372196e-08]}
[gazebo_direct_motor_model-5] [INFO] [1786172340.858494466] [my_drone_gazebo_direct_motor_model]: MOTOR_DYNAMIC_STATE sim_s=97.024 cmd_min=0.0000 cmd_mean=0.0000 cmd_max=0.0000 filtered_mean=0.0000 filtered_max=0.0000 esc_throttle_mean=0.0000 total_thrust_n=0.0000 body_up_force_n=0.0000 saturated_motors=0 voltage_v=14.8000 thrust_scale=1.000000 current_a=0.0000
[arm_coupling_monitor-9] [INFO] [1786172341.472297297] [my_drone_arm_coupling_monitor]: ARM_COUPLING_STATE {"com_body_flu_m": [-0.006278208508542407, -0.0007299551886147835, -0.19573394912392691], "com_shift_m": [-0.0022780207082904883, -5.729867030839777e-05, 0.008747495937490302], "feedforward_acceleration_ned_m_s2": [2.3728436012379046e-11, -6.081655079806649e-11, -1.163614777225188e-10], "inertia_diag_kg_m2": [0.40147969898618546, 0.3985472686362544, 0.4079859684071247], "mass_kg": 7.735, "reaction_force_body_n": [5.049410891684639e-10, 3.555309187184523e-12, -9.000559297238583e-10], "reaction_torque_body_nm": [1.0156625726774615e-08, 1.1721571276674414e-06, 1.0328337338196244e-08]}
[gazebo_direct_motor_model-5] [INFO] [1786172341.858320157] [my_drone_gazebo_direct_motor_model]: MOTOR_DYNAMIC_STATE sim_s=98.024 cmd_min=0.0000 cmd_mean=0.0000 cmd_max=0.0000 filtered_mean=0.0000 filtered_max=0.0000 esc_throttle_mean=0.0000 total_thrust_n=0.0000 body_up_force_n=0.0000 saturated_motors=0 voltage_v=14.8000 thrust_scale=1.000000 current_a=0.0000
[arm_coupling_monitor-9] [INFO] [1786172342.787798471] [my_drone_arm_coupling_monitor]: ARM_COUPLING_STATE {"com_body_flu_m": [-0.006278208288144815, -0.0007299551870629509, -0.19573394951678463], "com_shift_m": [-0.0022780204878928957, -5.7298668756565105e-05, 0.008747495544632583], "feedforward_acceleration_ned_m_s2": [1.5654249608089768e-11, -4.0122139059105577e-11, -7.676650296664946e-11], "inertia_diag_kg_m2": [0.40147969874854006, 0.3985472687313745, 0.40798596873907367], "mass_kg": 7.735, "reaction_force_body_n": [3.331218499883067e-10, 2.3453034130986345e-12, -5.937888341712606e-10], "reaction_torque_body_nm": [6.633234152478306e-09, 7.655157463233455e-07, 6.7453302456519975e-09]}
[gazebo_direct_motor_model-5] [INFO] [1786172342.852297443] [my_drone_gazebo_direct_motor_model]: MOTOR_DYNAMIC_STATE sim_s=99.024 cmd_min=0.0000 cmd_mean=0.0000 cmd_max=0.0000 filtered_mean=0.0000 filtered_max=0.0000 esc_throttle_mean=0.0000 total_thrust_n=0.0000 body_up_force_n=0.0000 saturated_motors=0 voltage_v=14.8000 thrust_scale=1.000000 current_a=0.0000
[arm_coupling_monitor-9] [INFO] [1786172343.800515300] [my_drone_arm_coupling_monitor]: ARM_COUPLING_STATE {"com_body_flu_m": [-0.006278208174559153, -0.0007299551862631884, -0.19573394971925057], "com_shift_m": [-0.002278020374307234, -5.7298667956802614e-05, 0.00874749534216665], "feedforward_acceleration_ned_m_s2": [1.127874876683338e-11, -2.8907505244511133e-11, -5.530919005240506e-11], "inertia_diag_kg_m2": [0.40147969862606575, 0.39854726878039637, 0.4079859689101493], "mass_kg": 7.735, "reaction_force_body_n": [2.400103338525508e-10, 1.689363832550996e-12, -4.2781653730445245e-10], "reaction_torque_body_nm": [4.8177012437482024e-09, 5.560008930578835e-07, 4.899157937545893e-09]}
[gazebo_direct_motor_model-5] [INFO] [1786172343.854413075] [my_drone_gazebo_direct_motor_model]: MOTOR_DYNAMIC_STATE sim_s=100.024 cmd_min=0.0000 cmd_mean=0.0000 cmd_max=0.0000 filtered_mean=0.0000 filtered_max=0.0000 esc_throttle_mean=0.0000 total_thrust_n=0.0000 body_up_force_n=0.0000 saturated_motors=0 voltage_v=14.8000 thrust_scale=1.000000 current_a=0.0000
[arm_coupling_monitor-9] [INFO] [1786172344.815146382] [my_drone_arm_coupling_monitor]: ARM_COUPLING_STATE {"com_body_flu_m": [-0.006278208092063382, -0.0007299551856823272, -0.1957339498662989], "com_shift_m": [-0.0022780202918114625, -5.729866737594141e-05, 0.008747495195118304], "feedforward_acceleration_ned_m_s2": [8.211140697548183e-12, -2.104545156209398e-11, -4.026646826931272e-11], "inertia_diag_kg_m2": [0.40147969853711385, 0.3985472688160004, 0.40798596903439943], "mass_kg": 7.735, "reaction_force_body_n": [1.747337893763963e-10, 1.2305910083149408e-12, -3.1146109729922104e-10], "reaction_torque_body_nm": [3.498871280497069e-09, 4.0378962086447536e-07, 3.557990929923095e-09]}
[gazebo_direct_motor_model-5] [INFO] [1786172344.853782981] [my_drone_gazebo_direct_motor_model]: MOTOR_DYNAMIC_STATE sim_s=101.024 cmd_min=0.0000 cmd_mean=0.0000 cmd_max=0.0000 filtered_mean=0.0000 filtered_max=0.0000 esc_throttle_mean=0.0000 total_thrust_n=0.0000 body_up_force_n=0.0000 saturated_motors=0 voltage_v=14.8000 thrust_scale=1.000000 current_a=0.0000
[gazebo_direct_motor_model-5] [INFO] [1786172345.861250676] [my_drone_gazebo_direct_motor_model]: MOTOR_DYNAMIC_STATE sim_s=102.024 cmd_min=0.0000 cmd_mean=0.0000 cmd_max=0.0000 filtered_mean=0.0000 filtered_max=0.0000 esc_throttle_mean=0.0000 total_thrust_n=0.0000 body_up_force_n=0.0000 saturated_motors=0 voltage_v=14.8000 thrust_scale=1.000000 current_a=0.0000
[arm_coupling_monitor-9] [INFO] [1786172346.141502676] [my_drone_arm_coupling_monitor]: ARM_COUPLING_STATE {"com_body_flu_m": [-0.006278208015949718, -0.0007299551851464059, -0.1957339500019712], "com_shift_m": [-0.0022780202156977986, -5.7298666840020166e-05, 0.008747495059446025], "feedforward_acceleration_ned_m_s2": [5.128458996845013e-12, -1.3144406134032603e-11, -2.5149090044758226e-11], "inertia_diag_kg_m2": [0.40147969845504383, 0.3985472688488497, 0.40798596914903684], "mass_kg": 7.735, "reaction_force_body_n": [1.0913390785781138e-10, 7.685359502429962e-13, -1.9452818978362413e-10], "reaction_torque_body_nm": [2.2830867944129637e-09, 2.63499693087957e-07, 2.3217373482121544e-09]}
[gazebo_direct_motor_model-5] [INFO] [1786172346.851108665] [my_drone_gazebo_direct_motor_model]: MOTOR_DYNAMIC_STATE sim_s=103.024 cmd_min=0.0000 cmd_mean=0.0000 cmd_max=0.0000 filtered_mean=0.0000 filtered_max=0.0000 esc_throttle_mean=0.0000 total_thrust_n=0.0000 body_up_force_n=0.0000 saturated_motors=0 voltage_v=14.8000 thrust_scale=1.000000 current_a=0.0000
[arm_coupling_monitor-9] [INFO] [1786172347.459192054] [my_drone_arm_coupling_monitor]: ARM_COUPLING_STATE {"com_body_flu_m": [-0.0062782079664208705, -0.0007299551847976725, -0.19573395009025613], "com_shift_m": [-0.0022780201661689514, -5.7298666491286754e-05, 0.00874749497116109], "feedforward_acceleration_ned_m_s2": [3.3694862480650503e-12, -8.636338679870437e-12, -1.6524798905721753e-11], "inertia_diag_kg_m2": [0.40147969840163905, 0.3985472688702258, 0.40798596922363395], "mass_kg": 7.735, "reaction_force_body_n": [7.170456451545586e-11, 5.056184323712333e-13, -1.278193052698685e-10], "reaction_torque_body_nm": [1.4910637506355563e-09, 1.7208423738302608e-07, 1.5162757663517884e-09]}
[gazebo_direct_motor_model-5] [INFO] [1786172347.854532911] [my_drone_gazebo_direct_motor_model]: MOTOR_DYNAMIC_STATE sim_s=104.024 cmd_min=0.0000 cmd_mean=0.0000 cmd_max=0.0000 filtered_mean=0.0000 filtered_max=0.0000 esc_throttle_mean=0.0000 total_thrust_n=0.0000 body_up_force_n=0.0000 saturated_motors=0 voltage_v=14.8000 thrust_scale=1.000000 current_a=0.0000
[arm_coupling_monitor-9] [INFO] [1786172348.462593294] [my_drone_arm_coupling_monitor]: ARM_COUPLING_STATE {"com_body_flu_m": [-0.006278207940895053, -0.0007299551846179412, -0.19573395013575579], "com_shift_m": [-0.002278020140643134, -5.7298666311555416e-05, 0.008747494925661431], "feedforward_acceleration_ned_m_s2": [2.4662143125671663e-12, -6.320920307392404e-12, -1.2093372738238295e-11], "inertia_diag_kg_m2": [0.4014796983741155, 0.39854726888124226, 0.4079859692620795], "mass_kg": 7.735, "reaction_force_body_n": [5.2480705936171044e-11, 3.6938888091785827e-13, -9.354222768905217e-11], "reaction_torque_body_nm": [1.0828532229314718e-09, 1.2497523037927404e-07, 1.101181247528353e-09]}
[gazebo_direct_motor_model-5] [INFO] [1786172348.853194960] [my_drone_gazebo_direct_motor_model]: MOTOR_DYNAMIC_STATE sim_s=105.024 cmd_min=0.0000 cmd_mean=0.0000 cmd_max=0.0000 filtered_mean=0.0000 filtered_max=0.0000 esc_throttle_mean=0.0000 total_thrust_n=0.0000 body_up_force_n=0.0000 saturated_motors=0 voltage_v=14.8000 thrust_scale=1.000000 current_a=0.0000
[arm_coupling_monitor-9] [INFO] [1786172349.787705940] [my_drone_arm_coupling_monitor]: ARM_COUPLING_STATE {"com_body_flu_m": [-0.006278207917401201, -0.0007299551844525201, -0.19573395017763348], "com_shift_m": [-0.002278020117149282, -5.7298666146134354e-05, 0.008747494883783735], "feedforward_acceleration_ned_m_s2": [1.5976090843437179e-12, -4.094756245720249e-12, -7.834216537203695e-12], "inertia_diag_kg_m2": [0.4014796983487831, 0.398547268891382, 0.4079859692974645], "mass_kg": 7.735, "reaction_force_body_n": [3.399744869998621e-11, 2.3950617494292895e-13, -6.059765815135536e-11], "reaction_torque_body_nm": [7.072425876306195e-10, 8.162554269047971e-08, 7.192138875987006e-10]}
[gazebo_direct_motor_model-5] [INFO] [1786172349.861940579] [my_drone_gazebo_direct_motor_model]: MOTOR_DYNAMIC_STATE sim_s=106.024 cmd_min=0.0000 cmd_mean=0.0000 cmd_max=0.0000 filtered_mean=0.0000 filtered_max=0.0000 esc_throttle_mean=0.0000 total_thrust_n=0.0000 body_up_force_n=0.0000 saturated_motors=0 voltage_v=14.8000 thrust_scale=1.000000 current_a=0.0000
[arm_coupling_monitor-9] [INFO] [1786172350.798851740] [my_drone_arm_coupling_monitor]: ARM_COUPLING_STATE {"com_body_flu_m": [-0.006278207905292963, -0.0007299551843672655, -0.19573395019921636], "com_shift_m": [-0.002278020105041044, -5.729866606087974e-05, 0.00874749486220086], "feedforward_acceleration_ned_m_s2": [1.1669664004935218e-12, -2.9908729157306878e-12, -5.722300476650426e-12], "inertia_diag_kg_m2": [0.4014796983357274, 0.39854726889660763, 0.4079859693157009], "mass_kg": 7.735, "reaction_force_body_n": [2.4832397067538454e-11, 1.7459289273279334e-13, -4.4261989246401196e-11], "reaction_torque_body_nm": [5.131286960970599e-10, 5.9221159647744014e-08, 5.218176847666282e-10]}
[gazebo_direct_motor_model-5] [INFO] [1786172350.857618122] [my_drone_gazebo_direct_motor_model]: MOTOR_DYNAMIC_STATE sim_s=107.024 cmd_min=0.0000 cmd_mean=0.0000 cmd_max=0.0000 filtered_mean=0.0000 filtered_max=0.0000 esc_throttle_mean=0.0000 total_thrust_n=0.0000 body_up_force_n=0.0000 saturated_motors=0 voltage_v=14.8000 thrust_scale=1.000000 current_a=0.0000
[gazebo_direct_motor_model-5] [INFO] [1786172351.854369820] [my_drone_gazebo_direct_motor_model]: MOTOR_DYNAMIC_STATE sim_s=108.024 cmd_min=0.0000 cmd_mean=0.0000 cmd_max=0.0000 filtered_mean=0.0000 filtered_max=0.0000 esc_throttle_mean=0.0000 total_thrust_n=0.0000 body_up_force_n=0.0000 saturated_motors=0 voltage_v=14.8000 thrust_scale=1.000000 current_a=0.0000
[arm_coupling_monitor-9] [INFO] [1786172352.122583291] [my_drone_arm_coupling_monitor]: ARM_COUPLING_STATE {"com_body_flu_m": [-0.00627820789412174, -0.0007299551842886062, -0.19573395021912904], "com_shift_m": [-0.002278020093869821, -5.729866598222044e-05, 0.008747494842288178], "feedforward_acceleration_ned_m_s2": [7.355307483247383e-13, -1.8852012361249613e-12, -3.607002846798109e-12], "inertia_diag_kg_m2": [0.4014796983236821, 0.3985472689014289, 0.40798596933252645], "mass_kg": 7.735, "reaction_force_body_n": [1.5652224787836636e-11, 1.10259301760099e-13, -2.7900163905916832e-11], "reaction_torque_body_nm": [3.350649194549383e-10, 3.867416849205926e-08, 3.407493932732052e-10]}
[gazebo_direct_motor_model-5] [INFO] [1786172352.851863358] [my_drone_gazebo_direct_motor_model]: MOTOR_DYNAMIC_STATE sim_s=109.024 cmd_min=0.0000 cmd_mean=0.0000 cmd_max=0.0000 filtered_mean=0.0000 filtered_max=0.0000 esc_throttle_mean=0.0000 total_thrust_n=0.0000 body_up_force_n=0.0000 saturated_motors=0 voltage_v=14.8000 thrust_scale=1.000000 current_a=0.0000
[arm_coupling_monitor-9] [INFO] [1786172353.139719967] [my_drone_arm_coupling_monitor]: ARM_COUPLING_STATE {"com_body_flu_m": [-0.006278207888386115, -0.0007299551842482234, -0.19573395022935272], "com_shift_m": [-0.0022780200881341956, -5.7298665941837596e-05, 0.008747494832064495], "feedforward_acceleration_ned_m_s2": [5.197650991473706e-13, -1.3319392026481824e-12, -2.548935074595901e-12], "inertia_diag_kg_m2": [0.40147969831749747, 0.39854726890390435, 0.40798596934116504], "mass_kg": 7.735, "reaction_force_body_n": [1.1058939153094788e-11, 7.721632363639383e-14, -1.9716010601793856e-11], "reaction_torque_body_nm": [2.4335567160027847e-10, 2.8090380477605236e-08, 2.4750362856162593e-10]}
[gazebo_direct_motor_model-5] [INFO] [1786172353.862446114] [my_drone_gazebo_direct_motor_model]: MOTOR_DYNAMIC_STATE sim_s=110.024 cmd_min=0.0000 cmd_mean=0.0000 cmd_max=0.0000 filtered_mean=0.0000 filtered_max=0.0000 esc_throttle_mean=0.0000 total_thrust_n=0.0000 body_up_force_n=0.0000 saturated_motors=0 voltage_v=14.8000 thrust_scale=1.000000 current_a=0.0000
[arm_coupling_monitor-9] [INFO] [1786172354.477189087] [my_drone_arm_coupling_monitor]: ARM_COUPLING_STATE {"com_body_flu_m": [-0.006278207883106516, -0.0007299551842110484, -0.19573395023876358], "com_shift_m": [-0.002278020082854597, -5.729866590466269e-05, 0.008747494822653634], "feedforward_acceleration_ned_m_s2": [3.904657554361899e-13, -1.0009993002860763e-12, -1.9152219478981796e-12], "inertia_diag_kg_m2": [0.4014796983118046, 0.398547268906183, 0.40798596934911685], "mass_kg": 7.735, "reaction_force_body_n": [8.310736270337783e-12, 5.915218669052389e-14, -1.4814240113532287e-11], "reaction_torque_body_nm": [1.585991184669387e-10, 1.82985792863886e-08, 1.6124964618854688e-10]}
[gazebo_direct_motor_model-5] [INFO] [1786172354.851541831] [my_drone_gazebo_direct_motor_model]: MOTOR_DYNAMIC_STATE sim_s=111.024 cmd_min=0.0000 cmd_mean=0.0000 cmd_max=0.0000 filtered_mean=0.0000 filtered_max=0.0000 esc_throttle_mean=0.0000 total_thrust_n=0.0000 body_up_force_n=0.0000 saturated_motors=0 voltage_v=14.8000 thrust_scale=1.000000 current_a=0.0000
[arm_coupling_monitor-9] [INFO] [1786172355.794338402] [my_drone_arm_coupling_monitor]: ARM_COUPLING_STATE {"com_body_flu_m": [-0.006278207879658864, -0.0007299551841867735, -0.195733950244909], "com_shift_m": [-0.002278020079406945, -5.729866588038773e-05, 0.008747494816508217], "feedforward_acceleration_ned_m_s2": [2.1341956348647292e-13, -5.468147203466749e-13, -1.04581579827248e-12], "inertia_diag_kg_m2": [0.40147969830808716, 0.39854726890767095, 0.4079859693543094], "mass_kg": 7.735, "reaction_force_body_n": [4.540240501418247e-12, 3.1448590571857913e-14, -8.08938429634849e-12], "reaction_torque_body_nm": [1.0344333163845165e-10, 1.1944522282285709e-08, 1.0522524001689977e-10]}
[gazebo_direct_motor_model-5] [INFO] [1786172355.852369393] [my_drone_gazebo_direct_motor_model]: MOTOR_DYNAMIC_STATE sim_s=112.024 cmd_min=0.0000 cmd_mean=0.0000 cmd_max=0.0000 filtered_mean=0.0000 filtered_max=0.0000 esc_throttle_mean=0.0000 total_thrust_n=0.0000 body_up_force_n=0.0000 saturated_motors=0 voltage_v=14.8000 thrust_scale=1.000000 current_a=0.0000
[arm_coupling_monitor-9] [INFO] [1786172356.799205193] [my_drone_arm_coupling_monitor]: ARM_COUPLING_STATE {"com_body_flu_m": [-0.006278207877882579, -0.0007299551841742683, -0.19573395024807522], "com_shift_m": [-0.00227802007763066, -5.729866586788254e-05, 0.008747494813342], "feedforward_acceleration_ned_m_s2": [1.740588554459264e-13, -4.45954020511685e-13, -8.533472330721308e-13], "inertia_diag_kg_m2": [0.401479698306172, 0.3985472689084376, 0.4079859693569848], "mass_kg": 7.735, "reaction_force_body_n": [3.702800901053331e-12, 2.5613268317300022e-14, -6.60064011113445e-12], "reaction_torque_body_nm": [7.525928395054545e-11, 8.689115928266958e-09, 7.655161490589861e-11]}
[gazebo_direct_motor_model-5] [INFO] [1786172356.859824208] [my_drone_gazebo_direct_motor_model]: MOTOR_DYNAMIC_STATE sim_s=113.024 cmd_min=0.0000 cmd_mean=0.0000 cmd_max=0.0000 filtered_mean=0.0000 filtered_max=0.0000 esc_throttle_mean=0.0000 total_thrust_n=0.0000 body_up_force_n=0.0000 saturated_motors=0 voltage_v=14.8000 thrust_scale=1.000000 current_a=0.0000
[arm_coupling_monitor-9] [INFO] [1786172357.813249893] [my_drone_arm_coupling_monitor]: ARM_COUPLING_STATE {"com_body_flu_m": [-0.006278207876588682, -0.0007299551841651575, -0.19573395025038162], "com_shift_m": [-0.002278020076336763, -5.729866585877177e-05, 0.008747494811035594], "feedforward_acceleration_ned_m_s2": [2.2418569245284326e-13, -5.745986354043674e-13, -1.0994141167163139e-12], "inertia_diag_kg_m2": [0.4014796983047767, 0.398547268908996, 0.4079859693589337], "mass_kg": 7.735, "reaction_force_body_n": [4.770709538987639e-12, 3.36057222237139e-14, -8.50396724365084e-12], "reaction_torque_body_nm": [5.415480504039566e-11, 6.242645014820135e-09, 5.5041309763135e-11]}
[gazebo_direct_motor_model-5] [INFO] [1786172357.855942881] [my_drone_gazebo_direct_motor_model]: MOTOR_DYNAMIC_STATE sim_s=114.024 cmd_min=0.0000 cmd_mean=0.0000 cmd_max=0.0000 filtered_mean=0.0000 filtered_max=0.0000 esc_throttle_mean=0.0000 total_thrust_n=0.0000 body_up_force_n=0.0000 saturated_motors=0 voltage_v=14.8000 thrust_scale=1.000000 current_a=0.0000
[gazebo_direct_motor_model-5] [INFO] [1786172358.855684151] [my_drone_gazebo_direct_motor_model]: MOTOR_DYNAMIC_STATE sim_s=115.024 cmd_min=0.0000 cmd_mean=0.0000 cmd_max=0.0000 filtered_mean=0.0000 filtered_max=0.0000 esc_throttle_mean=0.0000 total_thrust_n=0.0000 body_up_force_n=0.0000 saturated_motors=0 voltage_v=14.8000 thrust_scale=1.000000 current_a=0.0000
[arm_coupling_monitor-9] [INFO] [1786172359.131410073] [my_drone_arm_coupling_monitor]: ARM_COUPLING_STATE {"com_body_flu_m": [-0.006278207875402038, -0.0007299551841568004, -0.1957339502524968], "com_shift_m": [-0.002278020075150119, -5.729866585041463e-05, 0.008747494808920425], "feedforward_acceleration_ned_m_s2": [7.891964648772279e-14, -2.0231989401641525e-13, -3.876717706560269e-13], "inertia_diag_kg_m2": [0.4014796983034972, 0.3985472689095081, 0.40798596936072085], "mass_kg": 7.735, "reaction_force_body_n": [1.6797473383338201e-12, 1.1959157971159348e-14, -2.9986408118306706e-12], "reaction_torque_body_nm": [3.590168409247294e-11, 4.141766107653615e-09, 3.6504623095733796e-11]}
[gazebo_direct_motor_model-5] [INFO] [1786172359.852347978] [my_drone_gazebo_direct_motor_model]: MOTOR_DYNAMIC_STATE sim_s=116.024 cmd_min=0.0000 cmd_mean=0.0000 cmd_max=0.0000 filtered_mean=0.0000 filtered_max=0.0000 esc_throttle_mean=0.0000 total_thrust_n=0.0000 body_up_force_n=0.0000 saturated_motors=0 voltage_v=14.8000 thrust_scale=1.000000 current_a=0.0000
[arm_coupling_monitor-9] [INFO] [1786172360.123968123] [my_drone_arm_coupling_monitor]: ARM_COUPLING_STATE {"com_body_flu_m": [-0.006278207874787171, -0.0007299551841524729, -0.1957339502535928], "com_shift_m": [-0.0022780200745352516, -5.729866584608715e-05, 0.008747494807824413], "feedforward_acceleration_ned_m_s2": [2.684906797799514e-13, -6.881669495801814e-13, -1.3165521243097389e-12], "inertia_diag_kg_m2": [0.4014796983028343, 0.39854726890977354, 0.40798596936164716], "mass_kg": 7.735, "reaction_force_body_n": [5.713617118816774e-12, 4.028291923740476e-14, -1.0183529544790592e-11], "reaction_torque_body_nm": [2.5584577225708624e-11, 2.9329613198304096e-09, 2.5940822483716813e-11]}
[gazebo_direct_motor_model-5] [INFO] [1786172360.853224222] [my_drone_gazebo_direct_motor_model]: MOTOR_DYNAMIC_STATE sim_s=117.024 cmd_min=0.0000 cmd_mean=0.0000 cmd_max=0.0000 filtered_mean=0.0000 filtered_max=0.0000 esc_throttle_mean=0.0000 total_thrust_n=0.0000 body_up_force_n=0.0000 saturated_motors=0 voltage_v=14.8000 thrust_scale=1.000000 current_a=0.0000
[arm_coupling_monitor-9] [INFO] [1786172361.124532317] [my_drone_arm_coupling_monitor]: ARM_COUPLING_STATE {"com_body_flu_m": [-0.006278207874340297, -0.0007299551841493259, -0.19573395025438933], "com_shift_m": [-0.002278020074088378, -5.7298665842940143e-05, 0.008747494807027884], "feedforward_acceleration_ned_m_s2": [9.981491120171984e-16, -2.4551645727152934e-15, -4.191169864522682e-15], "inertia_diag_kg_m2": [0.4014796983023525, 0.39854726890996633, 0.4079859693623201], "mass_kg": 7.735, "reaction_force_body_n": [2.0499625177130596e-14, -1.455782039699853e-16, -3.241869482798792e-14], "reaction_torque_body_nm": [1.9917975539397674e-11, 2.3058083566482973e-09, 2.0285009031998703e-11]}
[gazebo_direct_motor_model-5] [INFO] [1786172361.855881222] [my_drone_gazebo_direct_motor_model]: MOTOR_DYNAMIC_STATE sim_s=118.024 cmd_min=0.0000 cmd_mean=0.0000 cmd_max=0.0000 filtered_mean=0.0000 filtered_max=0.0000 esc_throttle_mean=0.0000 total_thrust_n=0.0000 body_up_force_n=0.0000 saturated_motors=0 voltage_v=14.8000 thrust_scale=1.000000 current_a=0.0000
[arm_coupling_monitor-9] [INFO] [1786172362.135441594] [my_drone_arm_coupling_monitor]: ARM_COUPLING_STATE {"com_body_flu_m": [-0.006278207873940448, -0.000729955184146509, -0.19573395025510204], "com_shift_m": [-0.0022780200736885288, -5.729866584012328e-05, 0.008747494806315176], "feedforward_acceleration_ned_m_s2": [-4.538282412991486e-17, 2.2797931898038356e-16, 1.417172222195861e-16], "inertia_diag_kg_m2": [0.4014796983019213, 0.39854726891013886, 0.40798596936292236], "mass_kg": 7.735, "reaction_force_body_n": [-1.7681468772996523e-15, -3.26395445938228e-16, 1.0961823573481072e-15], "reaction_torque_body_nm": [1.9898091781030277e-11, 2.3040685609153797e-09, 2.026609917826579e-11]}
[gazebo_direct_motor_model-5] [INFO] [1786172365.301986782] [my_drone_gazebo_direct_motor_model]: MOTOR_DYNAMIC_STATE sim_s=119.024 cmd_min=0.0000 cmd_mean=0.0000 cmd_max=0.0000 filtered_mean=0.0000 filtered_max=0.0000 esc_throttle_mean=0.0000 total_thrust_n=0.0000 body_up_force_n=0.0000 saturated_motors=0 voltage_v=14.8000 thrust_scale=1.000000 current_a=0.0000
[arm_coupling_monitor-9] [INFO] [1786172365.794288147] [my_drone_arm_coupling_monitor]: ARM_COUPLING_STATE {"com_body_flu_m": [-0.006278207873454745, -0.0007299551841430895, -0.19573395025596785], "com_shift_m": [-0.002278020073202826, -5.7298665836703704e-05, 0.008747494805449368], "feedforward_acceleration_ned_m_s2": [2.4864559404867196e-17, -1.3398615504572105e-17, 5.630458496371666e-16], "inertia_diag_kg_m2": [0.40147969830139757, 0.3985472689103486, 0.4079859693636538], "mass_kg": 7.735, "reaction_force_body_n": [1.6744778827054742e-16, -1.4032703973442563e-16, 4.35515967812087e-15], "reaction_torque_body_nm": [1.9928382097033306e-11, 2.301288545558746e-09, 2.0272895709990768e-11]}
[gazebo_direct_motor_model-5] [INFO] [1786172366.301814135] [my_drone_gazebo_direct_motor_model]: MOTOR_DYNAMIC_STATE sim_s=120.024 cmd_min=0.0000 cmd_mean=0.0000 cmd_max=0.0000 filtered_mean=0.0000 filtered_max=0.0000 esc_throttle_mean=0.0000 total_thrust_n=0.0000 body_up_force_n=0.0000 saturated_motors=0 voltage_v=14.8000 thrust_scale=1.000000 current_a=0.0000
[arm_coupling_monitor-9] [INFO] [1786172367.125367874] [my_drone_arm_coupling_monitor]: ARM_COUPLING_STATE {"com_body_flu_m": [-0.006278207872921795, -0.0007299551841393396, -0.1957339502569178], "com_shift_m": [-0.0022780200726698757, -5.729866583295388e-05, 0.008747494804499406], "feedforward_acceleration_ned_m_s2": [1.9006252317572732e-16, -5.815935163791215e-16, -7.661109049232342e-16], "inertia_diag_kg_m2": [0.4014796983008229, 0.3985472689105787, 0.40798596936445647], "mass_kg": 7.735, "reaction_force_body_n": [4.723307799127179e-15, 2.988344051508035e-16, -5.9258669058515114e-15], "reaction_torque_body_nm": [1.9899843057753848e-11, 2.298211113778404e-09, 2.0238170828658283e-11]}
[gazebo_direct_motor_model-5] [INFO] [1786172367.302112251] [my_drone_gazebo_direct_motor_model]: MOTOR_DYNAMIC_STATE sim_s=121.024 cmd_min=0.0000 cmd_mean=0.0000 cmd_max=0.0000 filtered_mean=0.0000 filtered_max=0.0000 esc_throttle_mean=0.0000 total_thrust_n=0.0000 body_up_force_n=0.0000 saturated_motors=0 voltage_v=14.8000 thrust_scale=1.000000 current_a=0.0000
