[INFO] [launch]: All log files can be found below /home/asus/.ros/log/2026-08-13-00-58-30-599091-LAPTOP-FHNQ6FG2-35704
[INFO] [launch]: Default logging verbosity is set to INFO
[INFO] [gazebo-1]: process started with pid [35746]
[INFO] [parameter_bridge-2]: process started with pid [35747]
[INFO] [robot_state_publisher-3]: process started with pid [35748]
[INFO] [gazebo_sensor_delay-4]: process started with pid [35749]
[robot_state_publisher-3] [WARN] [1786553916.788049961] [kdl_parser]: The root link base_link has an inertia specified in the URDF, but KDL does not support a root link with an inertia.  As a workaround, you can add an extra dummy link to your URDF.
[robot_state_publisher-3] [INFO] [1786553916.788235690] [robot_state_publisher]: Robot initialized
[parameter_bridge-2] [INFO] [1786553916.799231823] [ros_gz_bridge]: Creating GZ->ROS Bridge: [/model/my_drone/odometry (gz.msgs.Odometry) -> /model/my_drone/odometry (nav_msgs/msg/Odometry)] (Lazy 0)
[parameter_bridge-2] [INFO] [1786553916.801773357] [ros_gz_bridge]: Creating ROS->GZ Bridge: [/world/flight_world/wrench (ros_gz_interfaces/msg/EntityWrench) -> /world/flight_world/wrench (gz.msgs.EntityWrench)] (Lazy 0)
[parameter_bridge-2] [INFO] [1786553916.803553460] [ros_gz_bridge]: Creating ROS->GZ Bridge: [/world/flight_world/wrench/latest (ros_gz_interfaces/msg/EntityWrench) -> /world/flight_world/wrench/latest (gz.msgs.EntityWrench)] (Lazy 0)
[parameter_bridge-2] [INFO] [1786553916.803989966] [ros_gz_bridge]: Creating ROS->GZ Bridge: [/world/flight_world/wrench/persistent (ros_gz_interfaces/msg/EntityWrench) -> /world/flight_world/wrench/persistent (gz.msgs.EntityWrench)] (Lazy 0)
[parameter_bridge-2] [INFO] [1786553916.804414796] [ros_gz_bridge]: Creating ROS->GZ Bridge: [/world/flight_world/wrench/clear (ros_gz_interfaces/msg/Entity) -> /world/flight_world/wrench/clear (gz.msgs.Entity)] (Lazy 0)
[parameter_bridge-2] [INFO] [1786553916.804947922] [ros_gz_bridge]: Creating GZ->ROS Bridge: [/my_drone/command/motor_speed (gz.msgs.Actuators) -> /my_drone/command/motor_speed (actuator_msgs/msg/Actuators)] (Lazy 0)
[parameter_bridge-2] [INFO] [1786553916.805851374] [ros_gz_bridge]: Creating GZ->ROS Bridge: [/world/flight_world/model/my_drone/joint_state (gz.msgs.Model) -> /world/flight_world/model/my_drone/joint_state (sensor_msgs/msg/JointState)] (Lazy 0)
[parameter_bridge-2] [INFO] [1786553916.807144514] [ros_gz_bridge]: Creating ROS->GZ Bridge: [/world/flight_world/model/my_drone/joint_state (sensor_msgs/msg/JointState) -> /world/flight_world/model/my_drone/joint_state (gz.msgs.Model)] (Lazy 0)
[parameter_bridge-2] [INFO] [1786553916.807753980] [ros_gz_bridge]: Creating GZ->ROS Bridge: [/clock (gz.msgs.Clock) -> /clock (rosgraph_msgs/msg/Clock)] (Lazy 0)
[INFO] [gazebo_direct_motor_model-5]: process started with pid [35786]
[gazebo-1] [1;32m[Msg] [0m[1;32mGazebo Sim Server v[0m[1;32m8.11.0[0m[1;32m[0m
[gazebo-1] [1;32m[Msg] [0m[1;32mSetting seed value: [0m[1;32m4027[0m[1;32m[0m
[gazebo-1] [1;32m[Msg] [0m[1;32mLoading SDF world file[[0m[1;32m/mnt/e/清洁无人机/drone_sim_ws/src/drone_arm_sim/worlds/flight_world_debug_4kg.sdf[0m[1;32m].[0m
[gazebo-1] [1;32m[Msg] [0m[1;32mServing entity system service on [[0m[1;32m/[0m[1;32mentity/system/add[0m[1;32m][0m[1;32m[0m
[gazebo-1] [1;32m[Msg] [0m[1;32mCreate[0m[1;32m service on [[0m[1;32m/world/flight_world/create_multiple[0m[1;32m] (async)[0m[1;32m[0m
[gazebo-1] [1;32m[Msg] [0m[1;32mCreate[0m[1;32m service on [[0m[1;32m/world/flight_world/create_multiple/blocking[0m[1;32m] (blocking)[0m[1;32m[0m
[gazebo-1] [1;32m[Msg] [0m[1;32mRemove[0m[1;32m service on [[0m[1;32m/world/flight_world/remove[0m[1;32m] (async)[0m[1;32m[0m
[gazebo-1] [1;32m[Msg] [0m[1;32mRemove[0m[1;32m service on [[0m[1;32m/world/flight_world/remove/blocking[0m[1;32m] (blocking)[0m[1;32m[0m
[gazebo-1] [1;32m[Msg] [0m[1;32mPose[0m[1;32m service on [[0m[1;32m/world/flight_world/set_pose[0m[1;32m] (async)[0m[1;32m[0m
[gazebo-1] [1;32m[Msg] [0m[1;32mPose[0m[1;32m service on [[0m[1;32m/world/flight_world/set_pose/blocking[0m[1;32m] (blocking)[0m[1;32m[0m
[gazebo-1] [1;32m[Msg] [0m[1;32mPose[0m[1;32m service on [[0m[1;32m/world/flight_world/set_pose_vector[0m[1;32m] (async)[0m[1;32m[0m
[gazebo-1] [1;32m[Msg] [0m[1;32mPose[0m[1;32m service on [[0m[1;32m/world/flight_world/set_pose_vector/blocking[0m[1;32m] (blocking)[0m[1;32m[0m
[gazebo-1] [1;32m[Msg] [0m[1;32mLight configuration[0m[1;32m service on [[0m[1;32m/world/flight_world/light_config[0m[1;32m] (async)[0m[1;32m[0m
[gazebo-1] [1;32m[Msg] [0m[1;32mLight configuration[0m[1;32m service on [[0m[1;32m/world/flight_world/light_config/blocking[0m[1;32m] (blocking)[0m[1;32m[0m
[gazebo-1] [1;32m[Msg] [0m[1;32mPhysics[0m[1;32m service on [[0m[1;32m/world/flight_world/set_physics[0m[1;32m] (async)[0m[1;32m[0m
[gazebo-1] [1;32m[Msg] [0m[1;32mPhysics[0m[1;32m service on [[0m[1;32m/world/flight_world/set_physics/blocking[0m[1;32m] (blocking)[0m[1;32m[0m
[gazebo-1] [1;32m[Msg] [0m[1;32mSphericalCoordinates[0m[1;32m service on [[0m[1;32m/world/flight_world/set_spherical_coordinates[0m[1;32m] (async)[0m[1;32m[0m
[gazebo-1] [1;32m[Msg] [0m[1;32mSphericalCoordinates[0m[1;32m service on [[0m[1;32m/world/flight_world/set_spherical_coordinates/blocking[0m[1;32m] (blocking)[0m[1;32m[0m
[gazebo-1] [1;32m[Msg] [0m[1;32mEnable collision[0m[1;32m service on [[0m[1;32m/world/flight_world/enable_collision[0m[1;32m] (async)[0m[1;32m[0m
[gazebo-1] [1;32m[Msg] [0m[1;32mEnable collision[0m[1;32m service on [[0m[1;32m/world/flight_world/enable_collision/blocking[0m[1;32m] (blocking)[0m[1;32m[0m
[gazebo-1] [1;32m[Msg] [0m[1;32mDisable collision[0m[1;32m service on [[0m[1;32m/world/flight_world/disable_collision[0m[1;32m] (async)[0m[1;32m[0m
[gazebo-1] [1;32m[Msg] [0m[1;32mDisable collision[0m[1;32m service on [[0m[1;32m/world/flight_world/disable_collision/blocking[0m[1;32m] (blocking)[0m[1;32m[0m
[gazebo-1] [1;32m[Msg] [0m[1;32mMaterial[0m[1;32m service on [[0m[1;32m/world/flight_world/visual_config[0m[1;32m] (async)[0m[1;32m[0m
[gazebo-1] [1;32m[Msg] [0m[1;32mMaterial[0m[1;32m service on [[0m[1;32m/world/flight_world/visual_config/blocking[0m[1;32m] (blocking)[0m[1;32m[0m
[gazebo-1] [1;32m[Msg] [0m[1;32mMaterial[0m[1;32m service on [[0m[1;32m/world/flight_world/wheel_slip[0m[1;32m] (async)[0m[1;32m[0m
[gazebo-1] [1;32m[Msg] [0m[1;32mMaterial[0m[1;32m service on [[0m[1;32m/world/flight_world/wheel_slip/blocking[0m[1;32m] (blocking)[0m[1;32m[0m
[gazebo-1] [1;32m[Msg] [0m[1;32mListening to instantaneous wrench commands in [[0m[1;32m/world/flight_world/wrench[0m[1;32m][0m[1;32m[0m
[gazebo-1] [1;32m[Msg] [0m[1;32mListening to persistent wrench commands in [[0m[1;32m/world/flight_world/wrench/persistent[0m[1;32m][0m[1;32m[0m
[gazebo-1] [1;32m[Msg] [0m[1;32mListening to wrench clear commands in [[0m[1;32m/world/flight_world/wrench/clear[0m[1;32m][0m[1;32m[0m
[gazebo_sensor_delay-4] [INFO] [1786553918.107447011] [my_drone_gazebo_sensor_delay]: sensor delay imu: 0.0 ms
[gazebo_sensor_delay-4] [INFO] [1786553918.124749567] [my_drone_gazebo_sensor_delay]: sensor delay magnetometer: 0.0 ms
[gazebo_sensor_delay-4] [INFO] [1786553918.140283154] [my_drone_gazebo_sensor_delay]: sensor delay air_pressure: 0.0 ms
[gazebo_sensor_delay-4] [INFO] [1786553918.156973828] [my_drone_gazebo_sensor_delay]: sensor delay navsat: 0.0 ms
[INFO] [create-6]: process started with pid [35817]
[create-6] [INFO] [1786553919.047523295] [ros_gz_sim]: Entity creation successful.
[gazebo_direct_motor_model-5] [INFO] [1786553919.050357015] [my_drone_gazebo_direct_motor_model]: reaction moment trial enabled: Q/T=0.005 m
[gazebo_direct_motor_model-5] [INFO] [1786553919.059127519] [my_drone_gazebo_direct_motor_model]: battery dynamics override: enabled=False R=0.005 ohm capacity=10 Ah
[gazebo-1] [1;32m[Msg] [0m[1;32mHolding latest wrench from [[0m[1;32m/world/flight_world/wrench/latest[0m[1;32m] for every physics step; wall timeout [[0m[1;32m1[0m[1;32m s].[0m[1;32m[0m
[gazebo-1] [1;32m[Msg] [0m[1;32mLoaded level [[0m[1;32mdefault[0m[1;32m][0m[1;32m[0m
[gazebo-1] [1;32m[Msg] [0m[1;32mServing world controls on [[0m[1;32m/world/flight_world[0m[1;32m/control], [[0m[1;32m/world/flight_world[0m[1;32m/control/state] and [[0m[1;32m/world/flight_world[0m[1;32m/playback/control][0m[1;32m[0m
[gazebo-1] [1;32m[Msg] [0m[1;32mServing GUI information on [[0m[1;32m/world/flight_world[0m[1;32m/[0m[1;32mgui/info[0m[1;32m][0m[1;32m[0m
[gazebo-1] [1;32m[Msg] [0m[1;32mWorld [[0m[1;32mflight_world[0m[1;32m] initialized with [[0m[1;32mflight_step[0m[1;32m] physics profile.[0m[1;32m[0m
[gazebo-1] [1;32m[Msg] [0m[1;32mServing world SDF generation service on [[0m[1;32m/world/flight_world[0m[1;32m/[0m[1;32mgenerate_world_sdf[0m[1;32m][0m[1;32m[0m
[gazebo-1] [1;32m[Msg] [0m[1;32mServing world names on [[0m[1;32m/gazebo/worlds[0m[1;32m][0m[1;32m[0m
[gazebo-1] [1;32m[Msg] [0m[1;32mResource path add service on [[0m[1;32m/gazebo/resource_paths/add[0m[1;32m].[0m[1;32m[0m
[gazebo-1] [1;32m[Msg] [0m[1;32mResource path get service on [[0m[1;32m/gazebo/resource_paths/get[0m[1;32m].[0m[1;32m[0m
[gazebo-1] [1;32m[Msg] [0m[1;32mResource path resolve service on [[0m[1;32m/gazebo/resource_paths/resolve[0m[1;32m].[0m[1;32m[0m
[gazebo-1] [1;32m[Msg] [0m[1;32mResource paths published on [[0m[1;32m/gazebo/resource_paths[0m[1;32m].[0m[1;32m[0m
[gazebo-1] [1;32m[Msg] [0m[1;32mServer control service on [[0m[1;32m/server_control[0m[1;32m].[0m[1;32m[0m
[gazebo-1] [1;32m[Msg] [0m[1;32mFound no publishers on /stats, adding root stats topic[0m[1;32m[0m
[gazebo-1] [1;32m[Msg] [0m[1;32mFound no publishers on /clock, adding root clock topic[0m[1;32m[0m
[gazebo-1] [1;33mWarning [Utils.cc:132][0m [/sdf/model[@name="my_drone_v3_cad_debug_4kg"]/link[@name="base_link"]/sensor[@name="air_pressure_sensor"]/gz_frame_id:<urdf-string>:L0]: XML Element[gz_frame_id], child of element[sensor], not defined in SDF. Copying[gz_frame_id] as children of [sensor].
[gazebo-1] [1;33mWarning [Utils.cc:132][0m [/sdf/model[@name="my_drone_v3_cad_debug_4kg"]/link[@name="base_link"]/sensor[@name="magnetometer_sensor"]/gz_frame_id:<urdf-string>:L0]: XML Element[gz_frame_id], child of element[sensor], not defined in SDF. Copying[gz_frame_id] as children of [sensor].
[gazebo-1] [1;33mWarning [Utils.cc:132][0m [/sdf/model[@name="my_drone_v3_cad_debug_4kg"]/link[@name="base_link"]/sensor[@name="imu_sensor"]/gz_frame_id:<urdf-string>:L0]: XML Element[gz_frame_id], child of element[sensor], not defined in SDF. Copying[gz_frame_id] as children of [sensor].
[gazebo-1] [1;33mWarning [Utils.cc:132][0m [/sdf/model[@name="my_drone_v3_cad_debug_4kg"]/link[@name="base_link"]/sensor[@name="navsat_sensor"]/gz_frame_id:<urdf-string>:L0]: XML Element[gz_frame_id], child of element[sensor], not defined in SDF. Copying[gz_frame_id] as children of [sensor].
[INFO] [create-6]: process has finished cleanly [pid 35817]
[gazebo-1] [INFO] [1786553919.544449830] [gz_ros_control]: [gz_ros2_control] Fixed joint ['arm_mount'] (Entity='76') is skipped.
[gazebo-1] [INFO] [1786553919.731509447] [gz_ros_control]: Loading controller_manager
[gazebo-1] [INFO] [1786553920.215660563] [controller_manager]: Using ROS clock for triggering controller manager cycles.
[gazebo-1] [INFO] [1786553920.220093877] [controller_manager]: Subscribing to '/robot_description' topic for robot description.
[gazebo-1] [WARN] [1786553920.224414959] [gz_ros_control]: Waiting RM to load and initialize hardware...
[gazebo-1] [INFO] [1786553920.230860861] [controller_manager]: Received robot description from topic.
[gazebo-1] [INFO] [1786553920.230940613] [controller_manager]: Enforcing command limits is disabled. Command limits from URDF will be ignored.
[gazebo-1] [INFO] [1786553920.354828235] [gz_ros_control]: The position_proportional_gain has been set to: 0.5
[gazebo-1] [INFO] [1786553920.354919508] [gz_ros_control]: Loading joint: shoulder_pan
[gazebo-1] [INFO] [1786553920.354929587] [gz_ros_control]: 	State:
[gazebo-1] [INFO] [1786553920.354934285] [gz_ros_control]: 		 position
[gazebo-1] [INFO] [1786553920.354941330] [gz_ros_control]: 			 found initial value: 0.000000
[gazebo-1] [INFO] [1786553920.354947083] [gz_ros_control]: 		 velocity
[gazebo-1] [INFO] [1786553920.354952812] [gz_ros_control]: 	Command:
[gazebo-1] [INFO] [1786553920.354954836] [gz_ros_control]: 		 position
[gazebo-1] [INFO] [1786553920.354971153] [gz_ros_control]: Loading joint: shoulder_lift
[gazebo-1] [INFO] [1786553920.354973656] [gz_ros_control]: 	State:
[gazebo-1] [INFO] [1786553920.354975771] [gz_ros_control]: 		 position
[gazebo-1] [INFO] [1786553920.354978261] [gz_ros_control]: 			 found initial value: 0.000000
[gazebo-1] [INFO] [1786553920.354980861] [gz_ros_control]: 		 velocity
[gazebo-1] [INFO] [1786553920.354982884] [gz_ros_control]: 	Command:
[gazebo-1] [INFO] [1786553920.354984706] [gz_ros_control]: 		 position
[gazebo-1] [INFO] [1786553920.354990337] [gz_ros_control]: Loading joint: elbow_flex
[gazebo-1] [INFO] [1786553920.354992427] [gz_ros_control]: 	State:
[gazebo-1] [INFO] [1786553920.354994287] [gz_ros_control]: 		 position
[gazebo-1] [INFO] [1786553920.354996533] [gz_ros_control]: 			 found initial value: 0.000000
[gazebo-1] [INFO] [1786553920.354998556] [gz_ros_control]: 		 velocity
[gazebo-1] [INFO] [1786553920.355000549] [gz_ros_control]: 	Command:
[gazebo-1] [INFO] [1786553920.355002432] [gz_ros_control]: 		 position
[gazebo-1] [INFO] [1786553920.355007730] [gz_ros_control]: Loading joint: wrist_flex
[gazebo-1] [INFO] [1786553920.355009878] [gz_ros_control]: 	State:
[gazebo-1] [INFO] [1786553920.355011858] [gz_ros_control]: 		 position
[gazebo-1] [INFO] [1786553920.355013870] [gz_ros_control]: 			 found initial value: 0.000000
[gazebo-1] [INFO] [1786553920.355015906] [gz_ros_control]: 		 velocity
[gazebo-1] [INFO] [1786553920.355017764] [gz_ros_control]: 	Command:
[gazebo-1] [INFO] [1786553920.355019689] [gz_ros_control]: 		 position
[gazebo-1] [INFO] [1786553920.355024400] [gz_ros_control]: Loading joint: wrist_roll
[gazebo-1] [INFO] [1786553920.355026511] [gz_ros_control]: 	State:
[gazebo-1] [INFO] [1786553920.355028257] [gz_ros_control]: 		 position
[gazebo-1] [INFO] [1786553920.355030960] [gz_ros_control]: 			 found initial value: -1.570796
[gazebo-1] [INFO] [1786553920.355033302] [gz_ros_control]: 		 velocity
[gazebo-1] [INFO] [1786553920.355035195] [gz_ros_control]: 	Command:
[gazebo-1] [INFO] [1786553920.355036969] [gz_ros_control]: 		 position
[gazebo-1] [INFO] [1786553920.355043731] [gz_ros_control]: Loading joint: gripper
[gazebo-1] [INFO] [1786553920.355045931] [gz_ros_control]: 	State:
[gazebo-1] [INFO] [1786553920.355047735] [gz_ros_control]: 		 position
[gazebo-1] [INFO] [1786553920.355049557] [gz_ros_control]: 			 found initial value: 0.000000
[gazebo-1] [INFO] [1786553920.355051618] [gz_ros_control]: 		 velocity
[gazebo-1] [INFO] [1786553920.355053598] [gz_ros_control]: 	Command:
[gazebo-1] [INFO] [1786553920.355055346] [gz_ros_control]: 		 position
[gazebo-1] [INFO] [1786553920.355093829] [gz_ros_control]: Loading sensor: imu_sensor
[gazebo-1] [INFO] [1786553920.355096556] [gz_ros_control]: 	State:
[gazebo-1] [WARN] [1786553920.355099076] [gz_ros_control]: IMU sensor 'imu_sensor' not found in hardware_info, skipping.
[gazebo-1] [INFO] [1786553920.355173310] [controller_manager]: Initialize hardware 'GazeboSimSystem' 
[gazebo-1] [WARN] [1786553920.355187447] [controller_manager.hardware_component.system.GazeboSimSystem]: Executor is not available during hardware component initialization for 'GazeboSimSystem'. Skipping node creation!
[gazebo-1] [INFO] [1786553920.355238671] [controller_manager]: Successful initialization of hardware 'GazeboSimSystem'
[gazebo-1] [INFO] [1786553920.355350759] [controller_manager]: Activating component 'GazeboSimSystem'.
[gazebo-1] [INFO] [1786553920.355359523] [resource_manager]: 'configure' hardware 'GazeboSimSystem' 
[gazebo-1] [INFO] [1786553920.355362920] [gz_ros_control]: System Successfully configured!
[gazebo-1] [INFO] [1786553920.355366039] [resource_manager]: Successful 'configure' of hardware 'GazeboSimSystem'
[gazebo-1] [INFO] [1786553920.355371600] [resource_manager]: 'activate' hardware 'GazeboSimSystem' 
[gazebo-1] [INFO] [1786553920.355383091] [resource_manager]: Successful 'activate' of hardware 'GazeboSimSystem'
[gazebo-1] [WARN] [1786553920.355444326] [controller_manager]: Component 'GazeboSimSystem' does not have read or write statistics initialized, skipping registration.
[gazebo-1] [INFO] [1786553920.355449703] [controller_manager]: Resource Manager has been successfully initialized. Starting Controller Manager services...
[gazebo_direct_motor_model-5] [INFO] [1786553924.433272254] [my_drone_gazebo_direct_motor_model]: MOTOR_DYNAMIC_STATE sim_s=0.012 cmd_min=0.0000 cmd_mean=0.0000 cmd_max=0.0000 filtered_mean=0.0000 filtered_max=0.0000 esc_throttle_mean=0.0000 total_thrust_n=0.0000 body_up_force_n=0.0000 saturated_motors=0 rated_cap_command=1.0000 voltage_v=14.8000 thrust_scale=1.000000 current_a=0.0000
[parameter_bridge-2] [INFO] [1786553924.434317812] [ros_gz_bridge]: Passing message from ROS ros_gz_interfaces/msg/EntityWrench to Gazebo gz.msgs.EntityWrench (showing msg only once per type)
[gazebo-1] [1;32m[Msg] [0m[1;32mOdometryPublisher publishing odometry on [[0m[1;32m/model/my_drone/odometry[0m[1;32m][0m[1;32m[0m
[gazebo-1] [1;32m[Msg] [0m[1;32mOdometryPublisher publishing odometry with covariance on [[0m[1;32m/model/my_drone/odometry_with_covariance[0m[1;32m][0m[1;32m[0m
[gazebo-1] [1;32m[Msg] [0m[1;32mOdometryPublisher publishing Pose_V (TF) on [[0m[1;32m/model/my_drone/pose[0m[1;32m][0m[1;32m[0m
[gazebo-1] [1;32m[Msg] [0m[1;32mServing scene information on [[0m[1;32m/world/flight_world[0m[1;32m/[0m[1;32mscene/info[0m[1;32m][0m[1;32m[0m
[gazebo-1] [1;32m[Msg] [0m[1;32mServing graph information on [[0m[1;32m/world/flight_world[0m[1;32m/[0m[1;32mscene/graph[0m[1;32m][0m[1;32m[0m
[gazebo-1] [1;32m[Msg] [0m[1;32mServing full state on [[0m[1;32m/world/flight_world[0m[1;32m/[0m[1;32mstate[0m[1;32m][0m[1;32m[0m
[gazebo-1] [1;32m[Msg] [0m[1;32mServing full state (async) on [[0m[1;32m/world/flight_world[0m[1;32m/[0m[1;32mstate_async[0m[1;32m][0m[1;32m[0m
[gazebo-1] [1;32m[Msg] [0m[1;32mPublishing scene information on [[0m[1;32m/world/flight_world/scene/info[0m[1;32m][0m[1;32m[0m
[gazebo-1] [1;32m[Msg] [0m[1;32mPublishing entity deletions on [[0m[1;32m/world/flight_world/scene/deletion[0m[1;32m][0m[1;32m[0m
[gazebo-1] [1;32m[Msg] [0m[1;32mPublishing state changes on [[0m[1;32m/world/flight_world/state[0m[1;32m][0m[1;32m[0m
[gazebo-1] [1;32m[Msg] [0m[1;32mPublishing pose messages on [[0m[1;32m/world/flight_world[0m[1;32m/[0m[1;32mpose/info[0m[1;32m][0m[1;32m[0m
[gazebo-1] [1;32m[Msg] [0m[1;32mPublishing dynamic pose messages on [[0m[1;32m/world/flight_world[0m[1;32m/[0m[1;32mdynamic_pose/info[0m[1;32m][0m[1;32m[0m
[gazebo_direct_motor_model-5] [INFO] [1786553925.433257134] [my_drone_gazebo_direct_motor_model]: MOTOR_DYNAMIC_STATE sim_s=1.012 cmd_min=0.0000 cmd_mean=0.0000 cmd_max=0.0000 filtered_mean=0.0000 filtered_max=0.0000 esc_throttle_mean=0.0000 total_thrust_n=0.0000 body_up_force_n=0.0000 saturated_motors=0 rated_cap_command=1.0000 voltage_v=14.8000 thrust_scale=1.000000 current_a=0.0000
[gazebo_direct_motor_model-5] [INFO] [1786553926.437609825] [my_drone_gazebo_direct_motor_model]: MOTOR_DYNAMIC_STATE sim_s=2.012 cmd_min=0.0000 cmd_mean=0.0000 cmd_max=0.0000 filtered_mean=0.0000 filtered_max=0.0000 esc_throttle_mean=0.0000 total_thrust_n=0.0000 body_up_force_n=0.0000 saturated_motors=0 rated_cap_command=1.0000 voltage_v=14.8000 thrust_scale=1.000000 current_a=0.0000
[gazebo_direct_motor_model-5] [INFO] [1786553927.434832988] [my_drone_gazebo_direct_motor_model]: MOTOR_DYNAMIC_STATE sim_s=3.012 cmd_min=0.0000 cmd_mean=0.0000 cmd_max=0.0000 filtered_mean=0.0000 filtered_max=0.0000 esc_throttle_mean=0.0000 total_thrust_n=0.0000 body_up_force_n=0.0000 saturated_motors=0 rated_cap_command=1.0000 voltage_v=14.8000 thrust_scale=1.000000 current_a=0.0000
[gazebo_direct_motor_model-5] [INFO] [1786553928.436438174] [my_drone_gazebo_direct_motor_model]: MOTOR_DYNAMIC_STATE sim_s=4.016 cmd_min=0.0000 cmd_mean=0.0000 cmd_max=0.0000 filtered_mean=0.0000 filtered_max=0.0000 esc_throttle_mean=0.0000 total_thrust_n=0.0000 body_up_force_n=0.0000 saturated_motors=0 rated_cap_command=1.0000 voltage_v=14.8000 thrust_scale=1.000000 current_a=0.0000
[gazebo_direct_motor_model-5] [INFO] [1786553929.436992015] [my_drone_gazebo_direct_motor_model]: MOTOR_DYNAMIC_STATE sim_s=5.016 cmd_min=0.0000 cmd_mean=0.0000 cmd_max=0.0000 filtered_mean=0.0000 filtered_max=0.0000 esc_throttle_mean=0.0000 total_thrust_n=0.0000 body_up_force_n=0.0000 saturated_motors=0 rated_cap_command=1.0000 voltage_v=14.8000 thrust_scale=1.000000 current_a=0.0000
[gazebo_direct_motor_model-5] [INFO] [1786553930.439358813] [my_drone_gazebo_direct_motor_model]: MOTOR_DYNAMIC_STATE sim_s=6.016 cmd_min=0.0000 cmd_mean=0.0000 cmd_max=0.0000 filtered_mean=0.0000 filtered_max=0.0000 esc_throttle_mean=0.0000 total_thrust_n=0.0000 body_up_force_n=0.0000 saturated_motors=0 rated_cap_command=1.0000 voltage_v=14.8000 thrust_scale=1.000000 current_a=0.0000
[gazebo_direct_motor_model-5] [INFO] [1786553931.436708743] [my_drone_gazebo_direct_motor_model]: MOTOR_DYNAMIC_STATE sim_s=7.016 cmd_min=0.0000 cmd_mean=0.0000 cmd_max=0.0000 filtered_mean=0.0000 filtered_max=0.0000 esc_throttle_mean=0.0000 total_thrust_n=0.0000 body_up_force_n=0.0000 saturated_motors=0 rated_cap_command=1.0000 voltage_v=14.8000 thrust_scale=1.000000 current_a=0.0000
[gazebo_direct_motor_model-5] [INFO] [1786553932.437303900] [my_drone_gazebo_direct_motor_model]: MOTOR_DYNAMIC_STATE sim_s=8.016 cmd_min=0.0000 cmd_mean=0.0000 cmd_max=0.0000 filtered_mean=0.0000 filtered_max=0.0000 esc_throttle_mean=0.0000 total_thrust_n=0.0000 body_up_force_n=0.0000 saturated_motors=0 rated_cap_command=1.0000 voltage_v=14.8000 thrust_scale=1.000000 current_a=0.0000
[gazebo_direct_motor_model-5] [INFO] [1786553933.439105195] [my_drone_gazebo_direct_motor_model]: MOTOR_DYNAMIC_STATE sim_s=9.016 cmd_min=0.0000 cmd_mean=0.0000 cmd_max=0.0000 filtered_mean=0.0000 filtered_max=0.0000 esc_throttle_mean=0.0000 total_thrust_n=0.0000 body_up_force_n=0.0000 saturated_motors=0 rated_cap_command=1.0000 voltage_v=14.8000 thrust_scale=1.000000 current_a=0.0000
[gazebo_direct_motor_model-5] [INFO] [1786553934.436254686] [my_drone_gazebo_direct_motor_model]: MOTOR_DYNAMIC_STATE sim_s=10.016 cmd_min=0.0000 cmd_mean=0.0000 cmd_max=0.0000 filtered_mean=0.0000 filtered_max=0.0000 esc_throttle_mean=0.0000 total_thrust_n=0.0000 body_up_force_n=0.0000 saturated_motors=0 rated_cap_command=1.0000 voltage_v=14.8000 thrust_scale=1.000000 current_a=0.0000
[gazebo_direct_motor_model-5] [INFO] [1786553935.437785652] [my_drone_gazebo_direct_motor_model]: MOTOR_DYNAMIC_STATE sim_s=11.016 cmd_min=0.0000 cmd_mean=0.0000 cmd_max=0.0000 filtered_mean=0.0000 filtered_max=0.0000 esc_throttle_mean=0.0000 total_thrust_n=0.0000 body_up_force_n=0.0000 saturated_motors=0 rated_cap_command=1.0000 voltage_v=14.8000 thrust_scale=1.000000 current_a=0.0000
[gazebo_direct_motor_model-5] [INFO] [1786553936.437525107] [my_drone_gazebo_direct_motor_model]: MOTOR_DYNAMIC_STATE sim_s=12.016 cmd_min=0.0000 cmd_mean=0.0000 cmd_max=0.0000 filtered_mean=0.0000 filtered_max=0.0000 esc_throttle_mean=0.0000 total_thrust_n=0.0000 body_up_force_n=0.0000 saturated_motors=0 rated_cap_command=1.0000 voltage_v=14.8000 thrust_scale=1.000000 current_a=0.0000
[gazebo_direct_motor_model-5] [INFO] [1786553937.440964720] [my_drone_gazebo_direct_motor_model]: MOTOR_DYNAMIC_STATE sim_s=13.016 cmd_min=0.0000 cmd_mean=0.0000 cmd_max=0.0000 filtered_mean=0.0000 filtered_max=0.0000 esc_throttle_mean=0.0000 total_thrust_n=0.0000 body_up_force_n=0.0000 saturated_motors=0 rated_cap_command=1.0000 voltage_v=14.8000 thrust_scale=1.000000 current_a=0.0000
[gazebo_direct_motor_model-5] [INFO] [1786553938.439979815] [my_drone_gazebo_direct_motor_model]: MOTOR_DYNAMIC_STATE sim_s=14.016 cmd_min=0.0000 cmd_mean=0.0000 cmd_max=0.0000 filtered_mean=0.0000 filtered_max=0.0000 esc_throttle_mean=0.0000 total_thrust_n=0.0000 body_up_force_n=0.0000 saturated_motors=0 rated_cap_command=1.0000 voltage_v=14.8000 thrust_scale=1.000000 current_a=0.0000
[gazebo_direct_motor_model-5] [INFO] [1786553939.435664104] [my_drone_gazebo_direct_motor_model]: MOTOR_DYNAMIC_STATE sim_s=15.016 cmd_min=0.0000 cmd_mean=0.0000 cmd_max=0.0000 filtered_mean=0.0000 filtered_max=0.0000 esc_throttle_mean=0.0000 total_thrust_n=0.0000 body_up_force_n=0.0000 saturated_motors=0 rated_cap_command=1.0000 voltage_v=14.8000 thrust_scale=1.000000 current_a=0.0000
[gazebo_direct_motor_model-5] [INFO] [1786553940.442191246] [my_drone_gazebo_direct_motor_model]: MOTOR_DYNAMIC_STATE sim_s=16.020 cmd_min=0.0000 cmd_mean=0.0000 cmd_max=0.0000 filtered_mean=0.0000 filtered_max=0.0000 esc_throttle_mean=0.0000 total_thrust_n=0.0000 body_up_force_n=0.0000 saturated_motors=0 rated_cap_command=1.0000 voltage_v=14.8000 thrust_scale=1.000000 current_a=0.0000
[gazebo_direct_motor_model-5] [INFO] [1786553941.446470008] [my_drone_gazebo_direct_motor_model]: MOTOR_DYNAMIC_STATE sim_s=17.020 cmd_min=0.0000 cmd_mean=0.0000 cmd_max=0.0000 filtered_mean=0.0000 filtered_max=0.0000 esc_throttle_mean=0.0000 total_thrust_n=0.0000 body_up_force_n=0.0000 saturated_motors=0 rated_cap_command=1.0000 voltage_v=14.8000 thrust_scale=1.000000 current_a=0.0000
[gazebo_direct_motor_model-5] [INFO] [1786553942.443496152] [my_drone_gazebo_direct_motor_model]: MOTOR_DYNAMIC_STATE sim_s=18.020 cmd_min=0.0000 cmd_mean=0.0000 cmd_max=0.0000 filtered_mean=0.0000 filtered_max=0.0000 esc_throttle_mean=0.0000 total_thrust_n=0.0000 body_up_force_n=0.0000 saturated_motors=0 rated_cap_command=1.0000 voltage_v=14.8000 thrust_scale=1.000000 current_a=0.0000
[gazebo_direct_motor_model-5] [INFO] [1786553943.443011287] [my_drone_gazebo_direct_motor_model]: MOTOR_DYNAMIC_STATE sim_s=19.020 cmd_min=0.0000 cmd_mean=0.0000 cmd_max=0.0000 filtered_mean=0.0000 filtered_max=0.0000 esc_throttle_mean=0.0000 total_thrust_n=0.0000 body_up_force_n=0.0000 saturated_motors=0 rated_cap_command=1.0000 voltage_v=14.8000 thrust_scale=1.000000 current_a=0.0000
[gazebo_direct_motor_model-5] [INFO] [1786553944.443329109] [my_drone_gazebo_direct_motor_model]: MOTOR_DYNAMIC_STATE sim_s=20.020 cmd_min=0.0000 cmd_mean=0.0000 cmd_max=0.0000 filtered_mean=0.0000 filtered_max=0.0000 esc_throttle_mean=0.0000 total_thrust_n=0.0000 body_up_force_n=0.0000 saturated_motors=0 rated_cap_command=1.0000 voltage_v=14.8000 thrust_scale=1.000000 current_a=0.0000
[gazebo_direct_motor_model-5] [INFO] [1786553945.442556927] [my_drone_gazebo_direct_motor_model]: MOTOR_DYNAMIC_STATE sim_s=21.020 cmd_min=0.0000 cmd_mean=0.0000 cmd_max=0.0000 filtered_mean=0.0000 filtered_max=0.0000 esc_throttle_mean=0.0000 total_thrust_n=0.0000 body_up_force_n=0.0000 saturated_motors=0 rated_cap_command=1.0000 voltage_v=14.8000 thrust_scale=1.000000 current_a=0.0000
[gazebo_direct_motor_model-5] [INFO] [1786553946.442003232] [my_drone_gazebo_direct_motor_model]: MOTOR_DYNAMIC_STATE sim_s=22.020 cmd_min=0.0000 cmd_mean=0.0000 cmd_max=0.0000 filtered_mean=0.0000 filtered_max=0.0000 esc_throttle_mean=0.0000 total_thrust_n=0.0000 body_up_force_n=0.0000 saturated_motors=0 rated_cap_command=1.0000 voltage_v=14.8000 thrust_scale=1.000000 current_a=0.0000
[gazebo_direct_motor_model-5] [INFO] [1786553947.444429796] [my_drone_gazebo_direct_motor_model]: MOTOR_DYNAMIC_STATE sim_s=23.020 cmd_min=0.0000 cmd_mean=0.0000 cmd_max=0.0000 filtered_mean=0.0000 filtered_max=0.0000 esc_throttle_mean=0.0000 total_thrust_n=0.0000 body_up_force_n=0.0000 saturated_motors=0 rated_cap_command=1.0000 voltage_v=14.8000 thrust_scale=1.000000 current_a=0.0000
[gazebo_direct_motor_model-5] [INFO] [1786553948.443685008] [my_drone_gazebo_direct_motor_model]: MOTOR_DYNAMIC_STATE sim_s=24.020 cmd_min=0.0000 cmd_mean=0.0000 cmd_max=0.0000 filtered_mean=0.0000 filtered_max=0.0000 esc_throttle_mean=0.0000 total_thrust_n=0.0000 body_up_force_n=0.0000 saturated_motors=0 rated_cap_command=1.0000 voltage_v=14.8000 thrust_scale=1.000000 current_a=0.0000
[gazebo_direct_motor_model-5] [INFO] [1786553949.439402336] [my_drone_gazebo_direct_motor_model]: MOTOR_DYNAMIC_STATE sim_s=25.020 cmd_min=0.0000 cmd_mean=0.0000 cmd_max=0.0000 filtered_mean=0.0000 filtered_max=0.0000 esc_throttle_mean=0.0000 total_thrust_n=0.0000 body_up_force_n=0.0000 saturated_motors=0 rated_cap_command=1.0000 voltage_v=14.8000 thrust_scale=1.000000 current_a=0.0000
[gazebo_direct_motor_model-5] [INFO] [1786553950.445076318] [my_drone_gazebo_direct_motor_model]: MOTOR_DYNAMIC_STATE sim_s=26.020 cmd_min=0.0000 cmd_mean=0.0000 cmd_max=0.0000 filtered_mean=0.0000 filtered_max=0.0000 esc_throttle_mean=0.0000 total_thrust_n=0.0000 body_up_force_n=0.0000 saturated_motors=0 rated_cap_command=1.0000 voltage_v=14.8000 thrust_scale=1.000000 current_a=0.0000
[gazebo_direct_motor_model-5] [INFO] [1786553951.442827068] [my_drone_gazebo_direct_motor_model]: MOTOR_DYNAMIC_STATE sim_s=27.020 cmd_min=0.0000 cmd_mean=0.0000 cmd_max=0.0000 filtered_mean=0.0000 filtered_max=0.0000 esc_throttle_mean=0.0000 total_thrust_n=0.0000 body_up_force_n=0.0000 saturated_motors=0 rated_cap_command=1.0000 voltage_v=14.8000 thrust_scale=1.000000 current_a=0.0000
[gazebo_direct_motor_model-5] [INFO] [1786553952.445067850] [my_drone_gazebo_direct_motor_model]: MOTOR_DYNAMIC_STATE sim_s=28.020 cmd_min=0.0000 cmd_mean=0.0000 cmd_max=0.0000 filtered_mean=0.0000 filtered_max=0.0000 esc_throttle_mean=0.0000 total_thrust_n=0.0000 body_up_force_n=0.0000 saturated_motors=0 rated_cap_command=1.0000 voltage_v=14.8000 thrust_scale=1.000000 current_a=0.0000
[gazebo_direct_motor_model-5] [INFO] [1786553953.442738823] [my_drone_gazebo_direct_motor_model]: MOTOR_DYNAMIC_STATE sim_s=29.020 cmd_min=0.0000 cmd_mean=0.0000 cmd_max=0.0000 filtered_mean=0.0000 filtered_max=0.0000 esc_throttle_mean=0.0000 total_thrust_n=0.0000 body_up_force_n=0.0000 saturated_motors=0 rated_cap_command=1.0000 voltage_v=14.8000 thrust_scale=1.000000 current_a=0.0000
[gazebo_direct_motor_model-5] [INFO] [1786553954.443471866] [my_drone_gazebo_direct_motor_model]: MOTOR_DYNAMIC_STATE sim_s=30.020 cmd_min=0.0000 cmd_mean=0.0000 cmd_max=0.0000 filtered_mean=0.0000 filtered_max=0.0000 esc_throttle_mean=0.0000 total_thrust_n=0.0000 body_up_force_n=0.0000 saturated_motors=0 rated_cap_command=1.0000 voltage_v=14.8000 thrust_scale=1.000000 current_a=0.0000
[gazebo_direct_motor_model-5] [INFO] [1786553955.444631125] [my_drone_gazebo_direct_motor_model]: MOTOR_DYNAMIC_STATE sim_s=31.020 cmd_min=0.0000 cmd_mean=0.0000 cmd_max=0.0000 filtered_mean=0.0000 filtered_max=0.0000 esc_throttle_mean=0.0000 total_thrust_n=0.0000 body_up_force_n=0.0000 saturated_motors=0 rated_cap_command=1.0000 voltage_v=14.8000 thrust_scale=1.000000 current_a=0.0000
[gazebo_direct_motor_model-5] [INFO] [1786553956.438762193] [my_drone_gazebo_direct_motor_model]: MOTOR_DYNAMIC_STATE sim_s=32.020 cmd_min=0.0000 cmd_mean=0.0000 cmd_max=0.0000 filtered_mean=0.0000 filtered_max=0.0000 esc_throttle_mean=0.0000 total_thrust_n=0.0000 body_up_force_n=0.0000 saturated_motors=0 rated_cap_command=1.0000 voltage_v=14.8000 thrust_scale=1.000000 current_a=0.0000
[gazebo_direct_motor_model-5] [INFO] [1786553957.439320375] [my_drone_gazebo_direct_motor_model]: MOTOR_DYNAMIC_STATE sim_s=33.020 cmd_min=0.0000 cmd_mean=0.0000 cmd_max=0.0000 filtered_mean=0.0000 filtered_max=0.0000 esc_throttle_mean=0.0000 total_thrust_n=0.0000 body_up_force_n=0.0000 saturated_motors=0 rated_cap_command=1.0000 voltage_v=14.8000 thrust_scale=1.000000 current_a=0.0000
[gazebo_direct_motor_model-5] [INFO] [1786553958.441447817] [my_drone_gazebo_direct_motor_model]: MOTOR_DYNAMIC_STATE sim_s=34.020 cmd_min=0.0000 cmd_mean=0.0000 cmd_max=0.0000 filtered_mean=0.0000 filtered_max=0.0000 esc_throttle_mean=0.0000 total_thrust_n=0.0000 body_up_force_n=0.0000 saturated_motors=0 rated_cap_command=1.0000 voltage_v=14.8000 thrust_scale=1.000000 current_a=0.0000
[gazebo_direct_motor_model-5] [INFO] [1786553959.440847810] [my_drone_gazebo_direct_motor_model]: MOTOR_DYNAMIC_STATE sim_s=35.020 cmd_min=0.0000 cmd_mean=0.0000 cmd_max=0.0000 filtered_mean=0.0000 filtered_max=0.0000 esc_throttle_mean=0.0000 total_thrust_n=0.0000 body_up_force_n=0.0000 saturated_motors=0 rated_cap_command=1.0000 voltage_v=14.8000 thrust_scale=1.000000 current_a=0.0000
[gazebo_direct_motor_model-5] [INFO] [1786553960.447575913] [my_drone_gazebo_direct_motor_model]: MOTOR_DYNAMIC_STATE sim_s=36.020 cmd_min=0.0000 cmd_mean=0.0000 cmd_max=0.0000 filtered_mean=0.0000 filtered_max=0.0000 esc_throttle_mean=0.0000 total_thrust_n=0.0000 body_up_force_n=0.0000 saturated_motors=0 rated_cap_command=1.0000 voltage_v=14.8000 thrust_scale=1.000000 current_a=0.0000
[gazebo_direct_motor_model-5] [INFO] [1786553961.442356252] [my_drone_gazebo_direct_motor_model]: MOTOR_DYNAMIC_STATE sim_s=37.020 cmd_min=0.0000 cmd_mean=0.0000 cmd_max=0.0000 filtered_mean=0.0000 filtered_max=0.0000 esc_throttle_mean=0.0000 total_thrust_n=0.0000 body_up_force_n=0.0000 saturated_motors=0 rated_cap_command=1.0000 voltage_v=14.8000 thrust_scale=1.000000 current_a=0.0000
[gazebo_direct_motor_model-5] [INFO] [1786553962.444566163] [my_drone_gazebo_direct_motor_model]: MOTOR_DYNAMIC_STATE sim_s=38.020 cmd_min=0.0000 cmd_mean=0.0000 cmd_max=0.0000 filtered_mean=0.0000 filtered_max=0.0000 esc_throttle_mean=0.0000 total_thrust_n=0.0000 body_up_force_n=0.0000 saturated_motors=0 rated_cap_command=1.0000 voltage_v=14.8000 thrust_scale=1.000000 current_a=0.0000
[gazebo_direct_motor_model-5] [INFO] [1786553963.447428351] [my_drone_gazebo_direct_motor_model]: MOTOR_DYNAMIC_STATE sim_s=39.020 cmd_min=0.0000 cmd_mean=0.0000 cmd_max=0.0000 filtered_mean=0.0000 filtered_max=0.0000 esc_throttle_mean=0.0000 total_thrust_n=0.0000 body_up_force_n=0.0000 saturated_motors=0 rated_cap_command=1.0000 voltage_v=14.8000 thrust_scale=1.000000 current_a=0.0000
[gazebo_direct_motor_model-5] [INFO] [1786553964.444859747] [my_drone_gazebo_direct_motor_model]: MOTOR_DYNAMIC_STATE sim_s=40.020 cmd_min=0.0000 cmd_mean=0.0000 cmd_max=0.0000 filtered_mean=0.0000 filtered_max=0.0000 esc_throttle_mean=0.0000 total_thrust_n=0.0000 body_up_force_n=0.0000 saturated_motors=0 rated_cap_command=1.0000 voltage_v=14.8000 thrust_scale=1.000000 current_a=0.0000
[gazebo_direct_motor_model-5] [INFO] [1786553965.443614753] [my_drone_gazebo_direct_motor_model]: MOTOR_DYNAMIC_STATE sim_s=41.020 cmd_min=0.0000 cmd_mean=0.0000 cmd_max=0.0000 filtered_mean=0.0000 filtered_max=0.0000 esc_throttle_mean=0.0000 total_thrust_n=0.0000 body_up_force_n=0.0000 saturated_motors=0 rated_cap_command=1.0000 voltage_v=14.8000 thrust_scale=1.000000 current_a=0.0000
[gazebo_direct_motor_model-5] [INFO] [1786553966.448629650] [my_drone_gazebo_direct_motor_model]: MOTOR_DYNAMIC_STATE sim_s=42.020 cmd_min=0.0000 cmd_mean=0.0000 cmd_max=0.0000 filtered_mean=0.0000 filtered_max=0.0000 esc_throttle_mean=0.0000 total_thrust_n=0.0000 body_up_force_n=0.0000 saturated_motors=0 rated_cap_command=1.0000 voltage_v=14.8000 thrust_scale=1.000000 current_a=0.0000
[gazebo_direct_motor_model-5] [INFO] [1786553967.441227574] [my_drone_gazebo_direct_motor_model]: MOTOR_DYNAMIC_STATE sim_s=43.020 cmd_min=0.0000 cmd_mean=0.0000 cmd_max=0.0000 filtered_mean=0.0000 filtered_max=0.0000 esc_throttle_mean=0.0000 total_thrust_n=0.0000 body_up_force_n=0.0000 saturated_motors=0 rated_cap_command=1.0000 voltage_v=14.8000 thrust_scale=1.000000 current_a=0.0000
[gazebo_direct_motor_model-5] [INFO] [1786553968.447694172] [my_drone_gazebo_direct_motor_model]: MOTOR_DYNAMIC_STATE sim_s=44.020 cmd_min=0.0000 cmd_mean=0.0000 cmd_max=0.0000 filtered_mean=0.0000 filtered_max=0.0000 esc_throttle_mean=0.0000 total_thrust_n=0.0000 body_up_force_n=0.0000 saturated_motors=0 rated_cap_command=1.0000 voltage_v=14.8000 thrust_scale=1.000000 current_a=0.0000
[gazebo_direct_motor_model-5] [INFO] [1786553969.443972747] [my_drone_gazebo_direct_motor_model]: MOTOR_DYNAMIC_STATE sim_s=45.020 cmd_min=0.0000 cmd_mean=0.0000 cmd_max=0.0000 filtered_mean=0.0000 filtered_max=0.0000 esc_throttle_mean=0.0000 total_thrust_n=0.0000 body_up_force_n=0.0000 saturated_motors=0 rated_cap_command=1.0000 voltage_v=14.8000 thrust_scale=1.000000 current_a=0.0000
[gazebo_direct_motor_model-5] [INFO] [1786553970.445956920] [my_drone_gazebo_direct_motor_model]: MOTOR_DYNAMIC_STATE sim_s=46.020 cmd_min=0.0000 cmd_mean=0.0000 cmd_max=0.0000 filtered_mean=0.0000 filtered_max=0.0000 esc_throttle_mean=0.0000 total_thrust_n=0.0000 body_up_force_n=0.0000 saturated_motors=0 rated_cap_command=1.0000 voltage_v=14.8000 thrust_scale=1.000000 current_a=0.0000
[gazebo_direct_motor_model-5] [INFO] [1786553971.446067433] [my_drone_gazebo_direct_motor_model]: MOTOR_DYNAMIC_STATE sim_s=47.020 cmd_min=0.0000 cmd_mean=0.0000 cmd_max=0.0000 filtered_mean=0.0000 filtered_max=0.0000 esc_throttle_mean=0.0000 total_thrust_n=0.0000 body_up_force_n=0.0000 saturated_motors=0 rated_cap_command=1.0000 voltage_v=14.8000 thrust_scale=1.000000 current_a=0.0000
[gazebo_direct_motor_model-5] [INFO] [1786553972.443319883] [my_drone_gazebo_direct_motor_model]: MOTOR_DYNAMIC_STATE sim_s=48.020 cmd_min=0.0000 cmd_mean=0.0000 cmd_max=0.0000 filtered_mean=0.0000 filtered_max=0.0000 esc_throttle_mean=0.0000 total_thrust_n=0.0000 body_up_force_n=0.0000 saturated_motors=0 rated_cap_command=1.0000 voltage_v=14.8000 thrust_scale=1.000000 current_a=0.0000
[gazebo_direct_motor_model-5] [INFO] [1786553973.440483590] [my_drone_gazebo_direct_motor_model]: MOTOR_DYNAMIC_STATE sim_s=49.020 cmd_min=0.0000 cmd_mean=0.0000 cmd_max=0.0000 filtered_mean=0.0000 filtered_max=0.0000 esc_throttle_mean=0.0000 total_thrust_n=0.0000 body_up_force_n=0.0000 saturated_motors=0 rated_cap_command=1.0000 voltage_v=14.8000 thrust_scale=1.000000 current_a=0.0000
[gazebo_direct_motor_model-5] [INFO] [1786553974.441462956] [my_drone_gazebo_direct_motor_model]: MOTOR_DYNAMIC_STATE sim_s=50.020 cmd_min=0.0000 cmd_mean=0.0000 cmd_max=0.0000 filtered_mean=0.0000 filtered_max=0.0000 esc_throttle_mean=0.0000 total_thrust_n=0.0000 body_up_force_n=0.0000 saturated_motors=0 rated_cap_command=1.0000 voltage_v=14.8000 thrust_scale=1.000000 current_a=0.0000
[gazebo_direct_motor_model-5] [INFO] [1786553975.439569975] [my_drone_gazebo_direct_motor_model]: MOTOR_DYNAMIC_STATE sim_s=51.020 cmd_min=0.0000 cmd_mean=0.0000 cmd_max=0.0000 filtered_mean=0.0000 filtered_max=0.0000 esc_throttle_mean=0.0000 total_thrust_n=0.0000 body_up_force_n=0.0000 saturated_motors=0 rated_cap_command=1.0000 voltage_v=14.8000 thrust_scale=1.000000 current_a=0.0000
[gazebo_direct_motor_model-5] [INFO] [1786553976.450733023] [my_drone_gazebo_direct_motor_model]: MOTOR_DYNAMIC_STATE sim_s=52.020 cmd_min=0.0000 cmd_mean=0.0000 cmd_max=0.0000 filtered_mean=0.0000 filtered_max=0.0000 esc_throttle_mean=0.0000 total_thrust_n=0.0000 body_up_force_n=0.0000 saturated_motors=0 rated_cap_command=1.0000 voltage_v=14.8000 thrust_scale=1.000000 current_a=0.0000
[gazebo_direct_motor_model-5] [INFO] [1786553977.443632534] [my_drone_gazebo_direct_motor_model]: MOTOR_DYNAMIC_STATE sim_s=53.020 cmd_min=0.0000 cmd_mean=0.0000 cmd_max=0.0000 filtered_mean=0.0000 filtered_max=0.0000 esc_throttle_mean=0.0000 total_thrust_n=0.0000 body_up_force_n=0.0000 saturated_motors=0 rated_cap_command=1.0000 voltage_v=14.8000 thrust_scale=1.000000 current_a=0.0000
[gazebo_direct_motor_model-5] [INFO] [1786553978.448808669] [my_drone_gazebo_direct_motor_model]: MOTOR_DYNAMIC_STATE sim_s=54.020 cmd_min=0.0000 cmd_mean=0.0000 cmd_max=0.0000 filtered_mean=0.0000 filtered_max=0.0000 esc_throttle_mean=0.0000 total_thrust_n=0.0000 body_up_force_n=0.0000 saturated_motors=0 rated_cap_command=1.0000 voltage_v=14.8000 thrust_scale=1.000000 current_a=0.0000
[gazebo_direct_motor_model-5] [INFO] [1786553979.445557955] [my_drone_gazebo_direct_motor_model]: MOTOR_DYNAMIC_STATE sim_s=55.020 cmd_min=0.0000 cmd_mean=0.0000 cmd_max=0.0000 filtered_mean=0.0000 filtered_max=0.0000 esc_throttle_mean=0.0000 total_thrust_n=0.0000 body_up_force_n=0.0000 saturated_motors=0 rated_cap_command=1.0000 voltage_v=14.8000 thrust_scale=1.000000 current_a=0.0000
[gazebo_direct_motor_model-5] [INFO] [1786553980.449730542] [my_drone_gazebo_direct_motor_model]: MOTOR_DYNAMIC_STATE sim_s=56.020 cmd_min=0.0000 cmd_mean=0.0000 cmd_max=0.0000 filtered_mean=0.0000 filtered_max=0.0000 esc_throttle_mean=0.0000 total_thrust_n=0.0000 body_up_force_n=0.0000 saturated_motors=0 rated_cap_command=1.0000 voltage_v=14.8000 thrust_scale=1.000000 current_a=0.0000
[gazebo_direct_motor_model-5] [INFO] [1786553981.448861881] [my_drone_gazebo_direct_motor_model]: MOTOR_DYNAMIC_STATE sim_s=57.020 cmd_min=0.0000 cmd_mean=0.0000 cmd_max=0.0000 filtered_mean=0.0000 filtered_max=0.0000 esc_throttle_mean=0.0000 total_thrust_n=0.0000 body_up_force_n=0.0000 saturated_motors=0 rated_cap_command=1.0000 voltage_v=14.8000 thrust_scale=1.000000 current_a=0.0000
[gazebo_direct_motor_model-5] [INFO] [1786553982.447127527] [my_drone_gazebo_direct_motor_model]: MOTOR_DYNAMIC_STATE sim_s=58.020 cmd_min=0.0000 cmd_mean=0.0000 cmd_max=0.0000 filtered_mean=0.0000 filtered_max=0.0000 esc_throttle_mean=0.0000 total_thrust_n=0.0000 body_up_force_n=0.0000 saturated_motors=0 rated_cap_command=1.0000 voltage_v=14.8000 thrust_scale=1.000000 current_a=0.0000
[gazebo_direct_motor_model-5] [INFO] [1786553983.446081622] [my_drone_gazebo_direct_motor_model]: MOTOR_DYNAMIC_STATE sim_s=59.020 cmd_min=0.0000 cmd_mean=0.0000 cmd_max=0.0000 filtered_mean=0.0000 filtered_max=0.0000 esc_throttle_mean=0.0000 total_thrust_n=0.0000 body_up_force_n=0.0000 saturated_motors=0 rated_cap_command=1.0000 voltage_v=14.8000 thrust_scale=1.000000 current_a=0.0000
[gazebo_direct_motor_model-5] [INFO] [1786553984.443994818] [my_drone_gazebo_direct_motor_model]: MOTOR_DYNAMIC_STATE sim_s=60.020 cmd_min=0.0000 cmd_mean=0.0000 cmd_max=0.0000 filtered_mean=0.0000 filtered_max=0.0000 esc_throttle_mean=0.0000 total_thrust_n=0.0000 body_up_force_n=0.0000 saturated_motors=0 rated_cap_command=1.0000 voltage_v=14.8000 thrust_scale=1.000000 current_a=0.0000
[gazebo_direct_motor_model-5] [INFO] [1786553985.476974481] [my_drone_gazebo_direct_motor_model]: MOTOR_DYNAMIC_STATE sim_s=61.020 cmd_min=0.0000 cmd_mean=0.0000 cmd_max=0.0000 filtered_mean=0.0000 filtered_max=0.0000 esc_throttle_mean=0.0000 total_thrust_n=0.0000 body_up_force_n=0.0000 saturated_motors=0 rated_cap_command=1.0000 voltage_v=14.8000 thrust_scale=1.000000 current_a=0.0000
[gazebo_direct_motor_model-5] [INFO] [1786553986.912918151] [my_drone_gazebo_direct_motor_model]: MOTOR_DYNAMIC_STATE sim_s=62.020 cmd_min=0.0000 cmd_mean=0.0000 cmd_max=0.0000 filtered_mean=0.0000 filtered_max=0.0000 esc_throttle_mean=0.0000 total_thrust_n=0.0000 body_up_force_n=0.0000 saturated_motors=0 rated_cap_command=1.0000 voltage_v=14.8000 thrust_scale=1.000000 current_a=0.0000
[gazebo_direct_motor_model-5] [INFO] [1786553987.461991376] [my_drone_gazebo_direct_motor_model]: MOTOR_DYNAMIC_STATE sim_s=63.020 cmd_min=0.0000 cmd_mean=0.0000 cmd_max=0.0000 filtered_mean=0.0000 filtered_max=0.0000 esc_throttle_mean=0.0000 total_thrust_n=0.0000 body_up_force_n=0.0000 saturated_motors=0 rated_cap_command=1.0000 voltage_v=14.8000 thrust_scale=1.000000 current_a=0.0000
[gazebo_direct_motor_model-5] [INFO] [1786553988.471542233] [my_drone_gazebo_direct_motor_model]: MOTOR_DYNAMIC_STATE sim_s=64.024 cmd_min=0.0000 cmd_mean=0.0000 cmd_max=0.0000 filtered_mean=0.0000 filtered_max=0.0000 esc_throttle_mean=0.0000 total_thrust_n=0.0000 body_up_force_n=0.0000 saturated_motors=0 rated_cap_command=1.0000 voltage_v=14.8000 thrust_scale=1.000000 current_a=0.0000
[gazebo_direct_motor_model-5] [INFO] [1786553989.470949761] [my_drone_gazebo_direct_motor_model]: MOTOR_DYNAMIC_STATE sim_s=65.024 cmd_min=0.0000 cmd_mean=0.0000 cmd_max=0.0000 filtered_mean=0.0000 filtered_max=0.0000 esc_throttle_mean=0.0000 total_thrust_n=0.0000 body_up_force_n=0.0000 saturated_motors=0 rated_cap_command=1.0000 voltage_v=14.8000 thrust_scale=1.000000 current_a=0.0000
[gazebo_direct_motor_model-5] [INFO] [1786553990.470361336] [my_drone_gazebo_direct_motor_model]: MOTOR_DYNAMIC_STATE sim_s=66.024 cmd_min=0.0000 cmd_mean=0.0000 cmd_max=0.0000 filtered_mean=0.0000 filtered_max=0.0000 esc_throttle_mean=0.0000 total_thrust_n=0.0000 body_up_force_n=0.0000 saturated_motors=0 rated_cap_command=1.0000 voltage_v=14.8000 thrust_scale=1.000000 current_a=0.0000
[gazebo_direct_motor_model-5] [INFO] [1786553991.470892733] [my_drone_gazebo_direct_motor_model]: MOTOR_DYNAMIC_STATE sim_s=67.024 cmd_min=0.0000 cmd_mean=0.0000 cmd_max=0.0000 filtered_mean=0.0000 filtered_max=0.0000 esc_throttle_mean=0.0000 total_thrust_n=0.0000 body_up_force_n=0.0000 saturated_motors=0 rated_cap_command=1.0000 voltage_v=14.8000 thrust_scale=1.000000 current_a=0.0000
[gazebo_direct_motor_model-5] [INFO] [1786553993.104786398] [my_drone_gazebo_direct_motor_model]: MOTOR_DYNAMIC_STATE sim_s=68.024 cmd_min=0.0000 cmd_mean=0.0000 cmd_max=0.0000 filtered_mean=0.0000 filtered_max=0.0000 esc_throttle_mean=0.0000 total_thrust_n=0.0000 body_up_force_n=0.0000 saturated_motors=0 rated_cap_command=1.0000 voltage_v=14.8000 thrust_scale=1.000000 current_a=0.0000
[gazebo_direct_motor_model-5] [INFO] [1786553993.526277252] [my_drone_gazebo_direct_motor_model]: MOTOR_DYNAMIC_STATE sim_s=69.024 cmd_min=0.0000 cmd_mean=0.0000 cmd_max=0.0000 filtered_mean=0.0000 filtered_max=0.0000 esc_throttle_mean=0.0000 total_thrust_n=0.0000 body_up_force_n=0.0000 saturated_motors=0 rated_cap_command=1.0000 voltage_v=14.8000 thrust_scale=1.000000 current_a=0.0000
[gazebo_direct_motor_model-5] [INFO] [1786553995.445227513] [my_drone_gazebo_direct_motor_model]: MOTOR_DYNAMIC_STATE sim_s=70.028 cmd_min=0.0000 cmd_mean=0.0000 cmd_max=0.0000 filtered_mean=0.0000 filtered_max=0.0000 esc_throttle_mean=0.0000 total_thrust_n=0.0000 body_up_force_n=0.0000 saturated_motors=0 rated_cap_command=1.0000 voltage_v=14.8000 thrust_scale=1.000000 current_a=0.0000
[gazebo_direct_motor_model-5] [INFO] [1786553995.529312379] [my_drone_gazebo_direct_motor_model]: MOTOR_DYNAMIC_STATE sim_s=71.028 cmd_min=0.0000 cmd_mean=0.0000 cmd_max=0.0000 filtered_mean=0.0000 filtered_max=0.0000 esc_throttle_mean=0.0000 total_thrust_n=0.0000 body_up_force_n=0.0000 saturated_motors=0 rated_cap_command=1.0000 voltage_v=14.8000 thrust_scale=1.000000 current_a=0.0000
[gazebo_direct_motor_model-5] [INFO] [1786553996.470382321] [my_drone_gazebo_direct_motor_model]: MOTOR_DYNAMIC_STATE sim_s=72.028 cmd_min=0.0000 cmd_mean=0.0000 cmd_max=0.0000 filtered_mean=0.0000 filtered_max=0.0000 esc_throttle_mean=0.0000 total_thrust_n=0.0000 body_up_force_n=0.0000 saturated_motors=0 rated_cap_command=1.0000 voltage_v=14.8000 thrust_scale=1.000000 current_a=0.0000
[gazebo_direct_motor_model-5] [INFO] [1786553997.472457559] [my_drone_gazebo_direct_motor_model]: MOTOR_DYNAMIC_STATE sim_s=73.028 cmd_min=0.0000 cmd_mean=0.0000 cmd_max=0.0000 filtered_mean=0.0000 filtered_max=0.0000 esc_throttle_mean=0.0000 total_thrust_n=0.0000 body_up_force_n=0.0000 saturated_motors=0 rated_cap_command=1.0000 voltage_v=14.8000 thrust_scale=1.000000 current_a=0.0000
[gazebo_direct_motor_model-5] [INFO] [1786553998.481694074] [my_drone_gazebo_direct_motor_model]: MOTOR_DYNAMIC_STATE sim_s=74.028 cmd_min=0.0000 cmd_mean=0.0000 cmd_max=0.0000 filtered_mean=0.0000 filtered_max=0.0000 esc_throttle_mean=0.0000 total_thrust_n=0.0000 body_up_force_n=0.0000 saturated_motors=0 rated_cap_command=1.0000 voltage_v=14.8000 thrust_scale=1.000000 current_a=0.0000
[gazebo_direct_motor_model-5] [INFO] [1786553999.472255390] [my_drone_gazebo_direct_motor_model]: MOTOR_DYNAMIC_STATE sim_s=75.028 cmd_min=0.0000 cmd_mean=0.0000 cmd_max=0.0000 filtered_mean=0.0000 filtered_max=0.0000 esc_throttle_mean=0.0000 total_thrust_n=0.0000 body_up_force_n=0.0000 saturated_motors=0 rated_cap_command=1.0000 voltage_v=14.8000 thrust_scale=1.000000 current_a=0.0000
[gazebo_direct_motor_model-5] [INFO] [1786554000.478491804] [my_drone_gazebo_direct_motor_model]: MOTOR_DYNAMIC_STATE sim_s=76.028 cmd_min=0.0000 cmd_mean=0.0000 cmd_max=0.0000 filtered_mean=0.0000 filtered_max=0.0000 esc_throttle_mean=0.0000 total_thrust_n=0.0000 body_up_force_n=0.0000 saturated_motors=0 rated_cap_command=1.0000 voltage_v=14.8000 thrust_scale=1.000000 current_a=0.0000
[gazebo_direct_motor_model-5] [INFO] [1786554001.470209325] [my_drone_gazebo_direct_motor_model]: MOTOR_DYNAMIC_STATE sim_s=77.028 cmd_min=0.0000 cmd_mean=0.0000 cmd_max=0.0000 filtered_mean=0.0000 filtered_max=0.0000 esc_throttle_mean=0.0000 total_thrust_n=0.0000 body_up_force_n=0.0000 saturated_motors=0 rated_cap_command=1.0000 voltage_v=14.8000 thrust_scale=1.000000 current_a=0.0000
[gazebo_direct_motor_model-5] [INFO] [1786554002.494947591] [my_drone_gazebo_direct_motor_model]: MOTOR_DYNAMIC_STATE sim_s=78.028 cmd_min=0.0000 cmd_mean=0.0000 cmd_max=0.0000 filtered_mean=0.0000 filtered_max=0.0000 esc_throttle_mean=0.0000 total_thrust_n=0.0000 body_up_force_n=0.0000 saturated_motors=0 rated_cap_command=1.0000 voltage_v=14.8000 thrust_scale=1.000000 current_a=0.0000
[gazebo_direct_motor_model-5] [INFO] [1786554003.474921345] [my_drone_gazebo_direct_motor_model]: MOTOR_DYNAMIC_STATE sim_s=79.028 cmd_min=0.0000 cmd_mean=0.0000 cmd_max=0.0000 filtered_mean=0.0000 filtered_max=0.0000 esc_throttle_mean=0.0000 total_thrust_n=0.0000 body_up_force_n=0.0000 saturated_motors=0 rated_cap_command=1.0000 voltage_v=14.8000 thrust_scale=1.000000 current_a=0.0000
[gazebo_direct_motor_model-5] [INFO] [1786554004.473938475] [my_drone_gazebo_direct_motor_model]: MOTOR_DYNAMIC_STATE sim_s=80.028 cmd_min=0.0000 cmd_mean=0.0000 cmd_max=0.0000 filtered_mean=0.0000 filtered_max=0.0000 esc_throttle_mean=0.0000 total_thrust_n=0.0000 body_up_force_n=0.0000 saturated_motors=0 rated_cap_command=1.0000 voltage_v=14.8000 thrust_scale=1.000000 current_a=0.0000
[gazebo_direct_motor_model-5] [INFO] [1786554005.470959472] [my_drone_gazebo_direct_motor_model]: MOTOR_DYNAMIC_STATE sim_s=81.028 cmd_min=0.0000 cmd_mean=0.0000 cmd_max=0.0000 filtered_mean=0.0000 filtered_max=0.0000 esc_throttle_mean=0.0000 total_thrust_n=0.0000 body_up_force_n=0.0000 saturated_motors=0 rated_cap_command=1.0000 voltage_v=14.8000 thrust_scale=1.000000 current_a=0.0000
[gazebo_direct_motor_model-5] [INFO] [1786554006.470788949] [my_drone_gazebo_direct_motor_model]: MOTOR_DYNAMIC_STATE sim_s=82.028 cmd_min=0.0000 cmd_mean=0.0000 cmd_max=0.0000 filtered_mean=0.0000 filtered_max=0.0000 esc_throttle_mean=0.0000 total_thrust_n=0.0000 body_up_force_n=0.0000 saturated_motors=0 rated_cap_command=1.0000 voltage_v=14.8000 thrust_scale=1.000000 current_a=0.0000
[gazebo_direct_motor_model-5] [INFO] [1786554007.471160351] [my_drone_gazebo_direct_motor_model]: MOTOR_DYNAMIC_STATE sim_s=83.028 cmd_min=0.0000 cmd_mean=0.0000 cmd_max=0.0000 filtered_mean=0.0000 filtered_max=0.0000 esc_throttle_mean=0.0000 total_thrust_n=0.0000 body_up_force_n=0.0000 saturated_motors=0 rated_cap_command=1.0000 voltage_v=14.8000 thrust_scale=1.000000 current_a=0.0000
[gazebo_direct_motor_model-5] [INFO] [1786554008.471188926] [my_drone_gazebo_direct_motor_model]: MOTOR_DYNAMIC_STATE sim_s=84.028 cmd_min=0.0000 cmd_mean=0.0000 cmd_max=0.0000 filtered_mean=0.0000 filtered_max=0.0000 esc_throttle_mean=0.0000 total_thrust_n=0.0000 body_up_force_n=0.0000 saturated_motors=0 rated_cap_command=1.0000 voltage_v=14.8000 thrust_scale=1.000000 current_a=0.0000
[gazebo_direct_motor_model-5] [INFO] [1786554009.474685247] [my_drone_gazebo_direct_motor_model]: MOTOR_DYNAMIC_STATE sim_s=85.028 cmd_min=0.0000 cmd_mean=0.0000 cmd_max=0.0000 filtered_mean=0.0000 filtered_max=0.0000 esc_throttle_mean=0.0000 total_thrust_n=0.0000 body_up_force_n=0.0000 saturated_motors=0 rated_cap_command=1.0000 voltage_v=14.8000 thrust_scale=1.000000 current_a=0.0000
[gazebo_direct_motor_model-5] [INFO] [1786554010.476740306] [my_drone_gazebo_direct_motor_model]: MOTOR_DYNAMIC_STATE sim_s=86.028 cmd_min=0.0000 cmd_mean=0.0000 cmd_max=0.0000 filtered_mean=0.0000 filtered_max=0.0000 esc_throttle_mean=0.0000 total_thrust_n=0.0000 body_up_force_n=0.0000 saturated_motors=0 rated_cap_command=1.0000 voltage_v=14.8000 thrust_scale=1.000000 current_a=0.0000
[gazebo_direct_motor_model-5] [INFO] [1786554011.470145984] [my_drone_gazebo_direct_motor_model]: MOTOR_DYNAMIC_STATE sim_s=87.028 cmd_min=0.0000 cmd_mean=0.0000 cmd_max=0.0000 filtered_mean=0.0000 filtered_max=0.0000 esc_throttle_mean=0.0000 total_thrust_n=0.0000 body_up_force_n=0.0000 saturated_motors=0 rated_cap_command=1.0000 voltage_v=14.8000 thrust_scale=1.000000 current_a=0.0000
[gazebo_direct_motor_model-5] [INFO] [1786554012.470674729] [my_drone_gazebo_direct_motor_model]: MOTOR_DYNAMIC_STATE sim_s=88.028 cmd_min=0.0000 cmd_mean=0.0000 cmd_max=0.0000 filtered_mean=0.0000 filtered_max=0.0000 esc_throttle_mean=0.0000 total_thrust_n=0.0000 body_up_force_n=0.0000 saturated_motors=0 rated_cap_command=1.0000 voltage_v=14.8000 thrust_scale=1.000000 current_a=0.0000
[gazebo_direct_motor_model-5] [INFO] [1786554013.473933490] [my_drone_gazebo_direct_motor_model]: MOTOR_DYNAMIC_STATE sim_s=89.028 cmd_min=0.0000 cmd_mean=0.0000 cmd_max=0.0000 filtered_mean=0.0000 filtered_max=0.0000 esc_throttle_mean=0.0000 total_thrust_n=0.0000 body_up_force_n=0.0000 saturated_motors=0 rated_cap_command=1.0000 voltage_v=14.8000 thrust_scale=1.000000 current_a=0.0000
[gazebo_direct_motor_model-5] [INFO] [1786554014.470116857] [my_drone_gazebo_direct_motor_model]: MOTOR_DYNAMIC_STATE sim_s=90.028 cmd_min=0.0000 cmd_mean=0.0000 cmd_max=0.0000 filtered_mean=0.0000 filtered_max=0.0000 esc_throttle_mean=0.0000 total_thrust_n=0.0000 body_up_force_n=0.0000 saturated_motors=0 rated_cap_command=1.0000 voltage_v=14.8000 thrust_scale=1.000000 current_a=0.0000
[gazebo_direct_motor_model-5] [INFO] [1786554015.476505976] [my_drone_gazebo_direct_motor_model]: MOTOR_DYNAMIC_STATE sim_s=91.028 cmd_min=0.0000 cmd_mean=0.0000 cmd_max=0.0000 filtered_mean=0.0000 filtered_max=0.0000 esc_throttle_mean=0.0000 total_thrust_n=0.0000 body_up_force_n=0.0000 saturated_motors=0 rated_cap_command=1.0000 voltage_v=14.8000 thrust_scale=1.000000 current_a=0.0000
[gazebo_direct_motor_model-5] [INFO] [1786554016.469965874] [my_drone_gazebo_direct_motor_model]: MOTOR_DYNAMIC_STATE sim_s=92.028 cmd_min=0.0000 cmd_mean=0.0000 cmd_max=0.0000 filtered_mean=0.0000 filtered_max=0.0000 esc_throttle_mean=0.0000 total_thrust_n=0.0000 body_up_force_n=0.0000 saturated_motors=0 rated_cap_command=1.0000 voltage_v=14.8000 thrust_scale=1.000000 current_a=0.0000
[gazebo_direct_motor_model-5] [INFO] [1786554017.686350883] [my_drone_gazebo_direct_motor_model]: MOTOR_DYNAMIC_STATE sim_s=93.028 cmd_min=0.0000 cmd_mean=0.0000 cmd_max=0.0000 filtered_mean=0.0000 filtered_max=0.0000 esc_throttle_mean=0.0000 total_thrust_n=0.0000 body_up_force_n=0.0000 saturated_motors=0 rated_cap_command=1.0000 voltage_v=14.8000 thrust_scale=1.000000 current_a=0.0000
[gazebo_direct_motor_model-5] [INFO] [1786554018.507991352] [my_drone_gazebo_direct_motor_model]: MOTOR_DYNAMIC_STATE sim_s=94.028 cmd_min=0.0000 cmd_mean=0.0000 cmd_max=0.0000 filtered_mean=0.0000 filtered_max=0.0000 esc_throttle_mean=0.0000 total_thrust_n=0.0000 body_up_force_n=0.0000 saturated_motors=0 rated_cap_command=1.0000 voltage_v=14.8000 thrust_scale=1.000000 current_a=0.0000
[gazebo_direct_motor_model-5] [INFO] [1786554019.465894842] [my_drone_gazebo_direct_motor_model]: MOTOR_DYNAMIC_STATE sim_s=95.028 cmd_min=0.0000 cmd_mean=0.0000 cmd_max=0.0000 filtered_mean=0.0000 filtered_max=0.0000 esc_throttle_mean=0.0000 total_thrust_n=0.0000 body_up_force_n=0.0000 saturated_motors=0 rated_cap_command=1.0000 voltage_v=14.8000 thrust_scale=1.000000 current_a=0.0000
[gazebo_direct_motor_model-5] [INFO] [1786554020.482218348] [my_drone_gazebo_direct_motor_model]: MOTOR_DYNAMIC_STATE sim_s=96.028 cmd_min=0.0000 cmd_mean=0.0000 cmd_max=0.0000 filtered_mean=0.0000 filtered_max=0.0000 esc_throttle_mean=0.0000 total_thrust_n=0.0000 body_up_force_n=0.0000 saturated_motors=0 rated_cap_command=1.0000 voltage_v=14.8000 thrust_scale=1.000000 current_a=0.0000
[gazebo_direct_motor_model-5] [INFO] [1786554021.470605741] [my_drone_gazebo_direct_motor_model]: MOTOR_DYNAMIC_STATE sim_s=97.028 cmd_min=0.0000 cmd_mean=0.0000 cmd_max=0.0000 filtered_mean=0.0000 filtered_max=0.0000 esc_throttle_mean=0.0000 total_thrust_n=0.0000 body_up_force_n=0.0000 saturated_motors=0 rated_cap_command=1.0000 voltage_v=14.8000 thrust_scale=1.000000 current_a=0.0000
[gazebo_direct_motor_model-5] [INFO] [1786554022.481831837] [my_drone_gazebo_direct_motor_model]: MOTOR_DYNAMIC_STATE sim_s=98.028 cmd_min=0.0000 cmd_mean=0.0000 cmd_max=0.0000 filtered_mean=0.0000 filtered_max=0.0000 esc_throttle_mean=0.0000 total_thrust_n=0.0000 body_up_force_n=0.0000 saturated_motors=0 rated_cap_command=1.0000 voltage_v=14.8000 thrust_scale=1.000000 current_a=0.0000
[gazebo_direct_motor_model-5] [INFO] [1786554023.468501743] [my_drone_gazebo_direct_motor_model]: MOTOR_DYNAMIC_STATE sim_s=99.028 cmd_min=0.0000 cmd_mean=0.0000 cmd_max=0.0000 filtered_mean=0.0000 filtered_max=0.0000 esc_throttle_mean=0.0000 total_thrust_n=0.0000 body_up_force_n=0.0000 saturated_motors=0 rated_cap_command=1.0000 voltage_v=14.8000 thrust_scale=1.000000 current_a=0.0000
[gazebo_direct_motor_model-5] [INFO] [1786554024.474180150] [my_drone_gazebo_direct_motor_model]: MOTOR_DYNAMIC_STATE sim_s=100.028 cmd_min=0.0000 cmd_mean=0.0000 cmd_max=0.0000 filtered_mean=0.0000 filtered_max=0.0000 esc_throttle_mean=0.0000 total_thrust_n=0.0000 body_up_force_n=0.0000 saturated_motors=0 rated_cap_command=1.0000 voltage_v=14.8000 thrust_scale=1.000000 current_a=0.0000
[gazebo_direct_motor_model-5] [INFO] [1786554025.466912755] [my_drone_gazebo_direct_motor_model]: MOTOR_DYNAMIC_STATE sim_s=101.028 cmd_min=0.0000 cmd_mean=0.0000 cmd_max=0.0000 filtered_mean=0.0000 filtered_max=0.0000 esc_throttle_mean=0.0000 total_thrust_n=0.0000 body_up_force_n=0.0000 saturated_motors=0 rated_cap_command=1.0000 voltage_v=14.8000 thrust_scale=1.000000 current_a=0.0000
[gazebo_direct_motor_model-5] [INFO] [1786554026.470187445] [my_drone_gazebo_direct_motor_model]: MOTOR_DYNAMIC_STATE sim_s=102.028 cmd_min=0.0000 cmd_mean=0.0000 cmd_max=0.0000 filtered_mean=0.0000 filtered_max=0.0000 esc_throttle_mean=0.0000 total_thrust_n=0.0000 body_up_force_n=0.0000 saturated_motors=0 rated_cap_command=1.0000 voltage_v=14.8000 thrust_scale=1.000000 current_a=0.0000
[gazebo_direct_motor_model-5] [INFO] [1786554027.470922822] [my_drone_gazebo_direct_motor_model]: MOTOR_DYNAMIC_STATE sim_s=103.028 cmd_min=0.0000 cmd_mean=0.0000 cmd_max=0.0000 filtered_mean=0.0000 filtered_max=0.0000 esc_throttle_mean=0.0000 total_thrust_n=0.0000 body_up_force_n=0.0000 saturated_motors=0 rated_cap_command=1.0000 voltage_v=14.8000 thrust_scale=1.000000 current_a=0.0000
[gazebo_direct_motor_model-5] [INFO] [1786554028.478521064] [my_drone_gazebo_direct_motor_model]: MOTOR_DYNAMIC_STATE sim_s=104.028 cmd_min=0.0000 cmd_mean=0.0000 cmd_max=0.0000 filtered_mean=0.0000 filtered_max=0.0000 esc_throttle_mean=0.0000 total_thrust_n=0.0000 body_up_force_n=0.0000 saturated_motors=0 rated_cap_command=1.0000 voltage_v=14.8000 thrust_scale=1.000000 current_a=0.0000
[gazebo_direct_motor_model-5] [INFO] [1786554029.465399675] [my_drone_gazebo_direct_motor_model]: MOTOR_DYNAMIC_STATE sim_s=105.028 cmd_min=0.0000 cmd_mean=0.0000 cmd_max=0.0000 filtered_mean=0.0000 filtered_max=0.0000 esc_throttle_mean=0.0000 total_thrust_n=0.0000 body_up_force_n=0.0000 saturated_motors=0 rated_cap_command=1.0000 voltage_v=14.8000 thrust_scale=1.000000 current_a=0.0000
[gazebo_direct_motor_model-5] [INFO] [1786554030.483271657] [my_drone_gazebo_direct_motor_model]: MOTOR_DYNAMIC_STATE sim_s=106.028 cmd_min=0.0000 cmd_mean=0.0000 cmd_max=0.0000 filtered_mean=0.0000 filtered_max=0.0000 esc_throttle_mean=0.0000 total_thrust_n=0.0000 body_up_force_n=0.0000 saturated_motors=0 rated_cap_command=1.0000 voltage_v=14.8000 thrust_scale=1.000000 current_a=0.0000
[gazebo_direct_motor_model-5] [INFO] [1786554031.467646156] [my_drone_gazebo_direct_motor_model]: MOTOR_DYNAMIC_STATE sim_s=107.028 cmd_min=0.0000 cmd_mean=0.0000 cmd_max=0.0000 filtered_mean=0.0000 filtered_max=0.0000 esc_throttle_mean=0.0000 total_thrust_n=0.0000 body_up_force_n=0.0000 saturated_motors=0 rated_cap_command=1.0000 voltage_v=14.8000 thrust_scale=1.000000 current_a=0.0000
[gazebo_direct_motor_model-5] [INFO] [1786554032.469611901] [my_drone_gazebo_direct_motor_model]: MOTOR_DYNAMIC_STATE sim_s=108.028 cmd_min=0.0000 cmd_mean=0.0000 cmd_max=0.0000 filtered_mean=0.0000 filtered_max=0.0000 esc_throttle_mean=0.0000 total_thrust_n=0.0000 body_up_force_n=0.0000 saturated_motors=0 rated_cap_command=1.0000 voltage_v=14.8000 thrust_scale=1.000000 current_a=0.0000
[gazebo_direct_motor_model-5] [INFO] [1786554033.465837469] [my_drone_gazebo_direct_motor_model]: MOTOR_DYNAMIC_STATE sim_s=109.028 cmd_min=0.0000 cmd_mean=0.0000 cmd_max=0.0000 filtered_mean=0.0000 filtered_max=0.0000 esc_throttle_mean=0.0000 total_thrust_n=0.0000 body_up_force_n=0.0000 saturated_motors=0 rated_cap_command=1.0000 voltage_v=14.8000 thrust_scale=1.000000 current_a=0.0000
[gazebo_direct_motor_model-5] [INFO] [1786554034.471164153] [my_drone_gazebo_direct_motor_model]: MOTOR_DYNAMIC_STATE sim_s=110.028 cmd_min=0.0000 cmd_mean=0.0000 cmd_max=0.0000 filtered_mean=0.0000 filtered_max=0.0000 esc_throttle_mean=0.0000 total_thrust_n=0.0000 body_up_force_n=0.0000 saturated_motors=0 rated_cap_command=1.0000 voltage_v=14.8000 thrust_scale=1.000000 current_a=0.0000
[gazebo_direct_motor_model-5] [INFO] [1786554035.471170352] [my_drone_gazebo_direct_motor_model]: MOTOR_DYNAMIC_STATE sim_s=111.028 cmd_min=0.0000 cmd_mean=0.0000 cmd_max=0.0000 filtered_mean=0.0000 filtered_max=0.0000 esc_throttle_mean=0.0000 total_thrust_n=0.0000 body_up_force_n=0.0000 saturated_motors=0 rated_cap_command=1.0000 voltage_v=14.8000 thrust_scale=1.000000 current_a=0.0000
[gazebo_direct_motor_model-5] [INFO] [1786554036.479456154] [my_drone_gazebo_direct_motor_model]: MOTOR_DYNAMIC_STATE sim_s=112.028 cmd_min=0.0000 cmd_mean=0.0000 cmd_max=0.0000 filtered_mean=0.0000 filtered_max=0.0000 esc_throttle_mean=0.0000 total_thrust_n=0.0000 body_up_force_n=0.0000 saturated_motors=0 rated_cap_command=1.0000 voltage_v=14.8000 thrust_scale=1.000000 current_a=0.0000
[gazebo_direct_motor_model-5] [INFO] [1786554037.464356160] [my_drone_gazebo_direct_motor_model]: MOTOR_DYNAMIC_STATE sim_s=113.028 cmd_min=0.0000 cmd_mean=0.0000 cmd_max=0.0000 filtered_mean=0.0000 filtered_max=0.0000 esc_throttle_mean=0.0000 total_thrust_n=0.0000 body_up_force_n=0.0000 saturated_motors=0 rated_cap_command=1.0000 voltage_v=14.8000 thrust_scale=1.000000 current_a=0.0000
[gazebo_direct_motor_model-5] [INFO] [1786554038.472280359] [my_drone_gazebo_direct_motor_model]: MOTOR_DYNAMIC_STATE sim_s=114.028 cmd_min=0.0000 cmd_mean=0.0000 cmd_max=0.0000 filtered_mean=0.0000 filtered_max=0.0000 esc_throttle_mean=0.0000 total_thrust_n=0.0000 body_up_force_n=0.0000 saturated_motors=0 rated_cap_command=1.0000 voltage_v=14.8000 thrust_scale=1.000000 current_a=0.0000
[gazebo_direct_motor_model-5] [INFO] [1786554039.467810986] [my_drone_gazebo_direct_motor_model]: MOTOR_DYNAMIC_STATE sim_s=115.028 cmd_min=0.0000 cmd_mean=0.0000 cmd_max=0.0000 filtered_mean=0.0000 filtered_max=0.0000 esc_throttle_mean=0.0000 total_thrust_n=0.0000 body_up_force_n=0.0000 saturated_motors=0 rated_cap_command=1.0000 voltage_v=14.8000 thrust_scale=1.000000 current_a=0.0000
[gazebo_direct_motor_model-5] [INFO] [1786554040.499709002] [my_drone_gazebo_direct_motor_model]: MOTOR_DYNAMIC_STATE sim_s=116.028 cmd_min=0.0000 cmd_mean=0.0000 cmd_max=0.0000 filtered_mean=0.0000 filtered_max=0.0000 esc_throttle_mean=0.0000 total_thrust_n=0.0000 body_up_force_n=0.0000 saturated_motors=0 rated_cap_command=1.0000 voltage_v=14.8000 thrust_scale=1.000000 current_a=0.0000
[gazebo_direct_motor_model-5] [INFO] [1786554041.470251622] [my_drone_gazebo_direct_motor_model]: MOTOR_DYNAMIC_STATE sim_s=117.028 cmd_min=0.0000 cmd_mean=0.0000 cmd_max=0.0000 filtered_mean=0.0000 filtered_max=0.0000 esc_throttle_mean=0.0000 total_thrust_n=0.0000 body_up_force_n=0.0000 saturated_motors=0 rated_cap_command=1.0000 voltage_v=14.8000 thrust_scale=1.000000 current_a=0.0000
[gazebo_direct_motor_model-5] [INFO] [1786554042.480628114] [my_drone_gazebo_direct_motor_model]: MOTOR_DYNAMIC_STATE sim_s=118.028 cmd_min=0.0000 cmd_mean=0.0000 cmd_max=0.0000 filtered_mean=0.0000 filtered_max=0.0000 esc_throttle_mean=0.0000 total_thrust_n=0.0000 body_up_force_n=0.0000 saturated_motors=0 rated_cap_command=1.0000 voltage_v=14.8000 thrust_scale=1.000000 current_a=0.0000
[gazebo_direct_motor_model-5] [INFO] [1786554043.466202681] [my_drone_gazebo_direct_motor_model]: MOTOR_DYNAMIC_STATE sim_s=119.028 cmd_min=0.0000 cmd_mean=0.0000 cmd_max=0.0000 filtered_mean=0.0000 filtered_max=0.0000 esc_throttle_mean=0.0000 total_thrust_n=0.0000 body_up_force_n=0.0000 saturated_motors=0 rated_cap_command=1.0000 voltage_v=14.8000 thrust_scale=1.000000 current_a=0.0000
[gazebo_direct_motor_model-5] [INFO] [1786554044.491527228] [my_drone_gazebo_direct_motor_model]: MOTOR_DYNAMIC_STATE sim_s=120.028 cmd_min=0.0000 cmd_mean=0.0000 cmd_max=0.0000 filtered_mean=0.0000 filtered_max=0.0000 esc_throttle_mean=0.0000 total_thrust_n=0.0000 body_up_force_n=0.0000 saturated_motors=0 rated_cap_command=1.0000 voltage_v=14.8000 thrust_scale=1.000000 current_a=0.0000
[gazebo_direct_motor_model-5] [INFO] [1786554045.470687479] [my_drone_gazebo_direct_motor_model]: MOTOR_DYNAMIC_STATE sim_s=121.028 cmd_min=0.0000 cmd_mean=0.0000 cmd_max=0.0000 filtered_mean=0.0000 filtered_max=0.0000 esc_throttle_mean=0.0000 total_thrust_n=0.0000 body_up_force_n=0.0000 saturated_motors=0 rated_cap_command=1.0000 voltage_v=14.8000 thrust_scale=1.000000 current_a=0.0000
[gazebo_direct_motor_model-5] [INFO] [1786554046.470616597] [my_drone_gazebo_direct_motor_model]: MOTOR_DYNAMIC_STATE sim_s=122.028 cmd_min=0.0000 cmd_mean=0.0000 cmd_max=0.0000 filtered_mean=0.0000 filtered_max=0.0000 esc_throttle_mean=0.0000 total_thrust_n=0.0000 body_up_force_n=0.0000 saturated_motors=0 rated_cap_command=1.0000 voltage_v=14.8000 thrust_scale=1.000000 current_a=0.0000
[gazebo_direct_motor_model-5] [INFO] [1786554047.465794851] [my_drone_gazebo_direct_motor_model]: MOTOR_DYNAMIC_STATE sim_s=123.028 cmd_min=0.0000 cmd_mean=0.0000 cmd_max=0.0000 filtered_mean=0.0000 filtered_max=0.0000 esc_throttle_mean=0.0000 total_thrust_n=0.0000 body_up_force_n=0.0000 saturated_motors=0 rated_cap_command=1.0000 voltage_v=14.8000 thrust_scale=1.000000 current_a=0.0000
[gazebo_direct_motor_model-5] [INFO] [1786554048.492785430] [my_drone_gazebo_direct_motor_model]: MOTOR_DYNAMIC_STATE sim_s=124.028 cmd_min=0.0000 cmd_mean=0.0000 cmd_max=0.0000 filtered_mean=0.0000 filtered_max=0.0000 esc_throttle_mean=0.0000 total_thrust_n=0.0000 body_up_force_n=0.0000 saturated_motors=0 rated_cap_command=1.0000 voltage_v=14.8000 thrust_scale=1.000000 current_a=0.0000
[gazebo_direct_motor_model-5] [INFO] [1786554049.464656688] [my_drone_gazebo_direct_motor_model]: MOTOR_DYNAMIC_STATE sim_s=125.028 cmd_min=0.0000 cmd_mean=0.0000 cmd_max=0.0000 filtered_mean=0.0000 filtered_max=0.0000 esc_throttle_mean=0.0000 total_thrust_n=0.0000 body_up_force_n=0.0000 saturated_motors=0 rated_cap_command=1.0000 voltage_v=14.8000 thrust_scale=1.000000 current_a=0.0000
[gazebo_direct_motor_model-5] [INFO] [1786554050.487083716] [my_drone_gazebo_direct_motor_model]: MOTOR_DYNAMIC_STATE sim_s=126.028 cmd_min=0.0000 cmd_mean=0.0000 cmd_max=0.0000 filtered_mean=0.0000 filtered_max=0.0000 esc_throttle_mean=0.0000 total_thrust_n=0.0000 body_up_force_n=0.0000 saturated_motors=0 rated_cap_command=1.0000 voltage_v=14.8000 thrust_scale=1.000000 current_a=0.0000
[gazebo_direct_motor_model-5] [INFO] [1786554051.471242795] [my_drone_gazebo_direct_motor_model]: MOTOR_DYNAMIC_STATE sim_s=127.028 cmd_min=0.0000 cmd_mean=0.0000 cmd_max=0.0000 filtered_mean=0.0000 filtered_max=0.0000 esc_throttle_mean=0.0000 total_thrust_n=0.0000 body_up_force_n=0.0000 saturated_motors=0 rated_cap_command=1.0000 voltage_v=14.8000 thrust_scale=1.000000 current_a=0.0000
[gazebo_direct_motor_model-5] [INFO] [1786554052.491766165] [my_drone_gazebo_direct_motor_model]: MOTOR_DYNAMIC_STATE sim_s=128.032 cmd_min=0.0000 cmd_mean=0.0000 cmd_max=0.0000 filtered_mean=0.0000 filtered_max=0.0000 esc_throttle_mean=0.0000 total_thrust_n=0.0000 body_up_force_n=0.0000 saturated_motors=0 rated_cap_command=1.0000 voltage_v=14.8000 thrust_scale=1.000000 current_a=0.0000
[gazebo_direct_motor_model-5] [INFO] [1786554053.475649375] [my_drone_gazebo_direct_motor_model]: MOTOR_DYNAMIC_STATE sim_s=129.032 cmd_min=0.0000 cmd_mean=0.0000 cmd_max=0.0000 filtered_mean=0.0000 filtered_max=0.0000 esc_throttle_mean=0.0000 total_thrust_n=0.0000 body_up_force_n=0.0000 saturated_motors=0 rated_cap_command=1.0000 voltage_v=14.8000 thrust_scale=1.000000 current_a=0.0000
[gazebo_direct_motor_model-5] [INFO] [1786554054.478705099] [my_drone_gazebo_direct_motor_model]: MOTOR_DYNAMIC_STATE sim_s=130.032 cmd_min=0.0000 cmd_mean=0.0000 cmd_max=0.0000 filtered_mean=0.0000 filtered_max=0.0000 esc_throttle_mean=0.0000 total_thrust_n=0.0000 body_up_force_n=0.0000 saturated_motors=0 rated_cap_command=1.0000 voltage_v=14.8000 thrust_scale=1.000000 current_a=0.0000
[gazebo_direct_motor_model-5] [INFO] [1786554055.482645411] [my_drone_gazebo_direct_motor_model]: MOTOR_DYNAMIC_STATE sim_s=131.032 cmd_min=0.0000 cmd_mean=0.0000 cmd_max=0.0000 filtered_mean=0.0000 filtered_max=0.0000 esc_throttle_mean=0.0000 total_thrust_n=0.0000 body_up_force_n=0.0000 saturated_motors=0 rated_cap_command=1.0000 voltage_v=14.8000 thrust_scale=1.000000 current_a=0.0000
[gazebo_direct_motor_model-5] [INFO] [1786554056.470571378] [my_drone_gazebo_direct_motor_model]: MOTOR_DYNAMIC_STATE sim_s=132.032 cmd_min=0.0000 cmd_mean=0.0000 cmd_max=0.0000 filtered_mean=0.0000 filtered_max=0.0000 esc_throttle_mean=0.0000 total_thrust_n=0.0000 body_up_force_n=0.0000 saturated_motors=0 rated_cap_command=1.0000 voltage_v=14.8000 thrust_scale=1.000000 current_a=0.0000
[gazebo_direct_motor_model-5] [INFO] [1786554057.472790830] [my_drone_gazebo_direct_motor_model]: MOTOR_DYNAMIC_STATE sim_s=133.032 cmd_min=0.0000 cmd_mean=0.0000 cmd_max=0.0000 filtered_mean=0.0000 filtered_max=0.0000 esc_throttle_mean=0.0000 total_thrust_n=0.0000 body_up_force_n=0.0000 saturated_motors=0 rated_cap_command=1.0000 voltage_v=14.8000 thrust_scale=1.000000 current_a=0.0000
[gazebo_direct_motor_model-5] [INFO] [1786554058.475129051] [my_drone_gazebo_direct_motor_model]: MOTOR_DYNAMIC_STATE sim_s=134.032 cmd_min=0.0000 cmd_mean=0.0000 cmd_max=0.0000 filtered_mean=0.0000 filtered_max=0.0000 esc_throttle_mean=0.0000 total_thrust_n=0.0000 body_up_force_n=0.0000 saturated_motors=0 rated_cap_command=1.0000 voltage_v=14.8000 thrust_scale=1.000000 current_a=0.0000
[gazebo_direct_motor_model-5] [INFO] [1786554059.478683002] [my_drone_gazebo_direct_motor_model]: MOTOR_DYNAMIC_STATE sim_s=135.032 cmd_min=0.0000 cmd_mean=0.0000 cmd_max=0.0000 filtered_mean=0.0000 filtered_max=0.0000 esc_throttle_mean=0.0000 total_thrust_n=0.0000 body_up_force_n=0.0000 saturated_motors=0 rated_cap_command=1.0000 voltage_v=14.8000 thrust_scale=1.000000 current_a=0.0000
[gazebo_direct_motor_model-5] [INFO] [1786554060.482214621] [my_drone_gazebo_direct_motor_model]: MOTOR_DYNAMIC_STATE sim_s=136.032 cmd_min=0.0000 cmd_mean=0.0000 cmd_max=0.0000 filtered_mean=0.0000 filtered_max=0.0000 esc_throttle_mean=0.0000 total_thrust_n=0.0000 body_up_force_n=0.0000 saturated_motors=0 rated_cap_command=1.0000 voltage_v=14.8000 thrust_scale=1.000000 current_a=0.0000
[gazebo_direct_motor_model-5] [INFO] [1786554061.487371778] [my_drone_gazebo_direct_motor_model]: MOTOR_DYNAMIC_STATE sim_s=137.032 cmd_min=0.0000 cmd_mean=0.0000 cmd_max=0.0000 filtered_mean=0.0000 filtered_max=0.0000 esc_throttle_mean=0.0000 total_thrust_n=0.0000 body_up_force_n=0.0000 saturated_motors=0 rated_cap_command=1.0000 voltage_v=14.8000 thrust_scale=1.000000 current_a=0.0000
[gazebo_direct_motor_model-5] [INFO] [1786554062.471522628] [my_drone_gazebo_direct_motor_model]: MOTOR_DYNAMIC_STATE sim_s=138.032 cmd_min=0.0000 cmd_mean=0.0000 cmd_max=0.0000 filtered_mean=0.0000 filtered_max=0.0000 esc_throttle_mean=0.0000 total_thrust_n=0.0000 body_up_force_n=0.0000 saturated_motors=0 rated_cap_command=1.0000 voltage_v=14.8000 thrust_scale=1.000000 current_a=0.0000
[gazebo_direct_motor_model-5] [INFO] [1786554063.478191487] [my_drone_gazebo_direct_motor_model]: MOTOR_DYNAMIC_STATE sim_s=139.032 cmd_min=0.0000 cmd_mean=0.0000 cmd_max=0.0000 filtered_mean=0.0000 filtered_max=0.0000 esc_throttle_mean=0.0000 total_thrust_n=0.0000 body_up_force_n=0.0000 saturated_motors=0 rated_cap_command=1.0000 voltage_v=14.8000 thrust_scale=1.000000 current_a=0.0000
[gazebo_direct_motor_model-5] [INFO] [1786554064.475159648] [my_drone_gazebo_direct_motor_model]: MOTOR_DYNAMIC_STATE sim_s=140.032 cmd_min=0.0000 cmd_mean=0.0000 cmd_max=0.0000 filtered_mean=0.0000 filtered_max=0.0000 esc_throttle_mean=0.0000 total_thrust_n=0.0000 body_up_force_n=0.0000 saturated_motors=0 rated_cap_command=1.0000 voltage_v=14.8000 thrust_scale=1.000000 current_a=0.0000
[gazebo_direct_motor_model-5] [INFO] [1786554065.475673092] [my_drone_gazebo_direct_motor_model]: MOTOR_DYNAMIC_STATE sim_s=141.032 cmd_min=0.0000 cmd_mean=0.0000 cmd_max=0.0000 filtered_mean=0.0000 filtered_max=0.0000 esc_throttle_mean=0.0000 total_thrust_n=0.0000 body_up_force_n=0.0000 saturated_motors=0 rated_cap_command=1.0000 voltage_v=14.8000 thrust_scale=1.000000 current_a=0.0000
[gazebo_direct_motor_model-5] [INFO] [1786554066.472184390] [my_drone_gazebo_direct_motor_model]: MOTOR_DYNAMIC_STATE sim_s=142.032 cmd_min=0.0000 cmd_mean=0.0000 cmd_max=0.0000 filtered_mean=0.0000 filtered_max=0.0000 esc_throttle_mean=0.0000 total_thrust_n=0.0000 body_up_force_n=0.0000 saturated_motors=0 rated_cap_command=1.0000 voltage_v=14.8000 thrust_scale=1.000000 current_a=0.0000
[gazebo_direct_motor_model-5] [INFO] [1786554067.486210278] [my_drone_gazebo_direct_motor_model]: MOTOR_DYNAMIC_STATE sim_s=143.032 cmd_min=0.0000 cmd_mean=0.0000 cmd_max=0.0000 filtered_mean=0.0000 filtered_max=0.0000 esc_throttle_mean=0.0000 total_thrust_n=0.0000 body_up_force_n=0.0000 saturated_motors=0 rated_cap_command=1.0000 voltage_v=14.8000 thrust_scale=1.000000 current_a=0.0000
[gazebo_direct_motor_model-5] [INFO] [1786554068.477166111] [my_drone_gazebo_direct_motor_model]: MOTOR_DYNAMIC_STATE sim_s=144.032 cmd_min=0.0000 cmd_mean=0.0000 cmd_max=0.0000 filtered_mean=0.0000 filtered_max=0.0000 esc_throttle_mean=0.0000 total_thrust_n=0.0000 body_up_force_n=0.0000 saturated_motors=0 rated_cap_command=1.0000 voltage_v=14.8000 thrust_scale=1.000000 current_a=0.0000
[gazebo_direct_motor_model-5] [INFO] [1786554069.478880779] [my_drone_gazebo_direct_motor_model]: MOTOR_DYNAMIC_STATE sim_s=145.032 cmd_min=0.0000 cmd_mean=0.0000 cmd_max=0.0000 filtered_mean=0.0000 filtered_max=0.0000 esc_throttle_mean=0.0000 total_thrust_n=0.0000 body_up_force_n=0.0000 saturated_motors=0 rated_cap_command=1.0000 voltage_v=14.8000 thrust_scale=1.000000 current_a=0.0000
[gazebo_direct_motor_model-5] [INFO] [1786554070.471361393] [my_drone_gazebo_direct_motor_model]: MOTOR_DYNAMIC_STATE sim_s=146.032 cmd_min=0.0000 cmd_mean=0.0000 cmd_max=0.0000 filtered_mean=0.0000 filtered_max=0.0000 esc_throttle_mean=0.0000 total_thrust_n=0.0000 body_up_force_n=0.0000 saturated_motors=0 rated_cap_command=1.0000 voltage_v=14.8000 thrust_scale=1.000000 current_a=0.0000
[gazebo_direct_motor_model-5] [INFO] [1786554071.485549890] [my_drone_gazebo_direct_motor_model]: MOTOR_DYNAMIC_STATE sim_s=147.032 cmd_min=0.0000 cmd_mean=0.0000 cmd_max=0.0000 filtered_mean=0.0000 filtered_max=0.0000 esc_throttle_mean=0.0000 total_thrust_n=0.0000 body_up_force_n=0.0000 saturated_motors=0 rated_cap_command=1.0000 voltage_v=14.8000 thrust_scale=1.000000 current_a=0.0000
[gazebo_direct_motor_model-5] [INFO] [1786554072.470928086] [my_drone_gazebo_direct_motor_model]: MOTOR_DYNAMIC_STATE sim_s=148.032 cmd_min=0.0000 cmd_mean=0.0000 cmd_max=0.0000 filtered_mean=0.0000 filtered_max=0.0000 esc_throttle_mean=0.0000 total_thrust_n=0.0000 body_up_force_n=0.0000 saturated_motors=0 rated_cap_command=1.0000 voltage_v=14.8000 thrust_scale=1.000000 current_a=0.0000
[gazebo_direct_motor_model-5] [INFO] [1786554073.480506080] [my_drone_gazebo_direct_motor_model]: MOTOR_DYNAMIC_STATE sim_s=149.032 cmd_min=0.0000 cmd_mean=0.0000 cmd_max=0.0000 filtered_mean=0.0000 filtered_max=0.0000 esc_throttle_mean=0.0000 total_thrust_n=0.0000 body_up_force_n=0.0000 saturated_motors=0 rated_cap_command=1.0000 voltage_v=14.8000 thrust_scale=1.000000 current_a=0.0000
[gazebo_direct_motor_model-5] [INFO] [1786554074.472675172] [my_drone_gazebo_direct_motor_model]: MOTOR_DYNAMIC_STATE sim_s=150.032 cmd_min=0.0000 cmd_mean=0.0000 cmd_max=0.0000 filtered_mean=0.0000 filtered_max=0.0000 esc_throttle_mean=0.0000 total_thrust_n=0.0000 body_up_force_n=0.0000 saturated_motors=0 rated_cap_command=1.0000 voltage_v=14.8000 thrust_scale=1.000000 current_a=0.0000
[gazebo_direct_motor_model-5] [INFO] [1786554075.493664340] [my_drone_gazebo_direct_motor_model]: MOTOR_DYNAMIC_STATE sim_s=151.032 cmd_min=0.0000 cmd_mean=0.0000 cmd_max=0.0000 filtered_mean=0.0000 filtered_max=0.0000 esc_throttle_mean=0.0000 total_thrust_n=0.0000 body_up_force_n=0.0000 saturated_motors=0 rated_cap_command=1.0000 voltage_v=14.8000 thrust_scale=1.000000 current_a=0.0000
[gazebo_direct_motor_model-5] [INFO] [1786554076.473332663] [my_drone_gazebo_direct_motor_model]: MOTOR_DYNAMIC_STATE sim_s=152.032 cmd_min=0.0000 cmd_mean=0.0000 cmd_max=0.0000 filtered_mean=0.0000 filtered_max=0.0000 esc_throttle_mean=0.0000 total_thrust_n=0.0000 body_up_force_n=0.0000 saturated_motors=0 rated_cap_command=1.0000 voltage_v=14.8000 thrust_scale=1.000000 current_a=0.0000
[gazebo_direct_motor_model-5] [INFO] [1786554077.476530074] [my_drone_gazebo_direct_motor_model]: MOTOR_DYNAMIC_STATE sim_s=153.032 cmd_min=0.0000 cmd_mean=0.0000 cmd_max=0.0000 filtered_mean=0.0000 filtered_max=0.0000 esc_throttle_mean=0.0000 total_thrust_n=0.0000 body_up_force_n=0.0000 saturated_motors=0 rated_cap_command=1.0000 voltage_v=14.8000 thrust_scale=1.000000 current_a=0.0000
[gazebo_direct_motor_model-5] [INFO] [1786554078.472406968] [my_drone_gazebo_direct_motor_model]: MOTOR_DYNAMIC_STATE sim_s=154.032 cmd_min=0.0000 cmd_mean=0.0000 cmd_max=0.0000 filtered_mean=0.0000 filtered_max=0.0000 esc_throttle_mean=0.0000 total_thrust_n=0.0000 body_up_force_n=0.0000 saturated_motors=0 rated_cap_command=1.0000 voltage_v=14.8000 thrust_scale=1.000000 current_a=0.0000
[gazebo_direct_motor_model-5] [INFO] [1786554079.486605205] [my_drone_gazebo_direct_motor_model]: MOTOR_DYNAMIC_STATE sim_s=155.032 cmd_min=0.0000 cmd_mean=0.0000 cmd_max=0.0000 filtered_mean=0.0000 filtered_max=0.0000 esc_throttle_mean=0.0000 total_thrust_n=0.0000 body_up_force_n=0.0000 saturated_motors=0 rated_cap_command=1.0000 voltage_v=14.8000 thrust_scale=1.000000 current_a=0.0000
[gazebo_direct_motor_model-5] [INFO] [1786554080.478846424] [my_drone_gazebo_direct_motor_model]: MOTOR_DYNAMIC_STATE sim_s=156.032 cmd_min=0.0000 cmd_mean=0.0000 cmd_max=0.0000 filtered_mean=0.0000 filtered_max=0.0000 esc_throttle_mean=0.0000 total_thrust_n=0.0000 body_up_force_n=0.0000 saturated_motors=0 rated_cap_command=1.0000 voltage_v=14.8000 thrust_scale=1.000000 current_a=0.0000
[gazebo_direct_motor_model-5] [INFO] [1786554081.474602798] [my_drone_gazebo_direct_motor_model]: MOTOR_DYNAMIC_STATE sim_s=157.032 cmd_min=0.0000 cmd_mean=0.0000 cmd_max=0.0000 filtered_mean=0.0000 filtered_max=0.0000 esc_throttle_mean=0.0000 total_thrust_n=0.0000 body_up_force_n=0.0000 saturated_motors=0 rated_cap_command=1.0000 voltage_v=14.8000 thrust_scale=1.000000 current_a=0.0000
[gazebo_direct_motor_model-5] [INFO] [1786554082.574197219] [my_drone_gazebo_direct_motor_model]: MOTOR_DYNAMIC_STATE sim_s=158.032 cmd_min=0.0000 cmd_mean=0.0000 cmd_max=0.0000 filtered_mean=0.0000 filtered_max=0.0000 esc_throttle_mean=0.0000 total_thrust_n=0.0000 body_up_force_n=0.0000 saturated_motors=0 rated_cap_command=1.0000 voltage_v=14.8000 thrust_scale=1.000000 current_a=0.0000
[gazebo_direct_motor_model-5] [INFO] [1786554083.519678278] [my_drone_gazebo_direct_motor_model]: MOTOR_DYNAMIC_STATE sim_s=159.032 cmd_min=0.0000 cmd_mean=0.0000 cmd_max=0.0000 filtered_mean=0.0000 filtered_max=0.0000 esc_throttle_mean=0.0000 total_thrust_n=0.0000 body_up_force_n=0.0000 saturated_motors=0 rated_cap_command=1.0000 voltage_v=14.8000 thrust_scale=1.000000 current_a=0.0000
[gazebo_direct_motor_model-5] [INFO] [1786554084.538012437] [my_drone_gazebo_direct_motor_model]: MOTOR_DYNAMIC_STATE sim_s=160.032 cmd_min=0.0000 cmd_mean=0.0000 cmd_max=0.0000 filtered_mean=0.0000 filtered_max=0.0000 esc_throttle_mean=0.0000 total_thrust_n=0.0000 body_up_force_n=0.0000 saturated_motors=0 rated_cap_command=1.0000 voltage_v=14.8000 thrust_scale=1.000000 current_a=0.0000
[gazebo_direct_motor_model-5] [INFO] [1786554085.497099090] [my_drone_gazebo_direct_motor_model]: MOTOR_DYNAMIC_STATE sim_s=161.032 cmd_min=0.0000 cmd_mean=0.0000 cmd_max=0.0000 filtered_mean=0.0000 filtered_max=0.0000 esc_throttle_mean=0.0000 total_thrust_n=0.0000 body_up_force_n=0.0000 saturated_motors=0 rated_cap_command=1.0000 voltage_v=14.8000 thrust_scale=1.000000 current_a=0.0000
[gazebo_direct_motor_model-5] [INFO] [1786554086.580191524] [my_drone_gazebo_direct_motor_model]: MOTOR_DYNAMIC_STATE sim_s=162.032 cmd_min=0.0000 cmd_mean=0.0000 cmd_max=0.0000 filtered_mean=0.0000 filtered_max=0.0000 esc_throttle_mean=0.0000 total_thrust_n=0.0000 body_up_force_n=0.0000 saturated_motors=0 rated_cap_command=1.0000 voltage_v=14.8000 thrust_scale=1.000000 current_a=0.0000
[gazebo_direct_motor_model-5] [INFO] [1786554087.512146486] [my_drone_gazebo_direct_motor_model]: MOTOR_DYNAMIC_STATE sim_s=163.032 cmd_min=0.0000 cmd_mean=0.0000 cmd_max=0.0000 filtered_mean=0.0000 filtered_max=0.0000 esc_throttle_mean=0.0000 total_thrust_n=0.0000 body_up_force_n=0.0000 saturated_motors=0 rated_cap_command=1.0000 voltage_v=14.8000 thrust_scale=1.000000 current_a=0.0000
[gazebo_direct_motor_model-5] [INFO] [1786554088.495523580] [my_drone_gazebo_direct_motor_model]: MOTOR_DYNAMIC_STATE sim_s=164.032 cmd_min=0.0000 cmd_mean=0.0000 cmd_max=0.0000 filtered_mean=0.0000 filtered_max=0.0000 esc_throttle_mean=0.0000 total_thrust_n=0.0000 body_up_force_n=0.0000 saturated_motors=0 rated_cap_command=1.0000 voltage_v=14.8000 thrust_scale=1.000000 current_a=0.0000
[gazebo_direct_motor_model-5] [INFO] [1786554089.485476174] [my_drone_gazebo_direct_motor_model]: MOTOR_DYNAMIC_STATE sim_s=165.032 cmd_min=0.0000 cmd_mean=0.0000 cmd_max=0.0000 filtered_mean=0.0000 filtered_max=0.0000 esc_throttle_mean=0.0000 total_thrust_n=0.0000 body_up_force_n=0.0000 saturated_motors=0 rated_cap_command=1.0000 voltage_v=14.8000 thrust_scale=1.000000 current_a=0.0000
[gazebo_direct_motor_model-5] [INFO] [1786554090.492458480] [my_drone_gazebo_direct_motor_model]: MOTOR_DYNAMIC_STATE sim_s=166.032 cmd_min=0.0000 cmd_mean=0.0000 cmd_max=0.0000 filtered_mean=0.0000 filtered_max=0.0000 esc_throttle_mean=0.0000 total_thrust_n=0.0000 body_up_force_n=0.0000 saturated_motors=0 rated_cap_command=1.0000 voltage_v=14.8000 thrust_scale=1.000000 current_a=0.0000
[gazebo_direct_motor_model-5] [INFO] [1786554091.483851833] [my_drone_gazebo_direct_motor_model]: MOTOR_DYNAMIC_STATE sim_s=167.032 cmd_min=0.0000 cmd_mean=0.0000 cmd_max=0.0000 filtered_mean=0.0000 filtered_max=0.0000 esc_throttle_mean=0.0000 total_thrust_n=0.0000 body_up_force_n=0.0000 saturated_motors=0 rated_cap_command=1.0000 voltage_v=14.8000 thrust_scale=1.000000 current_a=0.0000
[gazebo_direct_motor_model-5] [INFO] [1786554092.500932506] [my_drone_gazebo_direct_motor_model]: MOTOR_DYNAMIC_STATE sim_s=168.032 cmd_min=0.0000 cmd_mean=0.0000 cmd_max=0.0000 filtered_mean=0.0000 filtered_max=0.0000 esc_throttle_mean=0.0000 total_thrust_n=0.0000 body_up_force_n=0.0000 saturated_motors=0 rated_cap_command=1.0000 voltage_v=14.8000 thrust_scale=1.000000 current_a=0.0000
[gazebo_direct_motor_model-5] [INFO] [1786554093.483804444] [my_drone_gazebo_direct_motor_model]: MOTOR_DYNAMIC_STATE sim_s=169.032 cmd_min=0.0000 cmd_mean=0.0000 cmd_max=0.0000 filtered_mean=0.0000 filtered_max=0.0000 esc_throttle_mean=0.0000 total_thrust_n=0.0000 body_up_force_n=0.0000 saturated_motors=0 rated_cap_command=1.0000 voltage_v=14.8000 thrust_scale=1.000000 current_a=0.0000
[gazebo_direct_motor_model-5] [INFO] [1786554094.493213844] [my_drone_gazebo_direct_motor_model]: MOTOR_DYNAMIC_STATE sim_s=170.032 cmd_min=0.0000 cmd_mean=0.0000 cmd_max=0.0000 filtered_mean=0.0000 filtered_max=0.0000 esc_throttle_mean=0.0000 total_thrust_n=0.0000 body_up_force_n=0.0000 saturated_motors=0 rated_cap_command=1.0000 voltage_v=14.8000 thrust_scale=1.000000 current_a=0.0000
[gazebo_direct_motor_model-5] [INFO] [1786554095.484318459] [my_drone_gazebo_direct_motor_model]: MOTOR_DYNAMIC_STATE sim_s=171.032 cmd_min=0.0000 cmd_mean=0.0000 cmd_max=0.0000 filtered_mean=0.0000 filtered_max=0.0000 esc_throttle_mean=0.0000 total_thrust_n=0.0000 body_up_force_n=0.0000 saturated_motors=0 rated_cap_command=1.0000 voltage_v=14.8000 thrust_scale=1.000000 current_a=0.0000
[gazebo_direct_motor_model-5] [INFO] [1786554096.484072302] [my_drone_gazebo_direct_motor_model]: MOTOR_DYNAMIC_STATE sim_s=172.032 cmd_min=0.0000 cmd_mean=0.0000 cmd_max=0.0000 filtered_mean=0.0000 filtered_max=0.0000 esc_throttle_mean=0.0000 total_thrust_n=0.0000 body_up_force_n=0.0000 saturated_motors=0 rated_cap_command=1.0000 voltage_v=14.8000 thrust_scale=1.000000 current_a=0.0000
[gazebo_direct_motor_model-5] [INFO] [1786554097.478798768] [my_drone_gazebo_direct_motor_model]: MOTOR_DYNAMIC_STATE sim_s=173.032 cmd_min=0.0000 cmd_mean=0.0000 cmd_max=0.0000 filtered_mean=0.0000 filtered_max=0.0000 esc_throttle_mean=0.0000 total_thrust_n=0.0000 body_up_force_n=0.0000 saturated_motors=0 rated_cap_command=1.0000 voltage_v=14.8000 thrust_scale=1.000000 current_a=0.0000
[gazebo_direct_motor_model-5] [INFO] [1786554098.597998962] [my_drone_gazebo_direct_motor_model]: MOTOR_DYNAMIC_STATE sim_s=174.032 cmd_min=0.0000 cmd_mean=0.0000 cmd_max=0.0000 filtered_mean=0.0000 filtered_max=0.0000 esc_throttle_mean=0.0000 total_thrust_n=0.0000 body_up_force_n=0.0000 saturated_motors=0 rated_cap_command=1.0000 voltage_v=14.8000 thrust_scale=1.000000 current_a=0.0000
[gazebo_direct_motor_model-5] [INFO] [1786554099.482548914] [my_drone_gazebo_direct_motor_model]: MOTOR_DYNAMIC_STATE sim_s=175.032 cmd_min=0.0000 cmd_mean=0.0000 cmd_max=0.0000 filtered_mean=0.0000 filtered_max=0.0000 esc_throttle_mean=0.0000 total_thrust_n=0.0000 body_up_force_n=0.0000 saturated_motors=0 rated_cap_command=1.0000 voltage_v=14.8000 thrust_scale=1.000000 current_a=0.0000
[gazebo_direct_motor_model-5] [INFO] [1786554100.505942366] [my_drone_gazebo_direct_motor_model]: MOTOR_DYNAMIC_STATE sim_s=176.032 cmd_min=0.0000 cmd_mean=0.0000 cmd_max=0.0000 filtered_mean=0.0000 filtered_max=0.0000 esc_throttle_mean=0.0000 total_thrust_n=0.0000 body_up_force_n=0.0000 saturated_motors=0 rated_cap_command=1.0000 voltage_v=14.8000 thrust_scale=1.000000 current_a=0.0000
[gazebo_direct_motor_model-5] [INFO] [1786554101.489205197] [my_drone_gazebo_direct_motor_model]: MOTOR_DYNAMIC_STATE sim_s=177.032 cmd_min=0.0000 cmd_mean=0.0000 cmd_max=0.0000 filtered_mean=0.0000 filtered_max=0.0000 esc_throttle_mean=0.0000 total_thrust_n=0.0000 body_up_force_n=0.0000 saturated_motors=0 rated_cap_command=1.0000 voltage_v=14.8000 thrust_scale=1.000000 current_a=0.0000
[gazebo_direct_motor_model-5] [INFO] [1786554102.487267643] [my_drone_gazebo_direct_motor_model]: MOTOR_DYNAMIC_STATE sim_s=178.032 cmd_min=0.0000 cmd_mean=0.0000 cmd_max=0.0000 filtered_mean=0.0000 filtered_max=0.0000 esc_throttle_mean=0.0000 total_thrust_n=0.0000 body_up_force_n=0.0000 saturated_motors=0 rated_cap_command=1.0000 voltage_v=14.8000 thrust_scale=1.000000 current_a=0.0000
[gazebo_direct_motor_model-5] [INFO] [1786554103.480096533] [my_drone_gazebo_direct_motor_model]: MOTOR_DYNAMIC_STATE sim_s=179.032 cmd_min=0.0000 cmd_mean=0.0000 cmd_max=0.0000 filtered_mean=0.0000 filtered_max=0.0000 esc_throttle_mean=0.0000 total_thrust_n=0.0000 body_up_force_n=0.0000 saturated_motors=0 rated_cap_command=1.0000 voltage_v=14.8000 thrust_scale=1.000000 current_a=0.0000
[gazebo_direct_motor_model-5] [INFO] [1786554104.488349069] [my_drone_gazebo_direct_motor_model]: MOTOR_DYNAMIC_STATE sim_s=180.032 cmd_min=0.0000 cmd_mean=0.0000 cmd_max=0.0000 filtered_mean=0.0000 filtered_max=0.0000 esc_throttle_mean=0.0000 total_thrust_n=0.0000 body_up_force_n=0.0000 saturated_motors=0 rated_cap_command=1.0000 voltage_v=14.8000 thrust_scale=1.000000 current_a=0.0000
[gazebo_direct_motor_model-5] [INFO] [1786554105.479695247] [my_drone_gazebo_direct_motor_model]: MOTOR_DYNAMIC_STATE sim_s=181.032 cmd_min=0.0000 cmd_mean=0.0000 cmd_max=0.0000 filtered_mean=0.0000 filtered_max=0.0000 esc_throttle_mean=0.0000 total_thrust_n=0.0000 body_up_force_n=0.0000 saturated_motors=0 rated_cap_command=1.0000 voltage_v=14.8000 thrust_scale=1.000000 current_a=0.0000
[gazebo_direct_motor_model-5] [INFO] [1786554106.488009047] [my_drone_gazebo_direct_motor_model]: MOTOR_DYNAMIC_STATE sim_s=182.032 cmd_min=0.0000 cmd_mean=0.0000 cmd_max=0.0000 filtered_mean=0.0000 filtered_max=0.0000 esc_throttle_mean=0.0000 total_thrust_n=0.0000 body_up_force_n=0.0000 saturated_motors=0 rated_cap_command=1.0000 voltage_v=14.8000 thrust_scale=1.000000 current_a=0.0000
[gazebo_direct_motor_model-5] [INFO] [1786554107.480963609] [my_drone_gazebo_direct_motor_model]: MOTOR_DYNAMIC_STATE sim_s=183.032 cmd_min=0.0000 cmd_mean=0.0000 cmd_max=0.0000 filtered_mean=0.0000 filtered_max=0.0000 esc_throttle_mean=0.0000 total_thrust_n=0.0000 body_up_force_n=0.0000 saturated_motors=0 rated_cap_command=1.0000 voltage_v=14.8000 thrust_scale=1.000000 current_a=0.0000
[gazebo_direct_motor_model-5] [INFO] [1786554108.490406503] [my_drone_gazebo_direct_motor_model]: MOTOR_DYNAMIC_STATE sim_s=184.032 cmd_min=0.0000 cmd_mean=0.0000 cmd_max=0.0000 filtered_mean=0.0000 filtered_max=0.0000 esc_throttle_mean=0.0000 total_thrust_n=0.0000 body_up_force_n=0.0000 saturated_motors=0 rated_cap_command=1.0000 voltage_v=14.8000 thrust_scale=1.000000 current_a=0.0000
[gazebo_direct_motor_model-5] [INFO] [1786554109.487002974] [my_drone_gazebo_direct_motor_model]: MOTOR_DYNAMIC_STATE sim_s=185.032 cmd_min=0.0000 cmd_mean=0.0000 cmd_max=0.0000 filtered_mean=0.0000 filtered_max=0.0000 esc_throttle_mean=0.0000 total_thrust_n=0.0000 body_up_force_n=0.0000 saturated_motors=0 rated_cap_command=1.0000 voltage_v=14.8000 thrust_scale=1.000000 current_a=0.0000
[gazebo_direct_motor_model-5] [INFO] [1786554110.487192303] [my_drone_gazebo_direct_motor_model]: MOTOR_DYNAMIC_STATE sim_s=186.032 cmd_min=0.0000 cmd_mean=0.0000 cmd_max=0.0000 filtered_mean=0.0000 filtered_max=0.0000 esc_throttle_mean=0.0000 total_thrust_n=0.0000 body_up_force_n=0.0000 saturated_motors=0 rated_cap_command=1.0000 voltage_v=14.8000 thrust_scale=1.000000 current_a=0.0000
[gazebo_direct_motor_model-5] [INFO] [1786554111.487372439] [my_drone_gazebo_direct_motor_model]: MOTOR_DYNAMIC_STATE sim_s=187.032 cmd_min=0.0000 cmd_mean=0.0000 cmd_max=0.0000 filtered_mean=0.0000 filtered_max=0.0000 esc_throttle_mean=0.0000 total_thrust_n=0.0000 body_up_force_n=0.0000 saturated_motors=0 rated_cap_command=1.0000 voltage_v=14.8000 thrust_scale=1.000000 current_a=0.0000
[gazebo_direct_motor_model-5] [INFO] [1786554112.487041974] [my_drone_gazebo_direct_motor_model]: MOTOR_DYNAMIC_STATE sim_s=188.032 cmd_min=0.0000 cmd_mean=0.0000 cmd_max=0.0000 filtered_mean=0.0000 filtered_max=0.0000 esc_throttle_mean=0.0000 total_thrust_n=0.0000 body_up_force_n=0.0000 saturated_motors=0 rated_cap_command=1.0000 voltage_v=14.8000 thrust_scale=1.000000 current_a=0.0000
[gazebo_direct_motor_model-5] [INFO] [1786554113.490737553] [my_drone_gazebo_direct_motor_model]: MOTOR_DYNAMIC_STATE sim_s=189.032 cmd_min=0.0000 cmd_mean=0.0000 cmd_max=0.0000 filtered_mean=0.0000 filtered_max=0.0000 esc_throttle_mean=0.0000 total_thrust_n=0.0000 body_up_force_n=0.0000 saturated_motors=0 rated_cap_command=1.0000 voltage_v=14.8000 thrust_scale=1.000000 current_a=0.0000
[gazebo_direct_motor_model-5] [INFO] [1786554114.483626023] [my_drone_gazebo_direct_motor_model]: MOTOR_DYNAMIC_STATE sim_s=190.032 cmd_min=0.0000 cmd_mean=0.0000 cmd_max=0.0000 filtered_mean=0.0000 filtered_max=0.0000 esc_throttle_mean=0.0000 total_thrust_n=0.0000 body_up_force_n=0.0000 saturated_motors=0 rated_cap_command=1.0000 voltage_v=14.8000 thrust_scale=1.000000 current_a=0.0000
[gazebo_direct_motor_model-5] [INFO] [1786554115.484668168] [my_drone_gazebo_direct_motor_model]: MOTOR_DYNAMIC_STATE sim_s=191.032 cmd_min=0.0000 cmd_mean=0.0000 cmd_max=0.0000 filtered_mean=0.0000 filtered_max=0.0000 esc_throttle_mean=0.0000 total_thrust_n=0.0000 body_up_force_n=0.0000 saturated_motors=0 rated_cap_command=1.0000 voltage_v=14.8000 thrust_scale=1.000000 current_a=0.0000
[gazebo_direct_motor_model-5] [INFO] [1786554116.488354150] [my_drone_gazebo_direct_motor_model]: MOTOR_DYNAMIC_STATE sim_s=192.032 cmd_min=0.0000 cmd_mean=0.0000 cmd_max=0.0000 filtered_mean=0.0000 filtered_max=0.0000 esc_throttle_mean=0.0000 total_thrust_n=0.0000 body_up_force_n=0.0000 saturated_motors=0 rated_cap_command=1.0000 voltage_v=14.8000 thrust_scale=1.000000 current_a=0.0000
[gazebo_direct_motor_model-5] [INFO] [1786554117.491369267] [my_drone_gazebo_direct_motor_model]: MOTOR_DYNAMIC_STATE sim_s=193.032 cmd_min=0.0000 cmd_mean=0.0000 cmd_max=0.0000 filtered_mean=0.0000 filtered_max=0.0000 esc_throttle_mean=0.0000 total_thrust_n=0.0000 body_up_force_n=0.0000 saturated_motors=0 rated_cap_command=1.0000 voltage_v=14.8000 thrust_scale=1.000000 current_a=0.0000
[gazebo_direct_motor_model-5] [INFO] [1786554118.478102205] [my_drone_gazebo_direct_motor_model]: MOTOR_DYNAMIC_STATE sim_s=194.032 cmd_min=0.0000 cmd_mean=0.0000 cmd_max=0.0000 filtered_mean=0.0000 filtered_max=0.0000 esc_throttle_mean=0.0000 total_thrust_n=0.0000 body_up_force_n=0.0000 saturated_motors=0 rated_cap_command=1.0000 voltage_v=14.8000 thrust_scale=1.000000 current_a=0.0000
[gazebo_direct_motor_model-5] [INFO] [1786554119.491630613] [my_drone_gazebo_direct_motor_model]: MOTOR_DYNAMIC_STATE sim_s=195.032 cmd_min=0.0000 cmd_mean=0.0000 cmd_max=0.0000 filtered_mean=0.0000 filtered_max=0.0000 esc_throttle_mean=0.0000 total_thrust_n=0.0000 body_up_force_n=0.0000 saturated_motors=0 rated_cap_command=1.0000 voltage_v=14.8000 thrust_scale=1.000000 current_a=0.0000
[gazebo_direct_motor_model-5] [INFO] [1786554120.490857596] [my_drone_gazebo_direct_motor_model]: MOTOR_DYNAMIC_STATE sim_s=196.032 cmd_min=0.0000 cmd_mean=0.0000 cmd_max=0.0000 filtered_mean=0.0000 filtered_max=0.0000 esc_throttle_mean=0.0000 total_thrust_n=0.0000 body_up_force_n=0.0000 saturated_motors=0 rated_cap_command=1.0000 voltage_v=14.8000 thrust_scale=1.000000 current_a=0.0000
[gazebo_direct_motor_model-5] [INFO] [1786554121.494172610] [my_drone_gazebo_direct_motor_model]: MOTOR_DYNAMIC_STATE sim_s=197.032 cmd_min=0.0000 cmd_mean=0.0000 cmd_max=0.0000 filtered_mean=0.0000 filtered_max=0.0000 esc_throttle_mean=0.0000 total_thrust_n=0.0000 body_up_force_n=0.0000 saturated_motors=0 rated_cap_command=1.0000 voltage_v=14.8000 thrust_scale=1.000000 current_a=0.0000
[gazebo_direct_motor_model-5] [INFO] [1786554122.479501244] [my_drone_gazebo_direct_motor_model]: MOTOR_DYNAMIC_STATE sim_s=198.032 cmd_min=0.0000 cmd_mean=0.0000 cmd_max=0.0000 filtered_mean=0.0000 filtered_max=0.0000 esc_throttle_mean=0.0000 total_thrust_n=0.0000 body_up_force_n=0.0000 saturated_motors=0 rated_cap_command=1.0000 voltage_v=14.8000 thrust_scale=1.000000 current_a=0.0000
[gazebo_direct_motor_model-5] [INFO] [1786554123.551223652] [my_drone_gazebo_direct_motor_model]: MOTOR_DYNAMIC_STATE sim_s=199.032 cmd_min=0.0000 cmd_mean=0.0000 cmd_max=0.0000 filtered_mean=0.0000 filtered_max=0.0000 esc_throttle_mean=0.0000 total_thrust_n=0.0000 body_up_force_n=0.0000 saturated_motors=0 rated_cap_command=1.0000 voltage_v=14.8000 thrust_scale=1.000000 current_a=0.0000
[gazebo_direct_motor_model-5] [INFO] [1786554124.479728953] [my_drone_gazebo_direct_motor_model]: MOTOR_DYNAMIC_STATE sim_s=200.032 cmd_min=0.0000 cmd_mean=0.0000 cmd_max=0.0000 filtered_mean=0.0000 filtered_max=0.0000 esc_throttle_mean=0.0000 total_thrust_n=0.0000 body_up_force_n=0.0000 saturated_motors=0 rated_cap_command=1.0000 voltage_v=14.8000 thrust_scale=1.000000 current_a=0.0000
[gazebo_direct_motor_model-5] [INFO] [1786554125.490062372] [my_drone_gazebo_direct_motor_model]: MOTOR_DYNAMIC_STATE sim_s=201.032 cmd_min=0.0000 cmd_mean=0.0000 cmd_max=0.0000 filtered_mean=0.0000 filtered_max=0.0000 esc_throttle_mean=0.0000 total_thrust_n=0.0000 body_up_force_n=0.0000 saturated_motors=0 rated_cap_command=1.0000 voltage_v=14.8000 thrust_scale=1.000000 current_a=0.0000
[gazebo_direct_motor_model-5] [INFO] [1786554126.481911145] [my_drone_gazebo_direct_motor_model]: MOTOR_DYNAMIC_STATE sim_s=202.032 cmd_min=0.0000 cmd_mean=0.0000 cmd_max=0.0000 filtered_mean=0.0000 filtered_max=0.0000 esc_throttle_mean=0.0000 total_thrust_n=0.0000 body_up_force_n=0.0000 saturated_motors=0 rated_cap_command=1.0000 voltage_v=14.8000 thrust_scale=1.000000 current_a=0.0000
[gazebo_direct_motor_model-5] [INFO] [1786554127.486358679] [my_drone_gazebo_direct_motor_model]: MOTOR_DYNAMIC_STATE sim_s=203.032 cmd_min=0.0000 cmd_mean=0.0000 cmd_max=0.0000 filtered_mean=0.0000 filtered_max=0.0000 esc_throttle_mean=0.0000 total_thrust_n=0.0000 body_up_force_n=0.0000 saturated_motors=0 rated_cap_command=1.0000 voltage_v=14.8000 thrust_scale=1.000000 current_a=0.0000
[gazebo_direct_motor_model-5] [INFO] [1786554128.479757619] [my_drone_gazebo_direct_motor_model]: MOTOR_DYNAMIC_STATE sim_s=204.032 cmd_min=0.0000 cmd_mean=0.0000 cmd_max=0.0000 filtered_mean=0.0000 filtered_max=0.0000 esc_throttle_mean=0.0000 total_thrust_n=0.0000 body_up_force_n=0.0000 saturated_motors=0 rated_cap_command=1.0000 voltage_v=14.8000 thrust_scale=1.000000 current_a=0.0000
[gazebo_direct_motor_model-5] [INFO] [1786554129.489440814] [my_drone_gazebo_direct_motor_model]: MOTOR_DYNAMIC_STATE sim_s=205.032 cmd_min=0.0000 cmd_mean=0.0000 cmd_max=0.0000 filtered_mean=0.0000 filtered_max=0.0000 esc_throttle_mean=0.0000 total_thrust_n=0.0000 body_up_force_n=0.0000 saturated_motors=0 rated_cap_command=1.0000 voltage_v=14.8000 thrust_scale=1.000000 current_a=0.0000
[gazebo_direct_motor_model-5] [INFO] [1786554130.475857257] [my_drone_gazebo_direct_motor_model]: MOTOR_DYNAMIC_STATE sim_s=206.032 cmd_min=0.0000 cmd_mean=0.0000 cmd_max=0.0000 filtered_mean=0.0000 filtered_max=0.0000 esc_throttle_mean=0.0000 total_thrust_n=0.0000 body_up_force_n=0.0000 saturated_motors=0 rated_cap_command=1.0000 voltage_v=14.8000 thrust_scale=1.000000 current_a=0.0000
[gazebo_direct_motor_model-5] [INFO] [1786554131.484698567] [my_drone_gazebo_direct_motor_model]: MOTOR_DYNAMIC_STATE sim_s=207.032 cmd_min=0.0000 cmd_mean=0.0000 cmd_max=0.0000 filtered_mean=0.0000 filtered_max=0.0000 esc_throttle_mean=0.0000 total_thrust_n=0.0000 body_up_force_n=0.0000 saturated_motors=0 rated_cap_command=1.0000 voltage_v=14.8000 thrust_scale=1.000000 current_a=0.0000
[gazebo_direct_motor_model-5] [INFO] [1786554132.479879456] [my_drone_gazebo_direct_motor_model]: MOTOR_DYNAMIC_STATE sim_s=208.032 cmd_min=0.0000 cmd_mean=0.0000 cmd_max=0.0000 filtered_mean=0.0000 filtered_max=0.0000 esc_throttle_mean=0.0000 total_thrust_n=0.0000 body_up_force_n=0.0000 saturated_motors=0 rated_cap_command=1.0000 voltage_v=14.8000 thrust_scale=1.000000 current_a=0.0000
[gazebo_direct_motor_model-5] [INFO] [1786554133.482297370] [my_drone_gazebo_direct_motor_model]: MOTOR_DYNAMIC_STATE sim_s=209.032 cmd_min=0.0000 cmd_mean=0.0000 cmd_max=0.0000 filtered_mean=0.0000 filtered_max=0.0000 esc_throttle_mean=0.0000 total_thrust_n=0.0000 body_up_force_n=0.0000 saturated_motors=0 rated_cap_command=1.0000 voltage_v=14.8000 thrust_scale=1.000000 current_a=0.0000
[gazebo_direct_motor_model-5] [INFO] [1786554134.495229041] [my_drone_gazebo_direct_motor_model]: MOTOR_DYNAMIC_STATE sim_s=210.032 cmd_min=0.0000 cmd_mean=0.0000 cmd_max=0.0000 filtered_mean=0.0000 filtered_max=0.0000 esc_throttle_mean=0.0000 total_thrust_n=0.0000 body_up_force_n=0.0000 saturated_motors=0 rated_cap_command=1.0000 voltage_v=14.8000 thrust_scale=1.000000 current_a=0.0000
[gazebo_direct_motor_model-5] [INFO] [1786554135.480347030] [my_drone_gazebo_direct_motor_model]: MOTOR_DYNAMIC_STATE sim_s=211.032 cmd_min=0.0000 cmd_mean=0.0000 cmd_max=0.0000 filtered_mean=0.0000 filtered_max=0.0000 esc_throttle_mean=0.0000 total_thrust_n=0.0000 body_up_force_n=0.0000 saturated_motors=0 rated_cap_command=1.0000 voltage_v=14.8000 thrust_scale=1.000000 current_a=0.0000
[gazebo_direct_motor_model-5] [INFO] [1786554136.480857873] [my_drone_gazebo_direct_motor_model]: MOTOR_DYNAMIC_STATE sim_s=212.032 cmd_min=0.0000 cmd_mean=0.0000 cmd_max=0.0000 filtered_mean=0.0000 filtered_max=0.0000 esc_throttle_mean=0.0000 total_thrust_n=0.0000 body_up_force_n=0.0000 saturated_motors=0 rated_cap_command=1.0000 voltage_v=14.8000 thrust_scale=1.000000 current_a=0.0000
[gazebo_direct_motor_model-5] [INFO] [1786554137.483888886] [my_drone_gazebo_direct_motor_model]: MOTOR_DYNAMIC_STATE sim_s=213.032 cmd_min=0.0000 cmd_mean=0.0000 cmd_max=0.0000 filtered_mean=0.0000 filtered_max=0.0000 esc_throttle_mean=0.0000 total_thrust_n=0.0000 body_up_force_n=0.0000 saturated_motors=0 rated_cap_command=1.0000 voltage_v=14.8000 thrust_scale=1.000000 current_a=0.0000
[gazebo_direct_motor_model-5] [INFO] [1786554138.483363743] [my_drone_gazebo_direct_motor_model]: MOTOR_DYNAMIC_STATE sim_s=214.032 cmd_min=0.0000 cmd_mean=0.0000 cmd_max=0.0000 filtered_mean=0.0000 filtered_max=0.0000 esc_throttle_mean=0.0000 total_thrust_n=0.0000 body_up_force_n=0.0000 saturated_motors=0 rated_cap_command=1.0000 voltage_v=14.8000 thrust_scale=1.000000 current_a=0.0000
[gazebo_direct_motor_model-5] [INFO] [1786554139.480948125] [my_drone_gazebo_direct_motor_model]: MOTOR_DYNAMIC_STATE sim_s=215.032 cmd_min=0.0000 cmd_mean=0.0000 cmd_max=0.0000 filtered_mean=0.0000 filtered_max=0.0000 esc_throttle_mean=0.0000 total_thrust_n=0.0000 body_up_force_n=0.0000 saturated_motors=0 rated_cap_command=1.0000 voltage_v=14.8000 thrust_scale=1.000000 current_a=0.0000
[gazebo_direct_motor_model-5] [INFO] [1786554140.492389686] [my_drone_gazebo_direct_motor_model]: MOTOR_DYNAMIC_STATE sim_s=216.032 cmd_min=0.0000 cmd_mean=0.0000 cmd_max=0.0000 filtered_mean=0.0000 filtered_max=0.0000 esc_throttle_mean=0.0000 total_thrust_n=0.0000 body_up_force_n=0.0000 saturated_motors=0 rated_cap_command=1.0000 voltage_v=14.8000 thrust_scale=1.000000 current_a=0.0000
[gazebo_direct_motor_model-5] [INFO] [1786554141.481449341] [my_drone_gazebo_direct_motor_model]: MOTOR_DYNAMIC_STATE sim_s=217.032 cmd_min=0.0000 cmd_mean=0.0000 cmd_max=0.0000 filtered_mean=0.0000 filtered_max=0.0000 esc_throttle_mean=0.0000 total_thrust_n=0.0000 body_up_force_n=0.0000 saturated_motors=0 rated_cap_command=1.0000 voltage_v=14.8000 thrust_scale=1.000000 current_a=0.0000
[gazebo_direct_motor_model-5] [INFO] [1786554142.483913105] [my_drone_gazebo_direct_motor_model]: MOTOR_DYNAMIC_STATE sim_s=218.032 cmd_min=0.0000 cmd_mean=0.0000 cmd_max=0.0000 filtered_mean=0.0000 filtered_max=0.0000 esc_throttle_mean=0.0000 total_thrust_n=0.0000 body_up_force_n=0.0000 saturated_motors=0 rated_cap_command=1.0000 voltage_v=14.8000 thrust_scale=1.000000 current_a=0.0000
[gazebo_direct_motor_model-5] [INFO] [1786554143.480200693] [my_drone_gazebo_direct_motor_model]: MOTOR_DYNAMIC_STATE sim_s=219.032 cmd_min=0.0000 cmd_mean=0.0000 cmd_max=0.0000 filtered_mean=0.0000 filtered_max=0.0000 esc_throttle_mean=0.0000 total_thrust_n=0.0000 body_up_force_n=0.0000 saturated_motors=0 rated_cap_command=1.0000 voltage_v=14.8000 thrust_scale=1.000000 current_a=0.0000
[gazebo_direct_motor_model-5] [INFO] [1786554144.487407467] [my_drone_gazebo_direct_motor_model]: MOTOR_DYNAMIC_STATE sim_s=220.032 cmd_min=0.0000 cmd_mean=0.0000 cmd_max=0.0000 filtered_mean=0.0000 filtered_max=0.0000 esc_throttle_mean=0.0000 total_thrust_n=0.0000 body_up_force_n=0.0000 saturated_motors=0 rated_cap_command=1.0000 voltage_v=14.8000 thrust_scale=1.000000 current_a=0.0000
[gazebo_direct_motor_model-5] [INFO] [1786554145.482371467] [my_drone_gazebo_direct_motor_model]: MOTOR_DYNAMIC_STATE sim_s=221.032 cmd_min=0.0000 cmd_mean=0.0000 cmd_max=0.0000 filtered_mean=0.0000 filtered_max=0.0000 esc_throttle_mean=0.0000 total_thrust_n=0.0000 body_up_force_n=0.0000 saturated_motors=0 rated_cap_command=1.0000 voltage_v=14.8000 thrust_scale=1.000000 current_a=0.0000
[gazebo_direct_motor_model-5] [INFO] [1786554146.487408870] [my_drone_gazebo_direct_motor_model]: MOTOR_DYNAMIC_STATE sim_s=222.032 cmd_min=0.0000 cmd_mean=0.0000 cmd_max=0.0000 filtered_mean=0.0000 filtered_max=0.0000 esc_throttle_mean=0.0000 total_thrust_n=0.0000 body_up_force_n=0.0000 saturated_motors=0 rated_cap_command=1.0000 voltage_v=14.8000 thrust_scale=1.000000 current_a=0.0000
[gazebo_direct_motor_model-5] [INFO] [1786554147.480705943] [my_drone_gazebo_direct_motor_model]: MOTOR_DYNAMIC_STATE sim_s=223.032 cmd_min=0.0000 cmd_mean=0.0000 cmd_max=0.0000 filtered_mean=0.0000 filtered_max=0.0000 esc_throttle_mean=0.0000 total_thrust_n=0.0000 body_up_force_n=0.0000 saturated_motors=0 rated_cap_command=1.0000 voltage_v=14.8000 thrust_scale=1.000000 current_a=0.0000
[gazebo_direct_motor_model-5] [INFO] [1786554148.485850689] [my_drone_gazebo_direct_motor_model]: MOTOR_DYNAMIC_STATE sim_s=224.032 cmd_min=0.0000 cmd_mean=0.0000 cmd_max=0.0000 filtered_mean=0.0000 filtered_max=0.0000 esc_throttle_mean=0.0000 total_thrust_n=0.0000 body_up_force_n=0.0000 saturated_motors=0 rated_cap_command=1.0000 voltage_v=14.8000 thrust_scale=1.000000 current_a=0.0000
[gazebo_direct_motor_model-5] [INFO] [1786554149.482130912] [my_drone_gazebo_direct_motor_model]: MOTOR_DYNAMIC_STATE sim_s=225.032 cmd_min=0.0000 cmd_mean=0.0000 cmd_max=0.0000 filtered_mean=0.0000 filtered_max=0.0000 esc_throttle_mean=0.0000 total_thrust_n=0.0000 body_up_force_n=0.0000 saturated_motors=0 rated_cap_command=1.0000 voltage_v=14.8000 thrust_scale=1.000000 current_a=0.0000
[gazebo_direct_motor_model-5] [INFO] [1786554150.481179680] [my_drone_gazebo_direct_motor_model]: MOTOR_DYNAMIC_STATE sim_s=226.032 cmd_min=0.0000 cmd_mean=0.0000 cmd_max=0.0000 filtered_mean=0.0000 filtered_max=0.0000 esc_throttle_mean=0.0000 total_thrust_n=0.0000 body_up_force_n=0.0000 saturated_motors=0 rated_cap_command=1.0000 voltage_v=14.8000 thrust_scale=1.000000 current_a=0.0000
[gazebo_direct_motor_model-5] [INFO] [1786554151.513652757] [my_drone_gazebo_direct_motor_model]: MOTOR_DYNAMIC_STATE sim_s=227.032 cmd_min=0.0000 cmd_mean=0.0000 cmd_max=0.0000 filtered_mean=0.0000 filtered_max=0.0000 esc_throttle_mean=0.0000 total_thrust_n=0.0000 body_up_force_n=0.0000 saturated_motors=0 rated_cap_command=1.0000 voltage_v=14.8000 thrust_scale=1.000000 current_a=0.0000
[gazebo_direct_motor_model-5] [INFO] [1786554152.753249811] [my_drone_gazebo_direct_motor_model]: MOTOR_DYNAMIC_STATE sim_s=228.032 cmd_min=0.0000 cmd_mean=0.0000 cmd_max=0.0000 filtered_mean=0.0000 filtered_max=0.0000 esc_throttle_mean=0.0000 total_thrust_n=0.0000 body_up_force_n=0.0000 saturated_motors=0 rated_cap_command=1.0000 voltage_v=14.8000 thrust_scale=1.000000 current_a=0.0000
[gazebo_direct_motor_model-5] [INFO] [1786554153.488795673] [my_drone_gazebo_direct_motor_model]: MOTOR_DYNAMIC_STATE sim_s=229.032 cmd_min=0.0000 cmd_mean=0.0000 cmd_max=0.0000 filtered_mean=0.0000 filtered_max=0.0000 esc_throttle_mean=0.0000 total_thrust_n=0.0000 body_up_force_n=0.0000 saturated_motors=0 rated_cap_command=1.0000 voltage_v=14.8000 thrust_scale=1.000000 current_a=0.0000
[gazebo_direct_motor_model-5] [INFO] [1786554154.488969213] [my_drone_gazebo_direct_motor_model]: MOTOR_DYNAMIC_STATE sim_s=230.032 cmd_min=0.0000 cmd_mean=0.0000 cmd_max=0.0000 filtered_mean=0.0000 filtered_max=0.0000 esc_throttle_mean=0.0000 total_thrust_n=0.0000 body_up_force_n=0.0000 saturated_motors=0 rated_cap_command=1.0000 voltage_v=14.8000 thrust_scale=1.000000 current_a=0.0000
[gazebo_direct_motor_model-5] [INFO] [1786554155.499732214] [my_drone_gazebo_direct_motor_model]: MOTOR_DYNAMIC_STATE sim_s=231.032 cmd_min=0.0000 cmd_mean=0.0000 cmd_max=0.0000 filtered_mean=0.0000 filtered_max=0.0000 esc_throttle_mean=0.0000 total_thrust_n=0.0000 body_up_force_n=0.0000 saturated_motors=0 rated_cap_command=1.0000 voltage_v=14.8000 thrust_scale=1.000000 current_a=0.0000
[gazebo_direct_motor_model-5] [INFO] [1786554156.490153556] [my_drone_gazebo_direct_motor_model]: MOTOR_DYNAMIC_STATE sim_s=232.032 cmd_min=0.0000 cmd_mean=0.0000 cmd_max=0.0000 filtered_mean=0.0000 filtered_max=0.0000 esc_throttle_mean=0.0000 total_thrust_n=0.0000 body_up_force_n=0.0000 saturated_motors=0 rated_cap_command=1.0000 voltage_v=14.8000 thrust_scale=1.000000 current_a=0.0000
[gazebo_direct_motor_model-5] [INFO] [1786554157.518088813] [my_drone_gazebo_direct_motor_model]: MOTOR_DYNAMIC_STATE sim_s=233.032 cmd_min=0.0000 cmd_mean=0.0000 cmd_max=0.0000 filtered_mean=0.0000 filtered_max=0.0000 esc_throttle_mean=0.0000 total_thrust_n=0.0000 body_up_force_n=0.0000 saturated_motors=0 rated_cap_command=1.0000 voltage_v=14.8000 thrust_scale=1.000000 current_a=0.0000
[gazebo_direct_motor_model-5] [INFO] [1786554158.494640050] [my_drone_gazebo_direct_motor_model]: MOTOR_DYNAMIC_STATE sim_s=234.032 cmd_min=0.0000 cmd_mean=0.0000 cmd_max=0.0000 filtered_mean=0.0000 filtered_max=0.0000 esc_throttle_mean=0.0000 total_thrust_n=0.0000 body_up_force_n=0.0000 saturated_motors=0 rated_cap_command=1.0000 voltage_v=14.8000 thrust_scale=1.000000 current_a=0.0000
[gazebo_direct_motor_model-5] [INFO] [1786554159.500347589] [my_drone_gazebo_direct_motor_model]: MOTOR_DYNAMIC_STATE sim_s=235.032 cmd_min=0.0000 cmd_mean=0.0000 cmd_max=0.0000 filtered_mean=0.0000 filtered_max=0.0000 esc_throttle_mean=0.0000 total_thrust_n=0.0000 body_up_force_n=0.0000 saturated_motors=0 rated_cap_command=1.0000 voltage_v=14.8000 thrust_scale=1.000000 current_a=0.0000
[gazebo_direct_motor_model-5] [INFO] [1786554160.484651140] [my_drone_gazebo_direct_motor_model]: MOTOR_DYNAMIC_STATE sim_s=236.032 cmd_min=0.0000 cmd_mean=0.0000 cmd_max=0.0000 filtered_mean=0.0000 filtered_max=0.0000 esc_throttle_mean=0.0000 total_thrust_n=0.0000 body_up_force_n=0.0000 saturated_motors=0 rated_cap_command=1.0000 voltage_v=14.8000 thrust_scale=1.000000 current_a=0.0000
[gazebo_direct_motor_model-5] [INFO] [1786554161.507998784] [my_drone_gazebo_direct_motor_model]: MOTOR_DYNAMIC_STATE sim_s=237.032 cmd_min=0.0000 cmd_mean=0.0000 cmd_max=0.0000 filtered_mean=0.0000 filtered_max=0.0000 esc_throttle_mean=0.0000 total_thrust_n=0.0000 body_up_force_n=0.0000 saturated_motors=0 rated_cap_command=1.0000 voltage_v=14.8000 thrust_scale=1.000000 current_a=0.0000
[gazebo_direct_motor_model-5] [INFO] [1786554162.486847361] [my_drone_gazebo_direct_motor_model]: MOTOR_DYNAMIC_STATE sim_s=238.032 cmd_min=0.0000 cmd_mean=0.0000 cmd_max=0.0000 filtered_mean=0.0000 filtered_max=0.0000 esc_throttle_mean=0.0000 total_thrust_n=0.0000 body_up_force_n=0.0000 saturated_motors=0 rated_cap_command=1.0000 voltage_v=14.8000 thrust_scale=1.000000 current_a=0.0000
[gazebo_direct_motor_model-5] [INFO] [1786554163.507250163] [my_drone_gazebo_direct_motor_model]: MOTOR_DYNAMIC_STATE sim_s=239.032 cmd_min=0.0000 cmd_mean=0.0000 cmd_max=0.0000 filtered_mean=0.0000 filtered_max=0.0000 esc_throttle_mean=0.0000 total_thrust_n=0.0000 body_up_force_n=0.0000 saturated_motors=0 rated_cap_command=1.0000 voltage_v=14.8000 thrust_scale=1.000000 current_a=0.0000
[gazebo_direct_motor_model-5] [INFO] [1786554164.491934050] [my_drone_gazebo_direct_motor_model]: MOTOR_DYNAMIC_STATE sim_s=240.032 cmd_min=0.0000 cmd_mean=0.0000 cmd_max=0.0000 filtered_mean=0.0000 filtered_max=0.0000 esc_throttle_mean=0.0000 total_thrust_n=0.0000 body_up_force_n=0.0000 saturated_motors=0 rated_cap_command=1.0000 voltage_v=14.8000 thrust_scale=1.000000 current_a=0.0000
