[INFO] [launch]: All log files can be found below /home/asus/.ros/log/2026-08-12-23-47-49-233591-LAPTOP-FHNQ6FG2-20641
[INFO] [launch]: Default logging verbosity is set to INFO
[INFO] [gazebo-1]: process started with pid [20684]
[INFO] [parameter_bridge-2]: process started with pid [20685]
[INFO] [robot_state_publisher-3]: process started with pid [20686]
[INFO] [gazebo_sensor_delay-4]: process started with pid [20687]
[robot_state_publisher-3] [WARN] [1786549675.595512584] [kdl_parser]: The root link base_link has an inertia specified in the URDF, but KDL does not support a root link with an inertia.  As a workaround, you can add an extra dummy link to your URDF.
[robot_state_publisher-3] [INFO] [1786549675.595670763] [robot_state_publisher]: Robot initialized
[parameter_bridge-2] [INFO] [1786549675.605712215] [ros_gz_bridge]: Creating GZ->ROS Bridge: [/model/my_drone/odometry (gz.msgs.Odometry) -> /model/my_drone/odometry (nav_msgs/msg/Odometry)] (Lazy 0)
[parameter_bridge-2] [INFO] [1786549675.609741179] [ros_gz_bridge]: Creating ROS->GZ Bridge: [/world/flight_world/wrench (ros_gz_interfaces/msg/EntityWrench) -> /world/flight_world/wrench (gz.msgs.EntityWrench)] (Lazy 0)
[parameter_bridge-2] [INFO] [1786549675.613095535] [ros_gz_bridge]: Creating ROS->GZ Bridge: [/world/flight_world/wrench/latest (ros_gz_interfaces/msg/EntityWrench) -> /world/flight_world/wrench/latest (gz.msgs.EntityWrench)] (Lazy 0)
[parameter_bridge-2] [INFO] [1786549675.613535362] [ros_gz_bridge]: Creating ROS->GZ Bridge: [/world/flight_world/wrench/persistent (ros_gz_interfaces/msg/EntityWrench) -> /world/flight_world/wrench/persistent (gz.msgs.EntityWrench)] (Lazy 0)
[parameter_bridge-2] [INFO] [1786549675.613885889] [ros_gz_bridge]: Creating ROS->GZ Bridge: [/world/flight_world/wrench/clear (ros_gz_interfaces/msg/Entity) -> /world/flight_world/wrench/clear (gz.msgs.Entity)] (Lazy 0)
[parameter_bridge-2] [INFO] [1786549675.614458359] [ros_gz_bridge]: Creating GZ->ROS Bridge: [/my_drone/command/motor_speed (gz.msgs.Actuators) -> /my_drone/command/motor_speed (actuator_msgs/msg/Actuators)] (Lazy 0)
[parameter_bridge-2] [INFO] [1786549675.615718831] [ros_gz_bridge]: Creating GZ->ROS Bridge: [/world/flight_world/model/my_drone/joint_state (gz.msgs.Model) -> /world/flight_world/model/my_drone/joint_state (sensor_msgs/msg/JointState)] (Lazy 0)
[parameter_bridge-2] [INFO] [1786549675.617235090] [ros_gz_bridge]: Creating ROS->GZ Bridge: [/world/flight_world/model/my_drone/joint_state (sensor_msgs/msg/JointState) -> /world/flight_world/model/my_drone/joint_state (gz.msgs.Model)] (Lazy 0)
[parameter_bridge-2] [INFO] [1786549675.618069497] [ros_gz_bridge]: Creating GZ->ROS Bridge: [/clock (gz.msgs.Clock) -> /clock (rosgraph_msgs/msg/Clock)] (Lazy 0)
[INFO] [gazebo_direct_motor_model-5]: process started with pid [20724]
[gazebo-1] [1;32m[Msg] [0m[1;32mGazebo Sim Server v[0m[1;32m8.11.0[0m[1;32m[0m
[gazebo-1] [1;32m[Msg] [0m[1;32mSetting seed value: [0m[1;32m4027[0m[1;32m[0m
[gazebo-1] [1;32m[Msg] [0m[1;32mLoading SDF world file[[0m[1;32m/mnt/e/清洁无人机/drone_sim_ws/src/drone_arm_sim/worlds/flight_world_debug_4kg.sdf[0m[1;32m].[0m
[gazebo-1] [1;32m[Msg] [0m[1;32mServing entity system service on [[0m[1;32m/[0m[1;32mentity/system/add[0m[1;32m][0m[1;32m[0m
[gazebo-1] [1;32m[Msg] [0m[1;32mCreate[0m[1;32m service on [[0m[1;32m/world/flight_world/create_multiple[0m[1;32m] (async)[0m[1;32m[0m
[gazebo-1] [1;32m[Msg] [0m[1;32mCreate[0m[1;32m service on [[0m[1;32m/world/flight_world/create_multiple/blocking[0m[1;32m] (blocking)[0m[1;32m[0m
[gazebo-1] [1;32m[Msg] [0m[1;32mRemove[0m[1;32m service on [[0m[1;32m/world/flight_world/remove[0m[1;32m] (async)[0m[1;32m[0m
[gazebo-1] [1;32m[Msg] [0m[1;32mRemove[0m[1;32m service on [[0m[1;32m/world/flight_world/remove/blocking[0m[1;32m] (blocking)[0m[1;32m[0m
[gazebo-1] [1;32m[Msg] [0m[1;32mPose[0m[1;32m service on [[0m[1;32m/world/flight_world/set_pose[0m[1;32m] (async)[0m[1;32m[0m
[gazebo-1] [1;32m[Msg] [0m[1;32mPose[0m[1;32m service on [[0m[1;32m/world/flight_world/set_pose/blocking[0m[1;32m] (blocking)[0m[1;32m[0m
[gazebo-1] [1;32m[Msg] [0m[1;32mPose[0m[1;32m service on [[0m[1;32m/world/flight_world/set_pose_vector[0m[1;32m] (async)[0m[1;32m[0m
[gazebo-1] [1;32m[Msg] [0m[1;32mPose[0m[1;32m service on [[0m[1;32m/world/flight_world/set_pose_vector/blocking[0m[1;32m] (blocking)[0m[1;32m[0m
[gazebo-1] [1;32m[Msg] [0m[1;32mLight configuration[0m[1;32m service on [[0m[1;32m/world/flight_world/light_config[0m[1;32m] (async)[0m[1;32m[0m
[gazebo-1] [1;32m[Msg] [0m[1;32mLight configuration[0m[1;32m service on [[0m[1;32m/world/flight_world/light_config/blocking[0m[1;32m] (blocking)[0m[1;32m[0m
[gazebo-1] [1;32m[Msg] [0m[1;32mPhysics[0m[1;32m service on [[0m[1;32m/world/flight_world/set_physics[0m[1;32m] (async)[0m[1;32m[0m
[gazebo-1] [1;32m[Msg] [0m[1;32mPhysics[0m[1;32m service on [[0m[1;32m/world/flight_world/set_physics/blocking[0m[1;32m] (blocking)[0m[1;32m[0m
[gazebo-1] [1;32m[Msg] [0m[1;32mSphericalCoordinates[0m[1;32m service on [[0m[1;32m/world/flight_world/set_spherical_coordinates[0m[1;32m] (async)[0m[1;32m[0m
[gazebo-1] [1;32m[Msg] [0m[1;32mSphericalCoordinates[0m[1;32m service on [[0m[1;32m/world/flight_world/set_spherical_coordinates/blocking[0m[1;32m] (blocking)[0m[1;32m[0m
[gazebo-1] [1;32m[Msg] [0m[1;32mEnable collision[0m[1;32m service on [[0m[1;32m/world/flight_world/enable_collision[0m[1;32m] (async)[0m[1;32m[0m
[gazebo-1] [1;32m[Msg] [0m[1;32mEnable collision[0m[1;32m service on [[0m[1;32m/world/flight_world/enable_collision/blocking[0m[1;32m] (blocking)[0m[1;32m[0m
[gazebo-1] [1;32m[Msg] [0m[1;32mDisable collision[0m[1;32m service on [[0m[1;32m/world/flight_world/disable_collision[0m[1;32m] (async)[0m[1;32m[0m
[gazebo-1] [1;32m[Msg] [0m[1;32mDisable collision[0m[1;32m service on [[0m[1;32m/world/flight_world/disable_collision/blocking[0m[1;32m] (blocking)[0m[1;32m[0m
[gazebo-1] [1;32m[Msg] [0m[1;32mMaterial[0m[1;32m service on [[0m[1;32m/world/flight_world/visual_config[0m[1;32m] (async)[0m[1;32m[0m
[gazebo-1] [1;32m[Msg] [0m[1;32mMaterial[0m[1;32m service on [[0m[1;32m/world/flight_world/visual_config/blocking[0m[1;32m] (blocking)[0m[1;32m[0m
[gazebo-1] [1;32m[Msg] [0m[1;32mMaterial[0m[1;32m service on [[0m[1;32m/world/flight_world/wheel_slip[0m[1;32m] (async)[0m[1;32m[0m
[gazebo-1] [1;32m[Msg] [0m[1;32mMaterial[0m[1;32m service on [[0m[1;32m/world/flight_world/wheel_slip/blocking[0m[1;32m] (blocking)[0m[1;32m[0m
[gazebo-1] [1;32m[Msg] [0m[1;32mListening to instantaneous wrench commands in [[0m[1;32m/world/flight_world/wrench[0m[1;32m][0m[1;32m[0m
[gazebo-1] [1;32m[Msg] [0m[1;32mListening to persistent wrench commands in [[0m[1;32m/world/flight_world/wrench/persistent[0m[1;32m][0m[1;32m[0m
[gazebo-1] [1;32m[Msg] [0m[1;32mListening to wrench clear commands in [[0m[1;32m/world/flight_world/wrench/clear[0m[1;32m][0m[1;32m[0m
[gazebo_sensor_delay-4] [INFO] [1786549676.925151194] [my_drone_gazebo_sensor_delay]: sensor delay imu: 0.0 ms
[gazebo_sensor_delay-4] [INFO] [1786549676.942385879] [my_drone_gazebo_sensor_delay]: sensor delay magnetometer: 0.0 ms
[gazebo_sensor_delay-4] [INFO] [1786549676.957750127] [my_drone_gazebo_sensor_delay]: sensor delay air_pressure: 0.0 ms
[gazebo_sensor_delay-4] [INFO] [1786549676.971092267] [my_drone_gazebo_sensor_delay]: sensor delay navsat: 0.0 ms
[INFO] [create-6]: process started with pid [20755]
[create-6] [INFO] [1786549677.812447179] [ros_gz_sim]: Entity creation successful.
[gazebo-1] [1;32m[Msg] [0m[1;32mHolding latest wrench from [[0m[1;32m/world/flight_world/wrench/latest[0m[1;32m] for every physics step; wall timeout [[0m[1;32m1[0m[1;32m s].[0m[1;32m[0m
[gazebo-1] [1;32m[Msg] [0m[1;32mLoaded level [[0m[1;32mdefault[0m[1;32m][0m[1;32m[0m
[gazebo-1] [1;32m[Msg] [0m[1;32mServing world controls on [[0m[1;32m/world/flight_world[0m[1;32m/control], [[0m[1;32m/world/flight_world[0m[1;32m/control/state] and [[0m[1;32m/world/flight_world[0m[1;32m/playback/control][0m[1;32m[0m
[gazebo-1] [1;32m[Msg] [0m[1;32mServing GUI information on [[0m[1;32m/world/flight_world[0m[1;32m/[0m[1;32mgui/info[0m[1;32m][0m[1;32m[0m
[gazebo-1] [1;32m[Msg] [0m[1;32mWorld [[0m[1;32mflight_world[0m[1;32m] initialized with [[0m[1;32mflight_step[0m[1;32m] physics profile.[0m[1;32m[0m
[gazebo-1] [1;32m[Msg] [0m[1;32mServing world SDF generation service on [[0m[1;32m/world/flight_world[0m[1;32m/[0m[1;32mgenerate_world_sdf[0m[1;32m][0m[1;32m[0m
[gazebo-1] [1;32m[Msg] [0m[1;32mServing world names on [[0m[1;32m/gazebo/worlds[0m[1;32m][0m[1;32m[0m
[gazebo-1] [1;32m[Msg] [0m[1;32mResource path add service on [[0m[1;32m/gazebo/resource_paths/add[0m[1;32m].[0m[1;32m[0m
[gazebo-1] [1;32m[Msg] [0m[1;32mResource path get service on [[0m[1;32m/gazebo/resource_paths/get[0m[1;32m].[0m[1;32m[0m
[gazebo-1] [1;32m[Msg] [0m[1;32mResource path resolve service on [[0m[1;32m/gazebo/resource_paths/resolve[0m[1;32m].[0m[1;32m[0m
[gazebo-1] [1;32m[Msg] [0m[1;32mResource paths published on [[0m[1;32m/gazebo/resource_paths[0m[1;32m].[0m[1;32m[0m
[gazebo-1] [1;32m[Msg] [0m[1;32mServer control service on [[0m[1;32m/server_control[0m[1;32m].[0m[1;32m[0m
[gazebo-1] [1;32m[Msg] [0m[1;32mFound no publishers on /stats, adding root stats topic[0m[1;32m[0m
[gazebo-1] [1;32m[Msg] [0m[1;32mFound no publishers on /clock, adding root clock topic[0m[1;32m[0m
[gazebo-1] [1;33mWarning [Utils.cc:132][0m [/sdf/model[@name="my_drone_v3_cad_debug_4kg"]/link[@name="base_link"]/sensor[@name="air_pressure_sensor"]/gz_frame_id:<urdf-string>:L0]: XML Element[gz_frame_id], child of element[sensor], not defined in SDF. Copying[gz_frame_id] as children of [sensor].
[gazebo-1] [1;33mWarning [Utils.cc:132][0m [/sdf/model[@name="my_drone_v3_cad_debug_4kg"]/link[@name="base_link"]/sensor[@name="magnetometer_sensor"]/gz_frame_id:<urdf-string>:L0]: XML Element[gz_frame_id], child of element[sensor], not defined in SDF. Copying[gz_frame_id] as children of [sensor].
[gazebo-1] [1;33mWarning [Utils.cc:132][0m [/sdf/model[@name="my_drone_v3_cad_debug_4kg"]/link[@name="base_link"]/sensor[@name="imu_sensor"]/gz_frame_id:<urdf-string>:L0]: XML Element[gz_frame_id], child of element[sensor], not defined in SDF. Copying[gz_frame_id] as children of [sensor].
[gazebo-1] [1;33mWarning [Utils.cc:132][0m [/sdf/model[@name="my_drone_v3_cad_debug_4kg"]/link[@name="base_link"]/sensor[@name="navsat_sensor"]/gz_frame_id:<urdf-string>:L0]: XML Element[gz_frame_id], child of element[sensor], not defined in SDF. Copying[gz_frame_id] as children of [sensor].
[INFO] [create-6]: process has finished cleanly [pid 20755]
[gazebo_direct_motor_model-5] [INFO] [1786549678.256148723] [my_drone_gazebo_direct_motor_model]: reaction moment trial enabled: Q/T=0.005 m
[gazebo_direct_motor_model-5] [INFO] [1786549678.271274164] [my_drone_gazebo_direct_motor_model]: battery dynamics override: enabled=False R=0.005 ohm capacity=10 Ah
[gazebo-1] [INFO] [1786549678.375200851] [gz_ros_control]: [gz_ros2_control] Fixed joint ['arm_mount'] (Entity='76') is skipped.
[gazebo-1] [INFO] [1786549678.555928420] [gz_ros_control]: Loading controller_manager
[gazebo-1] [INFO] [1786549678.972891155] [controller_manager]: Using ROS clock for triggering controller manager cycles.
[gazebo-1] [INFO] [1786549678.980196977] [controller_manager]: Subscribing to '/robot_description' topic for robot description.
[gazebo-1] [WARN] [1786549678.985427001] [gz_ros_control]: Waiting RM to load and initialize hardware...
[gazebo-1] [INFO] [1786549678.991339210] [controller_manager]: Received robot description from topic.
[gazebo-1] [INFO] [1786549678.991466757] [controller_manager]: Enforcing command limits is disabled. Command limits from URDF will be ignored.
[gazebo-1] [INFO] [1786549679.106093583] [gz_ros_control]: The position_proportional_gain has been set to: 0.5
[gazebo-1] [INFO] [1786549679.106252599] [gz_ros_control]: Loading joint: shoulder_pan
[gazebo-1] [INFO] [1786549679.106280237] [gz_ros_control]: 	State:
[gazebo-1] [INFO] [1786549679.106305280] [gz_ros_control]: 		 position
[gazebo-1] [INFO] [1786549679.106345725] [gz_ros_control]: 			 found initial value: 0.000000
[gazebo-1] [INFO] [1786549679.106358605] [gz_ros_control]: 		 velocity
[gazebo-1] [INFO] [1786549679.106392835] [gz_ros_control]: 	Command:
[gazebo-1] [INFO] [1786549679.106399219] [gz_ros_control]: 		 position
[gazebo-1] [INFO] [1786549679.106424654] [gz_ros_control]: Loading joint: shoulder_lift
[gazebo-1] [INFO] [1786549679.106428722] [gz_ros_control]: 	State:
[gazebo-1] [INFO] [1786549679.106431000] [gz_ros_control]: 		 position
[gazebo-1] [INFO] [1786549679.106433848] [gz_ros_control]: 			 found initial value: 0.000000
[gazebo-1] [INFO] [1786549679.106437241] [gz_ros_control]: 		 velocity
[gazebo-1] [INFO] [1786549679.106439479] [gz_ros_control]: 	Command:
[gazebo-1] [INFO] [1786549679.106441371] [gz_ros_control]: 		 position
[gazebo-1] [INFO] [1786549679.106448578] [gz_ros_control]: Loading joint: elbow_flex
[gazebo-1] [INFO] [1786549679.106450918] [gz_ros_control]: 	State:
[gazebo-1] [INFO] [1786549679.106453210] [gz_ros_control]: 		 position
[gazebo-1] [INFO] [1786549679.106455567] [gz_ros_control]: 			 found initial value: 0.000000
[gazebo-1] [INFO] [1786549679.106457640] [gz_ros_control]: 		 velocity
[gazebo-1] [INFO] [1786549679.106459528] [gz_ros_control]: 	Command:
[gazebo-1] [INFO] [1786549679.106461531] [gz_ros_control]: 		 position
[gazebo-1] [INFO] [1786549679.106467598] [gz_ros_control]: Loading joint: wrist_flex
[gazebo-1] [INFO] [1786549679.106469798] [gz_ros_control]: 	State:
[gazebo-1] [INFO] [1786549679.106471777] [gz_ros_control]: 		 position
[gazebo-1] [INFO] [1786549679.106473684] [gz_ros_control]: 			 found initial value: 0.000000
[gazebo-1] [INFO] [1786549679.106475740] [gz_ros_control]: 		 velocity
[gazebo-1] [INFO] [1786549679.106477657] [gz_ros_control]: 	Command:
[gazebo-1] [INFO] [1786549679.106479604] [gz_ros_control]: 		 position
[gazebo-1] [INFO] [1786549679.106485233] [gz_ros_control]: Loading joint: wrist_roll
[gazebo-1] [INFO] [1786549679.106487279] [gz_ros_control]: 	State:
[gazebo-1] [INFO] [1786549679.106489118] [gz_ros_control]: 		 position
[gazebo-1] [INFO] [1786549679.106492166] [gz_ros_control]: 			 found initial value: -1.570796
[gazebo-1] [INFO] [1786549679.106494554] [gz_ros_control]: 		 velocity
[gazebo-1] [INFO] [1786549679.106498946] [gz_ros_control]: 	Command:
[gazebo-1] [INFO] [1786549679.106500867] [gz_ros_control]: 		 position
[gazebo-1] [INFO] [1786549679.106506892] [gz_ros_control]: Loading joint: gripper
[gazebo-1] [INFO] [1786549679.106509274] [gz_ros_control]: 	State:
[gazebo-1] [INFO] [1786549679.106511231] [gz_ros_control]: 		 position
[gazebo-1] [INFO] [1786549679.106513261] [gz_ros_control]: 			 found initial value: 0.000000
[gazebo-1] [INFO] [1786549679.106515397] [gz_ros_control]: 		 velocity
[gazebo-1] [INFO] [1786549679.106517340] [gz_ros_control]: 	Command:
[gazebo-1] [INFO] [1786549679.106519247] [gz_ros_control]: 		 position
[gazebo-1] [INFO] [1786549679.106589907] [gz_ros_control]: Loading sensor: imu_sensor
[gazebo-1] [INFO] [1786549679.106598497] [gz_ros_control]: 	State:
[gazebo-1] [WARN] [1786549679.106602727] [gz_ros_control]: IMU sensor 'imu_sensor' not found in hardware_info, skipping.
[gazebo-1] [INFO] [1786549679.106813528] [controller_manager]: Initialize hardware 'GazeboSimSystem' 
[gazebo-1] [WARN] [1786549679.106850557] [controller_manager.hardware_component.system.GazeboSimSystem]: Executor is not available during hardware component initialization for 'GazeboSimSystem'. Skipping node creation!
[gazebo-1] [INFO] [1786549679.106941989] [controller_manager]: Successful initialization of hardware 'GazeboSimSystem'
[gazebo-1] [INFO] [1786549679.107367981] [controller_manager]: Activating component 'GazeboSimSystem'.
[gazebo-1] [INFO] [1786549679.107444323] [resource_manager]: 'configure' hardware 'GazeboSimSystem' 
[gazebo-1] [INFO] [1786549679.107451197] [gz_ros_control]: System Successfully configured!
[gazebo-1] [INFO] [1786549679.107458472] [resource_manager]: Successful 'configure' of hardware 'GazeboSimSystem'
[gazebo-1] [INFO] [1786549679.107465441] [resource_manager]: 'activate' hardware 'GazeboSimSystem' 
[gazebo-1] [INFO] [1786549679.107479053] [resource_manager]: Successful 'activate' of hardware 'GazeboSimSystem'
[gazebo-1] [WARN] [1786549679.107597945] [controller_manager]: Component 'GazeboSimSystem' does not have read or write statistics initialized, skipping registration.
[gazebo-1] [INFO] [1786549679.107622978] [controller_manager]: Resource Manager has been successfully initialized. Starting Controller Manager services...
[INFO] [spawner-7]: process started with pid [20842]
[spawner-7] [INFO] [1786549681.613705339] [spawner_joint_state_broadcaster]: waiting for service /controller_manager/list_controllers to become available...
[gazebo-1] [INFO] [1786549682.117929414] [controller_manager]: Loading controller : 'joint_state_broadcaster' of type 'joint_state_broadcaster/JointStateBroadcaster'
[gazebo-1] [INFO] [1786549682.118093541] [controller_manager]: Loading controller 'joint_state_broadcaster'
[gazebo-1] [INFO] [1786549682.184480222] [controller_manager]: Controller 'joint_state_broadcaster' node arguments: --ros-args --params-file /mnt/e/清洁无人机/drone_sim_ws/install/drone_arm_sim/share/drone_arm_sim/config/so101_ros2_control.yaml -p use_sim_time:=true --param use_sim_time:=true 
[spawner-7] [INFO] [1786549682.207201476] [spawner_joint_state_broadcaster]: Loaded joint_state_broadcaster
[gazebo-1] [INFO] [1786549682.208551003] [controller_manager]: Configuring controller: 'joint_state_broadcaster'
[gazebo-1] [INFO] [1786549682.209333658] [joint_state_broadcaster]: 'joints' or 'interfaces' parameter is empty. All available state interfaces will be published
[gazebo-1] [INFO] [1786549682.248373625] [controller_manager]: Activating controllers: [ joint_state_broadcaster ]
[gazebo-1] [1;32m[Msg] [0m[1;32mOdometryPublisher publishing odometry on [[0m[1;32m/model/my_drone/odometry[0m[1;32m][0m[1;32m[0m
[gazebo-1] [1;32m[Msg] [0m[1;32mOdometryPublisher publishing odometry with covariance on [[0m[1;32m/model/my_drone/odometry_with_covariance[0m[1;32m][0m[1;32m[0m
[gazebo-1] [1;32m[Msg] [0m[1;32mOdometryPublisher publishing Pose_V (TF) on [[0m[1;32m/model/my_drone/pose[0m[1;32m][0m[1;32m[0m
[INFO] [spawner-8]: process started with pid [20860]
[gazebo-1] [INFO] [1786549683.662678041] [controller_manager]: Successfully switched controllers!
[spawner-7] [INFO] [1786549683.665406933] [spawner_joint_state_broadcaster]: Configured and activated joint_state_broadcaster
[gazebo_direct_motor_model-5] [INFO] [1786549683.685213946] [my_drone_gazebo_direct_motor_model]: MOTOR_DYNAMIC_STATE sim_s=0.012 cmd_min=0.0000 cmd_mean=0.0000 cmd_max=0.0000 filtered_mean=0.0000 filtered_max=0.0000 esc_throttle_mean=0.0000 total_thrust_n=0.0000 body_up_force_n=0.0000 saturated_motors=0 rated_cap_command=1.0000 voltage_v=14.8000 thrust_scale=1.000000 current_a=0.0000
[parameter_bridge-2] [INFO] [1786549683.686635784] [ros_gz_bridge]: Passing message from ROS ros_gz_interfaces/msg/EntityWrench to Gazebo gz.msgs.EntityWrench (showing msg only once per type)
[INFO] [spawner-7]: process has finished cleanly [pid 20842]
[spawner-8] [INFO] [1786549684.637755877] [spawner_arm_controller]: waiting for service /controller_manager/list_controllers to become available...
[gazebo_direct_motor_model-5] [INFO] [1786549684.682768953] [my_drone_gazebo_direct_motor_model]: MOTOR_DYNAMIC_STATE sim_s=1.012 cmd_min=0.0000 cmd_mean=0.0000 cmd_max=0.0000 filtered_mean=0.0000 filtered_max=0.0000 esc_throttle_mean=0.0000 total_thrust_n=0.0000 body_up_force_n=0.0000 saturated_motors=0 rated_cap_command=1.0000 voltage_v=14.8000 thrust_scale=1.000000 current_a=0.0000
[gazebo-1] [INFO] [1786549684.889969006] [controller_manager]: Loading controller : 'arm_controller' of type 'joint_trajectory_controller/JointTrajectoryController'
[gazebo-1] [INFO] [1786549684.890043955] [controller_manager]: Loading controller 'arm_controller'
[gazebo-1] [INFO] [1786549684.911151605] [controller_manager]: Controller 'arm_controller' node arguments: --ros-args --params-file /mnt/e/清洁无人机/drone_sim_ws/install/drone_arm_sim/share/drone_arm_sim/config/so101_ros2_control.yaml -p use_sim_time:=true --param use_sim_time:=true 
[spawner-8] [INFO] [1786549685.013367783] [spawner_arm_controller]: Loaded arm_controller
[gazebo-1] [INFO] [1786549685.014696118] [controller_manager]: Configuring controller: 'arm_controller'
[gazebo-1] [INFO] [1786549685.015287984] [arm_controller]: No specific joint names are used for command interfaces. Using 'joints' parameter.
[gazebo-1] [INFO] [1786549685.015671334] [arm_controller]: Command interfaces are [position] and state interfaces are [position velocity].
[gazebo-1] [INFO] [1786549685.015738036] [arm_controller]: Using 'splines' interpolation method.
[gazebo-1] [INFO] [1786549685.022213544] [arm_controller]: Action status changes will be monitored at 20.00 Hz.
[gazebo-1] [INFO] [1786549685.033085658] [arm_controller]: Setting initial scaling factor to 1.000000
[gazebo-1] [INFO] [1786549685.033131280] [arm_controller]: No scaling interface set. This controller will not read speed scaling from the hardware.
[gazebo-1] [INFO] [1786549685.037760867] [controller_manager]: Activating controllers: [ arm_controller ]
[gazebo-1] [INFO] [1786549685.040443340] [controller_manager]: Successfully switched controllers!
[spawner-8] [INFO] [1786549685.045481854] [spawner_arm_controller]: Configured and activated arm_controller
[INFO] [spawner-8]: process has finished cleanly [pid 20860]
[INFO] [arm_coupling_monitor-9]: process started with pid [20887]
[gazebo_direct_motor_model-5] [INFO] [1786549685.680436447] [my_drone_gazebo_direct_motor_model]: MOTOR_DYNAMIC_STATE sim_s=2.012 cmd_min=0.0000 cmd_mean=0.0000 cmd_max=0.0000 filtered_mean=0.0000 filtered_max=0.0000 esc_throttle_mean=0.0000 total_thrust_n=0.0000 body_up_force_n=0.0000 saturated_motors=0 rated_cap_command=1.0000 voltage_v=14.8000 thrust_scale=1.000000 current_a=0.0000
[gazebo_direct_motor_model-5] [INFO] [1786549686.682447860] [my_drone_gazebo_direct_motor_model]: MOTOR_DYNAMIC_STATE sim_s=3.012 cmd_min=0.0000 cmd_mean=0.0000 cmd_max=0.0000 filtered_mean=0.0000 filtered_max=0.0000 esc_throttle_mean=0.0000 total_thrust_n=0.0000 body_up_force_n=0.0000 saturated_motors=0 rated_cap_command=1.0000 voltage_v=14.8000 thrust_scale=1.000000 current_a=0.0000
[gazebo_direct_motor_model-5] [INFO] [1786549687.691116414] [my_drone_gazebo_direct_motor_model]: MOTOR_DYNAMIC_STATE sim_s=4.016 cmd_min=0.0000 cmd_mean=0.0000 cmd_max=0.0000 filtered_mean=0.0000 filtered_max=0.0000 esc_throttle_mean=0.0000 total_thrust_n=0.0000 body_up_force_n=0.0000 saturated_motors=0 rated_cap_command=1.0000 voltage_v=14.8000 thrust_scale=1.000000 current_a=0.0000
[arm_coupling_monitor-9] [INFO] [1786549687.821312298] [my_drone_arm_coupling_monitor]: ARM_COUPLING_STATE {"com_body_flu_m": [-0.003981166115882858, 0.0002572084159255389, -0.2042837901109552], "com_shift_m": [1.9021684384066054e-05, 0.0009298649342289068, 0.00019765495035958813], "feedforward_acceleration_ned_m_s2": [2.5134367153261884e-10, 3.9878359972383164e-10, 2.8944183740559738e-08], "filtered_joint_acceleration_peak_rad_s2": 1.6257744728942388e-06, "inertia_diag_kg_m2": [0.20778571099978682, 0.20845671716213923, 0.21289225735669015], "inertia_tensor_frame": "base_link_flu", "inertia_tensor_kg_m2": [[0.20778571099978682, -0.00034626188087794464, 0.0027745957488392015], [-0.00034626188087794464, 0.20845671716213923, 4.410888215893114e-05], [0.0027745957488392015, 4.410888215893114e-05, 0.21289225735669015]], "mass_kg": 4.0, "raw_joint_acceleration_peak_rad_s2": 3.1213472426817723e-06, "reaction_force_body_n": [-1.5948933030939918e-09, -1.005392793637999e-09, 1.1577673812648558e-07], "reaction_torque_body_nm": [-2.9381829901743574e-07, -3.4078498819463126e-05, -2.999594800763701e-07]}
[gazebo-1] [1;32m[Msg] [0m[1;32mServing scene information on [[0m[1;32m/world/flight_world[0m[1;32m/[0m[1;32mscene/info[0m[1;32m][0m[1;32m[0m
[gazebo-1] [1;32m[Msg] [0m[1;32mServing graph information on [[0m[1;32m/world/flight_world[0m[1;32m/[0m[1;32mscene/graph[0m[1;32m][0m[1;32m[0m
[gazebo-1] [1;32m[Msg] [0m[1;32mServing full state on [[0m[1;32m/world/flight_world[0m[1;32m/[0m[1;32mstate[0m[1;32m][0m[1;32m[0m
[gazebo-1] [1;32m[Msg] [0m[1;32mServing full state (async) on [[0m[1;32m/world/flight_world[0m[1;32m/[0m[1;32mstate_async[0m[1;32m][0m[1;32m[0m
[gazebo-1] [1;32m[Msg] [0m[1;32mPublishing scene information on [[0m[1;32m/world/flight_world/scene/info[0m[1;32m][0m[1;32m[0m
[gazebo-1] [1;32m[Msg] [0m[1;32mPublishing entity deletions on [[0m[1;32m/world/flight_world/scene/deletion[0m[1;32m][0m[1;32m[0m
[gazebo-1] [1;32m[Msg] [0m[1;32mPublishing state changes on [[0m[1;32m/world/flight_world/state[0m[1;32m][0m[1;32m[0m
[gazebo-1] [1;32m[Msg] [0m[1;32mPublishing pose messages on [[0m[1;32m/world/flight_world[0m[1;32m/[0m[1;32mpose/info[0m[1;32m][0m[1;32m[0m
[gazebo-1] [1;32m[Msg] [0m[1;32mPublishing dynamic pose messages on [[0m[1;32m/world/flight_world[0m[1;32m/[0m[1;32mdynamic_pose/info[0m[1;32m][0m[1;32m[0m
[gazebo_direct_motor_model-5] [INFO] [1786549688.692250094] [my_drone_gazebo_direct_motor_model]: MOTOR_DYNAMIC_STATE sim_s=5.016 cmd_min=0.0000 cmd_mean=0.0000 cmd_max=0.0000 filtered_mean=0.0000 filtered_max=0.0000 esc_throttle_mean=0.0000 total_thrust_n=0.0000 body_up_force_n=0.0000 saturated_motors=0 rated_cap_command=1.0000 voltage_v=14.8000 thrust_scale=1.000000 current_a=0.0000
[arm_coupling_monitor-9] [INFO] [1786549688.744696187] [my_drone_arm_coupling_monitor]: ARM_COUPLING_STATE {"com_body_flu_m": [-0.0039811661821147655, 0.00025720837417550144, -0.20428378530319424], "com_shift_m": [1.9021618152158942e-05, 0.0009298648924788693, 0.00019765975812055525], "feedforward_acceleration_ned_m_s2": [4.41980093050488e-11, 7.012782330197325e-11, 5.08975411162972e-09], "filtered_joint_acceleration_peak_rad_s2": 2.858880001145143e-07, "inertia_diag_kg_m2": [0.20778570928901988, 0.20845671528454668, 0.21289225719307642], "inertia_tensor_frame": "base_link_flu", "inertia_tensor_kg_m2": [[0.20778570928901988, -0.00034626186059333276, 0.002774593470979655], [-0.00034626186059333276, 0.20845671528454668, 4.410896492286053e-05], [0.002774593470979655, 4.410896492286053e-05, 0.21289225719307642]], "mass_kg": 4.0, "raw_joint_acceleration_peak_rad_s2": 1.3643632418054445e-06, "reaction_force_body_n": [-2.804688971831706e-10, -1.767952213966861e-10, 2.035901700296633e-08], "reaction_torque_body_nm": [-3.1649180497657756e-08, -3.6657259464172715e-06, -3.2265075345400507e-08]}
[gazebo_direct_motor_model-5] [INFO] [1786549689.692258160] [my_drone_gazebo_direct_motor_model]: MOTOR_DYNAMIC_STATE sim_s=6.016 cmd_min=0.0000 cmd_mean=0.0000 cmd_max=0.0000 filtered_mean=0.0000 filtered_max=0.0000 esc_throttle_mean=0.0000 total_thrust_n=0.0000 body_up_force_n=0.0000 saturated_motors=0 rated_cap_command=1.0000 voltage_v=14.8000 thrust_scale=1.000000 current_a=0.0000
[arm_coupling_monitor-9] [INFO] [1786549690.053817187] [my_drone_arm_coupling_monitor]: ARM_COUPLING_STATE {"com_body_flu_m": [-0.0039811661897059, 0.0002572083693903951, -0.20428378475216108], "com_shift_m": [1.9021610561024624e-05, 0.000929864887693763, 0.0001976603091537188], "feedforward_acceleration_ned_m_s2": [2.333956807611615e-12, 3.703250415535055e-12, 2.6877257244462297e-10], "filtered_joint_acceleration_peak_rad_s2": 1.5096750689994666e-08, "inertia_diag_kg_m2": [0.20778570909294344, 0.20845671506934982, 0.21289225717432406], "inertia_tensor_frame": "base_link_flu", "inertia_tensor_kg_m2": [[0.20778570909294344, -0.0003462618582684542, 0.0027745932099067522], [-0.0003462618582684542, 0.20845671506934982, 4.41089744087032e-05], [0.0027745932099067522, 4.41089744087032e-05, 0.21289225717432406]], "mass_kg": 4.0, "raw_joint_acceleration_peak_rad_s2": 1.4599919058975236e-07, "reaction_force_body_n": [-1.481076287244895e-11, -9.335995376256115e-12, 1.0750903191629026e-09], "reaction_torque_body_nm": [-1.6361038125780256e-09, -1.8954040978381617e-07, -1.668125735374314e-09]}
[gazebo_direct_motor_model-5] [INFO] [1786549690.695629149] [my_drone_gazebo_direct_motor_model]: MOTOR_DYNAMIC_STATE sim_s=7.016 cmd_min=0.0000 cmd_mean=0.0000 cmd_max=0.0000 filtered_mean=0.0000 filtered_max=0.0000 esc_throttle_mean=0.0000 total_thrust_n=0.0000 body_up_force_n=0.0000 saturated_motors=0 rated_cap_command=1.0000 voltage_v=14.8000 thrust_scale=1.000000 current_a=0.0000
[arm_coupling_monitor-9] [INFO] [1786549691.416551327] [my_drone_arm_coupling_monitor]: ARM_COUPLING_STATE {"com_body_flu_m": [-0.003981166190098409, 0.0002572083691429784, -0.20428378472366965], "com_shift_m": [1.9021610168515682e-05, 0.0009298648874463463, 0.00019766033764515023], "feedforward_acceleration_ned_m_s2": [1.207230624075177e-13, 1.915266737436905e-13, 1.3902392966554907e-11], "filtered_joint_acceleration_peak_rad_s2": 7.809007568123428e-10, "inertia_diag_kg_m2": [0.2077857090828052, 0.20845671505822289, 0.2128922571733545], "inertia_tensor_frame": "base_link_flu", "inertia_tensor_kg_m2": [[0.2077857090828052, -0.0003462618581482435, 0.0027745931964078528], [-0.0003462618581482435, 0.20845671505822289, 4.410897489917631e-05], [0.0027745931964078528, 4.410897489917631e-05, 0.2128922571733545]], "mass_kg": 4.0, "raw_joint_acceleration_peak_rad_s2": 7.746800474251212e-09, "reaction_force_body_n": [-7.659908924966018e-13, -4.829009468572527e-13, 5.560957338593078e-11], "reaction_torque_body_nm": [-8.446181524320552e-11, -9.800473011489756e-09, -8.648136946302129e-11]}
[gazebo_direct_motor_model-5] [INFO] [1786549691.692552924] [my_drone_gazebo_direct_motor_model]: MOTOR_DYNAMIC_STATE sim_s=8.016 cmd_min=0.0000 cmd_mean=0.0000 cmd_max=0.0000 filtered_mean=0.0000 filtered_max=0.0000 esc_throttle_mean=0.0000 total_thrust_n=0.0000 body_up_force_n=0.0000 saturated_motors=0 rated_cap_command=1.0000 voltage_v=14.8000 thrust_scale=1.000000 current_a=0.0000
[gazebo_direct_motor_model-5] [INFO] [1786549692.687351342] [my_drone_gazebo_direct_motor_model]: MOTOR_DYNAMIC_STATE sim_s=9.016 cmd_min=0.0000 cmd_mean=0.0000 cmd_max=0.0000 filtered_mean=0.0000 filtered_max=0.0000 esc_throttle_mean=0.0000 total_thrust_n=0.0000 body_up_force_n=0.0000 saturated_motors=0 rated_cap_command=1.0000 voltage_v=14.8000 thrust_scale=1.000000 current_a=0.0000
[arm_coupling_monitor-9] [INFO] [1786549692.710531128] [my_drone_arm_coupling_monitor]: ARM_COUPLING_STATE {"com_body_flu_m": [-0.003981166190129393, 0.0002572083691234489, -0.2042837847214205], "com_shift_m": [1.9021610137531786e-05, 0.0009298648874268168, 0.00019766033989429554], "feedforward_acceleration_ned_m_s2": [4.610477714676507e-16, 7.232407781637611e-16, 5.366745315984455e-14], "filtered_joint_acceleration_peak_rad_s2": 3.0152096233780873e-12, "inertia_diag_kg_m2": [0.20778570908200492, 0.20845671505734456, 0.21289225717327792], "inertia_tensor_frame": "base_link_flu", "inertia_tensor_kg_m2": [[0.20778570908200492, -0.00034626185813875347, 0.0027745931953422277], [-0.00034626185813875347, 0.20845671505734456, 4.410897493789187e-05], [0.0027745931953422277, 4.410897493789187e-05, 0.21289225717327792]], "mass_kg": 4.0, "raw_joint_acceleration_peak_rad_s2": 3.8694406783468486e-10, "reaction_force_body_n": [-2.892516118077122e-15, -1.844224536522609e-15, 2.1466981837539175e-13], "reaction_torque_body_nm": [-3.4321185177865374e-11, -4.021244856487104e-09, -3.5457601001861283e-11]}
[gazebo_direct_motor_model-5] [INFO] [1786549693.693359668] [my_drone_gazebo_direct_motor_model]: MOTOR_DYNAMIC_STATE sim_s=10.016 cmd_min=0.0000 cmd_mean=0.0000 cmd_max=0.0000 filtered_mean=0.0000 filtered_max=0.0000 esc_throttle_mean=0.0000 total_thrust_n=0.0000 body_up_force_n=0.0000 saturated_motors=0 rated_cap_command=1.0000 voltage_v=14.8000 thrust_scale=1.000000 current_a=0.0000
[arm_coupling_monitor-9] [INFO] [1786549693.728739791] [my_drone_arm_coupling_monitor]: ARM_COUPLING_STATE {"com_body_flu_m": [-0.003981166190149014, 0.00025720836911107686, -0.204283784719996], "com_shift_m": [1.902161011791033e-05, 0.0009298648874144447, 0.00019766034131879495], "feedforward_acceleration_ned_m_s2": [-6.067943409911746e-18, 4.471232639096309e-18, 8.728974760222201e-16], "filtered_joint_acceleration_peak_rad_s2": 5.01447745998122e-14, "inertia_diag_kg_m2": [0.2077857090814981, 0.20845671505678823, 0.21289225717322946], "inertia_tensor_frame": "base_link_flu", "inertia_tensor_kg_m2": [[0.2077857090814981, -0.00034626185813274287, 0.002774593194667328], [-0.00034626185813274287, 0.20845671505678823, 4.410897496241999e-05], [0.002774593194667328, 4.410897496241999e-05, 0.21289225717322946]], "mass_kg": 4.0, "raw_joint_acceleration_peak_rad_s2": 7.89347151132288e-12, "reaction_force_body_n": [-1.787776403942418e-17, 2.427128537021511e-17, 3.4915899441846614e-15], "reaction_torque_body_nm": [-3.399964768177203e-11, -4.0194512812944795e-09, -3.5361419342861116e-11]}
[gazebo_direct_motor_model-5] [INFO] [1786549694.689803226] [my_drone_gazebo_direct_motor_model]: MOTOR_DYNAMIC_STATE sim_s=11.016 cmd_min=0.0000 cmd_mean=0.0000 cmd_max=0.0000 filtered_mean=0.0000 filtered_max=0.0000 esc_throttle_mean=0.0000 total_thrust_n=0.0000 body_up_force_n=0.0000 saturated_motors=0 rated_cap_command=1.0000 voltage_v=14.8000 thrust_scale=1.000000 current_a=0.0000
[arm_coupling_monitor-9] [INFO] [1786549695.050388831] [my_drone_arm_coupling_monitor]: ARM_COUPLING_STATE {"com_body_flu_m": [-0.003981166190175137, 0.00025720836909460913, -0.2042837847180996], "com_shift_m": [1.9021610091787128e-05, 0.000929864887397977, 0.00019766034321519466], "feedforward_acceleration_ned_m_s2": [-1.442521224285096e-17, -7.571852984430327e-18, 5.746928026415908e-16], "filtered_joint_acceleration_peak_rad_s2": 3.459127719805917e-14, "inertia_diag_kg_m2": [0.20778570908082322, 0.20845671505604765, 0.21289225717316482], "inertia_tensor_frame": "base_link_flu", "inertia_tensor_kg_m2": [[0.20778570908082322, -0.0003462618581247406, 0.002774593193768834], [-0.0003462618581247406, 0.20845671505604765, 4.410897499506142e-05], [0.002774593193768834, 4.410897499506142e-05, 0.21289225717316482]], "mass_kg": 4.0, "raw_joint_acceleration_peak_rad_s2": 7.670314935101179e-12, "reaction_force_body_n": [3.0292050367736554e-17, 5.770060797735759e-17, 2.2987711554972607e-15], "reaction_torque_body_nm": [-3.4109754365073293e-11, -4.017024039892279e-09, -3.544362576464709e-11]}
[gazebo_direct_motor_model-5] [INFO] [1786549695.693843954] [my_drone_gazebo_direct_motor_model]: MOTOR_DYNAMIC_STATE sim_s=12.016 cmd_min=0.0000 cmd_mean=0.0000 cmd_max=0.0000 filtered_mean=0.0000 filtered_max=0.0000 esc_throttle_mean=0.0000 total_thrust_n=0.0000 body_up_force_n=0.0000 saturated_motors=0 rated_cap_command=1.0000 voltage_v=14.8000 thrust_scale=1.000000 current_a=0.0000
[arm_coupling_monitor-9] [INFO] [1786549696.063679204] [my_drone_arm_coupling_monitor]: ARM_COUPLING_STATE {"com_body_flu_m": [-0.00398116619019474, 0.0002572083690822527, -0.20428378471667663], "com_shift_m": [1.9021610072184753e-05, 0.0009298648873856206, 0.0001976603446381675], "feedforward_acceleration_ned_m_s2": [2.1436699914006254e-17, -1.1160336604881377e-17, 5.759283348932509e-16], "filtered_joint_acceleration_peak_rad_s2": 5.2199061513115e-14, "inertia_diag_kg_m2": [0.20778570908031682, 0.2084567150554919, 0.21289225717311644], "inertia_tensor_frame": "base_link_flu", "inertia_tensor_kg_m2": [[0.20778570908031682, -0.00034626185811873584, 0.002774593193094647], [-0.00034626185811873584, 0.2084567150554919, 4.4108975019558315e-05], [0.002774593193094647, 4.4108975019558315e-05, 0.21289225717311644]], "mass_kg": 4.0, "raw_joint_acceleration_peak_rad_s2": 8.03691763095928e-12, "reaction_force_body_n": [4.4646269489568915e-17, -8.574701383188599e-17, 2.3037132361966364e-15], "reaction_torque_body_nm": [-3.434547781852123e-11, -4.015381377065303e-09, -3.5465077486517046e-11]}
[gazebo_direct_motor_model-5] [INFO] [1786549696.691215272] [my_drone_gazebo_direct_motor_model]: MOTOR_DYNAMIC_STATE sim_s=13.016 cmd_min=0.0000 cmd_mean=0.0000 cmd_max=0.0000 filtered_mean=0.0000 filtered_max=0.0000 esc_throttle_mean=0.0000 total_thrust_n=0.0000 body_up_force_n=0.0000 saturated_motors=0 rated_cap_command=1.0000 voltage_v=14.8000 thrust_scale=1.000000 current_a=0.0000
[arm_coupling_monitor-9] [INFO] [1786549697.392119730] [my_drone_arm_coupling_monitor]: ARM_COUPLING_STATE {"com_body_flu_m": [-0.00398116619022084, 0.0002572083690658006, -0.20428378471478223], "com_shift_m": [1.9021610046084103e-05, 0.0009298648873691685, 0.0001976603465325688], "feedforward_acceleration_ned_m_s2": [3.7016663831909257e-17, -5.889199186765687e-18, 7.524775661219252e-16], "filtered_joint_acceleration_peak_rad_s2": 3.631562937973864e-14, "inertia_diag_kg_m2": [0.20778570907964278, 0.20845671505475205, 0.212892257173052], "inertia_tensor_frame": "base_link_flu", "inertia_tensor_kg_m2": [[0.20778570907964278, -0.0003462618581107457, 0.0027745931921971017], [-0.0003462618581107457, 0.20845671505475205, 4.410897505217025e-05], [0.0027745931921971017, 4.410897505217025e-05, 0.212892257173052]], "mass_kg": 4.0, "raw_joint_acceleration_peak_rad_s2": 9.038613517599288e-12, "reaction_force_body_n": [2.3563297908351585e-17, -1.480670016756899e-16, 3.009910196561979e-15], "reaction_torque_body_nm": [-3.416401348432595e-11, -4.012471921363889e-09, -3.5270523942888494e-11]}
[gazebo_direct_motor_model-5] [INFO] [1786549697.691800770] [my_drone_gazebo_direct_motor_model]: MOTOR_DYNAMIC_STATE sim_s=14.016 cmd_min=0.0000 cmd_mean=0.0000 cmd_max=0.0000 filtered_mean=0.0000 filtered_max=0.0000 esc_throttle_mean=0.0000 total_thrust_n=0.0000 body_up_force_n=0.0000 saturated_motors=0 rated_cap_command=1.0000 voltage_v=14.8000 thrust_scale=1.000000 current_a=0.0000
[arm_coupling_monitor-9] [INFO] [1786549698.402930821] [my_drone_arm_coupling_monitor]: ARM_COUPLING_STATE {"com_body_flu_m": [-0.003981166190240425, 0.0002572083690534563, -0.20428378471336078], "com_shift_m": [1.9021610026499075e-05, 0.0009298648873568242, 0.0001976603479540151], "feedforward_acceleration_ned_m_s2": [1.3037694090961544e-17, -3.6508467742330664e-18, 3.117814460247872e-16], "filtered_joint_acceleration_peak_rad_s2": 4.5328371522921004e-14, "inertia_diag_kg_m2": [0.20778570907913696, 0.20845671505419697, 0.21289225717300364], "inertia_tensor_frame": "base_link_flu", "inertia_tensor_kg_m2": [[0.20778570907913696, -0.0003462618581047466, 0.0027745931915236282], [-0.0003462618581047466, 0.20845671505419697, 4.410897507664286e-05], [0.0027745931915236282, 4.410897507664286e-05, 0.21289225717300364]], "mass_kg": 4.0, "raw_joint_acceleration_peak_rad_s2": 8.190229081061967e-12, "reaction_force_body_n": [1.4606063188209115e-17, -5.2150910604743996e-17, 1.247125747146698e-15], "reaction_torque_body_nm": [-3.442791749575705e-11, -4.011271825511383e-09, -3.5456721097380613e-11]}
[gazebo_direct_motor_model-5] [INFO] [1786549698.689782262] [my_drone_gazebo_direct_motor_model]: MOTOR_DYNAMIC_STATE sim_s=15.016 cmd_min=0.0000 cmd_mean=0.0000 cmd_max=0.0000 filtered_mean=0.0000 filtered_max=0.0000 esc_throttle_mean=0.0000 total_thrust_n=0.0000 body_up_force_n=0.0000 saturated_motors=0 rated_cap_command=1.0000 voltage_v=14.8000 thrust_scale=1.000000 current_a=0.0000
[gazebo_direct_motor_model-5] [INFO] [1786549699.693237098] [my_drone_gazebo_direct_motor_model]: MOTOR_DYNAMIC_STATE sim_s=16.020 cmd_min=0.0000 cmd_mean=0.0000 cmd_max=0.0000 filtered_mean=0.0000 filtered_max=0.0000 esc_throttle_mean=0.0000 total_thrust_n=0.0000 body_up_force_n=0.0000 saturated_motors=0 rated_cap_command=1.0000 voltage_v=14.8000 thrust_scale=1.000000 current_a=0.0000
[arm_coupling_monitor-9] [INFO] [1786549699.713341995] [my_drone_arm_coupling_monitor]: ARM_COUPLING_STATE {"com_body_flu_m": [-0.003981166190266571, 0.00025720836903697294, -0.20428378471146266], "com_shift_m": [1.9021610000353323e-05, 0.0009298648873403408, 0.00019766034985213565], "feedforward_acceleration_ned_m_s2": [5.184969309236758e-18, -1.3117251632532857e-18, 7.164448396367132e-16], "filtered_joint_acceleration_peak_rad_s2": 4.655051532361166e-14, "inertia_diag_kg_m2": [0.20778570907846158, 0.20845671505345567, 0.21289225717293903], "inertia_tensor_frame": "base_link_flu", "inertia_tensor_kg_m2": [[0.20778570907846158, -0.0003462618580967391, 0.0027745931906243367], [-0.0003462618580967391, 0.20845671505345567, 4.4108975109313775e-05], [0.0027745931906243367, 4.4108975109313775e-05, 0.21289225717293903]], "mass_kg": 4.0, "raw_joint_acceleration_peak_rad_s2": 7.414850918150938e-12, "reaction_force_body_n": [5.252860478058437e-18, -2.074023987093379e-17, 2.8657793450044913e-15], "reaction_torque_body_nm": [-3.421202924780888e-11, -4.00856215005199e-09, -3.536679573785336e-11]}
[gazebo_direct_motor_model-5] [INFO] [1786549700.697087877] [my_drone_gazebo_direct_motor_model]: MOTOR_DYNAMIC_STATE sim_s=17.020 cmd_min=0.0000 cmd_mean=0.0000 cmd_max=0.0000 filtered_mean=0.0000 filtered_max=0.0000 esc_throttle_mean=0.0000 total_thrust_n=0.0000 body_up_force_n=0.0000 saturated_motors=0 rated_cap_command=1.0000 voltage_v=14.8000 thrust_scale=1.000000 current_a=0.0000
[arm_coupling_monitor-9] [INFO] [1786549700.731415812] [my_drone_arm_coupling_monitor]: ARM_COUPLING_STATE {"com_body_flu_m": [-0.003981166190286135, 0.00025720836902464253, -0.20428378471004266], "com_shift_m": [1.902160998078911e-05, 0.0009298648873280104, 0.00019766035127213866], "feedforward_acceleration_ned_m_s2": [-1.6174020546642877e-17, 2.360577872484445e-17, 6.435515885321103e-16], "filtered_joint_acceleration_peak_rad_s2": 3.324017020691119e-14, "inertia_diag_kg_m2": [0.20778570907795635, 0.20845671505290111, 0.2128922571728907], "inertia_tensor_frame": "base_link_flu", "inertia_tensor_kg_m2": [[0.20778570907795635, -0.00034626185809074586, 0.0027745931899515715], [-0.00034626185809074586, 0.20845671505290111, 4.41089751337621e-05], [0.0027745931899515715, 4.41089751337621e-05, 0.2128922571728907]], "mass_kg": 4.0, "raw_joint_acceleration_peak_rad_s2": 7.76789302787466e-12, "reaction_force_body_n": [-9.441792085560522e-17, 6.469556678982629e-17, 2.5742065575963175e-15], "reaction_torque_body_nm": [-3.4079483003605595e-11, -4.006654595614644e-09, -3.527752757264343e-11]}
[gazebo_direct_motor_model-5] [INFO] [1786549701.695169221] [my_drone_gazebo_direct_motor_model]: MOTOR_DYNAMIC_STATE sim_s=18.020 cmd_min=0.0000 cmd_mean=0.0000 cmd_max=0.0000 filtered_mean=0.0000 filtered_max=0.0000 esc_throttle_mean=0.0000 total_thrust_n=0.0000 body_up_force_n=0.0000 saturated_motors=0 rated_cap_command=1.0000 voltage_v=14.8000 thrust_scale=1.000000 current_a=0.0000
[arm_coupling_monitor-9] [INFO] [1786549701.734969372] [my_drone_arm_coupling_monitor]: ARM_COUPLING_STATE {"com_body_flu_m": [-0.003981166190305693, 0.0002572083690123156, -0.20428378470862335], "com_shift_m": [1.902160996123184e-05, 0.0009298648873156835, 0.00019766035269144777], "feedforward_acceleration_ned_m_s2": [-2.874995245676754e-19, -3.6581413358207534e-17, 8.053053102957935e-16], "filtered_joint_acceleration_peak_rad_s2": 4.966035892974773e-14, "inertia_diag_kg_m2": [0.20778570907745128, 0.20845671505234686, 0.21289225717284238], "inertia_tensor_frame": "base_link_flu", "inertia_tensor_kg_m2": [[0.20778570907745128, -0.0003462618580847576, 0.0027745931892791003], [-0.0003462618580847576, 0.20845671505234686, 4.410897515818874e-05], [0.0027745931892791003, 4.410897515818874e-05, 0.21289225717284238]], "mass_kg": 4.0, "raw_joint_acceleration_peak_rad_s2": 7.89698828462813e-12, "reaction_force_body_n": [1.4633230565403886e-16, 1.149859140530398e-18, 3.2212209390452824e-15], "reaction_torque_body_nm": [-3.4192371321816607e-11, -4.004773892065066e-09, -3.536585824726161e-11]}
[gazebo_direct_motor_model-5] [INFO] [1786549702.697111233] [my_drone_gazebo_direct_motor_model]: MOTOR_DYNAMIC_STATE sim_s=19.020 cmd_min=0.0000 cmd_mean=0.0000 cmd_max=0.0000 filtered_mean=0.0000 filtered_max=0.0000 esc_throttle_mean=0.0000 total_thrust_n=0.0000 body_up_force_n=0.0000 saturated_motors=0 rated_cap_command=1.0000 voltage_v=14.8000 thrust_scale=1.000000 current_a=0.0000
[arm_coupling_monitor-9] [INFO] [1786549702.734678194] [my_drone_arm_coupling_monitor]: ARM_COUPLING_STATE {"com_body_flu_m": [-0.0039811661903252325, 0.0002572083689999956, -0.20428378470720465], "com_shift_m": [1.9021609941691914e-05, 0.0009298648873033635, 0.00019766035411014626], "feedforward_acceleration_ned_m_s2": [-4.4305020363991e-18, -4.444807106803688e-18, 8.347303249647033e-16], "filtered_joint_acceleration_peak_rad_s2": 4.572232872772771e-14, "inertia_diag_kg_m2": [0.20778570907694643, 0.20845671505179283, 0.21289225717279409], "inertia_tensor_frame": "base_link_flu", "inertia_tensor_kg_m2": [[0.20778570907694643, -0.00034626185807877237, 0.002774593188606949], [-0.00034626185807877237, 0.20845671505179283, 4.410897518261712e-05], [0.002774593188606949, 4.410897518261712e-05, 0.21289225717279409]], "mass_kg": 4.0, "raw_joint_acceleration_peak_rad_s2": 6.938498910290887e-12, "reaction_force_body_n": [1.778609209053852e-17, 1.7721607958855874e-17, 3.338921265427885e-15], "reaction_torque_body_nm": [-3.381019821036531e-11, -4.002839262883883e-09, -3.519371150667042e-11]}
[gazebo_direct_motor_model-5] [INFO] [1786549703.698969161] [my_drone_gazebo_direct_motor_model]: MOTOR_DYNAMIC_STATE sim_s=20.020 cmd_min=0.0000 cmd_mean=0.0000 cmd_max=0.0000 filtered_mean=0.0000 filtered_max=0.0000 esc_throttle_mean=0.0000 total_thrust_n=0.0000 body_up_force_n=0.0000 saturated_motors=0 rated_cap_command=1.0000 voltage_v=14.8000 thrust_scale=1.000000 current_a=0.0000
[arm_coupling_monitor-9] [INFO] [1786549703.743202375] [my_drone_arm_coupling_monitor]: ARM_COUPLING_STATE {"com_body_flu_m": [-0.003981166190344769, 0.0002572083689876825, -0.2042837847057866], "com_shift_m": [1.9021609922155458e-05, 0.0009298648872910504, 0.00019766035552820638], "feedforward_acceleration_ned_m_s2": [-1.9157706154776293e-18, 1.1738355767016275e-17, 6.0790426590791e-16], "filtered_joint_acceleration_peak_rad_s2": 3.0381000379399404e-14, "inertia_diag_kg_m2": [0.20778570907644187, 0.208456715051239, 0.21289225717274587], "inertia_tensor_frame": "base_link_flu", "inertia_tensor_kg_m2": [[0.20778570907644187, -0.0003462618580727882, 0.0027745931879350877], [-0.0003462618580727882, 0.208456715051239, 4.410897520702641e-05], [0.0027745931879350877, 4.410897520702641e-05, 0.21289225717274587]], "mass_kg": 4.0, "raw_joint_acceleration_peak_rad_s2": 6.418071915856994e-12, "reaction_force_body_n": [-4.694841447626506e-17, 7.662676422456922e-18, 2.4316171616196896e-15], "reaction_torque_body_nm": [-3.381544261871533e-11, -4.001160027301383e-09, -3.5204990613446484e-11]}
[gazebo_direct_motor_model-5] [INFO] [1786549704.692666011] [my_drone_gazebo_direct_motor_model]: MOTOR_DYNAMIC_STATE sim_s=21.020 cmd_min=0.0000 cmd_mean=0.0000 cmd_max=0.0000 filtered_mean=0.0000 filtered_max=0.0000 esc_throttle_mean=0.0000 total_thrust_n=0.0000 body_up_force_n=0.0000 saturated_motors=0 rated_cap_command=1.0000 voltage_v=14.8000 thrust_scale=1.000000 current_a=0.0000
[arm_coupling_monitor-9] [INFO] [1786549705.047585328] [my_drone_arm_coupling_monitor]: ARM_COUPLING_STATE {"com_body_flu_m": [-0.003981166190370776, 0.0002572083689712859, -0.20428378470389877], "com_shift_m": [1.9021609896148484e-05, 0.0009298648872746538, 0.0001976603574160296], "feedforward_acceleration_ned_m_s2": [9.102491932992954e-18, -3.511928040964257e-17, 6.409228360910912e-16], "filtered_joint_acceleration_peak_rad_s2": 4.4123415821394806e-14, "inertia_diag_kg_m2": [0.20778570907577, 0.20845671505050176, 0.2128922571726816], "inertia_tensor_frame": "base_link_flu", "inertia_tensor_kg_m2": [[0.20778570907577, -0.00034626185806482194, 0.0027745931870406535], [-0.00034626185806482194, 0.20845671505050176, 4.410897523952472e-05], [0.0027745931870406535, 4.410897523952472e-05, 0.2128922571726816]], "mass_kg": 4.0, "raw_joint_acceleration_peak_rad_s2": 7.0429354623396555e-12, "reaction_force_body_n": [1.4048248738605004e-16, -3.6410032371953025e-17, 2.563691049425294e-15], "reaction_torque_body_nm": [-3.419971942087797e-11, -3.998881696978329e-09, -3.515711607253717e-11]}
[gazebo_direct_motor_model-5] [INFO] [1786549705.692491908] [my_drone_gazebo_direct_motor_model]: MOTOR_DYNAMIC_STATE sim_s=22.020 cmd_min=0.0000 cmd_mean=0.0000 cmd_max=0.0000 filtered_mean=0.0000 filtered_max=0.0000 esc_throttle_mean=0.0000 total_thrust_n=0.0000 body_up_force_n=0.0000 saturated_motors=0 rated_cap_command=1.0000 voltage_v=14.8000 thrust_scale=1.000000 current_a=0.0000
[arm_coupling_monitor-9] [INFO] [1786549706.055320658] [my_drone_arm_coupling_monitor]: ARM_COUPLING_STATE {"com_body_flu_m": [-0.00398116619039029, 0.000257208368958985, -0.2042837847024822], "com_shift_m": [1.902160987663458e-05, 0.0009298648872623529, 0.00019766035883259092], "feedforward_acceleration_ned_m_s2": [3.447166466567559e-17, 2.989747100815672e-17, 8.386164344285725e-16], "filtered_joint_acceleration_peak_rad_s2": 4.497124761526952e-14, "inertia_diag_kg_m2": [0.20778570907526595, 0.20845671504994856, 0.2128922571726334], "inertia_tensor_frame": "base_link_flu", "inertia_tensor_kg_m2": [[0.20778570907526595, -0.0003462618580588445, 0.0027745931863695037], [-0.0003462618580588445, 0.20845671504994856, 4.410897526390886e-05], [0.0027745931863695037, 4.410897526390886e-05, 0.2128922571726334]], "mass_kg": 4.0, "raw_joint_acceleration_peak_rad_s2": 7.423005565943693e-12, "reaction_force_body_n": [-1.1958269056102772e-16, -1.3788732367233854e-16, 3.3544659668250985e-15], "reaction_torque_body_nm": [-3.414655509109449e-11, -3.9969583338037715e-09, -3.5155511984656076e-11]}
[gazebo_direct_motor_model-5] [INFO] [1786549706.694349700] [my_drone_gazebo_direct_motor_model]: MOTOR_DYNAMIC_STATE sim_s=23.020 cmd_min=0.0000 cmd_mean=0.0000 cmd_max=0.0000 filtered_mean=0.0000 filtered_max=0.0000 esc_throttle_mean=0.0000 total_thrust_n=0.0000 body_up_force_n=0.0000 saturated_motors=0 rated_cap_command=1.0000 voltage_v=14.8000 thrust_scale=1.000000 current_a=0.0000
[arm_coupling_monitor-9] [INFO] [1786549707.060212590] [my_drone_arm_coupling_monitor]: ARM_COUPLING_STATE {"com_body_flu_m": [-0.0039811661904097986, 0.00025720836894668926, -0.20428378470106628], "com_shift_m": [1.902160985712588e-05, 0.0009298648872500571, 0.00019766036024851386], "feedforward_acceleration_ned_m_s2": [3.1276101084811404e-17, 5.730157813977417e-17, 8.54445827971616e-16], "filtered_joint_acceleration_peak_rad_s2": 4.395676843022319e-14, "inertia_diag_kg_m2": [0.20778570907476224, 0.20845671504939553, 0.21289225717258525], "inertia_tensor_frame": "base_link_flu", "inertia_tensor_kg_m2": [[0.20778570907476224, -0.0003462618580528712, 0.0027745931856986593], [-0.0003462618580528712, 0.20845671504939553, 4.410897528828346e-05], [0.0027745931856986593, 4.410897528828346e-05, 0.21289225717258525]], "mass_kg": 4.0, "raw_joint_acceleration_peak_rad_s2": 5.717336643719519e-12, "reaction_force_body_n": [-2.2919901273897707e-16, -1.251052872907632e-16, 3.4177837691057924e-15], "reaction_torque_body_nm": [-3.402658497025396e-11, -3.994956321126139e-09, -3.506642493455202e-11]}
[gazebo_direct_motor_model-5] [INFO] [1786549707.697206233] [my_drone_gazebo_direct_motor_model]: MOTOR_DYNAMIC_STATE sim_s=24.020 cmd_min=0.0000 cmd_mean=0.0000 cmd_max=0.0000 filtered_mean=0.0000 filtered_max=0.0000 esc_throttle_mean=0.0000 total_thrust_n=0.0000 body_up_force_n=0.0000 saturated_motors=0 rated_cap_command=1.0000 voltage_v=14.8000 thrust_scale=1.000000 current_a=0.0000
[arm_coupling_monitor-9] [INFO] [1786549708.411318864] [my_drone_arm_coupling_monitor]: ARM_COUPLING_STATE {"com_body_flu_m": [-0.003981166190435771, 0.0002572083689303187, -0.2042837846991813], "com_shift_m": [1.90216098311536e-05, 0.0009298648872336866, 0.00019766036213350602], "feedforward_acceleration_ned_m_s2": [4.5089585729968185e-18, 5.350256645789089e-17, 7.166808073257383e-16], "filtered_joint_acceleration_peak_rad_s2": 4.018093374025546e-14, "inertia_diag_kg_m2": [0.20778570907409144, 0.2084567150486594, 0.21289225717252103], "inertia_tensor_frame": "base_link_flu", "inertia_tensor_kg_m2": [[0.20778570907409144, -0.0003462618580449199, 0.002774593184805564], [-0.0003462618580449199, 0.2084567150486594, 4.41089753207332e-05], [0.002774593184805564, 4.41089753207332e-05, 0.21289225717252103]], "mass_kg": 4.0, "raw_joint_acceleration_peak_rad_s2": 8.621628128604876e-12, "reaction_force_body_n": [-2.1400430922891577e-16, -1.8036616511046333e-17, 2.8667236690552064e-15], "reaction_torque_body_nm": [-3.405345390801674e-11, -3.992808762603556e-09, -3.50908719185545e-11]}
[gazebo_direct_motor_model-5] [INFO] [1786549708.701408776] [my_drone_gazebo_direct_motor_model]: MOTOR_DYNAMIC_STATE sim_s=25.020 cmd_min=0.0000 cmd_mean=0.0000 cmd_max=0.0000 filtered_mean=0.0000 filtered_max=0.0000 esc_throttle_mean=0.0000 total_thrust_n=0.0000 body_up_force_n=0.0000 saturated_motors=0 rated_cap_command=1.0000 voltage_v=14.8000 thrust_scale=1.000000 current_a=0.0000
[gazebo_direct_motor_model-5] [INFO] [1786549709.694225288] [my_drone_gazebo_direct_motor_model]: MOTOR_DYNAMIC_STATE sim_s=26.020 cmd_min=0.0000 cmd_mean=0.0000 cmd_max=0.0000 filtered_mean=0.0000 filtered_max=0.0000 esc_throttle_mean=0.0000 total_thrust_n=0.0000 body_up_force_n=0.0000 saturated_motors=0 rated_cap_command=1.0000 voltage_v=14.8000 thrust_scale=1.000000 current_a=0.0000
[arm_coupling_monitor-9] [INFO] [1786549709.725274932] [my_drone_arm_coupling_monitor]: ARM_COUPLING_STATE {"com_body_flu_m": [-0.003981166190461799, 0.00025720836891391166, -0.20428378469729172], "com_shift_m": [1.9021609805125808e-05, 0.0009298648872172795, 0.00019766036402307785], "feedforward_acceleration_ned_m_s2": [2.000739676008703e-17, 5.5396738866352275e-17, 7.434607582902324e-16], "filtered_joint_acceleration_peak_rad_s2": 5.631000425328431e-14, "inertia_diag_kg_m2": [0.20778570907341906, 0.20845671504792146, 0.21289225717245674], "inertia_tensor_frame": "base_link_flu", "inertia_tensor_kg_m2": [[0.20778570907341906, -0.0003462618580369471, 0.0027745931839103294], [-0.0003462618580369471, 0.20845671504792146, 4.410897535326273e-05], [0.0027745931839103294, 4.410897535326273e-05, 0.21289225717245674]], "mass_kg": 4.0, "raw_joint_acceleration_peak_rad_s2": 6.570147803260762e-12, "reaction_force_body_n": [-2.2158065897323642e-16, -8.003039768438985e-17, 2.9738434805028897e-15], "reaction_torque_body_nm": [-3.4192574875985904e-11, -3.990077984977486e-09, -3.5138110829242666e-11]}
[gazebo_direct_motor_model-5] [INFO] [1786549710.698186640] [my_drone_gazebo_direct_motor_model]: MOTOR_DYNAMIC_STATE sim_s=27.020 cmd_min=0.0000 cmd_mean=0.0000 cmd_max=0.0000 filtered_mean=0.0000 filtered_max=0.0000 esc_throttle_mean=0.0000 total_thrust_n=0.0000 body_up_force_n=0.0000 saturated_motors=0 rated_cap_command=1.0000 voltage_v=14.8000 thrust_scale=1.000000 current_a=0.0000
[arm_coupling_monitor-9] [INFO] [1786549711.071802599] [my_drone_arm_coupling_monitor]: ARM_COUPLING_STATE {"com_body_flu_m": [-0.0039811661904877345, 0.00025720836889756016, -0.204283784695409], "com_shift_m": [1.9021609779189957e-05, 0.000929864887200928, 0.00019766036590579406], "feedforward_acceleration_ned_m_s2": [-5.6483494939374845e-18, -4.742521382501781e-18, 7.827694158170457e-16], "filtered_joint_acceleration_peak_rad_s2": 3.779921633298069e-14, "inertia_diag_kg_m2": [0.20778570907274907, 0.20845671504718616, 0.21289225717239274], "inertia_tensor_frame": "base_link_flu", "inertia_tensor_kg_m2": [[0.20778570907274907, -0.00034626185802900077, 0.002774593183018315], [-0.00034626185802900077, 0.20845671504718616, 4.410897538567344e-05], [0.002774593183018315, 4.410897538567344e-05, 0.21289225717239274]], "mass_kg": 4.0, "raw_joint_acceleration_peak_rad_s2": 7.395425400742235e-12, "reaction_force_body_n": [1.897651050897e-17, 2.2593027095655548e-17, 3.131077627011124e-15], "reaction_torque_body_nm": [-3.373666559714087e-11, -3.9877464029202736e-09, -3.5100607986820223e-11]}
[gazebo_direct_motor_model-5] [INFO] [1786549711.696615319] [my_drone_gazebo_direct_motor_model]: MOTOR_DYNAMIC_STATE sim_s=28.020 cmd_min=0.0000 cmd_mean=0.0000 cmd_max=0.0000 filtered_mean=0.0000 filtered_max=0.0000 esc_throttle_mean=0.0000 total_thrust_n=0.0000 body_up_force_n=0.0000 saturated_motors=0 rated_cap_command=1.0000 voltage_v=14.8000 thrust_scale=1.000000 current_a=0.0000
[arm_coupling_monitor-9] [INFO] [1786549712.378357594] [my_drone_arm_coupling_monitor]: ARM_COUPLING_STATE {"com_body_flu_m": [-0.003981166190513658, 0.0002572083688812208, -0.20428378469352743], "com_shift_m": [1.902160975326625e-05, 0.0009298648871845887, 0.00019766036778737228], "feedforward_acceleration_ned_m_s2": [8.399421731102857e-18, -8.485347936670663e-18, 6.90580218643704e-16], "filtered_joint_acceleration_peak_rad_s2": 4.0282147986848e-14, "inertia_diag_kg_m2": [0.20778570907207958, 0.20845671504645136, 0.21289225717232863], "inertia_tensor_frame": "base_link_flu", "inertia_tensor_kg_m2": [[0.20778570907207958, -0.00034626185802106245, 0.0027745931821268398], [-0.00034626185802106245, 0.20845671504645136, 4.410897541806333e-05], [0.0027745931821268398, 4.410897541806333e-05, 0.21289225717232863]], "mass_kg": 4.0, "raw_joint_acceleration_peak_rad_s2": 7.482660329875943e-12, "reaction_force_body_n": [3.394716244469541e-17, -3.3597981208798966e-17, 2.7623208000832916e-15], "reaction_torque_body_nm": [-3.400433084853563e-11, -3.985581693639893e-09, -3.512714067220308e-11]}
[gazebo_direct_motor_model-5] [INFO] [1786549712.695425706] [my_drone_gazebo_direct_motor_model]: MOTOR_DYNAMIC_STATE sim_s=29.020 cmd_min=0.0000 cmd_mean=0.0000 cmd_max=0.0000 filtered_mean=0.0000 filtered_max=0.0000 esc_throttle_mean=0.0000 total_thrust_n=0.0000 body_up_force_n=0.0000 saturated_motors=0 rated_cap_command=1.0000 voltage_v=14.8000 thrust_scale=1.000000 current_a=0.0000
[arm_coupling_monitor-9] [INFO] [1786549713.409379481] [my_drone_arm_coupling_monitor]: ARM_COUPLING_STATE {"com_body_flu_m": [-0.00398116619053311, 0.00025720836886895977, -0.20428378469211556], "com_shift_m": [1.9021609733814795e-05, 0.0009298648871723277, 0.0001976603691992429], "feedforward_acceleration_ned_m_s2": [2.4340662943206326e-17, 7.057430284639088e-17, 4.544896810054788e-16], "filtered_joint_acceleration_peak_rad_s2": 5.866781565761153e-14, "inertia_diag_kg_m2": [0.2077857090715772, 0.20845671504589997, 0.2128922571722806], "inertia_tensor_frame": "base_link_flu", "inertia_tensor_kg_m2": [[0.2077857090715772, -0.00034626185801510585, 0.002774593181457916], [-0.00034626185801510585, 0.20845671504589997, 4.4108975442372876e-05], [0.002774593181457916, 4.4108975442372876e-05, 0.2128922571722806]], "mass_kg": 4.0, "raw_joint_acceleration_peak_rad_s2": 8.007247211759651e-12, "reaction_force_body_n": [-2.8229326956722016e-16, -9.736342824842593e-17, 1.8179592945279206e-15], "reaction_torque_body_nm": [-3.435049517258597e-11, -3.98406375652977e-09, -3.5238348519061375e-11]}
[gazebo_direct_motor_model-5] [INFO] [1786549713.700480298] [my_drone_gazebo_direct_motor_model]: MOTOR_DYNAMIC_STATE sim_s=30.020 cmd_min=0.0000 cmd_mean=0.0000 cmd_max=0.0000 filtered_mean=0.0000 filtered_max=0.0000 esc_throttle_mean=0.0000 total_thrust_n=0.0000 body_up_force_n=0.0000 saturated_motors=0 rated_cap_command=1.0000 voltage_v=14.8000 thrust_scale=1.000000 current_a=0.0000
[gazebo_direct_motor_model-5] [INFO] [1786549714.698246322] [my_drone_gazebo_direct_motor_model]: MOTOR_DYNAMIC_STATE sim_s=31.020 cmd_min=0.0000 cmd_mean=0.0000 cmd_max=0.0000 filtered_mean=0.0000 filtered_max=0.0000 esc_throttle_mean=0.0000 total_thrust_n=0.0000 body_up_force_n=0.0000 saturated_motors=0 rated_cap_command=1.0000 voltage_v=14.8000 thrust_scale=1.000000 current_a=0.0000
[arm_coupling_monitor-9] [INFO] [1786549714.727839245] [my_drone_arm_coupling_monitor]: ARM_COUPLING_STATE {"com_body_flu_m": [-0.00398116619055908, 0.0002572083688525892, -0.20428378469023029], "com_shift_m": [1.902160970784425e-05, 0.0009298648871559571, 0.00019766037108451262], "feedforward_acceleration_ned_m_s2": [1.5476048637532211e-18, 6.503702519691038e-17, 5.963485398366596e-16], "filtered_joint_acceleration_peak_rad_s2": 4.303705738934908e-14, "inertia_diag_kg_m2": [0.20778570907090638, 0.20845671504516372, 0.21289225717221644], "inertia_tensor_frame": "base_link_flu", "inertia_tensor_kg_m2": [[0.20778570907090638, -0.00034626185800715366, 0.0027745931805646996], [-0.00034626185800715366, 0.20845671504516372, 4.410897547482435e-05], [0.0027745931805646996, 4.410897547482435e-05, 0.21289225717221644]], "mass_kg": 4.0, "raw_joint_acceleration_peak_rad_s2": 6.638675394857883e-12, "reaction_force_body_n": [-2.6014316117938063e-16, -6.1912273476558124e-18, 2.38539469595223e-15], "reaction_torque_body_nm": [-3.376985193649656e-11, -3.9813034611396464e-09, -3.496402686440657e-11]}
[gazebo_direct_motor_model-5] [INFO] [1786549715.695865422] [my_drone_gazebo_direct_motor_model]: MOTOR_DYNAMIC_STATE sim_s=32.020 cmd_min=0.0000 cmd_mean=0.0000 cmd_max=0.0000 filtered_mean=0.0000 filtered_max=0.0000 esc_throttle_mean=0.0000 total_thrust_n=0.0000 body_up_force_n=0.0000 saturated_motors=0 rated_cap_command=1.0000 voltage_v=14.8000 thrust_scale=1.000000 current_a=0.0000
[arm_coupling_monitor-9] [INFO] [1786549716.072409640] [my_drone_arm_coupling_monitor]: ARM_COUPLING_STATE {"com_body_flu_m": [-0.0039811661905849605, 0.00025720836883627585, -0.2042837846883518], "com_shift_m": [1.902160968196391e-05, 0.0009298648871396437, 0.00019766037296300998], "feedforward_acceleration_ned_m_s2": [-4.412193417077738e-18, 2.069966462340629e-17, 6.389605061808113e-16], "filtered_joint_acceleration_peak_rad_s2": 3.976273804867307e-14, "inertia_diag_kg_m2": [0.20778570907023794, 0.2084567150444301, 0.21289225717215254], "inertia_tensor_frame": "base_link_flu", "inertia_tensor_kg_m2": [[0.20778570907023794, -0.00034626185799922684, 0.002774593179674694], [-0.00034626185799922684, 0.2084567150444301, 4.410897550716393e-05], [0.002774593179674694, 4.410897550716393e-05, 0.21289225717215254]], "mass_kg": 4.0, "raw_joint_acceleration_peak_rad_s2": 8.155999183664626e-12, "reaction_force_body_n": [-8.279341238055947e-17, 1.7648282898611645e-17, 2.555842198058963e-15], "reaction_torque_body_nm": [-3.3655373351208165e-11, -3.979137534755143e-09, -3.503251033287893e-11]}
[gazebo_direct_motor_model-5] [INFO] [1786549716.697771650] [my_drone_gazebo_direct_motor_model]: MOTOR_DYNAMIC_STATE sim_s=33.020 cmd_min=0.0000 cmd_mean=0.0000 cmd_max=0.0000 filtered_mean=0.0000 filtered_max=0.0000 esc_throttle_mean=0.0000 total_thrust_n=0.0000 body_up_force_n=0.0000 saturated_motors=0 rated_cap_command=1.0000 voltage_v=14.8000 thrust_scale=1.000000 current_a=0.0000
[arm_coupling_monitor-9] [INFO] [1786549717.390580097] [my_drone_arm_coupling_monitor]: ARM_COUPLING_STATE {"com_body_flu_m": [-0.0039811661906108235, 0.0002572083688199729, -0.20428378468647443], "com_shift_m": [1.902160965610092e-05, 0.0009298648871233408, 0.00019766037484036936], "feedforward_acceleration_ned_m_s2": [-1.5625471511969163e-17, 4.361273880824756e-17, 5.085270516605815e-16], "filtered_joint_acceleration_peak_rad_s2": 3.012374938979982e-14, "inertia_diag_kg_m2": [0.20778570906956983, 0.20845671504369692, 0.21289225717208865], "inertia_tensor_frame": "base_link_flu", "inertia_tensor_kg_m2": [[0.20778570906956983, -0.0003462618579913033, 0.0027745931787852307], [-0.0003462618579913033, 0.20845671504369692, 4.410897553947923e-05], [0.0027745931787852307, 4.410897553947923e-05, 0.21289225717208865]], "mass_kg": 4.0, "raw_joint_acceleration_peak_rad_s2": 6.351916767638894e-12, "reaction_force_body_n": [-1.744468727297824e-16, 6.250128778483463e-17, 2.0341085751480776e-15], "reaction_torque_body_nm": [-3.360010151704405e-11, -3.976751212911385e-09, -3.4963932444181684e-11]}
[gazebo_direct_motor_model-5] [INFO] [1786549717.692791197] [my_drone_gazebo_direct_motor_model]: MOTOR_DYNAMIC_STATE sim_s=34.020 cmd_min=0.0000 cmd_mean=0.0000 cmd_max=0.0000 filtered_mean=0.0000 filtered_max=0.0000 esc_throttle_mean=0.0000 total_thrust_n=0.0000 body_up_force_n=0.0000 saturated_motors=0 rated_cap_command=1.0000 voltage_v=14.8000 thrust_scale=1.000000 current_a=0.0000
[arm_coupling_monitor-9] [INFO] [1786549718.398233338] [my_drone_arm_coupling_monitor]: ARM_COUPLING_STATE {"com_body_flu_m": [-0.003981166190630226, 0.00025720836880773965, -0.20428378468506578], "com_shift_m": [1.9021609636698036e-05, 0.0009298648871111075, 0.00019766037624902033], "feedforward_acceleration_ned_m_s2": [1.953071483785489e-17, -1.6096869384870112e-17, 6.039419231884152e-16], "filtered_joint_acceleration_peak_rad_s2": 4.7868968099588576e-14, "inertia_diag_kg_m2": [0.2077857090690687, 0.20845671504314678, 0.21289225717204063], "inertia_tensor_frame": "base_link_flu", "inertia_tensor_kg_m2": [[0.2077857090690687, -0.0003462618579853612, 0.002774593178117817], [-0.0003462618579853612, 0.20845671504314678, 4.4108975563732396e-05], [0.002774593178117817, 4.4108975563732396e-05, 0.21289225717204063]], "mass_kg": 4.0, "raw_joint_acceleration_peak_rad_s2": 7.322992262445212e-12, "reaction_force_body_n": [6.439261750672088e-17, -7.812305032262251e-17, 2.415767549576823e-15], "reaction_torque_body_nm": [-3.415229684920697e-11, -3.974714141665936e-09, -3.507315787516585e-11]}
[gazebo_direct_motor_model-5] [INFO] [1786549718.696897852] [my_drone_gazebo_direct_motor_model]: MOTOR_DYNAMIC_STATE sim_s=35.020 cmd_min=0.0000 cmd_mean=0.0000 cmd_max=0.0000 filtered_mean=0.0000 filtered_max=0.0000 esc_throttle_mean=0.0000 total_thrust_n=0.0000 body_up_force_n=0.0000 saturated_motors=0 rated_cap_command=1.0000 voltage_v=14.8000 thrust_scale=1.000000 current_a=0.0000
[arm_coupling_monitor-9] [INFO] [1786549719.399222359] [my_drone_arm_coupling_monitor]: ARM_COUPLING_STATE {"com_body_flu_m": [-0.003981166190649622, 0.00025720836879550985, -0.20428378468365774], "com_shift_m": [1.9021609617302093e-05, 0.0009298648870988777, 0.00019766037765706068], "feedforward_acceleration_ned_m_s2": [3.538752338963682e-18, 1.002929209961374e-17, 8.017031532982872e-16], "filtered_joint_acceleration_peak_rad_s2": 5.958847077729603e-14, "inertia_diag_kg_m2": [0.20778570906856758, 0.20845671504259689, 0.21289225717199273], "inertia_tensor_frame": "base_link_flu", "inertia_tensor_kg_m2": [[0.20778570906856758, -0.0003462618579794189, 0.0027745931774507114], [-0.0003462618579794189, 0.20845671504259689, 4.410897558796648e-05], [0.0027745931774507114, 4.410897558796648e-05, 0.21289225717199273]], "mass_kg": 4.0, "raw_joint_acceleration_peak_rad_s2": 6.707052282407672e-12, "reaction_force_body_n": [-4.0110516661847737e-17, -1.415550312482522e-17, 3.2068126942197996e-15], "reaction_torque_body_nm": [-3.329843748456562e-11, -3.972795630119676e-09, -3.477711461264354e-11]}
[gazebo_direct_motor_model-5] [INFO] [1786549719.694409424] [my_drone_gazebo_direct_motor_model]: MOTOR_DYNAMIC_STATE sim_s=36.020 cmd_min=0.0000 cmd_mean=0.0000 cmd_max=0.0000 filtered_mean=0.0000 filtered_max=0.0000 esc_throttle_mean=0.0000 total_thrust_n=0.0000 body_up_force_n=0.0000 saturated_motors=0 rated_cap_command=1.0000 voltage_v=14.8000 thrust_scale=1.000000 current_a=0.0000
[arm_coupling_monitor-9] [INFO] [1786549720.405362766] [my_drone_arm_coupling_monitor]: ARM_COUPLING_STATE {"com_body_flu_m": [-0.0039811661906690166, 0.0002572083687832887, -0.2042837846822503], "com_shift_m": [1.9021609597907885e-05, 0.0009298648870866566, 0.0001976603790644904], "feedforward_acceleration_ned_m_s2": [2.977163550825271e-17, 1.0354772943505052e-17, 8.275711302718788e-16], "filtered_joint_acceleration_peak_rad_s2": 3.9606278525712504e-14, "inertia_diag_kg_m2": [0.2077857090680668, 0.2084567150420473, 0.21289225717194488], "inertia_tensor_frame": "base_link_flu", "inertia_tensor_kg_m2": [[0.2077857090680668, -0.0003462618579734816, 0.0027745931767838936], [-0.0003462618579734816, 0.2084567150420473, 4.410897561219797e-05], [0.0027745931767838936, 4.410897561219797e-05, 0.21289225717194488]], "mass_kg": 4.0, "raw_joint_acceleration_peak_rad_s2": 7.362285626252372e-12, "reaction_force_body_n": [-4.141202553922539e-17, -1.1908705174820857e-16, 3.3102845911575372e-15], "reaction_torque_body_nm": [-3.380513555903415e-11, -3.970955506267327e-09, -3.489248313805983e-11]}
[gazebo_direct_motor_model-5] [INFO] [1786549720.698937049] [my_drone_gazebo_direct_motor_model]: MOTOR_DYNAMIC_STATE sim_s=37.020 cmd_min=0.0000 cmd_mean=0.0000 cmd_max=0.0000 filtered_mean=0.0000 filtered_max=0.0000 esc_throttle_mean=0.0000 total_thrust_n=0.0000 body_up_force_n=0.0000 saturated_motors=0 rated_cap_command=1.0000 voltage_v=14.8000 thrust_scale=1.000000 current_a=0.0000
[arm_coupling_monitor-9] [INFO] [1786549721.415680720] [my_drone_arm_coupling_monitor]: ARM_COUPLING_STATE {"com_body_flu_m": [-0.003981166190688397, 0.00025720836877107106, -0.20428378468084352], "com_shift_m": [1.9021609578527554e-05, 0.0009298648870744389, 0.00019766038047128176], "feedforward_acceleration_ned_m_s2": [-2.760861208138018e-18, -1.520829785870546e-17, 6.705346598212355e-16], "filtered_joint_acceleration_peak_rad_s2": 3.642355800761525e-14, "inertia_diag_kg_m2": [0.20778570906756624, 0.2084567150414979, 0.21289225717189705], "inertia_tensor_frame": "base_link_flu", "inertia_tensor_kg_m2": [[0.20778570906756624, -0.00034626185796754624, 0.0027745931761173764], [-0.00034626185796754624, 0.2084567150414979, 4.410897563641644e-05], [0.0027745931761173764, 4.410897563641644e-05, 0.21289225717189705]], "mass_kg": 4.0, "raw_joint_acceleration_peak_rad_s2": 6.395134392317611e-12, "reaction_force_body_n": [6.08387110884632e-17, 1.1043212422025516e-17, 2.682138515045726e-15], "reaction_torque_body_nm": [-3.366001143704302e-11, -3.9693455840615556e-09, -3.486813927035962e-11]}
[gazebo_direct_motor_model-5] [INFO] [1786549721.699337471] [my_drone_gazebo_direct_motor_model]: MOTOR_DYNAMIC_STATE sim_s=38.020 cmd_min=0.0000 cmd_mean=0.0000 cmd_max=0.0000 filtered_mean=0.0000 filtered_max=0.0000 esc_throttle_mean=0.0000 total_thrust_n=0.0000 body_up_force_n=0.0000 saturated_motors=0 rated_cap_command=1.0000 voltage_v=14.8000 thrust_scale=1.000000 current_a=0.0000
[gazebo_direct_motor_model-5] [INFO] [1786549722.695043823] [my_drone_gazebo_direct_motor_model]: MOTOR_DYNAMIC_STATE sim_s=39.020 cmd_min=0.0000 cmd_mean=0.0000 cmd_max=0.0000 filtered_mean=0.0000 filtered_max=0.0000 esc_throttle_mean=0.0000 total_thrust_n=0.0000 body_up_force_n=0.0000 saturated_motors=0 rated_cap_command=1.0000 voltage_v=14.8000 thrust_scale=1.000000 current_a=0.0000
[arm_coupling_monitor-9] [INFO] [1786549722.721272991] [my_drone_arm_coupling_monitor]: ARM_COUPLING_STATE {"com_body_flu_m": [-0.003981166190714277, 0.00025720836875475946, -0.20428378467896507], "com_shift_m": [1.9021609552647215e-05, 0.0009298648870581273, 0.0001976603823497236], "feedforward_acceleration_ned_m_s2": [7.396526796565655e-19, 7.940064704593978e-18, 3.695171264749677e-16], "filtered_joint_acceleration_peak_rad_s2": 3.61434586031895e-14, "inertia_diag_kg_m2": [0.20778570906689778, 0.20845671504076427, 0.21289225717183308], "inertia_tensor_frame": "base_link_flu", "inertia_tensor_kg_m2": [[0.20778570906689778, -0.00034626185795961985, 0.00277459317522738], [-0.00034626185795961985, 0.20845671504076427, 4.4108975668749086e-05], [0.00277459317522738, 4.4108975668749086e-05, 0.21289225717183308]], "mass_kg": 4.0, "raw_joint_acceleration_peak_rad_s2": 6.800968706785486e-12, "reaction_force_body_n": [-3.1757199753632166e-17, -2.958863690481457e-18, 1.4780685711225106e-15], "reaction_torque_body_nm": [-3.389399666600535e-11, -3.9673884821101e-09, -3.49852358977648e-11]}
[gazebo_direct_motor_model-5] [INFO] [1786549723.701343152] [my_drone_gazebo_direct_motor_model]: MOTOR_DYNAMIC_STATE sim_s=40.020 cmd_min=0.0000 cmd_mean=0.0000 cmd_max=0.0000 filtered_mean=0.0000 filtered_max=0.0000 esc_throttle_mean=0.0000 total_thrust_n=0.0000 body_up_force_n=0.0000 saturated_motors=0 rated_cap_command=1.0000 voltage_v=14.8000 thrust_scale=1.000000 current_a=0.0000
[arm_coupling_monitor-9] [INFO] [1786549723.733976762] [my_drone_arm_coupling_monitor]: ARM_COUPLING_STATE {"com_body_flu_m": [-0.003981166190733637, 0.0002572083687425557, -0.20428378467755975], "com_shift_m": [1.90216095332877e-05, 0.0009298648870459236, 0.0001976603837550439], "feedforward_acceleration_ned_m_s2": [3.3517318625776815e-18, -1.831378502994176e-17, 6.097429943015983e-16], "filtered_joint_acceleration_peak_rad_s2": 3.822300591570953e-14, "inertia_diag_kg_m2": [0.2077857090663977, 0.20845671504021543, 0.21289225717178525], "inertia_tensor_frame": "base_link_flu", "inertia_tensor_kg_m2": [[0.2077857090663977, -0.000346261857953691, 0.0027745931745615728], [-0.000346261857953691, 0.20845671504021543, 4.4108975692942406e-05], [0.0027745931745615728, 4.4108975692942406e-05, 0.21289225717178525]], "mass_kg": 4.0, "raw_joint_acceleration_peak_rad_s2": 6.634389867559836e-12, "reaction_force_body_n": [7.326020421409223e-17, -1.3407104474382548e-17, 2.4389718241266773e-15], "reaction_torque_body_nm": [-3.359265370402205e-11, -3.965237266645502e-09, -3.495260782046119e-11]}
[gazebo_direct_motor_model-5] [INFO] [1786549724.693896756] [my_drone_gazebo_direct_motor_model]: MOTOR_DYNAMIC_STATE sim_s=41.020 cmd_min=0.0000 cmd_mean=0.0000 cmd_max=0.0000 filtered_mean=0.0000 filtered_max=0.0000 esc_throttle_mean=0.0000 total_thrust_n=0.0000 body_up_force_n=0.0000 saturated_motors=0 rated_cap_command=1.0000 voltage_v=14.8000 thrust_scale=1.000000 current_a=0.0000
[arm_coupling_monitor-9] [INFO] [1786549725.053295055] [my_drone_arm_coupling_monitor]: ARM_COUPLING_STATE {"com_body_flu_m": [-0.0039811661907594095, 0.00025720836872630826, -0.20428378467568892], "com_shift_m": [1.9021609507514914e-05, 0.0009298648870296761, 0.00019766038562588073], "feedforward_acceleration_ned_m_s2": [-5.1217917149291136e-18, -1.3329175507431204e-17, 8.0285138569063e-16], "filtered_joint_acceleration_peak_rad_s2": 6.906744737049803e-14, "inertia_diag_kg_m2": [0.20778570906573207, 0.20845671503948493, 0.21289225717172158], "inertia_tensor_frame": "base_link_flu", "inertia_tensor_kg_m2": [[0.20778570906573207, -0.0003462618579457982, 0.002774593173675175], [-0.0003462618579457982, 0.20845671503948493, 4.410897572515102e-05], [0.002774593173675175, 4.410897572515102e-05, 0.21289225717172158]], "mass_kg": 4.0, "raw_joint_acceleration_peak_rad_s2": 8.189031015387394e-12, "reaction_force_body_n": [5.332329697990301e-17, 2.0486851242358983e-17, 3.2114054352779045e-15], "reaction_torque_body_nm": [-3.3316283672522654e-11, -3.9628572689094965e-09, -3.4785841790342564e-11]}
[gazebo_direct_motor_model-5] [INFO] [1786549725.695138074] [my_drone_gazebo_direct_motor_model]: MOTOR_DYNAMIC_STATE sim_s=42.020 cmd_min=0.0000 cmd_mean=0.0000 cmd_max=0.0000 filtered_mean=0.0000 filtered_max=0.0000 esc_throttle_mean=0.0000 total_thrust_n=0.0000 body_up_force_n=0.0000 saturated_motors=0 rated_cap_command=1.0000 voltage_v=14.8000 thrust_scale=1.000000 current_a=0.0000
[arm_coupling_monitor-9] [INFO] [1786549726.065460205] [my_drone_arm_coupling_monitor]: ARM_COUPLING_STATE {"com_body_flu_m": [-0.00398116619077875, 0.00025720836871411835, -0.20428378467428507], "com_shift_m": [1.9021609488174482e-05, 0.0009298648870174862, 0.00019766038702973], "feedforward_acceleration_ned_m_s2": [-1.1178299329354307e-19, 7.328786250760445e-18, 5.283318590645685e-16], "filtered_joint_acceleration_peak_rad_s2": 5.560866460570775e-14, "inertia_diag_kg_m2": [0.20778570906523255, 0.2084567150389366, 0.21289225717167384], "inertia_tensor_frame": "base_link_flu", "inertia_tensor_kg_m2": [[0.20778570906523255, -0.00034626185793987414, 0.002774593173010074], [-0.00034626185793987414, 0.2084567150389366, 4.4108975749315715e-05], [0.002774593173010074, 4.4108975749315715e-05, 0.21289225717167384]], "mass_kg": 4.0, "raw_joint_acceleration_peak_rad_s2": 6.561721444239907e-12, "reaction_force_body_n": [-2.931078013141791e-17, 4.468010686841693e-19, 2.1133274968713232e-15], "reaction_torque_body_nm": [-3.3808834135383206e-11, -3.9613431064322094e-09, -3.4999485546057235e-11]}
[gazebo_direct_motor_model-5] [INFO] [1786549726.700820970] [my_drone_gazebo_direct_motor_model]: MOTOR_DYNAMIC_STATE sim_s=43.020 cmd_min=0.0000 cmd_mean=0.0000 cmd_max=0.0000 filtered_mean=0.0000 filtered_max=0.0000 esc_throttle_mean=0.0000 total_thrust_n=0.0000 body_up_force_n=0.0000 saturated_motors=0 rated_cap_command=1.0000 voltage_v=14.8000 thrust_scale=1.000000 current_a=0.0000
[arm_coupling_monitor-9] [INFO] [1786549727.404105786] [my_drone_arm_coupling_monitor]: ARM_COUPLING_STATE {"com_body_flu_m": [-0.0039811661908044985, 0.0002572083686978883, -0.2042837846724162], "com_shift_m": [1.902160946242598e-05, 0.0009298648870012562, 0.00019766038889859616], "feedforward_acceleration_ned_m_s2": [2.520823265289806e-18, 5.813491372114507e-17, 6.873400408049022e-16], "filtered_joint_acceleration_peak_rad_s2": 5.446488060076656e-14, "inertia_diag_kg_m2": [0.20778570906456748, 0.20845671503820667, 0.2128922571716102], "inertia_tensor_frame": "base_link_flu", "inertia_tensor_kg_m2": [[0.20778570906456748, -0.0003462618579319883, 0.0027745931721246137], [-0.0003462618579319883, 0.20845671503820667, 4.410897578148616e-05], [0.0027745931721246137, 4.410897578148616e-05, 0.2128922571716102]], "mass_kg": 4.0, "raw_joint_acceleration_peak_rad_s2": 7.003021184709844e-12, "reaction_force_body_n": [-2.325339559453763e-16, -1.0084095466791645e-17, 2.74936064228445e-15], "reaction_torque_body_nm": [-3.357851798088483e-11, -3.9584546689835005e-09, -3.476449730941949e-11]}
[gazebo_direct_motor_model-5] [INFO] [1786549727.692913863] [my_drone_gazebo_direct_motor_model]: MOTOR_DYNAMIC_STATE sim_s=44.020 cmd_min=0.0000 cmd_mean=0.0000 cmd_max=0.0000 filtered_mean=0.0000 filtered_max=0.0000 esc_throttle_mean=0.0000 total_thrust_n=0.0000 body_up_force_n=0.0000 saturated_motors=0 rated_cap_command=1.0000 voltage_v=14.8000 thrust_scale=1.000000 current_a=0.0000
[gazebo_direct_motor_model-5] [INFO] [1786549728.696586177] [my_drone_gazebo_direct_motor_model]: MOTOR_DYNAMIC_STATE sim_s=45.020 cmd_min=0.0000 cmd_mean=0.0000 cmd_max=0.0000 filtered_mean=0.0000 filtered_max=0.0000 esc_throttle_mean=0.0000 total_thrust_n=0.0000 body_up_force_n=0.0000 saturated_motors=0 rated_cap_command=1.0000 voltage_v=14.8000 thrust_scale=1.000000 current_a=0.0000
[arm_coupling_monitor-9] [INFO] [1786549728.730403377] [my_drone_arm_coupling_monitor]: ARM_COUPLING_STATE {"com_body_flu_m": [-0.003981166190830304, 0.0002572083686816183, -0.2042837846705428], "com_shift_m": [1.9021609436620235e-05, 0.0009298648869849862, 0.0001976603907719865], "feedforward_acceleration_ned_m_s2": [3.881491257346985e-18, -1.5121762104737354e-17, 3.910151273224535e-16], "filtered_joint_acceleration_peak_rad_s2": 3.963890700938098e-14, "inertia_diag_kg_m2": [0.20778570906390087, 0.2084567150374751, 0.2128922571715465], "inertia_tensor_frame": "base_link_flu", "inertia_tensor_kg_m2": [[0.20778570906390087, -0.0003462618579240851, 0.0027745931712370242], [-0.0003462618579240851, 0.2084567150374751, 4.410897581373814e-05], [0.0027745931712370242, 4.410897581373814e-05, 0.2128922571715465]], "mass_kg": 4.0, "raw_joint_acceleration_peak_rad_s2": 7.041115894256721e-12, "reaction_force_body_n": [6.049030916890722e-17, -1.5526052704869918e-17, 1.5640603823128117e-15], "reaction_torque_body_nm": [-3.393033392949072e-11, -3.956598780173673e-09, -3.50337826732933e-11]}
[gazebo_direct_motor_model-5] [INFO] [1786549729.696673406] [my_drone_gazebo_direct_motor_model]: MOTOR_DYNAMIC_STATE sim_s=46.020 cmd_min=0.0000 cmd_mean=0.0000 cmd_max=0.0000 filtered_mean=0.0000 filtered_max=0.0000 esc_throttle_mean=0.0000 total_thrust_n=0.0000 body_up_force_n=0.0000 saturated_motors=0 rated_cap_command=1.0000 voltage_v=14.8000 thrust_scale=1.000000 current_a=0.0000
[arm_coupling_monitor-9] [INFO] [1786549730.083380240] [my_drone_arm_coupling_monitor]: ARM_COUPLING_STATE {"com_body_flu_m": [-0.003981166190856018, 0.00025720836866540905, -0.20428378466867614], "com_shift_m": [1.902160941090643e-05, 0.0009298648869687769, 0.00019766039263865998], "feedforward_acceleration_ned_m_s2": [1.8408302724671974e-17, 4.161569305275082e-17, 7.443184800881577e-16], "filtered_joint_acceleration_peak_rad_s2": 4.0308417519130525e-14, "inertia_diag_kg_m2": [0.20778570906323668, 0.2084567150367461, 0.21289225717148297], "inertia_tensor_frame": "base_link_flu", "inertia_tensor_kg_m2": [[0.20778570906323668, -0.0003462618579162069, 0.0027745931703526236], [-0.0003462618579162069, 0.2084567150367461, 4.410897584587129e-05], [0.0027745931703526236, 4.410897584587129e-05, 0.21289225717148297]], "mass_kg": 4.0, "raw_joint_acceleration_peak_rad_s2": 7.505569827577253e-12, "reaction_force_body_n": [-1.6645648086844528e-16, -7.363391653046427e-17, 2.9772742546504892e-15], "reaction_torque_body_nm": [-3.367430124280808e-11, -3.9539062780947835e-09, -3.4791008943858494e-11]}
[gazebo_direct_motor_model-5] [INFO] [1786549730.694607030] [my_drone_gazebo_direct_motor_model]: MOTOR_DYNAMIC_STATE sim_s=47.020 cmd_min=0.0000 cmd_mean=0.0000 cmd_max=0.0000 filtered_mean=0.0000 filtered_max=0.0000 esc_throttle_mean=0.0000 total_thrust_n=0.0000 body_up_force_n=0.0000 saturated_motors=0 rated_cap_command=1.0000 voltage_v=14.8000 thrust_scale=1.000000 current_a=0.0000
[arm_coupling_monitor-9] [INFO] [1786549731.394887209] [my_drone_arm_coupling_monitor]: ARM_COUPLING_STATE {"com_body_flu_m": [-0.00398116619088172, 0.00025720836864920847, -0.20428378466681063], "com_shift_m": [1.9021609385204766e-05, 0.0009298648869525764, 0.00019766039450416772], "feedforward_acceleration_ned_m_s2": [9.582081821519923e-18, 3.878126441480132e-17, 6.8333210550006575e-16], "filtered_joint_acceleration_peak_rad_s2": 3.904415893760646e-14, "inertia_diag_kg_m2": [0.20778570906257285, 0.20845671503601756, 0.21289225717141946], "inertia_tensor_frame": "base_link_flu", "inertia_tensor_kg_m2": [[0.20778570906257285, -0.0003462618579083362, 0.0027745931694687616], [-0.0003462618579083362, 0.20845671503601756, 4.410897587798189e-05], [0.0027745931694687616, 4.410897587798189e-05, 0.21289225717141946]], "mass_kg": 4.0, "raw_joint_acceleration_peak_rad_s2": 6.368211032923063e-12, "reaction_force_body_n": [-1.5511933780304093e-16, -3.832897950448513e-17, 2.733328737468375e-15], "reaction_torque_body_nm": [-3.362579778845326e-11, -3.951409920630745e-09, -3.469501172639194e-11]}
[gazebo_direct_motor_model-5] [INFO] [1786549731.696387087] [my_drone_gazebo_direct_motor_model]: MOTOR_DYNAMIC_STATE sim_s=48.020 cmd_min=0.0000 cmd_mean=0.0000 cmd_max=0.0000 filtered_mean=0.0000 filtered_max=0.0000 esc_throttle_mean=0.0000 total_thrust_n=0.0000 body_up_force_n=0.0000 saturated_motors=0 rated_cap_command=1.0000 voltage_v=14.8000 thrust_scale=1.000000 current_a=0.0000
[gazebo_direct_motor_model-5] [INFO] [1786549732.693759769] [my_drone_gazebo_direct_motor_model]: MOTOR_DYNAMIC_STATE sim_s=49.020 cmd_min=0.0000 cmd_mean=0.0000 cmd_max=0.0000 filtered_mean=0.0000 filtered_max=0.0000 esc_throttle_mean=0.0000 total_thrust_n=0.0000 body_up_force_n=0.0000 saturated_motors=0 rated_cap_command=1.0000 voltage_v=14.8000 thrust_scale=1.000000 current_a=0.0000
[arm_coupling_monitor-9] [INFO] [1786549733.020228881] [my_drone_arm_coupling_monitor]: ARM_COUPLING_STATE {"com_body_flu_m": [-0.003981166190907482, 0.0002572083686329697, -0.20428378466494063], "com_shift_m": [1.9021609359442387e-05, 0.0009298648869363376, 0.00019766039637417188], "feedforward_acceleration_ned_m_s2": [1.0949493178056986e-17, 1.2256546045560916e-17, 4.327473990842969e-16], "filtered_joint_acceleration_peak_rad_s2": 4.822077085415742e-14, "inertia_diag_kg_m2": [0.20778570906190738, 0.20845671503528726, 0.21289225717135588], "inertia_tensor_frame": "base_link_flu", "inertia_tensor_kg_m2": [[0.20778570906190738, -0.0003462618579004441, 0.0027745931685827776], [-0.0003462618579004441, 0.20845671503528726, 4.410897591017662e-05], [0.0027745931685827776, 4.410897591017662e-05, 0.21289225717135588]], "mass_kg": 4.0, "raw_joint_acceleration_peak_rad_s2": 7.86572693096275e-12, "reaction_force_body_n": [-4.902252450119507e-17, -4.379829160594756e-17, 1.7309896919163565e-15], "reaction_torque_body_nm": [-3.384640106539975e-11, -3.949594339719033e-09, -3.4812990739060766e-11]}
[gazebo_direct_motor_model-5] [INFO] [1786549733.701755920] [my_drone_gazebo_direct_motor_model]: MOTOR_DYNAMIC_STATE sim_s=50.020 cmd_min=0.0000 cmd_mean=0.0000 cmd_max=0.0000 filtered_mean=0.0000 filtered_max=0.0000 esc_throttle_mean=0.0000 total_thrust_n=0.0000 body_up_force_n=0.0000 saturated_motors=0 rated_cap_command=1.0000 voltage_v=14.8000 thrust_scale=1.000000 current_a=0.0000
[arm_coupling_monitor-9] [INFO] [1786549734.059224610] [my_drone_arm_coupling_monitor]: ARM_COUPLING_STATE {"com_body_flu_m": [-0.003981267658115722, 0.0002572073753045155, -0.20428361727395866], "com_shift_m": [1.8920142151202662e-05, 0.0009298638936078834, 0.00019782778735613626], "feedforward_acceleration_ned_m_s2": [-6.74119589664553e-09, -9.249235860810603e-07, -1.2614948986328749e-06], "filtered_joint_acceleration_peak_rad_s2": 0.00023697813793525888, "inertia_diag_kg_m2": [0.20778564772542682, 0.20845661164713594, 0.21289221517898127], "inertia_tensor_frame": "base_link_flu", "inertia_tensor_kg_m2": [[0.20778564772542682, -0.00034626351309839177, 0.002774603782929919], [-0.00034626351309839177, 0.20845661164713594, 4.411313139179949e-05], [0.002774603782929919, 4.411313139179949e-05, 0.21289221517898127]], "mass_kg": 4.0, "raw_joint_acceleration_peak_rad_s2": 0.0032958849937173274, "reaction_force_body_n": [3.699693513504499e-06, 2.6969635131140303e-08, -5.045980177757396e-06], "reaction_torque_body_nm": [2.8660410656394106e-05, 0.0032433088800499325, -2.0889688984943584e-05]}
[gazebo_direct_motor_model-5] [INFO] [1786549734.694462984] [my_drone_gazebo_direct_motor_model]: MOTOR_DYNAMIC_STATE sim_s=51.020 cmd_min=0.0000 cmd_mean=0.0000 cmd_max=0.0000 filtered_mean=0.0000 filtered_max=0.0000 esc_throttle_mean=0.0000 total_thrust_n=0.0000 body_up_force_n=0.0000 saturated_motors=0 rated_cap_command=1.0000 voltage_v=14.8000 thrust_scale=1.000000 current_a=0.0000
[arm_coupling_monitor-9] [INFO] [1786549735.057695357] [my_drone_arm_coupling_monitor]: ARM_COUPLING_STATE {"com_body_flu_m": [-0.003982501351745953, 0.00025719778432900867, -0.20428186640269905], "com_shift_m": [1.7686448520971496e-05, 0.0009298543026323765, 0.00019957865861575108], "feedforward_acceleration_ned_m_s2": [-1.4147718153507905e-08, -1.8467955792632928e-06, -2.596539390241965e-06], "filtered_joint_acceleration_peak_rad_s2": 0.00047398237561132353, "inertia_diag_kg_m2": [0.20778500329670627, 0.20845546426699438, 0.21289171275653407], "inertia_tensor_frame": "base_link_flu", "inertia_tensor_kg_m2": [[0.20778500329670627, -0.0003462849316631879, 0.0027748718013333733], [-0.0003462849316631879, 0.20845546426699438, 4.415881776999569e-05], [0.0027748718013333733, 4.415881776999569e-05, 0.21289171275653407]], "mass_kg": 4.0, "raw_joint_acceleration_peak_rad_s2": 0.0920663304612502, "reaction_force_body_n": [7.387180877041458e-06, 5.657928600749867e-08, -1.0386158648305158e-05], "reaction_torque_body_nm": [0.0001229795615635801, 0.013924082848472045, -9.528119926847615e-05]}
[gazebo_direct_motor_model-5] [INFO] [1786549735.941233941] [my_drone_gazebo_direct_motor_model]: MOTOR_DYNAMIC_STATE sim_s=52.192 cmd_min=0.0000 cmd_mean=0.0000 cmd_max=0.0000 filtered_mean=0.0000 filtered_max=0.0000 esc_throttle_mean=0.0000 total_thrust_n=0.0000 body_up_force_n=0.0000 saturated_motors=0 rated_cap_command=1.0000 voltage_v=14.8000 thrust_scale=1.000000 current_a=0.0000
[arm_coupling_monitor-9] [INFO] [1786549736.380648364] [my_drone_arm_coupling_monitor]: ARM_COUPLING_STATE {"com_body_flu_m": [-0.0039865903307666085, 0.0002571662374137324, -0.204276091370011], "com_shift_m": [1.359746950031597e-05, 0.0009298227557171003, 0.0002053536913038112], "feedforward_acceleration_ned_m_s2": [-1.1048818834509339e-08, -1.4081366141986792e-06, -2.008045362143942e-06], "filtered_joint_acceleration_peak_rad_s2": 0.00036474362080307654, "inertia_diag_kg_m2": [0.20778288029350878, 0.20845167375225954, 0.2128900469796846], "inertia_tensor_frame": "base_link_flu", "inertia_tensor_kg_m2": [[0.20778288029350878, -0.0003463560663008614, 0.002775782805791045], [-0.0003463560663008614, 0.20845167375225954, 4.430984994617353e-05], [0.002775782805791045, 4.430984994617353e-05, 0.2128900469796846]], "mass_kg": 4.0, "raw_joint_acceleration_peak_rad_s2": 0.12606656746638703, "reaction_force_body_n": [5.63254553842174e-06, 4.41626005154449e-08, -8.032182272301763e-06], "reaction_torque_body_nm": [0.00016874773661909096, 0.019051902135356354, -0.00018195178623530429]}
[gazebo_direct_motor_model-5] [INFO] [1786549736.865163391] [my_drone_gazebo_direct_motor_model]: MOTOR_DYNAMIC_STATE sim_s=53.192 cmd_min=0.0000 cmd_mean=0.0000 cmd_max=0.0000 filtered_mean=0.0000 filtered_max=0.0000 esc_throttle_mean=0.0000 total_thrust_n=0.0000 body_up_force_n=0.0000 saturated_motors=0 rated_cap_command=1.0000 voltage_v=14.8000 thrust_scale=1.000000 current_a=0.0000
[arm_coupling_monitor-9] [INFO] [1786549737.387180047] [my_drone_arm_coupling_monitor]: ARM_COUPLING_STATE {"com_body_flu_m": [-0.003991642695766509, 0.0002571270812047645, -0.20426893653171824], "com_shift_m": [8.545104500415693e-06, 0.0009297835995081324, 0.0002125085295965612], "feedforward_acceleration_ned_m_s2": [-1.9907243009601255e-09, -2.3756493767153419e-07, -3.5170210366067195e-07], "filtered_joint_acceleration_peak_rad_s2": 6.535229285281892e-05, "inertia_diag_kg_m2": [0.2077802565146909, 0.20844698611516219, 0.21288798527864816], "inertia_tensor_frame": "base_link_flu", "inertia_tensor_kg_m2": [[0.2077802565146909, -0.0003464439092247709, 0.002776918370894278], [-0.0003464439092247709, 0.20844698611516219, 4.4496978444353956e-05], [0.002776918370894278, 4.4496978444353956e-05, 0.21288798527864816]], "mass_kg": 4.0, "raw_joint_acceleration_peak_rad_s2": 7.295999661657112, "reaction_force_body_n": [9.502596177768082e-07, 7.954082802623317e-09, -1.4068085542833729e-06], "reaction_torque_body_nm": [0.00016823341680377417, 0.018992181582398966, -0.000208200680135693]}
[gazebo_direct_motor_model-5] [INFO] [1786549737.867471887] [my_drone_gazebo_direct_motor_model]: MOTOR_DYNAMIC_STATE sim_s=54.192 cmd_min=0.0000 cmd_mean=0.0000 cmd_max=0.0000 filtered_mean=0.0000 filtered_max=0.0000 esc_throttle_mean=0.0000 total_thrust_n=0.0000 body_up_force_n=0.0000 saturated_motors=0 rated_cap_command=1.0000 voltage_v=14.8000 thrust_scale=1.000000 current_a=0.0000
[arm_coupling_monitor-9] [INFO] [1786549738.390459595] [my_drone_arm_coupling_monitor]: ARM_COUPLING_STATE {"com_body_flu_m": [-0.003996374021551459, 0.00025709019493659613, -0.20426221244426315], "com_shift_m": [3.8137787154654545e-06, 0.000929746713239964, 0.00021923261705164565], "feedforward_acceleration_ned_m_s2": [7.148067490291735e-09, 9.319411164432794e-07, 1.310196704990575e-06], "filtered_joint_acceleration_peak_rad_s2": 0.00023773958425404754, "inertia_diag_kg_m2": [0.20777779727444382, 0.20844259050175315, 0.21288605094271057], "inertia_tensor_frame": "base_link_flu", "inertia_tensor_kg_m2": [[0.20777779727444382, -0.00034652609788569043, 0.002777989614205814], [-0.00034652609788569043, 0.20844259050175315, 4.4672810978854324e-05], [0.002777989614205814, 4.4672810978854324e-05, 0.21288605094271057]], "mass_kg": 4.0, "raw_joint_acceleration_peak_rad_s2": 0.2281354127173807, "reaction_force_body_n": [-3.727764071727762e-06, -2.8543868003322462e-08, 5.240787364090236e-06], "reaction_torque_body_nm": [0.00016879680495205046, 0.01911989214315125, -0.00018688601412360342]}
[gazebo_direct_motor_model-5] [INFO] [1786549738.864143388] [my_drone_gazebo_direct_motor_model]: MOTOR_DYNAMIC_STATE sim_s=55.192 cmd_min=0.0000 cmd_mean=0.0000 cmd_max=0.0000 filtered_mean=0.0000 filtered_max=0.0000 esc_throttle_mean=0.0000 total_thrust_n=0.0000 body_up_force_n=0.0000 saturated_motors=0 rated_cap_command=1.0000 voltage_v=14.8000 thrust_scale=1.000000 current_a=0.0000
[arm_coupling_monitor-9] [INFO] [1786549739.395894126] [my_drone_arm_coupling_monitor]: ARM_COUPLING_STATE {"com_body_flu_m": [-0.003999995399372571, 0.0002570618369215037, -0.20425705220021664], "com_shift_m": [1.9240089435372532e-07, 0.0009297183552248716, 0.00022439286109815493], "feedforward_acceleration_ned_m_s2": [1.2779451464102801e-08, 1.6332743466225211e-06, 2.3234686316909494e-06], "filtered_joint_acceleration_peak_rad_s2": 0.000421957787166476, "inertia_diag_kg_m2": [0.20777591429022008, 0.20843922304948134, 0.212884568043765], "inertia_tensor_frame": "base_link_flu", "inertia_tensor_kg_m2": [[0.20777591429022008, -0.0003465889673438809, 0.0027788157387662305], [-0.0003465889673438809, 0.20843922304948134, 4.4807749284630875e-05], [0.0027788157387662305, 4.4807749284630875e-05, 0.212884568043765]], "mass_kg": 4.0, "raw_joint_acceleration_peak_rad_s2": 0.18177452569856473, "reaction_force_body_n": [-6.533096868760841e-06, -5.101075117528621e-08, 9.293875478901145e-06], "reaction_torque_body_nm": [0.00014676973669162105, 0.01668991168589205, -0.00012482880025830096]}
[gazebo_direct_motor_model-5] [INFO] [1786549739.862376796] [my_drone_gazebo_direct_motor_model]: MOTOR_DYNAMIC_STATE sim_s=56.192 cmd_min=0.0000 cmd_mean=0.0000 cmd_max=0.0000 filtered_mean=0.0000 filtered_max=0.0000 esc_throttle_mean=0.0000 total_thrust_n=0.0000 body_up_force_n=0.0000 saturated_motors=0 rated_cap_command=1.0000 voltage_v=14.8000 thrust_scale=1.000000 current_a=0.0000
[arm_coupling_monitor-9] [INFO] [1786549740.393731876] [my_drone_arm_coupling_monitor]: ARM_COUPLING_STATE {"com_body_flu_m": [-0.004001853408427002, 0.00025704724303735743, -0.20425439982404528], "com_shift_m": [-1.6656081600775058e-06, 0.0009297037613407253, 0.00022704523726951864], "feedforward_acceleration_ned_m_s2": [1.3665008619449491e-08, 1.7342689529539422e-06, 2.4767094780964133e-06], "filtered_joint_acceleration_peak_rad_s2": 0.00044986083892810494, "inertia_diag_kg_m2": [0.20777494788935247, 0.20843749420883093, 0.21288380641250768], "inertia_tensor_frame": "base_link_flu", "inertia_tensor_kg_m2": [[0.20777494788935247, -0.0003466212096611314, 0.0027792415836705316], [-0.0003466212096611314, 0.20843749420883093, 4.487710576326666e-05], [0.0027792415836705316, 4.487710576326666e-05, 0.21288380641250768]], "mass_kg": 4.0, "raw_joint_acceleration_peak_rad_s2": 0.0004891748697670517, "reaction_force_body_n": [-6.937075424941197e-06, -5.452585719500463e-08, 9.906838922688928e-06], "reaction_torque_body_nm": [6.32802960380164e-05, 0.007215825522101043, -4.429365619577761e-05]}
[gazebo_direct_motor_model-5] [INFO] [1786549740.864673342] [my_drone_gazebo_direct_motor_model]: MOTOR_DYNAMIC_STATE sim_s=57.192 cmd_min=0.0000 cmd_mean=0.0000 cmd_max=0.0000 filtered_mean=0.0000 filtered_max=0.0000 esc_throttle_mean=0.0000 total_thrust_n=0.0000 body_up_force_n=0.0000 saturated_motors=0 rated_cap_command=1.0000 voltage_v=14.8000 thrust_scale=1.000000 current_a=0.0000
[arm_coupling_monitor-9] [INFO] [1786549741.721454341] [my_drone_arm_coupling_monitor]: ARM_COUPLING_STATE {"com_body_flu_m": [-0.004002203810798447, 0.00025704468172154174, -0.20425392142812082], "com_shift_m": [-2.0160105315223525e-06, 0.0009297012000249096, 0.00022752363319397673], "feedforward_acceleration_ned_m_s2": [3.3151444901834123e-10, 8.532437743863122e-08, 8.293551819188309e-08], "filtered_joint_acceleration_peak_rad_s2": 2.225436589500436e-05, "inertia_diag_kg_m2": [0.20777477351186327, 0.2084371765964552, 0.2128836633153677], "inertia_tensor_frame": "base_link_flu", "inertia_tensor_kg_m2": [[0.20777477351186327, -0.00034662738987642906, 0.0027793327499586605], [-0.00034662738987642906, 0.2084371765964552, 4.488981628642582e-05], [0.0027793327499586605, 4.488981628642582e-05, 0.2128836633153677]], "mass_kg": 4.0, "raw_joint_acceleration_peak_rad_s2": 0.0004120283923754449, "reaction_force_body_n": [-3.412974884321341e-07, -1.319072095963366e-09, 3.3174212255416135e-07], "reaction_torque_body_nm": [5.399866419718318e-07, 6.289295051957484e-05, 5.500317739258665e-07]}
[gazebo_direct_motor_model-5] [INFO] [1786549741.863269909] [my_drone_gazebo_direct_motor_model]: MOTOR_DYNAMIC_STATE sim_s=58.192 cmd_min=0.0000 cmd_mean=0.0000 cmd_max=0.0000 filtered_mean=0.0000 filtered_max=0.0000 esc_throttle_mean=0.0000 total_thrust_n=0.0000 body_up_force_n=0.0000 saturated_motors=0 rated_cap_command=1.0000 voltage_v=14.8000 thrust_scale=1.000000 current_a=0.0000
[gazebo_direct_motor_model-5] [INFO] [1786549743.372989794] [my_drone_gazebo_direct_motor_model]: MOTOR_DYNAMIC_STATE sim_s=59.192 cmd_min=0.0000 cmd_mean=0.0000 cmd_max=0.0000 filtered_mean=0.0000 filtered_max=0.0000 esc_throttle_mean=0.0000 total_thrust_n=0.0000 body_up_force_n=0.0000 saturated_motors=0 rated_cap_command=1.0000 voltage_v=14.8000 thrust_scale=1.000000 current_a=0.0000
[arm_coupling_monitor-9] [INFO] [1786549743.377557888] [my_drone_arm_coupling_monitor]: ARM_COUPLING_STATE {"com_body_flu_m": [-0.0040022037133004736, 0.00025704476205156215, -0.20425393064929215], "com_shift_m": [-2.015913033549116e-06, 0.00092970128035493, 0.00022751441202265021], "feedforward_acceleration_ned_m_s2": [-5.616214189899934e-11, 1.994364557407167e-10, -6.305385852449696e-09], "filtered_joint_acceleration_peak_rad_s2": 3.471765593079949e-07, "inertia_diag_kg_m2": [0.20777477679645245, 0.20843718017307908, 0.21288366360121963], "inertia_tensor_frame": "base_link_flu", "inertia_tensor_kg_m2": [[0.20777477679645245, -0.0003466274294121113, 0.002779337109768055], [-0.0003466274294121113, 0.20843718017307908, 4.488965753081213e-05], [0.002779337109768055, 4.488965753081213e-05, 0.21288366360121963]], "mass_kg": 4.0, "raw_joint_acceleration_peak_rad_s2": 2.554289067327846e-06, "reaction_force_body_n": [-7.977448960718333e-10, 2.2466656971553384e-10, -2.52215432787644e-08], "reaction_torque_body_nm": [4.258054741301846e-08, 4.907032497067362e-06, 4.3181929958380176e-08]}
[gazebo_direct_motor_model-5] [INFO] [1786549744.384308283] [my_drone_gazebo_direct_motor_model]: MOTOR_DYNAMIC_STATE sim_s=60.192 cmd_min=0.0000 cmd_mean=0.0000 cmd_max=0.0000 filtered_mean=0.0000 filtered_max=0.0000 esc_throttle_mean=0.0000 total_thrust_n=0.0000 body_up_force_n=0.0000 saturated_motors=0 rated_cap_command=1.0000 voltage_v=14.8000 thrust_scale=1.000000 current_a=0.0000
[arm_coupling_monitor-9] [INFO] [1786549744.404296180] [my_drone_arm_coupling_monitor]: ARM_COUPLING_STATE {"com_body_flu_m": [-0.00400220370593939, 0.00025704476811662554, -0.2042539313455072], "com_shift_m": [-2.0159056724651514e-06, 0.0009297012864199934, 0.0002275137158075924], "feedforward_acceleration_ned_m_s2": [-6.519978431640183e-12, -6.109854890274504e-12, -7.474704530476859e-10], "filtered_joint_acceleration_peak_rad_s2": 4.19362540139019e-08, "inertia_diag_kg_m2": [0.20777477704444508, 0.2084371804431207, 0.21288366362280187], "inertia_tensor_frame": "base_link_flu", "inertia_tensor_kg_m2": [[0.20777477704444508, -0.0003466274323971276, 0.0027793374389415045], [-0.0003466274323971276, 0.2084371804431207, 4.4889645544480064e-05], [0.0027793374389415045, 4.4889645544480064e-05, 0.21288366362280187]], "mass_kg": 4.0, "raw_joint_acceleration_peak_rad_s2": 2.1666622716485587e-07, "reaction_force_body_n": [2.443951810176794e-11, 2.6079604471945746e-11, -2.989881814082793e-09], "reaction_torque_body_nm": [4.659370909453074e-09, 5.367799824237281e-07, 4.724724392436827e-09]}
[gazebo_direct_motor_model-5] [INFO] [1786549745.383037416] [my_drone_gazebo_direct_motor_model]: MOTOR_DYNAMIC_STATE sim_s=61.192 cmd_min=0.0000 cmd_mean=0.0000 cmd_max=0.0000 filtered_mean=0.0000 filtered_max=0.0000 esc_throttle_mean=0.0000 total_thrust_n=0.0000 body_up_force_n=0.0000 saturated_motors=0 rated_cap_command=1.0000 voltage_v=14.8000 thrust_scale=1.000000 current_a=0.0000
[arm_coupling_monitor-9] [INFO] [1786549745.709557833] [my_drone_arm_coupling_monitor]: ARM_COUPLING_STATE {"com_body_flu_m": [-0.004002203705082641, 0.00025704476882253136, -0.2042539314265388], "com_shift_m": [-2.0159048157164516e-06, 0.0009297012871258992, 0.0002275136347759943], "feedforward_acceleration_ned_m_s2": [-3.448027167864579e-13, -4.161251370313195e-13, -3.957738474801048e-11], "filtered_joint_acceleration_peak_rad_s2": 2.222889695399857e-09, "inertia_diag_kg_m2": [0.2077747770733087, 0.20843718047455054, 0.2128836636253137], "inertia_tensor_frame": "base_link_flu", "inertia_tensor_kg_m2": [[0.2077747770733087, -0.0003466274327445515, 0.002779337477253578], [-0.0003466274327445515, 0.20843718047455054, 4.488964414940417e-05], [0.002779337477253578, 4.488964414940417e-05, 0.2128836636253137]], "mass_kg": 4.0, "raw_joint_acceleration_peak_rad_s2": 2.146569151908885e-08, "reaction_force_body_n": [1.6645057311385793e-12, 1.3791868865756456e-12, -1.5830953914646618e-10], "reaction_torque_body_nm": [2.442213515925929e-10, 2.8167618992104398e-08, 2.4797499932352116e-10]}
[gazebo_direct_motor_model-5] [INFO] [1786549746.379578622] [my_drone_gazebo_direct_motor_model]: MOTOR_DYNAMIC_STATE sim_s=62.192 cmd_min=0.0000 cmd_mean=0.0000 cmd_max=0.0000 filtered_mean=0.0000 filtered_max=0.0000 esc_throttle_mean=0.0000 total_thrust_n=0.0000 body_up_force_n=0.0000 saturated_motors=0 rated_cap_command=1.0000 voltage_v=14.8000 thrust_scale=1.000000 current_a=0.0000
[arm_coupling_monitor-9] [INFO] [1786549746.745208436] [my_drone_arm_coupling_monitor]: ARM_COUPLING_STATE {"com_body_flu_m": [-0.004002203705040156, 0.0002570447688575381, -0.20425393143055723], "com_shift_m": [-2.015904773231339e-06, 0.000929701287160906, 0.0002275136307575698], "feedforward_acceleration_ned_m_s2": [-2.6904845719657217e-14, -3.2677989982785334e-14, -3.0904042198937202e-12], "filtered_joint_acceleration_peak_rad_s2": 1.7357299437466428e-10, "inertia_diag_kg_m2": [0.20777477707474004, 0.20843718047610918, 0.21288366362543829], "inertia_tensor_frame": "base_link_flu", "inertia_tensor_kg_m2": [[0.20777477707474004, -0.00034662743276177993, 0.002779337479153515], [-0.00034662743276177993, 0.20843718047610918, 4.4889644080226866e-05], [0.002779337479153515, 4.4889644080226866e-05, 0.21288366362543829]], "mass_kg": 4.0, "raw_joint_acceleration_peak_rad_s2": 1.1608975320479043e-09, "reaction_force_body_n": [1.307123630777231e-13, 1.0761749517581288e-13, -1.2361616891746062e-11], "reaction_torque_body_nm": [3.4499230163561937e-11, 4.023522168041946e-09, 3.5451082435838513e-11]}
[gazebo_direct_motor_model-5] [INFO] [1786549747.380495972] [my_drone_gazebo_direct_motor_model]: MOTOR_DYNAMIC_STATE sim_s=63.192 cmd_min=0.0000 cmd_mean=0.0000 cmd_max=0.0000 filtered_mean=0.0000 filtered_max=0.0000 esc_throttle_mean=0.0000 total_thrust_n=0.0000 body_up_force_n=0.0000 saturated_motors=0 rated_cap_command=1.0000 voltage_v=14.8000 thrust_scale=1.000000 current_a=0.0000
[arm_coupling_monitor-9] [INFO] [1786549747.750579953] [my_drone_arm_coupling_monitor]: ARM_COUPLING_STATE {"com_body_flu_m": [-0.004002203705025093, 0.00025704476886995176, -0.20425393143198212], "com_shift_m": [-2.015904758168735e-06, 0.0009297012871733196, 0.00022751362933268182], "feedforward_acceleration_ned_m_s2": [-1.9210766813692216e-16, -2.5052888605322757e-16, -2.1547186282281277e-14], "filtered_joint_acceleration_peak_rad_s2": 1.2059115558148864e-12, "inertia_diag_kg_m2": [0.2077747770752476, 0.2084371804766619, 0.21288366362548244], "inertia_tensor_frame": "base_link_flu", "inertia_tensor_kg_m2": [[0.2077747770752476, -0.0003466274327678896, 0.002779337479827199], [-0.0003466274327678896, 0.2084371804766619, 4.4889644055691805e-05], [0.002779337479827199, 4.4889644055691805e-05, 0.21288366362548244]], "mass_kg": 4.0, "raw_joint_acceleration_peak_rad_s2": 6.993704592769529e-12, "reaction_force_body_n": [1.0021187261885578e-15, 7.684156476947638e-16, -8.618874522608362e-14], "reaction_torque_body_nm": [3.437946960128717e-11, 4.020272753738762e-09, 3.531692792609016e-11]}
[gazebo_direct_motor_model-5] [INFO] [1786549748.423294879] [my_drone_gazebo_direct_motor_model]: MOTOR_DYNAMIC_STATE sim_s=64.196 cmd_min=0.0000 cmd_mean=0.0000 cmd_max=0.0000 filtered_mean=0.0000 filtered_max=0.0000 esc_throttle_mean=0.0000 total_thrust_n=0.0000 body_up_force_n=0.0000 saturated_motors=0 rated_cap_command=1.0000 voltage_v=14.8000 thrust_scale=1.000000 current_a=0.0000
[arm_coupling_monitor-9] [INFO] [1786549749.068563939] [my_drone_arm_coupling_monitor]: ARM_COUPLING_STATE {"com_body_flu_m": [-0.004002203705005036, 0.00025704476888647673, -0.20425393143387907], "com_shift_m": [-2.0159047381118622e-06, 0.0009297012871898446, 0.000227513627435727], "feedforward_acceleration_ned_m_s2": [9.5947235680659e-20, 2.923078917095359e-17, -6.24806051640629e-16], "filtered_joint_acceleration_peak_rad_s2": 4.6350249961906776e-14, "inertia_diag_kg_m2": [0.20777477707592323, 0.20843718047739762, 0.21288366362554131], "inertia_tensor_frame": "base_link_flu", "inertia_tensor_kg_m2": [[0.20777477707592323, -0.00034662743277602396, 0.002779337480724083], [-0.00034662743277602396, 0.20843718047739762, 4.488964402303303e-05], [0.002779337480724083, 4.488964402303303e-05, 0.21288366362554131]], "mass_kg": 4.0, "raw_joint_acceleration_peak_rad_s2": 7.171485983464669e-12, "reaction_force_body_n": [-1.1692352973378818e-16, -3.812275179850753e-19, -2.4992241895018285e-15], "reaction_torque_body_nm": [3.4483151992579806e-11, 4.018101726688271e-09, 3.5527399822498573e-11]}
[gazebo_direct_motor_model-5] [INFO] [1786549749.385161831] [my_drone_gazebo_direct_motor_model]: MOTOR_DYNAMIC_STATE sim_s=65.196 cmd_min=0.0000 cmd_mean=0.0000 cmd_max=0.0000 filtered_mean=0.0000 filtered_max=0.0000 esc_throttle_mean=0.0000 total_thrust_n=0.0000 body_up_force_n=0.0000 saturated_motors=0 rated_cap_command=1.0000 voltage_v=14.8000 thrust_scale=1.000000 current_a=0.0000
[gazebo_direct_motor_model-5] [INFO] [1786549750.380374638] [my_drone_gazebo_direct_motor_model]: MOTOR_DYNAMIC_STATE sim_s=66.196 cmd_min=0.0000 cmd_mean=0.0000 cmd_max=0.0000 filtered_mean=0.0000 filtered_max=0.0000 esc_throttle_mean=0.0000 total_thrust_n=0.0000 body_up_force_n=0.0000 saturated_motors=0 rated_cap_command=1.0000 voltage_v=14.8000 thrust_scale=1.000000 current_a=0.0000
[arm_coupling_monitor-9] [INFO] [1786549750.386063557] [my_drone_arm_coupling_monitor]: ARM_COUPLING_STATE {"com_body_flu_m": [-0.004002203704984929, 0.0002570447689030416, -0.20425393143578055], "com_shift_m": [-2.0159047180046824e-06, 0.0009297012872064095, 0.00022751362553424803], "feedforward_acceleration_ned_m_s2": [-9.375821188588822e-18, 4.6983037771497903e-17, -4.93515612307452e-16], "filtered_joint_acceleration_peak_rad_s2": 4.0652220346421665e-14, "inertia_diag_kg_m2": [0.2077747770766006, 0.2084371804781352, 0.21288366362560024], "inertia_tensor_frame": "base_link_flu", "inertia_tensor_kg_m2": [[0.2077747770766006, -0.0003466274327841752, 0.002779337481623114], [-0.0003466274327841752, 0.2084371804781352, 4.4889643990294464e-05], [0.002779337481623114, 4.4889643990294464e-05, 0.21288366362560024]], "mass_kg": 4.0, "raw_joint_acceleration_peak_rad_s2": 5.4882076985402625e-12, "reaction_force_body_n": [-1.8793166953633835e-16, 3.750727021855255e-17, -1.9740624193536535e-15], "reaction_torque_body_nm": [3.437152875616125e-11, 4.015710831659239e-09, 3.540554568291526e-11]}
[gazebo_direct_motor_model-5] [INFO] [1786549751.380738983] [my_drone_gazebo_direct_motor_model]: MOTOR_DYNAMIC_STATE sim_s=67.196 cmd_min=0.0000 cmd_mean=0.0000 cmd_max=0.0000 filtered_mean=0.0000 filtered_max=0.0000 esc_throttle_mean=0.0000 total_thrust_n=0.0000 body_up_force_n=0.0000 saturated_motors=0 rated_cap_command=1.0000 voltage_v=14.8000 thrust_scale=1.000000 current_a=0.0000
[arm_coupling_monitor-9] [INFO] [1786549751.385368972] [my_drone_arm_coupling_monitor]: ARM_COUPLING_STATE {"com_body_flu_m": [-0.004002203704969886, 0.00025704476891543447, -0.20425393143720308], "com_shift_m": [-2.0159047029611604e-06, 0.0009297012872188024, 0.00022751362411171927], "feedforward_acceleration_ned_m_s2": [-1.050879476657285e-17, -4.618828253397143e-17, -6.654590259675455e-16], "filtered_joint_acceleration_peak_rad_s2": 3.80126634688203e-14, "inertia_diag_kg_m2": [0.2077747770771073, 0.2084371804786869, 0.21288366362564434], "inertia_tensor_frame": "base_link_flu", "inertia_tensor_kg_m2": [[0.2077747770771073, -0.00034662743279027493, 0.002779337482295686], [-0.00034662743279027493, 0.2084371804786869, 4.4889643965804506e-05], [0.002779337482295686, 4.4889643965804506e-05, 0.21288366362564434]], "mass_kg": 4.0, "raw_joint_acceleration_peak_rad_s2": 6.148943428722744e-12, "reaction_force_body_n": [1.847536041498873e-16, 4.203155734199787e-17, -2.661836128160779e-15], "reaction_torque_body_nm": [3.432546399533363e-11, 4.013802401460146e-09, 3.538809350251952e-11]}
[gazebo_direct_motor_model-5] [INFO] [1786549752.381657524] [my_drone_gazebo_direct_motor_model]: MOTOR_DYNAMIC_STATE sim_s=68.196 cmd_min=0.0000 cmd_mean=0.0000 cmd_max=0.0000 filtered_mean=0.0000 filtered_max=0.0000 esc_throttle_mean=0.0000 total_thrust_n=0.0000 body_up_force_n=0.0000 saturated_motors=0 rated_cap_command=1.0000 voltage_v=14.8000 thrust_scale=1.000000 current_a=0.0000
[arm_coupling_monitor-9] [INFO] [1786549752.722655424] [my_drone_arm_coupling_monitor]: ARM_COUPLING_STATE {"com_body_flu_m": [-0.004002203704949865, 0.0002570447689319334, -0.20425393143909684], "com_shift_m": [-2.0159046829407168e-06, 0.0009297012872353013, 0.00022751362221795635], "feedforward_acceleration_ned_m_s2": [-3.880126525104112e-18, 3.029671938027579e-17, -5.62827270346067e-16], "filtered_joint_acceleration_peak_rad_s2": 4.32844938502062e-14, "inertia_diag_kg_m2": [0.20777477707778183, 0.20843718047942153, 0.21288366362570305], "inertia_tensor_frame": "base_link_flu", "inertia_tensor_kg_m2": [[0.20777477707778183, -0.00034662743279839474, 0.002779337483191084], [-0.00034662743279839474, 0.20843718047942153, 4.4889643933197776e-05], [0.002779337483191084, 4.4889643933197776e-05, 0.21288366362570305]], "mass_kg": 4.0, "raw_joint_acceleration_peak_rad_s2": 7.599754281973946e-12, "reaction_force_body_n": [-1.2118688781846615e-16, 1.5523139096371825e-17, -2.251309062676574e-15], "reaction_torque_body_nm": [3.428071104883652e-11, 4.0114748883958524e-09, 3.537724232777911e-11]}
[gazebo_direct_motor_model-5] [INFO] [1786549753.386333475] [my_drone_gazebo_direct_motor_model]: MOTOR_DYNAMIC_STATE sim_s=69.196 cmd_min=0.0000 cmd_mean=0.0000 cmd_max=0.0000 filtered_mean=0.0000 filtered_max=0.0000 esc_throttle_mean=0.0000 total_thrust_n=0.0000 body_up_force_n=0.0000 saturated_motors=0 rated_cap_command=1.0000 voltage_v=14.8000 thrust_scale=1.000000 current_a=0.0000
[arm_coupling_monitor-9] [INFO] [1786549753.729390225] [my_drone_arm_coupling_monitor]: ARM_COUPLING_STATE {"com_body_flu_m": [-0.0040022037049348425, 0.0002570447689443124, -0.2042539314405179], "com_shift_m": [-2.0159046679180115e-06, 0.0009297012872476803, 0.00022751362079689863], "feedforward_acceleration_ned_m_s2": [2.3323727384101135e-17, 1.1922860317192007e-17, -6.240755854524039e-16], "filtered_joint_acceleration_peak_rad_s2": 3.767953611521418e-14, "inertia_diag_kg_m2": [0.20777477707828804, 0.20843718047997262, 0.2128836636257471], "inertia_tensor_frame": "base_link_flu", "inertia_tensor_kg_m2": [[0.20777477707828804, -0.00034662743280448817, 0.0027793374838629417], [-0.00034662743280448817, 0.20843718047997262, 4.488964390873384e-05], [0.0027793374838629417, 4.488964390873384e-05, 0.2128836636257471]], "mass_kg": 4.0, "raw_joint_acceleration_peak_rad_s2": 5.995440482307065e-12, "reaction_force_body_n": [-4.7693721432031614e-17, -9.329376965229651e-17, -2.496302340847338e-15], "reaction_torque_body_nm": [3.417613141135201e-11, 4.009489783779281e-09, 3.5303857611671946e-11]}
[gazebo_direct_motor_model-5] [INFO] [1786549754.385197024] [my_drone_gazebo_direct_motor_model]: MOTOR_DYNAMIC_STATE sim_s=70.196 cmd_min=0.0000 cmd_mean=0.0000 cmd_max=0.0000 filtered_mean=0.0000 filtered_max=0.0000 esc_throttle_mean=0.0000 total_thrust_n=0.0000 body_up_force_n=0.0000 saturated_motors=0 rated_cap_command=1.0000 voltage_v=14.8000 thrust_scale=1.000000 current_a=0.0000
[arm_coupling_monitor-9] [INFO] [1786549755.054499308] [my_drone_arm_coupling_monitor]: ARM_COUPLING_STATE {"com_body_flu_m": [-0.004002203704914838, 0.0002570447689607923, -0.2042539314424097], "com_shift_m": [-2.0159046479131804e-06, 0.0009297012872641602, 0.00022751361890510635], "feedforward_acceleration_ned_m_s2": [-6.014279299859926e-18, 2.3778997844763955e-17, -6.821971233236403e-16], "filtered_joint_acceleration_peak_rad_s2": 3.9238678630719604e-14, "inertia_diag_kg_m2": [0.20777477707896194, 0.20843718048070642, 0.21288366362580577], "inertia_tensor_frame": "base_link_flu", "inertia_tensor_kg_m2": [[0.20777477707896194, -0.00034662743281259844, 0.0027793374847573916], [-0.00034662743281259844, 0.20843718048070642, 4.488964387616874e-05], [0.0027793374847573916, 4.488964387616874e-05, 0.21288366362580577]], "mass_kg": 4.0, "raw_joint_acceleration_peak_rad_s2": 6.480307318161913e-12, "reaction_force_body_n": [-9.511589619066645e-17, 2.4059245684600996e-17, -2.7287884778468454e-15], "reaction_torque_body_nm": [3.413373162450968e-11, 4.006980314258417e-09, 3.522197976430089e-11]}
[gazebo_direct_motor_model-5] [INFO] [1786549755.385845603] [my_drone_gazebo_direct_motor_model]: MOTOR_DYNAMIC_STATE sim_s=71.196 cmd_min=0.0000 cmd_mean=0.0000 cmd_max=0.0000 filtered_mean=0.0000 filtered_max=0.0000 esc_throttle_mean=0.0000 total_thrust_n=0.0000 body_up_force_n=0.0000 saturated_motors=0 rated_cap_command=1.0000 voltage_v=14.8000 thrust_scale=1.000000 current_a=0.0000
[arm_coupling_monitor-9] [INFO] [1786549756.056818584] [my_drone_arm_coupling_monitor]: ARM_COUPLING_STATE {"com_body_flu_m": [-0.004002203704899827, 0.00025704476897315913, -0.20425393144382922], "com_shift_m": [-2.015904632902618e-06, 0.000929701287276527, 0.0002275136174855752], "feedforward_acceleration_ned_m_s2": [7.081849666153985e-18, 4.180976695188085e-17, -7.207147678270751e-16], "filtered_joint_acceleration_peak_rad_s2": 3.102086915525894e-14, "inertia_diag_kg_m2": [0.20777477707946757, 0.208437180481257, 0.2128836636258497], "inertia_tensor_frame": "base_link_flu", "inertia_tensor_kg_m2": [[0.20777477707946757, -0.000346627432818686, 0.002779337485428547], [-0.000346627432818686, 0.208437180481257, 4.4889643851723886e-05], [0.002779337485428547, 4.4889643851723886e-05, 0.2128836636258497]], "mass_kg": 4.0, "raw_joint_acceleration_peak_rad_s2": 5.694553923362522e-12, "reaction_force_body_n": [-1.672400706053865e-16, -2.832377951474643e-17, -2.8828590486943155e-15], "reaction_torque_body_nm": [3.406596026487867e-11, 4.005070287106491e-09, 3.523085419129306e-11]}
[gazebo_direct_motor_model-5] [INFO] [1786549756.381209094] [my_drone_gazebo_direct_motor_model]: MOTOR_DYNAMIC_STATE sim_s=72.196 cmd_min=0.0000 cmd_mean=0.0000 cmd_max=0.0000 filtered_mean=0.0000 filtered_max=0.0000 esc_throttle_mean=0.0000 total_thrust_n=0.0000 body_up_force_n=0.0000 saturated_motors=0 rated_cap_command=1.0000 voltage_v=14.8000 thrust_scale=1.000000 current_a=0.0000
[arm_coupling_monitor-9] [INFO] [1786549757.063240100] [my_drone_arm_coupling_monitor]: ARM_COUPLING_STATE {"com_body_flu_m": [-0.004002203704884829, 0.00025704476898551903, -0.20425393144524806], "com_shift_m": [-2.015904617904199e-06, 0.0009297012872888869, 0.00022751361606673792], "feedforward_acceleration_ned_m_s2": [-1.5254072345430402e-17, -2.8648603112392714e-17, -6.166382376798398e-16], "filtered_joint_acceleration_peak_rad_s2": 3.3271887879326844e-14, "inertia_diag_kg_m2": [0.20777477707997297, 0.20843718048180732, 0.21288366362589373], "inertia_tensor_frame": "base_link_flu", "inertia_tensor_kg_m2": [[0.20777477707997297, -0.00034662743282476904, 0.002779337486099394], [-0.00034662743282476904, 0.20843718048180732, 4.488964382730245e-05], [0.002779337486099394, 4.488964382730245e-05, 0.21288366362589373]], "mass_kg": 4.0, "raw_joint_acceleration_peak_rad_s2": 7.396816712373799e-12, "reaction_force_body_n": [1.1459530470832392e-16, 6.101409548386927e-17, -2.4665529635359638e-15], "reaction_torque_body_nm": [3.4511380690360914e-11, 4.003461590803427e-09, 3.527466647407414e-11]}
[gazebo_direct_motor_model-5] [INFO] [1786549757.383547179] [my_drone_gazebo_direct_motor_model]: MOTOR_DYNAMIC_STATE sim_s=73.196 cmd_min=0.0000 cmd_mean=0.0000 cmd_max=0.0000 filtered_mean=0.0000 filtered_max=0.0000 esc_throttle_mean=0.0000 total_thrust_n=0.0000 body_up_force_n=0.0000 saturated_motors=0 rated_cap_command=1.0000 voltage_v=14.8000 thrust_scale=1.000000 current_a=0.0000
[gazebo_direct_motor_model-5] [INFO] [1786549758.378854727] [my_drone_gazebo_direct_motor_model]: MOTOR_DYNAMIC_STATE sim_s=74.196 cmd_min=0.0000 cmd_mean=0.0000 cmd_max=0.0000 filtered_mean=0.0000 filtered_max=0.0000 esc_throttle_mean=0.0000 total_thrust_n=0.0000 body_up_force_n=0.0000 saturated_motors=0 rated_cap_command=1.0000 voltage_v=14.8000 thrust_scale=1.000000 current_a=0.0000
[arm_coupling_monitor-9] [INFO] [1786549758.384708032] [my_drone_arm_coupling_monitor]: ARM_COUPLING_STATE {"com_body_flu_m": [-0.004002203704864794, 0.00025704476900202493, -0.2042539314471427], "com_shift_m": [-2.0159045978698775e-06, 0.0009297012873053928, 0.00022751361417208682], "feedforward_acceleration_ned_m_s2": [7.417603647798856e-18, 3.79847128031754e-17, -3.500357391384781e-16], "filtered_joint_acceleration_peak_rad_s2": 5.264305975133812e-14, "inertia_diag_kg_m2": [0.20777477708064784, 0.20843718048254223, 0.21288366362595237], "inertia_tensor_frame": "base_link_flu", "inertia_tensor_kg_m2": [[0.20777477708064784, -0.00034662743283289405, 0.002779337486995183], [-0.00034662743283289405, 0.20843718048254223, 4.488964379467837e-05], [0.002779337486995183, 4.488964379467837e-05, 0.21288366362595237]], "mass_kg": 4.0, "raw_joint_acceleration_peak_rad_s2": 5.724942512310609e-12, "reaction_force_body_n": [-1.5193966492723364e-16, -2.966720503133431e-17, -1.400142936262155e-15], "reaction_torque_body_nm": [3.4286276892595905e-11, 4.0013024151371655e-09, 3.537622213637093e-11]}
[gazebo_direct_motor_model-5] [INFO] [1786549759.382731790] [my_drone_gazebo_direct_motor_model]: MOTOR_DYNAMIC_STATE sim_s=75.196 cmd_min=0.0000 cmd_mean=0.0000 cmd_max=0.0000 filtered_mean=0.0000 filtered_max=0.0000 esc_throttle_mean=0.0000 total_thrust_n=0.0000 body_up_force_n=0.0000 saturated_motors=0 rated_cap_command=1.0000 voltage_v=14.8000 thrust_scale=1.000000 current_a=0.0000
[arm_coupling_monitor-9] [INFO] [1786549759.716573692] [my_drone_arm_coupling_monitor]: ARM_COUPLING_STATE {"com_body_flu_m": [-0.004002203704844833, 0.00025704476901847184, -0.2042539314490305], "com_shift_m": [-2.0159045779084145e-06, 0.0009297012873218397, 0.00022751361228429134], "feedforward_acceleration_ned_m_s2": [5.2672521779073495e-18, -9.517974100962548e-18, -7.7339107059857e-16], "filtered_joint_acceleration_peak_rad_s2": 3.594254700561271e-14, "inertia_diag_kg_m2": [0.20777477708132022, 0.2084371804832745, 0.212883663626011], "inertia_tensor_frame": "base_link_flu", "inertia_tensor_kg_m2": [[0.20777477708132022, -0.00034662743284098805, 0.0027793374878877478], [-0.00034662743284098805, 0.2084371804832745, 4.4889643762179195e-05], [0.0027793374878877478, 4.4889643762179195e-05, 0.212883663626011]], "mass_kg": 4.0, "raw_joint_acceleration_peak_rad_s2": 5.785246142884673e-12, "reaction_force_body_n": [3.807101179320943e-17, -2.1069591164159336e-17, -3.0935642893139834e-15], "reaction_torque_body_nm": [3.394413597834138e-11, 3.998387412873718e-09, 3.5169225918348077e-11]}
[gazebo_direct_motor_model-5] [INFO] [1786549760.380927408] [my_drone_gazebo_direct_motor_model]: MOTOR_DYNAMIC_STATE sim_s=76.196 cmd_min=0.0000 cmd_mean=0.0000 cmd_max=0.0000 filtered_mean=0.0000 filtered_max=0.0000 esc_throttle_mean=0.0000 total_thrust_n=0.0000 body_up_force_n=0.0000 saturated_motors=0 rated_cap_command=1.0000 voltage_v=14.8000 thrust_scale=1.000000 current_a=0.0000
[arm_coupling_monitor-9] [INFO] [1786549760.727066343] [my_drone_arm_coupling_monitor]: ARM_COUPLING_STATE {"com_body_flu_m": [-0.004002203704829855, 0.00025704476903081266, -0.20425393145044704], "com_shift_m": [-2.015904562930812e-06, 0.0009297012873341805, 0.0002275136108677578], "feedforward_acceleration_ned_m_s2": [-2.3908102213394035e-17, -8.122136987690594e-18, -6.117891056873551e-16], "filtered_joint_acceleration_peak_rad_s2": 6.84612546709286e-14, "inertia_diag_kg_m2": [0.20777477708182482, 0.20843718048382384, 0.21288366362605485], "inertia_tensor_frame": "base_link_flu", "inertia_tensor_kg_m2": [[0.20777477708182482, -0.0003466274328470611, 0.0027793374885574903], [-0.0003466274328470611, 0.20843718048382384, 4.488964373779332e-05], [0.0027793374885574903, 4.488964373779332e-05, 0.21288366362605485]], "mass_kg": 4.0, "raw_joint_acceleration_peak_rad_s2": 5.910773895241839e-12, "reaction_force_body_n": [3.249015375252313e-17, 9.563189938627831e-17, -2.4471564213396203e-15], "reaction_torque_body_nm": [3.445654837530314e-11, 3.996619895045991e-09, 3.5242675806319246e-11]}
[gazebo_direct_motor_model-5] [INFO] [1786549761.382830620] [my_drone_gazebo_direct_motor_model]: MOTOR_DYNAMIC_STATE sim_s=77.196 cmd_min=0.0000 cmd_mean=0.0000 cmd_max=0.0000 filtered_mean=0.0000 filtered_max=0.0000 esc_throttle_mean=0.0000 total_thrust_n=0.0000 body_up_force_n=0.0000 saturated_motors=0 rated_cap_command=1.0000 voltage_v=14.8000 thrust_scale=1.000000 current_a=0.0000
[arm_coupling_monitor-9] [INFO] [1786549762.061457019] [my_drone_arm_coupling_monitor]: ARM_COUPLING_STATE {"com_body_flu_m": [-0.004002203704809915, 0.0002570447690472405, -0.2042539314523329], "com_shift_m": [-2.0159045429901656e-06, 0.0009297012873506084, 0.0002275136089819052], "feedforward_acceleration_ned_m_s2": [1.4665081179816248e-17, -2.3010682404598177e-19, -7.693245083672504e-16], "filtered_joint_acceleration_peak_rad_s2": 4.665378495781896e-14, "inertia_diag_kg_m2": [0.2077747770824965, 0.20843718048455534, 0.21288366362611336], "inertia_tensor_frame": "base_link_flu", "inertia_tensor_kg_m2": [[0.2077747770824965, -0.0003466274328551484, 0.0027793374894491203], [-0.0003466274328551484, 0.20843718048455534, 4.48896437053219e-05], [0.0027793374894491203, 4.48896437053219e-05, 0.21288366362611336]], "mass_kg": 4.0, "raw_joint_acceleration_peak_rad_s2": 6.6910704966455306e-12, "reaction_force_body_n": [9.187732961202594e-19, -5.866014546740913e-17, -3.077298037380217e-15], "reaction_torque_body_nm": [3.401921837033532e-11, 3.994382597557864e-09, 3.5220023166439973e-11]}
[gazebo_direct_motor_model-5] [INFO] [1786549762.384710096] [my_drone_gazebo_direct_motor_model]: MOTOR_DYNAMIC_STATE sim_s=78.196 cmd_min=0.0000 cmd_mean=0.0000 cmd_max=0.0000 filtered_mean=0.0000 filtered_max=0.0000 esc_throttle_mean=0.0000 total_thrust_n=0.0000 body_up_force_n=0.0000 saturated_motors=0 rated_cap_command=1.0000 voltage_v=14.8000 thrust_scale=1.000000 current_a=0.0000
[arm_coupling_monitor-9] [INFO] [1786549763.070271189] [my_drone_arm_coupling_monitor]: ARM_COUPLING_STATE {"com_body_flu_m": [-0.004002203704794954, 0.00025704476905956744, -0.2042539314537479], "com_shift_m": [-2.0159045280299104e-06, 0.0009297012873629353, 0.0002275136075668982], "feedforward_acceleration_ned_m_s2": [-2.780419627761259e-17, 4.5100238204911526e-17, -7.360875786934839e-16], "filtered_joint_acceleration_peak_rad_s2": 4.5090876933397326e-14, "inertia_diag_kg_m2": [0.20777477708300057, 0.20843718048510418, 0.21288366362615715], "inertia_tensor_frame": "base_link_flu", "inertia_tensor_kg_m2": [[0.20777477708300057, -0.0003466274328612147, 0.0027793374901181576], [-0.0003466274328612147, 0.20843718048510418, 4.488964368096378e-05], [0.0027793374901181576, 4.488964368096378e-05, 0.21288366362615715]], "mass_kg": 4.0, "raw_joint_acceleration_peak_rad_s2": 6.57712170179134e-12, "reaction_force_body_n": [-1.8039909966731968e-16, 1.112206784121641e-16, -2.9443502812523295e-15], "reaction_torque_body_nm": [3.403008233699585e-11, 3.992525171752509e-09, 3.5070825243641545e-11]}
[gazebo_direct_motor_model-5] [INFO] [1786549763.380805126] [my_drone_gazebo_direct_motor_model]: MOTOR_DYNAMIC_STATE sim_s=79.196 cmd_min=0.0000 cmd_mean=0.0000 cmd_max=0.0000 filtered_mean=0.0000 filtered_max=0.0000 esc_throttle_mean=0.0000 total_thrust_n=0.0000 body_up_force_n=0.0000 saturated_motors=0 rated_cap_command=1.0000 voltage_v=14.8000 thrust_scale=1.000000 current_a=0.0000
[gazebo_direct_motor_model-5] [INFO] [1786549764.382166770] [my_drone_gazebo_direct_motor_model]: MOTOR_DYNAMIC_STATE sim_s=80.196 cmd_min=0.0000 cmd_mean=0.0000 cmd_max=0.0000 filtered_mean=0.0000 filtered_max=0.0000 esc_throttle_mean=0.0000 total_thrust_n=0.0000 body_up_force_n=0.0000 saturated_motors=0 rated_cap_command=1.0000 voltage_v=14.8000 thrust_scale=1.000000 current_a=0.0000
[arm_coupling_monitor-9] [INFO] [1786549764.382776772] [my_drone_arm_coupling_monitor]: ARM_COUPLING_STATE {"com_body_flu_m": [-0.004002203704774979, 0.00025704476907602997, -0.20425393145563744], "com_shift_m": [-2.0159045080545696e-06, 0.0009297012873793978, 0.00022751360567735412], "feedforward_acceleration_ned_m_s2": [-2.5336231275621817e-17, -1.0062106069881971e-16, -7.41601781233941e-16], "filtered_joint_acceleration_peak_rad_s2": 5.451015523409598e-14, "inertia_diag_kg_m2": [0.20777477708367362, 0.208437180485837, 0.2128836636262158], "inertia_tensor_frame": "base_link_flu", "inertia_tensor_kg_m2": [[0.20777477708367362, -0.0003466274328693137, 0.0027793374910115233], [-0.0003466274328693137, 0.208437180485837, 4.4889643648433376e-05], [0.0027793374910115233, 4.4889643648433376e-05, 0.2128836636262158]], "mass_kg": 4.0, "raw_joint_acceleration_peak_rad_s2": 5.119858067357222e-12, "reaction_force_body_n": [4.024858899260396e-16, 1.0133685281480119e-16, -2.9664071772236898e-15], "reaction_torque_body_nm": [3.421519917043457e-11, 3.990169839894705e-09, 3.51140682216591e-11]}
[gazebo_direct_motor_model-5] [INFO] [1786549765.386322243] [my_drone_gazebo_direct_motor_model]: MOTOR_DYNAMIC_STATE sim_s=81.196 cmd_min=0.0000 cmd_mean=0.0000 cmd_max=0.0000 filtered_mean=0.0000 filtered_max=0.0000 esc_throttle_mean=0.0000 total_thrust_n=0.0000 body_up_force_n=0.0000 saturated_motors=0 rated_cap_command=1.0000 voltage_v=14.8000 thrust_scale=1.000000 current_a=0.0000
[arm_coupling_monitor-9] [INFO] [1786549765.714000867] [my_drone_arm_coupling_monitor]: ARM_COUPLING_STATE {"com_body_flu_m": [-0.00400220370475507, 0.00025704476909243004, -0.20425393145752016], "com_shift_m": [-2.0159044881451482e-06, 0.0009297012873957979, 0.00022751360379463792], "feedforward_acceleration_ned_m_s2": [-2.347561166687932e-17, 1.1086919247957161e-16, -4.72002796670746e-16], "filtered_joint_acceleration_peak_rad_s2": 7.0389262650065e-14, "inertia_diag_kg_m2": [0.20777477708434425, 0.20843718048656734, 0.21288366362627406], "inertia_tensor_frame": "base_link_flu", "inertia_tensor_kg_m2": [[0.20777477708434425, -0.0003466274328773895, 0.0027793374919016767], [-0.0003466274328773895, 0.20843718048656734, 4.4889643616020936e-05], [0.0027793374919016767, 4.4889643616020936e-05, 0.21288366362627406]], "mass_kg": 4.0, "raw_joint_acceleration_peak_rad_s2": 6.284202174912442e-12, "reaction_force_body_n": [-4.4347511782924387e-16, 9.391167307628515e-17, -1.8880111158342645e-15], "reaction_torque_body_nm": [3.410853156135227e-11, 3.98775252845371e-09, 3.505185708763571e-11]}
[gazebo_direct_motor_model-5] [INFO] [1786549766.385150918] [my_drone_gazebo_direct_motor_model]: MOTOR_DYNAMIC_STATE sim_s=82.196 cmd_min=0.0000 cmd_mean=0.0000 cmd_max=0.0000 filtered_mean=0.0000 filtered_max=0.0000 esc_throttle_mean=0.0000 total_thrust_n=0.0000 body_up_force_n=0.0000 saturated_motors=0 rated_cap_command=1.0000 voltage_v=14.8000 thrust_scale=1.000000 current_a=0.0000
[arm_coupling_monitor-9] [INFO] [1786549766.736762622] [my_drone_arm_coupling_monitor]: ARM_COUPLING_STATE {"com_body_flu_m": [-0.004002203704740134, 0.00025704476910473964, -0.2042539314589329], "com_shift_m": [-2.015904473209179e-06, 0.0009297012874081075, 0.00022751360238190688], "feedforward_acceleration_ned_m_s2": [-6.931181743277523e-18, -2.837453781753074e-17, -7.09558285612035e-16], "filtered_joint_acceleration_peak_rad_s2": 3.486113171945128e-14, "inertia_diag_kg_m2": [0.20777477708484746, 0.20843718048711535, 0.2128836636263179], "inertia_tensor_frame": "base_link_flu", "inertia_tensor_kg_m2": [[0.20777477708484746, -0.00034662743288344693, 0.002779337492569608], [-0.00034662743288344693, 0.20843718048711535, 4.488964359169491e-05], [0.002779337492569608, 4.488964359169491e-05, 0.2128836636263179]], "mass_kg": 4.0, "raw_joint_acceleration_peak_rad_s2": 6.365112946039025e-12, "reaction_force_body_n": [1.1349830572052852e-16, 2.7722579520416414e-17, -2.8382331572479765e-15], "reaction_torque_body_nm": [3.4115504612910496e-11, 3.985907946980724e-09, 3.5050527526039324e-11]}
[gazebo_direct_motor_model-5] [INFO] [1786549767.385750025] [my_drone_gazebo_direct_motor_model]: MOTOR_DYNAMIC_STATE sim_s=83.196 cmd_min=0.0000 cmd_mean=0.0000 cmd_max=0.0000 filtered_mean=0.0000 filtered_max=0.0000 esc_throttle_mean=0.0000 total_thrust_n=0.0000 body_up_force_n=0.0000 saturated_motors=0 rated_cap_command=1.0000 voltage_v=14.8000 thrust_scale=1.000000 current_a=0.0000
[arm_coupling_monitor-9] [INFO] [1786549768.061414534] [my_drone_arm_coupling_monitor]: ARM_COUPLING_STATE {"com_body_flu_m": [-0.0040022037047202485, 0.00025704476912112237, -0.2042539314608136], "com_shift_m": [-2.015904453324044e-06, 0.0009297012874244902, 0.00022751360050118907], "feedforward_acceleration_ned_m_s2": [8.692247007074749e-18, -4.3693245106162814e-17, -5.441467114032224e-16], "filtered_joint_acceleration_peak_rad_s2": 2.8081511021837672e-14, "inertia_diag_kg_m2": [0.2077747770855174, 0.20843718048784482, 0.21288366362637623], "inertia_tensor_frame": "base_link_flu", "inertia_tensor_kg_m2": [[0.2077747770855174, -0.0003466274328915099, 0.0027793374934588326], [-0.0003466274328915099, 0.20843718048784482, 4.488964355931456e-05], [0.0027793374934588326, 4.488964355931456e-05, 0.21288366362637623]], "mass_kg": 4.0, "raw_joint_acceleration_peak_rad_s2": 6.5312333352406585e-12, "reaction_force_body_n": [1.7477194850760165e-16, -3.477243608095352e-17, -2.1765868733900673e-15], "reaction_torque_body_nm": [3.4098835670075805e-11, 3.983703159084166e-09, 3.51998731726954e-11]}
[gazebo_direct_motor_model-5] [INFO] [1786549768.388170470] [my_drone_gazebo_direct_motor_model]: MOTOR_DYNAMIC_STATE sim_s=84.196 cmd_min=0.0000 cmd_mean=0.0000 cmd_max=0.0000 filtered_mean=0.0000 filtered_max=0.0000 esc_throttle_mean=0.0000 total_thrust_n=0.0000 body_up_force_n=0.0000 saturated_motors=0 rated_cap_command=1.0000 voltage_v=14.8000 thrust_scale=1.000000 current_a=0.0000
[gazebo_direct_motor_model-5] [INFO] [1786549769.376662672] [my_drone_gazebo_direct_motor_model]: MOTOR_DYNAMIC_STATE sim_s=85.196 cmd_min=0.0000 cmd_mean=0.0000 cmd_max=0.0000 filtered_mean=0.0000 filtered_max=0.0000 esc_throttle_mean=0.0000 total_thrust_n=0.0000 body_up_force_n=0.0000 saturated_motors=0 rated_cap_command=1.0000 voltage_v=14.8000 thrust_scale=1.000000 current_a=0.0000
[arm_coupling_monitor-9] [INFO] [1786549769.380889826] [my_drone_arm_coupling_monitor]: ARM_COUPLING_STATE {"com_body_flu_m": [-0.004002203704700313, 0.00025704476913754673, -0.20425393146269888], "com_shift_m": [-2.0159044333886017e-06, 0.0009297012874409146, 0.00022751359861591935], "feedforward_acceleration_ned_m_s2": [5.957120249372045e-18, 1.115443205572661e-17, -6.189688697173547e-16], "filtered_joint_acceleration_peak_rad_s2": 4.059338431467417e-14, "inertia_diag_kg_m2": [0.2077747770861889, 0.20843718048857596, 0.21288366362643463], "inertia_tensor_frame": "base_link_flu", "inertia_tensor_kg_m2": [[0.2077747770861889, -0.00034662743289959287, 0.0027793374943501916], [-0.00034662743289959287, 0.20843718048857596, 4.4889643526857884e-05], [0.0027793374943501916, 4.4889643526857884e-05, 0.21288366362643463]], "mass_kg": 4.0, "raw_joint_acceleration_peak_rad_s2": 7.298836303762115e-12, "reaction_force_body_n": [-4.461857921107888e-17, -2.3827405548560074e-17, -2.4758754738837945e-15], "reaction_torque_body_nm": [3.3689627475489104e-11, 3.981117982833722e-09, 3.495697446595269e-11]}
[gazebo_direct_motor_model-5] [INFO] [1786549770.379449832] [my_drone_gazebo_direct_motor_model]: MOTOR_DYNAMIC_STATE sim_s=86.196 cmd_min=0.0000 cmd_mean=0.0000 cmd_max=0.0000 filtered_mean=0.0000 filtered_max=0.0000 esc_throttle_mean=0.0000 total_thrust_n=0.0000 body_up_force_n=0.0000 saturated_motors=0 rated_cap_command=1.0000 voltage_v=14.8000 thrust_scale=1.000000 current_a=0.0000
[arm_coupling_monitor-9] [INFO] [1786549770.383236805] [my_drone_arm_coupling_monitor]: ARM_COUPLING_STATE {"com_body_flu_m": [-0.004002203704685405, 0.0002570447691498338, -0.20425393146410922], "com_shift_m": [-2.015904418480388e-06, 0.0009297012874532017, 0.0002275135972055753], "feedforward_acceleration_ned_m_s2": [-2.7874611318760283e-17, 1.8468729800353235e-17, -5.756027006455474e-16], "filtered_joint_acceleration_peak_rad_s2": 3.791944117276117e-14, "inertia_diag_kg_m2": [0.20777477708669126, 0.208437180489123, 0.21288366362647843], "inertia_tensor_frame": "base_link_flu", "inertia_tensor_kg_m2": [[0.20777477708669126, -0.0003466274329056412, 0.0027793374950170167], [-0.0003466274329056412, 0.208437180489123, 4.4889643502578694e-05], [0.0027793374950170167, 4.4889643502578694e-05, 0.21288366362647843]], "mass_kg": 4.0, "raw_joint_acceleration_peak_rad_s2": 9.547576405414137e-12, "reaction_force_body_n": [-7.38729664864773e-17, 1.1150011019579707e-16, -2.3024107846085464e-15], "reaction_torque_body_nm": [3.406656271005173e-11, 3.9795292179705356e-09, 3.49925853392963e-11]}
[gazebo_direct_motor_model-5] [INFO] [1786549771.381375063] [my_drone_gazebo_direct_motor_model]: MOTOR_DYNAMIC_STATE sim_s=87.196 cmd_min=0.0000 cmd_mean=0.0000 cmd_max=0.0000 filtered_mean=0.0000 filtered_max=0.0000 esc_throttle_mean=0.0000 total_thrust_n=0.0000 body_up_force_n=0.0000 saturated_motors=0 rated_cap_command=1.0000 voltage_v=14.8000 thrust_scale=1.000000 current_a=0.0000
[arm_coupling_monitor-9] [INFO] [1786549771.385502774] [my_drone_arm_coupling_monitor]: ARM_COUPLING_STATE {"com_body_flu_m": [-0.004002203704670498, 0.0002570447691621139, -0.20425393146551896], "com_shift_m": [-2.0159044035739093e-06, 0.0009297012874654818, 0.00022751359579584185], "feedforward_acceleration_ned_m_s2": [-1.7935370782561666e-17, 9.228158643257468e-19, -6.955952388298079e-16], "filtered_joint_acceleration_peak_rad_s2": 3.137169711815195e-14, "inertia_diag_kg_m2": [0.20777477708719347, 0.20843718048966983, 0.2128836636265221], "inertia_tensor_frame": "base_link_flu", "inertia_tensor_kg_m2": [[0.20777477708719347, -0.0003466274329116843, 0.0027793374956835448], [-0.0003466274329116843, 0.20843718048966983, 4.488964347830471e-05], [0.0027793374956835448, 4.488964347830471e-05, 0.2128836636265221]], "mass_kg": 4.0, "raw_joint_acceleration_peak_rad_s2": 5.032266814913437e-12, "reaction_force_body_n": [-3.690197128293086e-18, 7.174173804694625e-17, -2.7823809501608435e-15], "reaction_torque_body_nm": [3.388216683503747e-11, 3.977326032120501e-09, 3.486294457901826e-11]}
[gazebo_direct_motor_model-5] [INFO] [1786549772.386111330] [my_drone_gazebo_direct_motor_model]: MOTOR_DYNAMIC_STATE sim_s=88.196 cmd_min=0.0000 cmd_mean=0.0000 cmd_max=0.0000 filtered_mean=0.0000 filtered_max=0.0000 esc_throttle_mean=0.0000 total_thrust_n=0.0000 body_up_force_n=0.0000 saturated_motors=0 rated_cap_command=1.0000 voltage_v=14.8000 thrust_scale=1.000000 current_a=0.0000
[arm_coupling_monitor-9] [INFO] [1786549772.718074872] [my_drone_arm_coupling_monitor]: ARM_COUPLING_STATE {"com_body_flu_m": [-0.004002203704650651, 0.0002570447691784654, -0.20425393146739576], "com_shift_m": [-2.015904383726938e-06, 0.0009297012874818333, 0.00022751359391903758], "feedforward_acceleration_ned_m_s2": [-1.1809021776693796e-17, -1.6827203184673357e-17, -8.418217918086788e-16], "filtered_joint_acceleration_peak_rad_s2": 5.3794670482806195e-14, "inertia_diag_kg_m2": [0.20777477708786202, 0.20843718049039783, 0.21288366362658026], "inertia_tensor_frame": "base_link_flu", "inertia_tensor_kg_m2": [[0.20777477708786202, -0.00034662743291973106, 0.0027793374965708975], [-0.00034662743291973106, 0.20843718049039783, 4.488964344599635e-05], [0.0027793374965708975, 4.488964344599635e-05, 0.21288366362658026]], "mass_kg": 4.0, "raw_joint_acceleration_peak_rad_s2": 6.105105692640538e-12, "reaction_force_body_n": [6.730929047254827e-17, 4.723492201102795e-17, -3.36728717402893e-15], "reaction_torque_body_nm": [3.4086506721947756e-11, 3.975297745634548e-09, 3.500679714779875e-11]}
[gazebo_direct_motor_model-5] [INFO] [1786549773.386288116] [my_drone_gazebo_direct_motor_model]: MOTOR_DYNAMIC_STATE sim_s=89.196 cmd_min=0.0000 cmd_mean=0.0000 cmd_max=0.0000 filtered_mean=0.0000 filtered_max=0.0000 esc_throttle_mean=0.0000 total_thrust_n=0.0000 body_up_force_n=0.0000 saturated_motors=0 rated_cap_command=1.0000 voltage_v=14.8000 thrust_scale=1.000000 current_a=0.0000
[arm_coupling_monitor-9] [INFO] [1786549774.073342288] [my_drone_arm_coupling_monitor]: ARM_COUPLING_STATE {"com_body_flu_m": [-0.004002203704630822, 0.0002570447691948065, -0.2042539314692714], "com_shift_m": [-2.015904363897314e-06, 0.0009297012874981744, 0.00022751359204339905], "feedforward_acceleration_ned_m_s2": [2.180110028370203e-18, 1.3541190764191279e-17, -5.273482197971811e-16], "filtered_joint_acceleration_peak_rad_s2": 3.0158543932108395e-14, "inertia_diag_kg_m2": [0.2077747770885301, 0.2084371804911253, 0.21288366362663835], "inertia_tensor_frame": "base_link_flu", "inertia_tensor_kg_m2": [[0.2077747770885301, -0.0003466274329277739, 0.0027793374974577154], [-0.0003466274329277739, 0.2084371804911253, 4.4889643413701004e-05], [0.0027793374974577154, 4.4889643413701004e-05, 0.21288366362663835]], "mass_kg": 4.0, "raw_joint_acceleration_peak_rad_s2": 5.906889171924064e-12, "reaction_force_body_n": [-5.4165250313343717e-17, -8.719192257444491e-18, -2.109392871835338e-15], "reaction_torque_body_nm": [3.363375018178761e-11, 3.972885496266803e-09, 3.4885016740512325e-11]}
[gazebo_direct_motor_model-5] [INFO] [1786549774.385500279] [my_drone_gazebo_direct_motor_model]: MOTOR_DYNAMIC_STATE sim_s=90.196 cmd_min=0.0000 cmd_mean=0.0000 cmd_max=0.0000 filtered_mean=0.0000 filtered_max=0.0000 esc_throttle_mean=0.0000 total_thrust_n=0.0000 body_up_force_n=0.0000 saturated_motors=0 rated_cap_command=1.0000 voltage_v=14.8000 thrust_scale=1.000000 current_a=0.0000
[gazebo_direct_motor_model-5] [INFO] [1786549775.383569699] [my_drone_gazebo_direct_motor_model]: MOTOR_DYNAMIC_STATE sim_s=91.196 cmd_min=0.0000 cmd_mean=0.0000 cmd_max=0.0000 filtered_mean=0.0000 filtered_max=0.0000 esc_throttle_mean=0.0000 total_thrust_n=0.0000 body_up_force_n=0.0000 saturated_motors=0 rated_cap_command=1.0000 voltage_v=14.8000 thrust_scale=1.000000 current_a=0.0000
[arm_coupling_monitor-9] [INFO] [1786549775.388171051] [my_drone_arm_coupling_monitor]: ARM_COUPLING_STATE {"com_body_flu_m": [-0.004002203704611004, 0.00025704476921113543, -0.2042539314711459], "com_shift_m": [-2.015904344079833e-06, 0.0009297012875145033, 0.0002275135901688985], "feedforward_acceleration_ned_m_s2": [1.0446720669611746e-17, 1.399993060327004e-17, -5.941371390292685e-16], "filtered_joint_acceleration_peak_rad_s2": 4.2509999532211914e-14, "inertia_diag_kg_m2": [0.20777477708919773, 0.20843718049185236, 0.21288366362669653], "inertia_tensor_frame": "base_link_flu", "inertia_tensor_kg_m2": [[0.20777477708919773, -0.00034662743293581216, 0.0027793374983440004], [-0.00034662743293581216, 0.20843718049185236, 4.488964338143168e-05], [0.0027793374983440004, 4.488964338143168e-05, 0.21288366362669653]], "mass_kg": 4.0, "raw_joint_acceleration_peak_rad_s2": 5.662332104980502e-12, "reaction_force_body_n": [-5.600092758251472e-17, -4.1785579941314213e-17, -2.376548550624485e-15], "reaction_torque_body_nm": [3.3655243182230284e-11, 3.970605034010329e-09, 3.4933094725766975e-11]}
[gazebo_direct_motor_model-5] [INFO] [1786549776.386220009] [my_drone_gazebo_direct_motor_model]: MOTOR_DYNAMIC_STATE sim_s=92.196 cmd_min=0.0000 cmd_mean=0.0000 cmd_max=0.0000 filtered_mean=0.0000 filtered_max=0.0000 esc_throttle_mean=0.0000 total_thrust_n=0.0000 body_up_force_n=0.0000 saturated_motors=0 rated_cap_command=1.0000 voltage_v=14.8000 thrust_scale=1.000000 current_a=0.0000
[arm_coupling_monitor-9] [INFO] [1786549776.716723308] [my_drone_arm_coupling_monitor]: ARM_COUPLING_STATE {"com_body_flu_m": [-0.004002203704591138, 0.000257044769227506, -0.20425393147302495], "com_shift_m": [-2.0159043242137797e-06, 0.0009297012875308739, 0.00022751358828984602], "feedforward_acceleration_ned_m_s2": [-2.204103019435849e-17, 3.4044646560957594e-17, -7.488695241059956e-16], "filtered_joint_acceleration_peak_rad_s2": 3.822061333362206e-14, "inertia_diag_kg_m2": [0.20777477708986714, 0.20843718049258125, 0.21288366362675476], "inertia_tensor_frame": "base_link_flu", "inertia_tensor_kg_m2": [[0.20777477708986714, -0.00034662743294386843, 0.0027793374992324082], [-0.00034662743294386843, 0.20843718049258125, 4.488964334907822e-05], [0.0027793374992324082, 4.488964334907822e-05, 0.21288366362675476]], "mass_kg": 4.0, "raw_joint_acceleration_peak_rad_s2": 6.2262489263745805e-12, "reaction_force_body_n": [-1.3617721385796194e-16, 8.816710946203771e-17, -2.995478070848569e-15], "reaction_torque_body_nm": [3.420433891072176e-11, 3.9679546513340405e-09, 3.4907954688335116e-11]}
[gazebo_direct_motor_model-5] [INFO] [1786549777.382515579] [my_drone_gazebo_direct_motor_model]: MOTOR_DYNAMIC_STATE sim_s=93.196 cmd_min=0.0000 cmd_mean=0.0000 cmd_max=0.0000 filtered_mean=0.0000 filtered_max=0.0000 esc_throttle_mean=0.0000 total_thrust_n=0.0000 body_up_force_n=0.0000 saturated_motors=0 rated_cap_command=1.0000 voltage_v=14.8000 thrust_scale=1.000000 current_a=0.0000
[arm_coupling_monitor-9] [INFO] [1786549777.721303307] [my_drone_arm_coupling_monitor]: ARM_COUPLING_STATE {"com_body_flu_m": [-0.004002203704576273, 0.00025704476923975143, -0.2042539314744307], "com_shift_m": [-2.0159043093489343e-06, 0.0009297012875431193, 0.0002275135868841094], "feedforward_acceleration_ned_m_s2": [-1.921693548817131e-17, 2.7603400564568477e-17, -5.395125301282079e-16], "filtered_joint_acceleration_peak_rad_s2": 3.748279680858174e-14, "inertia_diag_kg_m2": [0.20777477709036782, 0.20843718049312643, 0.21288366362679836], "inertia_tensor_frame": "base_link_flu", "inertia_tensor_kg_m2": [[0.20777477709036782, -0.00034662743294989725, 0.0027793374998970432], [-0.00034662743294989725, 0.20843718049312643, 4.488964332487796e-05], [0.0027793374998970432, 4.488964332487796e-05, 0.21288366362679836]], "mass_kg": 4.0, "raw_joint_acceleration_peak_rad_s2": 6.527079808872012e-12, "reaction_force_body_n": [-1.1041233943199274e-16, 7.687014774875462e-17, -2.158050099429631e-15], "reaction_torque_body_nm": [3.395200428261859e-11, 3.966450266160037e-09, 3.491322797561037e-11]}
[gazebo_direct_motor_model-5] [INFO] [1786549778.382127725] [my_drone_gazebo_direct_motor_model]: MOTOR_DYNAMIC_STATE sim_s=94.196 cmd_min=0.0000 cmd_mean=0.0000 cmd_max=0.0000 filtered_mean=0.0000 filtered_max=0.0000 esc_throttle_mean=0.0000 total_thrust_n=0.0000 body_up_force_n=0.0000 saturated_motors=0 rated_cap_command=1.0000 voltage_v=14.8000 thrust_scale=1.000000 current_a=0.0000
[arm_coupling_monitor-9] [INFO] [1786549778.722587900] [my_drone_arm_coupling_monitor]: ARM_COUPLING_STATE {"com_body_flu_m": [-0.004002203704561417, 0.00025704476925199164, -0.2042539314758358], "com_shift_m": [-2.0159042944927624e-06, 0.0009297012875553595, 0.00022751358547901113], "feedforward_acceleration_ned_m_s2": [-2.0584925331413036e-17, -1.4565630641388237e-17, -6.412030513972568e-16], "filtered_joint_acceleration_peak_rad_s2": 2.885341582272795e-14, "inertia_diag_kg_m2": [0.2077747770908683, 0.20843718049367144, 0.21288366362684186], "inertia_tensor_frame": "base_link_flu", "inertia_tensor_kg_m2": [[0.2077747770908683, -0.00034662743295591956, 0.002779337500561363], [-0.00034662743295591956, 0.20843718049367144, 4.488964330068637e-05], [0.002779337500561363, 4.488964330068637e-05, 0.21288366362684186]], "mass_kg": 4.0, "raw_joint_acceleration_peak_rad_s2": 5.924933186480137e-12, "reaction_force_body_n": [5.826383826169735e-17, 8.233867028016175e-17, -2.5648122088012718e-15], "reaction_torque_body_nm": [3.4080557436182734e-11, 3.964365794280927e-09, 3.485131316418704e-11]}
[gazebo_direct_motor_model-5] [INFO] [1786549779.383109983] [my_drone_gazebo_direct_motor_model]: MOTOR_DYNAMIC_STATE sim_s=95.196 cmd_min=0.0000 cmd_mean=0.0000 cmd_max=0.0000 filtered_mean=0.0000 filtered_max=0.0000 esc_throttle_mean=0.0000 total_thrust_n=0.0000 body_up_force_n=0.0000 saturated_motors=0 rated_cap_command=1.0000 voltage_v=14.8000 thrust_scale=1.000000 current_a=0.0000
[arm_coupling_monitor-9] [INFO] [1786549779.721817739] [my_drone_arm_coupling_monitor]: ARM_COUPLING_STATE {"com_body_flu_m": [-0.004002203704546568, 0.00025704476926422665, -0.20425393147724022], "com_shift_m": [-2.0159042796435295e-06, 0.0009297012875675945, 0.000227513584074579], "feedforward_acceleration_ned_m_s2": [-1.58350035719628e-17, -4.2331885804786024e-17, -5.862204582001837e-16], "filtered_joint_acceleration_peak_rad_s2": 3.4596633916333853e-14, "inertia_diag_kg_m2": [0.20777477709136857, 0.2084371804942162, 0.2128836636268854], "inertia_tensor_frame": "base_link_flu", "inertia_tensor_kg_m2": [[0.20777477709136857, -0.0003466274329619412, 0.0027793375012253882], [-0.0003466274329619412, 0.2084371804942162, 4.4889643276507796e-05], [0.0027793375012253882, 4.4889643276507796e-05, 0.2128836636268854]], "mass_kg": 4.0, "raw_joint_acceleration_peak_rad_s2": 6.079580292812044e-12, "reaction_force_body_n": [1.6932850095294243e-16, 6.33366888488081e-17, -2.3448818534655957e-15], "reaction_torque_body_nm": [3.388804379872266e-11, 3.9628365780813e-09, 3.487982909335348e-11]}
[gazebo_direct_motor_model-5] [INFO] [1786549780.382801231] [my_drone_gazebo_direct_motor_model]: MOTOR_DYNAMIC_STATE sim_s=96.196 cmd_min=0.0000 cmd_mean=0.0000 cmd_max=0.0000 filtered_mean=0.0000 filtered_max=0.0000 esc_throttle_mean=0.0000 total_thrust_n=0.0000 body_up_force_n=0.0000 saturated_motors=0 rated_cap_command=1.0000 voltage_v=14.8000 thrust_scale=1.000000 current_a=0.0000
[arm_coupling_monitor-9] [INFO] [1786549781.061448918] [my_drone_arm_coupling_monitor]: ARM_COUPLING_STATE {"com_body_flu_m": [-0.004002203704526796, 0.0002570447692805157, -0.20425393147910995], "com_shift_m": [-2.0159042598711513e-06, 0.0009297012875838836, 0.0002275135822048524], "feedforward_acceleration_ned_m_s2": [-3.483786198424349e-18, 1.6811264658579228e-17, -5.750446390971873e-16], "filtered_joint_acceleration_peak_rad_s2": 2.992732998700174e-14, "inertia_diag_kg_m2": [0.2077747770920346, 0.2084371804949414, 0.21288366362694344], "inertia_tensor_frame": "base_link_flu", "inertia_tensor_kg_m2": [[0.2077747770920346, -0.0003466274329699602, 0.0027793375021094085], [-0.0003466274329699602, 0.2084371804949414, 4.4889643244319134e-05], [0.0027793375021094085, 4.4889643244319134e-05, 0.21288366362694344]], "mass_kg": 4.0, "raw_joint_acceleration_peak_rad_s2": 6.575445032741646e-12, "reaction_force_body_n": [-6.724510863252089e-17, 1.3936673475945407e-17, -2.3001785456653597e-15], "reaction_torque_body_nm": [3.380603989534303e-11, 3.960259784619734e-09, 3.477718623872969e-11]}
[gazebo_direct_motor_model-5] [INFO] [1786549781.385026493] [my_drone_gazebo_direct_motor_model]: MOTOR_DYNAMIC_STATE sim_s=97.196 cmd_min=0.0000 cmd_mean=0.0000 cmd_max=0.0000 filtered_mean=0.0000 filtered_max=0.0000 esc_throttle_mean=0.0000 total_thrust_n=0.0000 body_up_force_n=0.0000 saturated_motors=0 rated_cap_command=1.0000 voltage_v=14.8000 thrust_scale=1.000000 current_a=0.0000
[arm_coupling_monitor-9] [INFO] [1786549782.108148672] [my_drone_arm_coupling_monitor]: ARM_COUPLING_STATE {"com_body_flu_m": [-0.00400220370451196, 0.00025704476929273856, -0.20425393148051293], "com_shift_m": [-2.015904245035796e-06, 0.0009297012875961064, 0.00022751358080186357], "feedforward_acceleration_ned_m_s2": [-8.748019888202695e-18, 6.447798093395355e-17, -5.316495255915989e-16], "filtered_joint_acceleration_peak_rad_s2": 5.850056281562727e-14, "inertia_diag_kg_m2": [0.2077747770925343, 0.20843718049548554, 0.21288366362698688], "inertia_tensor_frame": "base_link_flu", "inertia_tensor_kg_m2": [[0.2077747770925343, -0.0003466274329759725, 0.0027793375027727434], [-0.0003466274329759725, 0.20843718049548554, 4.488964322016398e-05], [0.0027793375027727434, 4.488964322016398e-05, 0.21288366362698688]], "mass_kg": 4.0, "raw_joint_acceleration_peak_rad_s2": 5.860600492779579e-12, "reaction_force_body_n": [-2.5791151601711634e-16, 3.4997511568958096e-17, -2.1265980624261435e-15], "reaction_torque_body_nm": [3.375058385714438e-11, 3.958763548835164e-09, 3.489120627781898e-11]}
[gazebo_direct_motor_model-5] [INFO] [1786549782.399986986] [my_drone_gazebo_direct_motor_model]: MOTOR_DYNAMIC_STATE sim_s=98.196 cmd_min=0.0000 cmd_mean=0.0000 cmd_max=0.0000 filtered_mean=0.0000 filtered_max=0.0000 esc_throttle_mean=0.0000 total_thrust_n=0.0000 body_up_force_n=0.0000 saturated_motors=0 rated_cap_command=1.0000 voltage_v=14.8000 thrust_scale=1.000000 current_a=0.0000
[gazebo_direct_motor_model-5] [INFO] [1786549783.395274862] [my_drone_gazebo_direct_motor_model]: MOTOR_DYNAMIC_STATE sim_s=99.196 cmd_min=0.0000 cmd_mean=0.0000 cmd_max=0.0000 filtered_mean=0.0000 filtered_max=0.0000 esc_throttle_mean=0.0000 total_thrust_n=0.0000 body_up_force_n=0.0000 saturated_motors=0 rated_cap_command=1.0000 voltage_v=14.8000 thrust_scale=1.000000 current_a=0.0000
[arm_coupling_monitor-9] [INFO] [1786549783.456045715] [my_drone_arm_coupling_monitor]: ARM_COUPLING_STATE {"com_body_flu_m": [-0.004002203704492157, 0.00025704476930905884, -0.2042539314823863], "com_shift_m": [-2.015904225232193e-06, 0.0009297012876124267, 0.000227513578928501], "feedforward_acceleration_ned_m_s2": [-5.1659685163543046e-18, -9.197287828094092e-18, -5.818133361358082e-16], "filtered_joint_acceleration_peak_rad_s2": 3.110598720152573e-14, "inertia_diag_kg_m2": [0.20777477709320163, 0.2084371804962122, 0.21288366362704494], "inertia_tensor_frame": "base_link_flu", "inertia_tensor_kg_m2": [[0.20777477709320163, -0.00034662743298400603, 0.0027793375036584745], [-0.00034662743298400603, 0.2084371804962122, 4.4889643187916335e-05], [0.0027793375036584745, 4.4889643187916335e-05, 0.21288366362704494]], "mass_kg": 4.0, "raw_joint_acceleration_peak_rad_s2": 6.450453430809833e-12, "reaction_force_body_n": [3.678923548116734e-17, 2.0663268599599197e-17, -2.3272533485885956e-15], "reaction_torque_body_nm": [3.36852324600313e-11, 3.956125271761557e-09, 3.4757648990818965e-11]}
[gazebo_direct_motor_model-5] [INFO] [1786549784.385592789] [my_drone_gazebo_direct_motor_model]: MOTOR_DYNAMIC_STATE sim_s=100.196 cmd_min=0.0000 cmd_mean=0.0000 cmd_max=0.0000 filtered_mean=0.0000 filtered_max=0.0000 esc_throttle_mean=0.0000 total_thrust_n=0.0000 body_up_force_n=0.0000 saturated_motors=0 rated_cap_command=1.0000 voltage_v=14.8000 thrust_scale=1.000000 current_a=0.0000
[arm_coupling_monitor-9] [INFO] [1786549784.718336645] [my_drone_arm_coupling_monitor]: ARM_COUPLING_STATE {"com_body_flu_m": [-0.004002203704472417, 0.00025704476932532014, -0.20425393148425292], "com_shift_m": [-2.0159042054927745e-06, 0.000929701287628688, 0.00022751357706188302], "feedforward_acceleration_ned_m_s2": [-1.0737683880613608e-17, -1.340537793313335e-17, -4.678858793587545e-16], "filtered_joint_acceleration_peak_rad_s2": 3.02311545416623e-14, "inertia_diag_kg_m2": [0.20777477709386652, 0.20843718049693621, 0.21288366362710276], "inertia_tensor_frame": "base_link_flu", "inertia_tensor_kg_m2": [[0.20777477709386652, -0.00034662743299200896, 0.0027793375045410255], [-0.00034662743299200896, 0.20843718049693621, 4.4889643155773644e-05], [0.0027793375045410255, 4.4889643155773644e-05, 0.21288366362710276]], "mass_kg": 4.0, "raw_joint_acceleration_peak_rad_s2": 5.410916109425016e-12, "reaction_force_body_n": [5.362212005139469e-17, 4.2949755131084796e-17, -1.871543522505105e-15], "reaction_torque_body_nm": [3.3967909764053925e-11, 3.9536758502633274e-09, 3.485026086889659e-11]}
[gazebo_direct_motor_model-5] [INFO] [1786549785.384476789] [my_drone_gazebo_direct_motor_model]: MOTOR_DYNAMIC_STATE sim_s=101.196 cmd_min=0.0000 cmd_mean=0.0000 cmd_max=0.0000 filtered_mean=0.0000 filtered_max=0.0000 esc_throttle_mean=0.0000 total_thrust_n=0.0000 body_up_force_n=0.0000 saturated_motors=0 rated_cap_command=1.0000 voltage_v=14.8000 thrust_scale=1.000000 current_a=0.0000
[arm_coupling_monitor-9] [INFO] [1786549786.060368377] [my_drone_arm_coupling_monitor]: ARM_COUPLING_STATE {"com_body_flu_m": [-0.004002203704452699, 0.00025704476934157103, -0.20425393148611842], "com_shift_m": [-2.0159041857741727e-06, 0.0009297012876449389, 0.00022751357519637527], "feedforward_acceleration_ned_m_s2": [1.3746512408300185e-17, -1.4694285340011226e-18, -8.086482348553438e-16], "filtered_joint_acceleration_peak_rad_s2": 3.888655703105234e-14, "inertia_diag_kg_m2": [0.207774777094531, 0.2084371804976598, 0.21288366362716069], "inertia_tensor_frame": "base_link_flu", "inertia_tensor_kg_m2": [[0.207774777094531, -0.0003466274330000093, 0.002779337505423042], [-0.0003466274330000093, 0.2084371804976598, 4.488964312366044e-05], [0.002779337505423042, 4.488964312366044e-05, 0.21288366362716069]], "mass_kg": 4.0, "raw_joint_acceleration_peak_rad_s2": 6.366233740753352e-12, "reaction_force_body_n": [5.8761125856808144e-18, -5.498596203076863e-17, -3.2345929438204082e-15], "reaction_torque_body_nm": [3.3940352041378945e-11, 3.9513483500280186e-09, 3.4824964198261847e-11]}
[gazebo_direct_motor_model-5] [INFO] [1786549786.381692927] [my_drone_gazebo_direct_motor_model]: MOTOR_DYNAMIC_STATE sim_s=102.196 cmd_min=0.0000 cmd_mean=0.0000 cmd_max=0.0000 filtered_mean=0.0000 filtered_max=0.0000 esc_throttle_mean=0.0000 total_thrust_n=0.0000 body_up_force_n=0.0000 saturated_motors=0 rated_cap_command=1.0000 voltage_v=14.8000 thrust_scale=1.000000 current_a=0.0000
[arm_coupling_monitor-9] [INFO] [1786549787.057677842] [my_drone_arm_coupling_monitor]: ARM_COUPLING_STATE {"com_body_flu_m": [-0.004002203704437898, 0.00025704476935376613, -0.20425393148751822], "com_shift_m": [-2.015904170973512e-06, 0.000929701287657134, 0.00022751357379657833], "feedforward_acceleration_ned_m_s2": [-2.791760269514615e-18, 1.844980830878458e-17, -4.460437968020501e-16], "filtered_joint_acceleration_peak_rad_s2": 4.2413053989447e-14, "inertia_diag_kg_m2": [0.20777477709502956, 0.2084371804982027, 0.212883663627204], "inertia_tensor_frame": "base_link_flu", "inertia_tensor_kg_m2": [[0.20777477709502956, -0.0003466274330060095, 0.002779337506084864], [-0.0003466274330060095, 0.2084371804982027, 4.4889643099558195e-05], [0.002779337506084864, 4.4889643099558195e-05, 0.212883663627204]], "mass_kg": 4.0, "raw_joint_acceleration_peak_rad_s2": 6.722641434884661e-12, "reaction_force_body_n": [-7.379926466275258e-17, 1.1168671098698112e-17, -1.784175175705311e-15], "reaction_torque_body_nm": [3.3950016295490944e-11, 3.949751703689161e-09, 3.4853277523563884e-11]}
[gazebo_direct_motor_model-5] [INFO] [1786549787.384563800] [my_drone_gazebo_direct_motor_model]: MOTOR_DYNAMIC_STATE sim_s=103.196 cmd_min=0.0000 cmd_mean=0.0000 cmd_max=0.0000 filtered_mean=0.0000 filtered_max=0.0000 esc_throttle_mean=0.0000 total_thrust_n=0.0000 body_up_force_n=0.0000 saturated_motors=0 rated_cap_command=1.0000 voltage_v=14.8000 thrust_scale=1.000000 current_a=0.0000
[arm_coupling_monitor-9] [INFO] [1786549788.063134225] [my_drone_arm_coupling_monitor]: ARM_COUPLING_STATE {"com_body_flu_m": [-0.004002203704423099, 0.0002570447693659543, -0.20425393148891735], "com_shift_m": [-2.015904156174586e-06, 0.0009297012876693222, 0.00022751357239744752], "feedforward_acceleration_ned_m_s2": [-1.4498113884019966e-17, 2.3928580230626433e-17, -6.826778808427818e-16], "filtered_joint_acceleration_peak_rad_s2": 4.376117364868377e-14, "inertia_diag_kg_m2": [0.207774777095528, 0.2084371804987454, 0.21288366362724748], "inertia_tensor_frame": "base_link_flu", "inertia_tensor_kg_m2": [[0.207774777095528, -0.0003466274330120086, 0.00277933750674639], [-0.0003466274330120086, 0.2084371804987454, 4.488964307546809e-05], [0.00277933750674639, 4.488964307546809e-05, 0.21288366362724748]], "mass_kg": 4.0, "raw_joint_acceleration_peak_rad_s2": 7.150372869976182e-12, "reaction_force_body_n": [-9.571352930045312e-17, 5.79945964220004e-17, -2.7307115056511048e-15], "reaction_torque_body_nm": [3.3950709125040737e-11, 3.94775240650877e-09, 3.485505391117663e-11]}
[gazebo_direct_motor_model-5] [INFO] [1786549788.391237419] [my_drone_gazebo_direct_motor_model]: MOTOR_DYNAMIC_STATE sim_s=104.196 cmd_min=0.0000 cmd_mean=0.0000 cmd_max=0.0000 filtered_mean=0.0000 filtered_max=0.0000 esc_throttle_mean=0.0000 total_thrust_n=0.0000 body_up_force_n=0.0000 saturated_motors=0 rated_cap_command=1.0000 voltage_v=14.8000 thrust_scale=1.000000 current_a=0.0000
[arm_coupling_monitor-9] [INFO] [1786549789.095308040] [my_drone_arm_coupling_monitor]: ARM_COUPLING_STATE {"com_body_flu_m": [-0.004002203704408314, 0.000257044769378139, -0.20425393149031584], "com_shift_m": [-2.015904141389538e-06, 0.0009297012876815069, 0.00022751357099895508], "feedforward_acceleration_ned_m_s2": [1.0252748321029841e-17, -1.9619289984929028e-17, -5.540067122337247e-16], "filtered_joint_acceleration_peak_rad_s2": 2.929137477138094e-14, "inertia_diag_kg_m2": [0.20777477709602618, 0.20843718049928786, 0.2128836636272907], "inertia_tensor_frame": "base_link_flu", "inertia_tensor_kg_m2": [[0.20777477709602618, -0.00034662743301800704, 0.0027793375074076122], [-0.00034662743301800704, 0.20843718049928786, 4.488964305139013e-05], [0.0027793375074076122, 4.488964305139013e-05, 0.2128836636272907]], "mass_kg": 4.0, "raw_joint_acceleration_peak_rad_s2": 8.654492293602638e-12, "reaction_force_body_n": [7.847599412743215e-17, -4.101246178031714e-17, -2.216026863042757e-15], "reaction_torque_body_nm": [3.379255962382588e-11, 3.94600405476733e-09, 3.480482741243912e-11]}
[gazebo_direct_motor_model-5] [INFO] [1786549789.390791560] [my_drone_gazebo_direct_motor_model]: MOTOR_DYNAMIC_STATE sim_s=105.196 cmd_min=0.0000 cmd_mean=0.0000 cmd_max=0.0000 filtered_mean=0.0000 filtered_max=0.0000 esc_throttle_mean=0.0000 total_thrust_n=0.0000 body_up_force_n=0.0000 saturated_motors=0 rated_cap_command=1.0000 voltage_v=14.8000 thrust_scale=1.000000 current_a=0.0000
[gazebo_direct_motor_model-5] [INFO] [1786549790.390555941] [my_drone_gazebo_direct_motor_model]: MOTOR_DYNAMIC_STATE sim_s=106.196 cmd_min=0.0000 cmd_mean=0.0000 cmd_max=0.0000 filtered_mean=0.0000 filtered_max=0.0000 esc_throttle_mean=0.0000 total_thrust_n=0.0000 body_up_force_n=0.0000 saturated_motors=0 rated_cap_command=1.0000 voltage_v=14.8000 thrust_scale=1.000000 current_a=0.0000
[arm_coupling_monitor-9] [INFO] [1786549790.420190999] [my_drone_arm_coupling_monitor]: ARM_COUPLING_STATE {"com_body_flu_m": [-0.004002203704388568, 0.00025704476939440724, -0.2042539314921833], "com_shift_m": [-2.0159041216431806e-06, 0.0009297012876977751, 0.00022751356913150445], "feedforward_acceleration_ned_m_s2": [-1.4608198761229764e-17, -1.763939043930719e-17, -6.315374706455145e-16], "filtered_joint_acceleration_peak_rad_s2": 3.287766025413417e-14, "inertia_diag_kg_m2": [0.20777477709669137, 0.20843718050001217, 0.21288366362734865], "inertia_tensor_frame": "base_link_flu", "inertia_tensor_kg_m2": [[0.20777477709669137, -0.00034662743302601496, 0.0027793375082905453], [-0.00034662743302601496, 0.20843718050001217, 4.4889643019241365e-05], [0.0027793375082905453, 4.4889643019241365e-05, 0.21288366362734865]], "mass_kg": 4.0, "raw_joint_acceleration_peak_rad_s2": 5.870410917550158e-12, "reaction_force_body_n": [7.055839227593921e-17, 5.84315090899953e-17, -2.526149889130123e-15], "reaction_torque_body_nm": [3.3821873264093736e-11, 3.943572033187912e-09, 3.472778821196207e-11]}
[gazebo_direct_motor_model-5] [INFO] [1786549791.395992050] [my_drone_gazebo_direct_motor_model]: MOTOR_DYNAMIC_STATE sim_s=107.196 cmd_min=0.0000 cmd_mean=0.0000 cmd_max=0.0000 filtered_mean=0.0000 filtered_max=0.0000 esc_throttle_mean=0.0000 total_thrust_n=0.0000 body_up_force_n=0.0000 saturated_motors=0 rated_cap_command=1.0000 voltage_v=14.8000 thrust_scale=1.000000 current_a=0.0000
[arm_coupling_monitor-9] [INFO] [1786549791.422365547] [my_drone_arm_coupling_monitor]: ARM_COUPLING_STATE {"com_body_flu_m": [-0.0040022037043738, 0.00025704476940657806, -0.20425393149358034], "com_shift_m": [-2.0159041068754796e-06, 0.0009297012877099459, 0.0002275135677344553], "feedforward_acceleration_ned_m_s2": [-9.886702752101758e-18, -5.90326724648253e-17, -4.798868529000108e-16], "filtered_joint_acceleration_peak_rad_s2": 6.227389679013606e-14, "inertia_diag_kg_m2": [0.20777477709718892, 0.20843718050055407, 0.21288366362739197], "inertia_tensor_frame": "base_link_flu", "inertia_tensor_kg_m2": [[0.20777477709718892, -0.0003466274330320026, 0.00277933750895107], [-0.0003466274330320026, 0.20843718050055407, 4.488964299519029e-05], [0.00277933750895107, 4.488964299519029e-05, 0.21288366362739197]], "mass_kg": 4.0, "raw_joint_acceleration_peak_rad_s2": 6.53301241364206e-12, "reaction_force_body_n": [2.361312212404219e-16, 3.954208667659378e-17, -1.919547443558392e-15], "reaction_torque_body_nm": [3.373665479519257e-11, 3.9416582764103335e-09, 3.474379222551668e-11]}
[gazebo_direct_motor_model-5] [INFO] [1786549792.394622226] [my_drone_gazebo_direct_motor_model]: MOTOR_DYNAMIC_STATE sim_s=108.196 cmd_min=0.0000 cmd_mean=0.0000 cmd_max=0.0000 filtered_mean=0.0000 filtered_max=0.0000 esc_throttle_mean=0.0000 total_thrust_n=0.0000 body_up_force_n=0.0000 saturated_motors=0 rated_cap_command=1.0000 voltage_v=14.8000 thrust_scale=1.000000 current_a=0.0000
[arm_coupling_monitor-9] [INFO] [1786549792.745120185] [my_drone_arm_coupling_monitor]: ARM_COUPLING_STATE {"com_body_flu_m": [-0.004002203704354133, 0.00025704476942278037, -0.20425393149544024], "com_shift_m": [-2.0159040872089196e-06, 0.0009297012877261483, 0.00022751356587455418], "feedforward_acceleration_ned_m_s2": [-3.703885742907521e-18, 1.036159284200879e-17, -8.233480500200259e-16], "filtered_joint_acceleration_peak_rad_s2": 4.520008341178126e-14, "inertia_diag_kg_m2": [0.20777477709785144, 0.2084371805012755, 0.2128836636274496], "inertia_tensor_frame": "base_link_flu", "inertia_tensor_kg_m2": [[0.20777477709785144, -0.00034662743303997797, 0.0027793375098304337], [-0.00034662743303997797, 0.2084371805012755, 4.488964296317163e-05], [0.0027793375098304337, 4.488964296317163e-05, 0.2128836636274496]], "mass_kg": 4.0, "raw_joint_acceleration_peak_rad_s2": 5.541102882964918e-12, "reaction_force_body_n": [-4.1446548428301555e-17, 1.481660593944164e-17, -3.293392193069845e-15], "reaction_torque_body_nm": [3.338756094291645e-11, 3.939209662280579e-09, 3.454184217328206e-11]}
[gazebo_direct_motor_model-5] [INFO] [1786549793.387240325] [my_drone_gazebo_direct_motor_model]: MOTOR_DYNAMIC_STATE sim_s=109.196 cmd_min=0.0000 cmd_mean=0.0000 cmd_max=0.0000 filtered_mean=0.0000 filtered_max=0.0000 esc_throttle_mean=0.0000 total_thrust_n=0.0000 body_up_force_n=0.0000 saturated_motors=0 rated_cap_command=1.0000 voltage_v=14.8000 thrust_scale=1.000000 current_a=0.0000
[arm_coupling_monitor-9] [INFO] [1786549794.054723194] [my_drone_arm_coupling_monitor]: ARM_COUPLING_STATE {"com_body_flu_m": [-0.004002203704334482, 0.000257044769438974, -0.204253931497299], "com_shift_m": [-2.015904067557972e-06, 0.0009297012877423419, 0.00022751356401579104], "feedforward_acceleration_ned_m_s2": [-1.4878598346602803e-17, -3.108129824973861e-17, -6.796682609275458e-16], "filtered_joint_acceleration_peak_rad_s2": 3.451173930897766e-14, "inertia_diag_kg_m2": [0.20777477709851352, 0.20843718050199642, 0.21288366362750727], "inertia_tensor_frame": "base_link_flu", "inertia_tensor_kg_m2": [[0.20777477709851352, -0.00034662743304794815, 0.002779337510709275], [-0.00034662743304794815, 0.20843718050199642, 4.4889642931165985e-05], [0.002779337510709275, 4.4889642931165985e-05, 0.21288366362750727]], "mass_kg": 4.0, "raw_joint_acceleration_peak_rad_s2": 5.867023281729482e-12, "reaction_force_body_n": [1.243260175801069e-16, 5.951201594276218e-17, -2.7186730580453895e-15], "reaction_torque_body_nm": [3.364734952607673e-11, 3.9370412522595215e-09, 3.4538538243041206e-11]}
[gazebo_direct_motor_model-5] [INFO] [1786549794.389357040] [my_drone_gazebo_direct_motor_model]: MOTOR_DYNAMIC_STATE sim_s=110.196 cmd_min=0.0000 cmd_mean=0.0000 cmd_max=0.0000 filtered_mean=0.0000 filtered_max=0.0000 esc_throttle_mean=0.0000 total_thrust_n=0.0000 body_up_force_n=0.0000 saturated_motors=0 rated_cap_command=1.0000 voltage_v=14.8000 thrust_scale=1.000000 current_a=0.0000
[arm_coupling_monitor-9] [INFO] [1786549795.071352884] [my_drone_arm_coupling_monitor]: ARM_COUPLING_STATE {"com_body_flu_m": [-0.004002203704319732, 0.00025704476945112575, -0.20425393149869375], "com_shift_m": [-2.0159040528076183e-06, 0.0009297012877544936, 0.0002275135626210456], "feedforward_acceleration_ned_m_s2": [-4.683074673623398e-18, -2.7834481739371836e-17, -5.95354823595111e-16], "filtered_joint_acceleration_peak_rad_s2": 3.6273181461911755e-14, "inertia_diag_kg_m2": [0.2077747770990104, 0.20843718050253743, 0.21288366362755046], "inertia_tensor_frame": "base_link_flu", "inertia_tensor_kg_m2": [[0.2077747770990104, -0.00034662743305392926, 0.0027793375113687128], [-0.00034662743305392926, 0.20843718050253743, 4.4889642907153075e-05], [0.0027793375113687128, 4.4889642907153075e-05, 0.21288366362755046]], "mass_kg": 4.0, "raw_joint_acceleration_peak_rad_s2": 6.6468073969607475e-12, "reaction_force_body_n": [1.113379635391555e-16, 1.8730166181856505e-17, -2.381419309443588e-15], "reaction_torque_body_nm": [3.365642610510793e-11, 3.9354003627374445e-09, 3.467989988983772e-11]}
[gazebo_direct_motor_model-5] [INFO] [1786549795.387248823] [my_drone_gazebo_direct_motor_model]: MOTOR_DYNAMIC_STATE sim_s=111.196 cmd_min=0.0000 cmd_mean=0.0000 cmd_max=0.0000 filtered_mean=0.0000 filtered_max=0.0000 esc_throttle_mean=0.0000 total_thrust_n=0.0000 body_up_force_n=0.0000 saturated_motors=0 rated_cap_command=1.0000 voltage_v=14.8000 thrust_scale=1.000000 current_a=0.0000
[gazebo_direct_motor_model-5] [INFO] [1786549795.412493112] [my_drone_gazebo_direct_motor_model]: first nonzero velocity motor command: raw=[0.96270751953125, 1.0362548828125, 0.96258544921875, 0.76031494140625, 1.240692138671875, 1.0361328125, 1.2408447265625, 0.76043701171875], normalized=[0.00096270751953125, 0.0010362548828125, 0.00096258544921875, 0.00076031494140625, 0.001240692138671875, 0.0010361328125, 0.0012408447265625, 0.00076043701171875]
[gazebo_direct_motor_model-5] [INFO] [1786549796.381836839] [my_drone_gazebo_direct_motor_model]: MOTOR_DYNAMIC_STATE sim_s=112.196 cmd_min=0.0009 cmd_mean=0.0010 cmd_max=0.0010 filtered_mean=0.0010 filtered_max=0.0010 esc_throttle_mean=0.0069 total_thrust_n=0.0941 body_up_force_n=0.0815 saturated_motors=0 rated_cap_command=1.0000 voltage_v=14.8000 thrust_scale=1.000000 current_a=0.0000
[arm_coupling_monitor-9] [INFO] [1786549796.389024015] [my_drone_arm_coupling_monitor]: ARM_COUPLING_STATE {"com_body_flu_m": [-0.004002203704300026, 0.00025704476946736624, -0.20425393150055843], "com_shift_m": [-2.0159040331011596e-06, 0.0009297012877707341, 0.00022751356075637053], "feedforward_acceleration_ned_m_s2": [-6.09416878921134e-17, 2.4443077297075812e-17, 3.026400825395469e-15], "filtered_joint_acceleration_peak_rad_s2": 1.5299092371027703e-13, "inertia_diag_kg_m2": [0.20777477709967457, 0.20843718050326063, 0.21288366362760827], "inertia_tensor_frame": "base_link_flu", "inertia_tensor_kg_m2": [[0.20777477709967457, -0.0003466274330619209, 0.0027793375122503574], [-0.0003466274330619209, 0.20843718050326063, 4.488964287505115e-05], [0.0027793375122503574, 4.488964287505115e-05, 0.21288366362760827]], "mass_kg": 4.0, "raw_joint_acceleration_peak_rad_s2": 8.760284464734938e-11, "reaction_force_body_n": [-9.776553556584275e-17, 2.4376797940860866e-16, 1.2105603331563232e-14], "reaction_torque_body_nm": [3.490282328625748e-11, 3.943503773374517e-09, 3.452126447227537e-11]}
[gazebo_direct_motor_model-5] [INFO] [1786549797.386236704] [my_drone_gazebo_direct_motor_model]: MOTOR_DYNAMIC_STATE sim_s=113.196 cmd_min=0.4543 cmd_mean=0.4707 cmd_max=0.4873 filtered_mean=0.4707 filtered_max=0.4872 esc_throttle_mean=0.5361 total_thrust_n=44.3111 body_up_force_n=38.3745 saturated_motors=0 rated_cap_command=1.0000 voltage_v=14.8000 thrust_scale=1.000000 current_a=0.0000
[arm_coupling_monitor-9] [INFO] [1786549797.396442328] [my_drone_arm_coupling_monitor]: ARM_COUPLING_STATE {"com_body_flu_m": [-0.004002110349647106, 0.00025712360175338296, -0.20426297837830756], "com_shift_m": [-1.9225493801816596e-06, 0.0009297801200567508, 0.0002184666830072346], "feedforward_acceleration_ned_m_s2": [-1.5124005717682786e-07, -1.809507940840956e-07, -1.7351800622921676e-05], "filtered_joint_acceleration_peak_rad_s2": 0.0009746000496779722, "inertia_diag_kg_m2": [0.20777800287195727, 0.2084406906235954, 0.2128839419086237], "inertia_tensor_frame": "base_link_flu", "inertia_tensor_kg_m2": [[0.20777800287195727, -0.00034666627551734617, 0.0027836146102011416], [-0.00034666627551734617, 0.2084406906235954, 4.473392072936854e-05], [0.0027836146102011416, 4.473392072936854e-05, 0.2128839419086237]], "mass_kg": 4.0, "raw_joint_acceleration_peak_rad_s2": 2.6026833515149344, "reaction_force_body_n": [6.985792471166411e-07, 6.049526785691069e-07, -6.94074610177507e-05], "reaction_torque_body_nm": [4.651796331281966e-07, 8.126000718378461e-06, 6.564852506373153e-08]}
[gazebo_direct_motor_model-5] [INFO] [1786549798.391318252] [my_drone_gazebo_direct_motor_model]: MOTOR_DYNAMIC_STATE sim_s=114.196 cmd_min=0.4674 cmd_mean=0.4838 cmd_max=0.5002 filtered_mean=0.4838 filtered_max=0.5002 esc_throttle_mean=0.5630 total_thrust_n=45.5441 body_up_force_n=39.4423 saturated_motors=0 rated_cap_command=1.0000 voltage_v=14.8000 thrust_scale=1.000000 current_a=0.0000
[arm_coupling_monitor-9] [INFO] [1786549798.725187203] [my_drone_arm_coupling_monitor]: ARM_COUPLING_STATE {"com_body_flu_m": [-0.004002110349650367, 0.0002571236017488987, -0.20426297837851434], "com_shift_m": [-1.9225493834429397e-06, 0.0009297801200522666, 0.00021846668280045556], "feedforward_acceleration_ned_m_s2": [-1.6542815977800728e-10, -2.283218711760597e-10, -2.2230477304636032e-08], "filtered_joint_acceleration_peak_rad_s2": 1.2486058999029305e-06, "inertia_diag_kg_m2": [0.2077780028720281, 0.20844069062367748, 0.21288394190863524], "inertia_tensor_frame": "base_link_flu", "inertia_tensor_kg_m2": [[0.2077780028720281, -0.0003466662755139702, 0.0027836146103210695], [-0.0003466662755139702, 0.20844069062367748, 4.4733920726312826e-05], [0.0027836146103210695, 4.4733920726312826e-05, 0.21288394190863524]], "mass_kg": 4.0, "raw_joint_acceleration_peak_rad_s2": 1.3915609116382434e-08, "reaction_force_body_n": [8.94982483933031e-10, 7.750305940101523e-10, -8.89211798766148e-08], "reaction_torque_body_nm": [5.922453645072775e-10, 1.0386721308424386e-08, 8.415255824723006e-11]}
[gazebo_direct_motor_model-5] [INFO] [1786549799.387310389] [my_drone_gazebo_direct_motor_model]: MOTOR_DYNAMIC_STATE sim_s=115.196 cmd_min=0.4679 cmd_mean=0.4821 cmd_max=0.4963 filtered_mean=0.4821 filtered_max=0.4963 esc_throttle_mean=0.5618 total_thrust_n=45.3911 body_up_force_n=39.3098 saturated_motors=0 rated_cap_command=1.0000 voltage_v=14.8000 thrust_scale=1.000000 current_a=0.0000
[arm_coupling_monitor-9] [INFO] [1786549799.736119890] [my_drone_arm_coupling_monitor]: ARM_COUPLING_STATE {"com_body_flu_m": [-0.004002110349650378, 0.00025712360174889176, -0.20426297837851393], "com_shift_m": [-1.922549383453348e-06, 0.0009297801200522596, 0.0002184666828008719], "feedforward_acceleration_ned_m_s2": [-3.4376068830869027e-12, -1.2257753197927254e-12, -1.497558257822232e-10], "filtered_joint_acceleration_peak_rad_s2": 8.41304133971346e-09, "inertia_diag_kg_m2": [0.20777800287202797, 0.20844069062367737, 0.21288394190863524], "inertia_tensor_frame": "base_link_flu", "inertia_tensor_kg_m2": [[0.20777800287202797, -0.0003466662755139682, 0.0027836146103208284], [-0.0003466662755139682, 0.20844069062367737, 4.4733920726319765e-05], [0.0027836146103208284, 4.4733920726319765e-05, 0.21288394190863524]], "mass_kg": 4.0, "raw_joint_acceleration_peak_rad_s2": 9.860775390656712e-11, "reaction_force_body_n": [6.02954816381664e-12, 5.221621346826668e-12, -5.991480714901586e-10], "reaction_torque_body_nm": [3.708157830560884e-12, 6.768510561643284e-11, 7.166628922884917e-13]}
[gazebo_direct_motor_model-5] [INFO] [1786549800.385183708] [my_drone_gazebo_direct_motor_model]: MOTOR_DYNAMIC_STATE sim_s=116.196 cmd_min=0.4667 cmd_mean=0.4820 cmd_max=0.4973 filtered_mean=0.4820 filtered_max=0.4973 esc_throttle_mean=0.5610 total_thrust_n=45.3773 body_up_force_n=39.2979 saturated_motors=0 rated_cap_command=1.0000 voltage_v=14.8000 thrust_scale=1.000000 current_a=0.0000
[arm_coupling_monitor-9] [INFO] [1786549801.066255043] [my_drone_arm_coupling_monitor]: ARM_COUPLING_STATE {"com_body_flu_m": [-0.0040021103496503795, 0.00025712360174889176, -0.20426297837851384], "com_shift_m": [-1.9225493834550827e-06, 0.0009297801200522596, 0.00021846668280095516], "feedforward_acceleration_ned_m_s2": [2.2774578536403167e-16, -2.6956073991185904e-15, -1.8986271214053914e-13], "filtered_joint_acceleration_peak_rad_s2": 1.0714525990621432e-11, "inertia_diag_kg_m2": [0.20777800287202794, 0.20844069062367734, 0.21288394190863522], "inertia_tensor_frame": "base_link_flu", "inertia_tensor_kg_m2": [[0.20777800287202794, -0.0003466662755139682, 0.00278361461032081], [-0.0003466662755139682, 0.20844069062367734, 4.47339207263215e-05], [0.00278361461032081, 4.47339207263215e-05, 0.21288394190863522]], "mass_kg": 4.0, "raw_joint_acceleration_peak_rad_s2": 8.498843989668986e-11, "reaction_force_body_n": [7.811223742841673e-15, 6.219718537278131e-15, -7.59462297908871e-13], "reaction_torque_body_nm": [-4.657946006122664e-14, 1.2507742335469707e-12, 2.9315693686467297e-13]}
[gazebo_direct_motor_model-5] [INFO] [1786549801.394383595] [my_drone_gazebo_direct_motor_model]: MOTOR_DYNAMIC_STATE sim_s=117.196 cmd_min=0.4649 cmd_mean=0.4805 cmd_max=0.4967 filtered_mean=0.4805 filtered_max=0.4967 esc_throttle_mean=0.5574 total_thrust_n=45.2363 body_up_force_n=39.1758 saturated_motors=0 rated_cap_command=1.0000 voltage_v=14.8000 thrust_scale=1.000000 current_a=0.0000
[arm_coupling_monitor-9] [INFO] [1786549802.072072816] [my_drone_arm_coupling_monitor]: ARM_COUPLING_STATE {"com_body_flu_m": [-0.004002110349650399, 0.0002571236017488692, -0.20426297837851262], "com_shift_m": [-1.9225493834741647e-06, 0.0009297801200522371, 0.0002184666828021764], "feedforward_acceleration_ned_m_s2": [-1.2433223463518585e-17, -1.413170802174228e-16, -2.4187950596402056e-15], "filtered_joint_acceleration_peak_rad_s2": 1.163103973566701e-13, "inertia_diag_kg_m2": [0.2077780028720275, 0.20844069062367684, 0.21288394190863513], "inertia_tensor_frame": "base_link_flu", "inertia_tensor_kg_m2": [[0.2077780028720275, -0.0003466662755139509, 0.0027836146103201176], [-0.0003466662755139509, 0.20844069062367684, 4.473392072633364e-05], [0.0027836146103201176, 4.473392072633364e-05, 0.21288394190863513]], "mass_kg": 4.0, "raw_joint_acceleration_peak_rad_s2": 6.99908880851507e-11, "reaction_force_body_n": [5.204520185774872e-16, 7.503588775920622e-17, -9.677531379223454e-15], "reaction_torque_body_nm": [5.106315629474789e-14, -2.830083668090173e-12, -9.064833376186933e-14]}
[gazebo_direct_motor_model-5] [INFO] [1786549802.385632378] [my_drone_gazebo_direct_motor_model]: MOTOR_DYNAMIC_STATE sim_s=118.196 cmd_min=0.4639 cmd_mean=0.4794 cmd_max=0.4941 filtered_mean=0.4794 filtered_max=0.4941 esc_throttle_mean=0.5557 total_thrust_n=45.1357 body_up_force_n=39.0887 saturated_motors=0 rated_cap_command=1.0000 voltage_v=14.8000 thrust_scale=1.000000 current_a=0.0000
[gazebo_direct_motor_model-5] [INFO] [1786549803.379043789] [my_drone_gazebo_direct_motor_model]: MOTOR_DYNAMIC_STATE sim_s=119.196 cmd_min=0.4649 cmd_mean=0.4797 cmd_max=0.4947 filtered_mean=0.4797 filtered_max=0.4947 esc_throttle_mean=0.5566 total_thrust_n=45.1593 body_up_force_n=39.1091 saturated_motors=0 rated_cap_command=1.0000 voltage_v=14.8000 thrust_scale=1.000000 current_a=0.0000
[arm_coupling_monitor-9] [INFO] [1786549803.384782960] [my_drone_arm_coupling_monitor]: ARM_COUPLING_STATE {"com_body_flu_m": [-0.0040021103496504055, 0.0002571236017488727, -0.20426297837851273], "com_shift_m": [-1.9225493834811036e-06, 0.0009297801200522406, 0.00021846668280206538], "feedforward_acceleration_ned_m_s2": [-4.9610423195731713e-17, 1.3270788953127105e-16, -1.9677473778094742e-15], "filtered_joint_acceleration_peak_rad_s2": 1.7236361519963888e-13, "inertia_diag_kg_m2": [0.20777800287202755, 0.20844069062367684, 0.21288394190863513], "inertia_tensor_frame": "base_link_flu", "inertia_tensor_kg_m2": [[0.20777800287202755, -0.0003466662755139539, 0.0027836146103201783], [-0.0003466662755139539, 0.20844069062367684, 4.473392072633191e-05], [0.0027836146103201783, 4.473392072633191e-05, 0.21288394190863513]], "mass_kg": 4.0, "raw_joint_acceleration_peak_rad_s2": 7.316543204644431e-11, "reaction_force_body_n": [-4.603946503756056e-16, 1.7450861546750119e-16, -7.875990137346936e-15], "reaction_torque_body_nm": [-1.6044255727625423e-13, -7.888023709611091e-13, -3.722794974506722e-14]}
[gazebo_direct_motor_model-5] [INFO] [1786549804.382927074] [my_drone_gazebo_direct_motor_model]: MOTOR_DYNAMIC_STATE sim_s=120.196 cmd_min=0.4648 cmd_mean=0.4802 cmd_max=0.4953 filtered_mean=0.4802 filtered_max=0.4953 esc_throttle_mean=0.5572 total_thrust_n=45.2102 body_up_force_n=39.1532 saturated_motors=0 rated_cap_command=1.0000 voltage_v=14.8000 thrust_scale=1.000000 current_a=0.0000
[arm_coupling_monitor-9] [INFO] [1786549804.386070676] [my_drone_arm_coupling_monitor]: ARM_COUPLING_STATE {"com_body_flu_m": [-0.0040021103496504, 0.0002571236017488744, -0.20426297837851293], "com_shift_m": [-1.9225493834758994e-06, 0.0009297801200522423, 0.0002184666828018711], "feedforward_acceleration_ned_m_s2": [1.2397808761205585e-17, 1.6339371087209394e-16, -4.6964514900127485e-15], "filtered_joint_acceleration_peak_rad_s2": 3.8811574207426964e-13, "inertia_diag_kg_m2": [0.20777800287202758, 0.2084406906236769, 0.21288394190863513], "inertia_tensor_frame": "base_link_flu", "inertia_tensor_kg_m2": [[0.20777800287202758, -0.0003466662755139561, 0.0027836146103202846], [-0.0003466662755139561, 0.2084406906236769, 4.473392072633191e-05], [0.0027836146103202846, 4.473392072633191e-05, 0.21288394190863513]], "mass_kg": 4.0, "raw_joint_acceleration_peak_rad_s2": 7.704861054742744e-11, "reaction_force_body_n": [-6.705632115755392e-16, -9.004895901710448e-17, -1.878505685643733e-14], "reaction_torque_body_nm": [1.959512820382842e-13, -5.429048321351312e-12, 2.1058668652957542e-13]}
[gazebo_direct_motor_model-5] [INFO] [1786549805.385419570] [my_drone_gazebo_direct_motor_model]: MOTOR_DYNAMIC_STATE sim_s=121.196 cmd_min=0.4648 cmd_mean=0.4809 cmd_max=0.4969 filtered_mean=0.4809 filtered_max=0.4969 esc_throttle_mean=0.5579 total_thrust_n=45.2729 body_up_force_n=39.2075 saturated_motors=0 rated_cap_command=1.0000 voltage_v=14.8000 thrust_scale=1.000000 current_a=0.0000
[arm_coupling_monitor-9] [INFO] [1786549805.405750200] [my_drone_arm_coupling_monitor]: ARM_COUPLING_STATE {"com_body_flu_m": [-0.0040021103496503865, 0.0002571236017488779, -0.20426297837851315], "com_shift_m": [-1.9225493834620216e-06, 0.0009297801200522458, 0.00021846668280164905], "feedforward_acceleration_ned_m_s2": [-7.164791692376219e-17, 1.8772306746446444e-16, 5.278830635330372e-16], "filtered_joint_acceleration_peak_rad_s2": 4.2730598378312526e-14, "inertia_diag_kg_m2": [0.2077780028720277, 0.2084406906236771, 0.21288394190863513], "inertia_tensor_frame": "base_link_flu", "inertia_tensor_kg_m2": [[0.2077780028720277, -0.0003466662755139587, 0.002783614610320411], [-0.0003466662755139587, 0.2084406906236771, 4.47339207263241e-05], [0.002783614610320411, 4.47339207263241e-05, 0.21288394190863513]], "mass_kg": 4.0, "raw_joint_acceleration_peak_rad_s2": 9.055603489283061e-11, "reaction_force_body_n": [-7.317413306131479e-16, 2.7234217730994024e-16, 2.1201242436931587e-15], "reaction_torque_body_nm": [-1.7242789295505454e-13, 5.362244299402608e-13, -2.096507570552656e-13]}
[gazebo_direct_motor_model-5] [INFO] [1786549806.388074164] [my_drone_gazebo_direct_motor_model]: MOTOR_DYNAMIC_STATE sim_s=122.196 cmd_min=0.4659 cmd_mean=0.4809 cmd_max=0.4959 filtered_mean=0.4809 filtered_max=0.4959 esc_throttle_mean=0.5595 total_thrust_n=45.2738 body_up_force_n=39.2083 saturated_motors=0 rated_cap_command=1.0000 voltage_v=14.8000 thrust_scale=1.000000 current_a=0.0000
[arm_coupling_monitor-9] [INFO] [1786549806.736488422] [my_drone_arm_coupling_monitor]: ARM_COUPLING_STATE {"com_body_flu_m": [-0.004002110349650393, 0.00025712360174888135, -0.20426297837851345], "com_shift_m": [-1.9225493834689605e-06, 0.0009297801200522492, 0.00021846668280134374], "feedforward_acceleration_ned_m_s2": [1.0267204073190256e-16, -1.0828181634048538e-16, 3.4073843481913086e-15], "filtered_joint_acceleration_peak_rad_s2": 2.751416190293963e-13, "inertia_diag_kg_m2": [0.20777800287202774, 0.20844069062367718, 0.21288394190863516], "inertia_tensor_frame": "base_link_flu", "inertia_tensor_kg_m2": [[0.20777800287202774, -0.0003466662755139587, 0.002783614610320574], [-0.0003466662755139587, 0.20844069062367718, 4.47339207263215e-05], [0.002783614610320574, 4.47339207263215e-05, 0.21288394190863516]], "mass_kg": 4.0, "raw_joint_acceleration_peak_rad_s2": 1.0589445986777501e-10, "reaction_force_body_n": [3.5729003221548255e-16, -3.9949640578602114e-16, 1.3632068808166939e-14], "reaction_torque_body_nm": [6.38976139607475e-14, 3.70604204148371e-12, 4.8368223374002935e-14]}
[gazebo_direct_motor_model-5] [INFO] [1786549807.390051766] [my_drone_gazebo_direct_motor_model]: MOTOR_DYNAMIC_STATE sim_s=123.196 cmd_min=0.4663 cmd_mean=0.4808 cmd_max=0.4955 filtered_mean=0.4808 filtered_max=0.4955 esc_throttle_mean=0.5585 total_thrust_n=45.2651 body_up_force_n=39.2008 saturated_motors=0 rated_cap_command=1.0000 voltage_v=14.8000 thrust_scale=1.000000 current_a=0.0000
[arm_coupling_monitor-9] [INFO] [1786549807.756683993] [my_drone_arm_coupling_monitor]: ARM_COUPLING_STATE {"com_body_flu_m": [-0.00400211034965039, 0.0002571236017488848, -0.20426297837851334], "com_shift_m": [-1.922549383465491e-06, 0.0009297801200522527, 0.00021846668280145476], "feedforward_acceleration_ned_m_s2": [1.866050543560655e-16, 8.16392072760072e-18, 6.896388200455538e-15], "filtered_joint_acceleration_peak_rad_s2": 5.324131141040403e-13, "inertia_diag_kg_m2": [0.20777800287202772, 0.20844069062367715, 0.2128839419086352], "inertia_tensor_frame": "base_link_flu", "inertia_tensor_kg_m2": [[0.20777800287202772, -0.00034666627551396215, 0.002783614610320503], [-0.00034666627551396215, 0.20844069062367715, 4.473392072632497e-05], [0.002783614610320503, 4.473392072632497e-05, 0.2128839419086352]], "mass_kg": 4.0, "raw_joint_acceleration_peak_rad_s2": 1.3499704826208812e-10, "reaction_force_body_n": [-7.905685562739658e-17, -5.534292479769626e-16, 2.7590005418589284e-14], "reaction_torque_body_nm": [-6.583807933038951e-13, 8.567006035936585e-12, 2.1973491507565412e-14]}
[gazebo_direct_motor_model-5] [INFO] [1786549808.382394211] [my_drone_gazebo_direct_motor_model]: MOTOR_DYNAMIC_STATE sim_s=124.196 cmd_min=0.4650 cmd_mean=0.4809 cmd_max=0.4967 filtered_mean=0.4809 filtered_max=0.4967 esc_throttle_mean=0.5587 total_thrust_n=45.2776 body_up_force_n=39.2116 saturated_motors=0 rated_cap_command=1.0000 voltage_v=14.8000 thrust_scale=1.000000 current_a=0.0000
[arm_coupling_monitor-9] [INFO] [1786549809.062054206] [my_drone_arm_coupling_monitor]: ARM_COUPLING_STATE {"com_body_flu_m": [-0.00400211034965039, 0.0002571236017488848, -0.20426297837851348], "com_shift_m": [-1.922549383465491e-06, 0.0009297801200522527, 0.00021846668280131598], "feedforward_acceleration_ned_m_s2": [-1.4037307811885895e-16, 3.2466639871088307e-16, -9.841210816891518e-15], "filtered_joint_acceleration_peak_rad_s2": 8.110750610559871e-13, "inertia_diag_kg_m2": [0.20777800287202777, 0.20844069062367718, 0.2128839419086352], "inertia_tensor_frame": "base_link_flu", "inertia_tensor_kg_m2": [[0.20777800287202777, -0.00034666627551396215, 0.00278361461032058], [-0.00034666627551396215, 0.20844069062367718, 4.473392072632237e-05], [0.00278361461032058, 4.473392072632237e-05, 0.2128839419086352]], "mass_kg": 4.0, "raw_joint_acceleration_peak_rad_s2": 9.517386878587524e-11, "reaction_force_body_n": [-1.3503824356278804e-15, 9.635526092317767e-16, -3.935531380984062e-14], "reaction_torque_body_nm": [3.7818824795762824e-13, -1.0632739943772944e-11, -2.2954299633200673e-13]}
[gazebo_direct_motor_model-5] [INFO] [1786549809.384276076] [my_drone_gazebo_direct_motor_model]: MOTOR_DYNAMIC_STATE sim_s=125.196 cmd_min=0.4653 cmd_mean=0.4811 cmd_max=0.4975 filtered_mean=0.4811 filtered_max=0.4975 esc_throttle_mean=0.5587 total_thrust_n=45.2883 body_up_force_n=39.2208 saturated_motors=0 rated_cap_command=1.0000 voltage_v=14.8000 thrust_scale=1.000000 current_a=0.0000
[arm_coupling_monitor-9] [INFO] [1786549810.064649259] [my_drone_arm_coupling_monitor]: ARM_COUPLING_STATE {"com_body_flu_m": [-0.00400211034965039, 0.00025712360174888135, -0.2042629783785133], "com_shift_m": [-1.922549383465491e-06, 0.0009297801200522492, 0.00021846668280151027], "feedforward_acceleration_ned_m_s2": [-2.1366853919562772e-16, 2.0864246834814212e-16, -9.122354610840923e-15], "filtered_joint_acceleration_peak_rad_s2": 7.457492854944397e-13, "inertia_diag_kg_m2": [0.20777800287202772, 0.20844069062367715, 0.21288394190863516], "inertia_tensor_frame": "base_link_flu", "inertia_tensor_kg_m2": [[0.20777800287202772, -0.0003466662755139604, 0.002783614610320493], [-0.0003466662755139604, 0.20844069062367715, 4.473392072632757e-05], [0.002783614610320493, 4.473392072632757e-05, 0.21288394190863516]], "mass_kg": 4.0, "raw_joint_acceleration_peak_rad_s2": 9.877602208408759e-11, "reaction_force_body_n": [-9.758376225407858e-16, 8.002636278304219e-16, -3.6487147767167855e-14], "reaction_torque_body_nm": [4.559477732400502e-14, -5.652539840252436e-12, -7.127353478056128e-14]}
[gazebo_direct_motor_model-5] [INFO] [1786549810.389220236] [my_drone_gazebo_direct_motor_model]: MOTOR_DYNAMIC_STATE sim_s=126.196 cmd_min=0.4652 cmd_mean=0.4807 cmd_max=0.4958 filtered_mean=0.4807 filtered_max=0.4958 esc_throttle_mean=0.5584 total_thrust_n=45.2554 body_up_force_n=39.1924 saturated_motors=0 rated_cap_command=1.0000 voltage_v=14.8000 thrust_scale=1.000000 current_a=0.0000
[gazebo_direct_motor_model-5] [INFO] [1786549811.390459734] [my_drone_gazebo_direct_motor_model]: MOTOR_DYNAMIC_STATE sim_s=127.196 cmd_min=0.4658 cmd_mean=0.4808 cmd_max=0.4957 filtered_mean=0.4808 filtered_max=0.4957 esc_throttle_mean=0.5582 total_thrust_n=45.2634 body_up_force_n=39.1993 saturated_motors=0 rated_cap_command=1.0000 voltage_v=14.8000 thrust_scale=1.000000 current_a=0.0000
[arm_coupling_monitor-9] [INFO] [1786549811.421793167] [my_drone_arm_coupling_monitor]: ARM_COUPLING_STATE {"com_body_flu_m": [-0.00400211034965039, 0.0002571236017488796, -0.20426297837851315], "com_shift_m": [-1.922549383465491e-06, 0.0009297801200522475, 0.00021846668280164905], "feedforward_acceleration_ned_m_s2": [-4.8100361386229133e-17, 2.162663221079254e-16, -2.3229835325634405e-15], "filtered_joint_acceleration_peak_rad_s2": 2.12079765615142e-13, "inertia_diag_kg_m2": [0.20777800287202774, 0.2084406906236771, 0.21288394190863513], "inertia_tensor_frame": "base_link_flu", "inertia_tensor_kg_m2": [[0.20777800287202774, -0.0003466662755139587, 0.002783614610320409], [-0.0003466662755139587, 0.2084406906236771, 4.473392072632757e-05], [0.002783614610320409, 4.473392072632757e-05, 0.21288394190863513]], "mass_kg": 4.0, "raw_joint_acceleration_peak_rad_s2": 9.500213116175374e-11, "reaction_force_body_n": [-8.38446697080361e-16, 5.473769556496953e-17, -9.296203906504591e-15], "reaction_torque_body_nm": [1.6138175996930526e-13, -3.320509858117477e-12, 8.25212156256862e-14]}
[gazebo_direct_motor_model-5] [INFO] [1786549812.385599480] [my_drone_gazebo_direct_motor_model]: MOTOR_DYNAMIC_STATE sim_s=128.196 cmd_min=0.4669 cmd_mean=0.4813 cmd_max=0.4967 filtered_mean=0.4813 filtered_max=0.4967 esc_throttle_mean=0.5601 total_thrust_n=45.3069 body_up_force_n=39.2369 saturated_motors=0 rated_cap_command=1.0000 voltage_v=14.8000 thrust_scale=1.000000 current_a=0.0000
[arm_coupling_monitor-9] [INFO] [1786549812.753764393] [my_drone_arm_coupling_monitor]: ARM_COUPLING_STATE {"com_body_flu_m": [-0.0040021103496503865, 0.00025712360174888656, -0.20426297837851348], "com_shift_m": [-1.9225493834620216e-06, 0.0009297801200522544, 0.00021846668280131598], "feedforward_acceleration_ned_m_s2": [-6.377670976337735e-18, -3.585950782613224e-16, 5.930715156187858e-15], "filtered_joint_acceleration_peak_rad_s2": 5.11262956027432e-13, "inertia_diag_kg_m2": [0.20777800287202777, 0.2084406906236772, 0.2128839419086352], "inertia_tensor_frame": "base_link_flu", "inertia_tensor_kg_m2": [[0.20777800287202777, -0.000346666275513963, 0.0027836146103206055], [-0.000346666275513963, 0.2084406906236772, 4.473392072632237e-05], [0.0027836146103206055, 4.473392072632237e-05, 0.2128839419086352]], "mass_kg": 4.0, "raw_joint_acceleration_peak_rad_s2": 7.749877128889381e-11, "reaction_force_body_n": [1.457994257194879e-15, -3.042351874780092e-16, 2.371948371266782e-14], "reaction_torque_body_nm": [-2.6944248232062256e-13, 6.398298153102924e-12, 1.4994565549125114e-13]}
[gazebo_direct_motor_model-5] [INFO] [1786549813.386317459] [my_drone_gazebo_direct_motor_model]: MOTOR_DYNAMIC_STATE sim_s=129.196 cmd_min=0.4645 cmd_mean=0.4811 cmd_max=0.4981 filtered_mean=0.4811 filtered_max=0.4981 esc_throttle_mean=0.5582 total_thrust_n=45.2940 body_up_force_n=39.2257 saturated_motors=0 rated_cap_command=1.0000 voltage_v=14.8000 thrust_scale=1.000000 current_a=0.0000
[arm_coupling_monitor-9] [INFO] [1786549814.083514800] [my_drone_arm_coupling_monitor]: ARM_COUPLING_STATE {"com_body_flu_m": [-0.004002110349650381, 0.0002571236017488848, -0.20426297837851343], "com_shift_m": [-1.9225493834568175e-06, 0.0009297801200522527, 0.0002184666828013715], "feedforward_acceleration_ned_m_s2": [-1.4227368390128044e-16, 1.8253393913667207e-16, -1.0625745685492754e-14], "filtered_joint_acceleration_peak_rad_s2": 8.594586572086631e-13, "inertia_diag_kg_m2": [0.20777800287202774, 0.20844069062367715, 0.21288394190863516], "inertia_tensor_frame": "base_link_flu", "inertia_tensor_kg_m2": [[0.20777800287202774, -0.0003466662755139613, 0.0027836146103205456], [-0.0003466662755139613, 0.20844069062367715, 4.473392072632063e-05], [0.0027836146103205456, 4.473392072632063e-05, 0.21288394190863516]], "mass_kg": 4.0, "raw_joint_acceleration_peak_rad_s2": 7.477612279389253e-11, "reaction_force_body_n": [-1.0226119618388757e-15, 7.667828651712718e-16, -4.2493844469741154e-14], "reaction_torque_body_nm": [4.671373408260187e-13, -1.1438088861590577e-11, 3.900038496993812e-14]}
[gazebo_direct_motor_model-5] [INFO] [1786549814.386135169] [my_drone_gazebo_direct_motor_model]: MOTOR_DYNAMIC_STATE sim_s=130.196 cmd_min=0.4668 cmd_mean=0.4812 cmd_max=0.4970 filtered_mean=0.4812 filtered_max=0.4970 esc_throttle_mean=0.5594 total_thrust_n=45.3035 body_up_force_n=39.2340 saturated_motors=0 rated_cap_command=1.0000 voltage_v=14.8000 thrust_scale=1.000000 current_a=0.0000
[gazebo_direct_motor_model-5] [INFO] [1786549815.385521928] [my_drone_gazebo_direct_motor_model]: MOTOR_DYNAMIC_STATE sim_s=131.196 cmd_min=0.4665 cmd_mean=0.4815 cmd_max=0.4957 filtered_mean=0.4815 filtered_max=0.4957 esc_throttle_mean=0.5605 total_thrust_n=45.3342 body_up_force_n=39.2606 saturated_motors=0 rated_cap_command=1.0000 voltage_v=14.8000 thrust_scale=1.000000 current_a=0.0000
[arm_coupling_monitor-9] [INFO] [1786549815.388672531] [my_drone_arm_coupling_monitor]: ARM_COUPLING_STATE {"com_body_flu_m": [-0.004002110349650383, 0.00025712360174888656, -0.2042629783785137], "com_shift_m": [-1.922549383458552e-06, 0.0009297801200522544, 0.00021846668280109394], "feedforward_acceleration_ned_m_s2": [1.617202318068013e-16, -4.1970618106945766e-16, 8.22819311690793e-15], "filtered_joint_acceleration_peak_rad_s2": 6.849713330422205e-13, "inertia_diag_kg_m2": [0.20777800287202794, 0.20844069062367726, 0.21288394190863522], "inertia_tensor_frame": "base_link_flu", "inertia_tensor_kg_m2": [[0.20777800287202794, -0.0003466662755139613, 0.002783614610320729], [-0.0003466662755139613, 0.20844069062367726, 4.473392072632237e-05], [0.002783614610320729, 4.473392072632237e-05, 0.21288394190863522]], "mass_kg": 4.0, "raw_joint_acceleration_peak_rad_s2": 8.132730600093421e-11, "reaction_force_body_n": [1.2422603334345664e-15, -3.1419818907549667e-16, 3.293699390741223e-14], "reaction_torque_body_nm": [-2.6808241592344305e-13, 1.2769206199434422e-11, -1.148143983348986e-13]}
[gazebo_direct_motor_model-5] [INFO] [1786549816.382398446] [my_drone_gazebo_direct_motor_model]: MOTOR_DYNAMIC_STATE sim_s=132.196 cmd_min=0.4656 cmd_mean=0.4812 cmd_max=0.4970 filtered_mean=0.4812 filtered_max=0.4970 esc_throttle_mean=0.5595 total_thrust_n=45.3047 body_up_force_n=39.2351 saturated_motors=0 rated_cap_command=1.0000 voltage_v=14.8000 thrust_scale=1.000000 current_a=0.0000
[arm_coupling_monitor-9] [INFO] [1786549816.385989914] [my_drone_arm_coupling_monitor]: ARM_COUPLING_STATE {"com_body_flu_m": [-0.004002110349650383, 0.00025712360174888135, -0.20426297837851354], "com_shift_m": [-1.922549383458552e-06, 0.0009297801200522492, 0.00021846668280126047], "feedforward_acceleration_ned_m_s2": [3.758515703110134e-16, -2.3742548224947594e-16, 9.202148351540517e-15], "filtered_joint_acceleration_peak_rad_s2": 7.533598298390306e-13, "inertia_diag_kg_m2": [0.20777800287202777, 0.20844069062367723, 0.2128839419086352], "inertia_tensor_frame": "base_link_flu", "inertia_tensor_kg_m2": [[0.20777800287202777, -0.00034666627551395955, 0.002783614610320611], [-0.00034666627551395955, 0.20844069062367723, 4.47339207263215e-05], [0.002783614610320611, 4.47339207263215e-05, 0.2128839419086352]], "mass_kg": 4.0, "raw_joint_acceleration_peak_rad_s2": 6.964654547541716e-11, "reaction_force_body_n": [9.351879951873715e-16, -1.5242721442644781e-15, 3.680810685955556e-14], "reaction_torque_body_nm": [-2.6934806609297294e-13, 7.860981016736837e-12, 7.711872803586261e-13]}
[gazebo_direct_motor_model-5] [INFO] [1786549817.390883354] [my_drone_gazebo_direct_motor_model]: MOTOR_DYNAMIC_STATE sim_s=133.196 cmd_min=0.4654 cmd_mean=0.4811 cmd_max=0.4969 filtered_mean=0.4811 filtered_max=0.4969 esc_throttle_mean=0.5582 total_thrust_n=45.2952 body_up_force_n=39.2268 saturated_motors=0 rated_cap_command=1.0000 voltage_v=14.8000 thrust_scale=1.000000 current_a=0.0000
[arm_coupling_monitor-9] [INFO] [1786549817.730060710] [my_drone_arm_coupling_monitor]: ARM_COUPLING_STATE {"com_body_flu_m": [-0.004002110349650383, 0.0002571236017488848, -0.2042629783785135], "com_shift_m": [-1.922549383458552e-06, 0.0009297801200522527, 0.00021846668280128823], "feedforward_acceleration_ned_m_s2": [2.597899375608137e-16, -2.871840663431766e-16, 1.0977056119916577e-14], "filtered_joint_acceleration_peak_rad_s2": 9.07748892707453e-13, "inertia_diag_kg_m2": [0.20777800287202774, 0.20844069062367718, 0.21288394190863516], "inertia_tensor_frame": "base_link_flu", "inertia_tensor_kg_m2": [[0.20777800287202774, -0.000346666275513963, 0.0027836146103205925], [-0.000346666275513963, 0.20844069062367718, 4.473392072632237e-05], [0.0027836146103205925, 4.473392072632237e-05, 0.21288394190863516]], "mass_kg": 4.0, "raw_joint_acceleration_peak_rad_s2": 8.383398142313087e-11, "reaction_force_body_n": [1.6647258394650329e-15, -8.630566336185721e-16, 4.389550598953451e-14], "reaction_torque_body_nm": [-8.137343494241828e-13, 1.798300525393779e-11, 1.5896742489753472e-13]}
[gazebo_direct_motor_model-5] [INFO] [1786549818.389412708] [my_drone_gazebo_direct_motor_model]: MOTOR_DYNAMIC_STATE sim_s=134.196 cmd_min=0.4671 cmd_mean=0.4817 cmd_max=0.4966 filtered_mean=0.4817 filtered_max=0.4966 esc_throttle_mean=0.5610 total_thrust_n=45.3512 body_up_force_n=39.2753 saturated_motors=0 rated_cap_command=1.0000 voltage_v=14.8000 thrust_scale=1.000000 current_a=0.0000
[arm_coupling_monitor-9] [INFO] [1786549818.730710246] [my_drone_arm_coupling_monitor]: ARM_COUPLING_STATE {"com_body_flu_m": [-0.0040021103496503865, 0.0002571236017488883, -0.20426297837851365], "com_shift_m": [-1.9225493834620216e-06, 0.0009297801200522562, 0.00021846668280114945], "feedforward_acceleration_ned_m_s2": [2.381188446721023e-16, -3.43522537931404e-16, 7.781098032076765e-15], "filtered_joint_acceleration_peak_rad_s2": 6.425065215688564e-13, "inertia_diag_kg_m2": [0.20777800287202794, 0.2084406906236773, 0.21288394190863522], "inertia_tensor_frame": "base_link_flu", "inertia_tensor_kg_m2": [[0.20777800287202794, -0.00034666627551396476, 0.0027836146103207083], [-0.00034666627551396476, 0.2084406906236773, 4.47339207263241e-05], [0.0027836146103207083, 4.47339207263241e-05, 0.21288394190863522]], "mass_kg": 4.0, "raw_joint_acceleration_peak_rad_s2": 7.45072406551155e-11, "reaction_force_body_n": [1.2896870167495405e-15, -9.777579149912018e-16, 3.112721984545358e-14], "reaction_torque_body_nm": [-2.628490450817472e-13, 7.78748697670633e-12, 3.9798328611614866e-13]}
[gazebo_direct_motor_model-5] [INFO] [1786549819.388056354] [my_drone_gazebo_direct_motor_model]: MOTOR_DYNAMIC_STATE sim_s=135.196 cmd_min=0.4656 cmd_mean=0.4811 cmd_max=0.4969 filtered_mean=0.4811 filtered_max=0.4969 esc_throttle_mean=0.5593 total_thrust_n=45.2960 body_up_force_n=39.2275 saturated_motors=0 rated_cap_command=1.0000 voltage_v=14.8000 thrust_scale=1.000000 current_a=0.0000
[arm_coupling_monitor-9] [INFO] [1786549820.068468344] [my_drone_arm_coupling_monitor]: ARM_COUPLING_STATE {"com_body_flu_m": [-0.004002110349650383, 0.0002571236017488848, -0.20426297837851362], "com_shift_m": [-1.922549383458552e-06, 0.0009297801200522527, 0.0002184666828011772], "feedforward_acceleration_ned_m_s2": [2.6483507144207445e-16, -8.400446967834e-16, 2.385832334004936e-14], "filtered_joint_acceleration_peak_rad_s2": 1.9560845537581853e-12, "inertia_diag_kg_m2": [0.20777800287202788, 0.20844069062367726, 0.2128839419086352], "inertia_tensor_frame": "base_link_flu", "inertia_tensor_kg_m2": [[0.20777800287202788, -0.0003466662755139613, 0.002783614610320669], [-0.0003466662755139613, 0.20844069062367726, 4.473392072632063e-05], [0.002783614610320669, 4.473392072632063e-05, 0.2128839419086352]], "mass_kg": 4.0, "raw_joint_acceleration_peak_rad_s2": 1.0002675771026979e-10, "reaction_force_body_n": [2.849639099804274e-15, -1.5606819496286583e-15, 9.544302129411574e-14], "reaction_torque_body_nm": [-1.3501602932080383e-12, 3.140530340119136e-11, 1.0693888968881181e-13]}
[gazebo_direct_motor_model-5] [INFO] [1786549820.396298936] [my_drone_gazebo_direct_motor_model]: MOTOR_DYNAMIC_STATE sim_s=136.196 cmd_min=0.4666 cmd_mean=0.4818 cmd_max=0.4964 filtered_mean=0.4818 filtered_max=0.4964 esc_throttle_mean=0.5607 total_thrust_n=45.3579 body_up_force_n=39.2811 saturated_motors=0 rated_cap_command=1.0000 voltage_v=14.8000 thrust_scale=1.000000 current_a=0.0000
[arm_coupling_monitor-9] [INFO] [1786549821.064713685] [my_drone_arm_coupling_monitor]: ARM_COUPLING_STATE {"com_body_flu_m": [-0.004002110349650381, 0.00025712360174889, -0.20426297837851384], "com_shift_m": [-1.9225493834568175e-06, 0.0009297801200522579, 0.00021846668280095516], "feedforward_acceleration_ned_m_s2": [4.496736067541182e-17, -1.754371366244758e-16, 6.044501027009566e-15], "filtered_joint_acceleration_peak_rad_s2": 5.00692466591942e-13, "inertia_diag_kg_m2": [0.20777800287202794, 0.20844069062367732, 0.21288394190863522], "inertia_tensor_frame": "base_link_flu", "inertia_tensor_kg_m2": [[0.20777800287202794, -0.00034666627551396476, 0.0027836146103207937], [-0.00034666627551396476, 0.20844069062367732, 4.47339207263215e-05], [0.0027836146103207937, 4.47339207263215e-05, 0.21288394190863522]], "mass_kg": 4.0, "raw_joint_acceleration_peak_rad_s2": 8.27497792512385e-11, "reaction_force_body_n": [6.6595710320266425e-16, -9.9702286235426e-17, 2.417947988022195e-14], "reaction_torque_body_nm": [-2.3491956845734167e-13, 7.121234284995606e-12, -4.1685477988948674e-14]}
[gazebo_direct_motor_model-5] [INFO] [1786549821.388216756] [my_drone_gazebo_direct_motor_model]: MOTOR_DYNAMIC_STATE sim_s=137.196 cmd_min=0.4666 cmd_mean=0.4817 cmd_max=0.4972 filtered_mean=0.4817 filtered_max=0.4972 esc_throttle_mean=0.5604 total_thrust_n=45.3486 body_up_force_n=39.2730 saturated_motors=0 rated_cap_command=1.0000 voltage_v=14.8000 thrust_scale=1.000000 current_a=0.0000
[gazebo_direct_motor_model-5] [INFO] [1786549822.388011282] [my_drone_gazebo_direct_motor_model]: MOTOR_DYNAMIC_STATE sim_s=138.196 cmd_min=0.4664 cmd_mean=0.4811 cmd_max=0.4959 filtered_mean=0.4811 filtered_max=0.4959 esc_throttle_mean=0.5591 total_thrust_n=45.2952 body_up_force_n=39.2268 saturated_motors=0 rated_cap_command=1.0000 voltage_v=14.8000 thrust_scale=1.000000 current_a=0.0000
[arm_coupling_monitor-9] [INFO] [1786549822.392144972] [my_drone_arm_coupling_monitor]: ARM_COUPLING_STATE {"com_body_flu_m": [-0.004002110349650388, 0.0002571236017488831, -0.20426297837851343], "com_shift_m": [-1.9225493834637564e-06, 0.000929780120052251, 0.0002184666828013715], "feedforward_acceleration_ned_m_s2": [-2.516583797231743e-16, -3.991099833160054e-17, -1.9790909851294014e-15], "filtered_joint_acceleration_peak_rad_s2": 1.5287671434902072e-13, "inertia_diag_kg_m2": [0.20777800287202774, 0.20844069062367715, 0.21288394190863516], "inertia_tensor_frame": "base_link_flu", "inertia_tensor_kg_m2": [[0.20777800287202774, -0.0003466662755139604, 0.0027836146103205326], [-0.0003466662755139604, 0.20844069062367715, 4.473392072632237e-05], [0.0027836146103205326, 4.473392072632237e-05, 0.21288394190863516]], "mass_kg": 4.0, "raw_joint_acceleration_peak_rad_s2": 1.1608162347964774e-10, "reaction_force_body_n": [9.009223456570219e-17, 9.28175500126914e-16, -7.927041624397215e-15], "reaction_torque_body_nm": [5.769999115261823e-13, -2.4344775074133955e-12, -3.7356205295614045e-13]}
[gazebo_direct_motor_model-5] [INFO] [1786549823.389513046] [my_drone_gazebo_direct_motor_model]: MOTOR_DYNAMIC_STATE sim_s=139.196 cmd_min=0.4657 cmd_mean=0.4807 cmd_max=0.4969 filtered_mean=0.4807 filtered_max=0.4969 esc_throttle_mean=0.5588 total_thrust_n=45.2549 body_up_force_n=39.1919 saturated_motors=0 rated_cap_command=1.0000 voltage_v=14.8000 thrust_scale=1.000000 current_a=0.0000
[arm_coupling_monitor-9] [INFO] [1786549823.405741922] [my_drone_arm_coupling_monitor]: ARM_COUPLING_STATE {"com_body_flu_m": [-0.004002087408904346, 0.00025713152893818217, -0.20426320574219362], "com_shift_m": [-1.8996086374213628e-06, 0.00092978804724155, 0.00021823931912118288], "feedforward_acceleration_ned_m_s2": [2.8450930011172353e-08, 1.4620830926108114e-07, 1.4487542685186242e-06], "filtered_joint_acceleration_peak_rad_s2": 8.546924752272438e-05, "inertia_diag_kg_m2": [0.20777808413605933, 0.20844078250869208, 0.2128839521003053], "inertia_tensor_frame": "base_link_flu", "inertia_tensor_kg_m2": [[0.20777808413605933, -0.0003466712438004744, 0.0027836991020355824], [-0.0003466712438004744, 0.20844078250869208, 4.473014845122157e-05], [0.0027836991020355824, 4.473014845122157e-05, 0.2128839521003053]], "mass_kg": 4.0, "raw_joint_acceleration_peak_rad_s2": 0.0018543163674321545, "reaction_force_body_n": [-5.844598595493467e-07, -2.019629406311049e-07, 5.792652391940145e-06], "reaction_torque_body_nm": [1.294915362654538e-06, 0.0012119249511642089, 0.0010562258035360695]}
[gazebo_direct_motor_model-5] [INFO] [1786549824.384644007] [my_drone_gazebo_direct_motor_model]: MOTOR_DYNAMIC_STATE sim_s=140.196 cmd_min=0.4641 cmd_mean=0.4810 cmd_max=0.4976 filtered_mean=0.4810 filtered_max=0.4976 esc_throttle_mean=0.5580 total_thrust_n=45.2842 body_up_force_n=39.2173 saturated_motors=0 rated_cap_command=1.0000 voltage_v=14.8000 thrust_scale=1.000000 current_a=0.0000
[arm_coupling_monitor-9] [INFO] [1786549824.722935136] [my_drone_arm_coupling_monitor]: ARM_COUPLING_STATE {"com_body_flu_m": [-0.004001726008186119, 0.0002572564166304133, -0.20426678782523214], "com_shift_m": [-1.5382079191945952e-06, 0.0009299129349337812, 0.0002146572360826604], "feedforward_acceleration_ned_m_s2": [1.2251005424467612e-07, 4.362156261435015e-07, 4.2372058579875416e-06], "filtered_joint_acceleration_peak_rad_s2": 0.0002500917584743462, "inertia_diag_kg_m2": [0.20777936483187415, 0.20844223045674745, 0.21288411259531967], "inertia_tensor_frame": "base_link_flu", "inertia_tensor_kg_m2": [[0.20777936483187415, -0.00034674951706890216, 0.0027850302852723695], [-0.00034674951706890216, 0.20844223045674745, 4.467073519440201e-05], [0.0027850302852723695, 4.467073519440201e-05, 0.21288411259531967]], "mass_kg": 4.0, "raw_joint_acceleration_peak_rad_s2": 0.05412139841007425, "reaction_force_body_n": [-1.7094749222514178e-06, -5.908422482575262e-07, 1.6949215357337794e-05], "reaction_torque_body_nm": [6.856351037566949e-06, 0.007446769801759548, 0.006723390355148788]}
[gazebo_direct_motor_model-5] [INFO] [1786549825.382525464] [my_drone_gazebo_direct_motor_model]: MOTOR_DYNAMIC_STATE sim_s=141.196 cmd_min=0.4671 cmd_mean=0.4812 cmd_max=0.4956 filtered_mean=0.4812 filtered_max=0.4956 esc_throttle_mean=0.5600 total_thrust_n=45.3040 body_up_force_n=39.2344 saturated_motors=0 rated_cap_command=1.0000 voltage_v=14.8000 thrust_scale=1.000000 current_a=0.0000
[arm_coupling_monitor-9] [INFO] [1786549825.738632004] [my_drone_arm_coupling_monitor]: ARM_COUPLING_STATE {"com_body_flu_m": [-0.004000935832277305, 0.0002575295098053987, -0.20427462159212426], "com_shift_m": [-7.480320103805255e-07, 0.0009301860281087666, 0.0002068234691905424], "feedforward_acceleration_ned_m_s2": [4.0123343344510185e-07, 8.035387428751563e-07, 8.491989567381184e-06], "filtered_joint_acceleration_peak_rad_s2": 0.0005011963993788392, "inertia_diag_kg_m2": [0.2077821681955693, 0.20844539906695791, 0.21288446310717482], "inertia_tensor_frame": "base_link_flu", "inertia_tensor_kg_m2": [[0.2077821681955693, -0.00034692068553289013, 0.0027879416791641103], [-0.00034692068553289013, 0.20844539906695791, 4.4540923243640423e-05], [0.0027879416791641103, 4.4540923243640423e-05, 0.21288446310717482]], "mass_kg": 4.0, "raw_joint_acceleration_peak_rad_s2": 0.11858680780615798, "reaction_force_body_n": [-3.423411688005791e-06, -1.1836605053049102e-06, 3.396480522089637e-05], "reaction_torque_body_nm": [1.769032925602889e-06, 0.013367522316579691, 0.013651373475623963]}
[gazebo_direct_motor_model-5] [INFO] [1786549826.383778285] [my_drone_gazebo_direct_motor_model]: MOTOR_DYNAMIC_STATE sim_s=142.196 cmd_min=0.4665 cmd_mean=0.4814 cmd_max=0.4966 filtered_mean=0.4814 filtered_max=0.4966 esc_throttle_mean=0.5601 total_thrust_n=45.3207 body_up_force_n=39.2488 saturated_motors=0 rated_cap_command=1.0000 voltage_v=14.8000 thrust_scale=1.000000 current_a=0.0000
[arm_coupling_monitor-9] [INFO] [1786549827.064160359] [my_drone_arm_coupling_monitor]: ARM_COUPLING_STATE {"com_body_flu_m": [-0.0039988288087084226, 0.00025825795763800667, -0.20429552266605785], "com_shift_m": [1.3589915585018875e-06, 0.0009309144759413746, 0.00018592239525694332], "feedforward_acceleration_ned_m_s2": [1.5680162960908732e-07, 9.492598679443257e-07, 8.609020743341095e-06], "filtered_joint_acceleration_peak_rad_s2": 0.0005085676963367913, "inertia_diag_kg_m2": [0.20778966504450186, 0.2084538669113397, 0.21288539507757878], "inertia_tensor_frame": "base_link_flu", "inertia_tensor_kg_m2": [[0.20778966504450186, -0.0003473773099429967, 0.0027957107587754187], [-0.0003473773099429967, 0.2084538669113397, 4.419538572816156e-05], [0.0027957107587754187, 4.419538572816156e-05, 0.21288539507757878]], "mass_kg": 4.0, "raw_joint_acceleration_peak_rad_s2": 0.1513626063349069, "reaction_force_body_n": [-3.4647570618684136e-06, -1.1995486114975954e-06, 3.445593198487493e-05], "reaction_torque_body_nm": [-3.806583636957607e-05, 0.015331407406130896, 0.02206582271552651]}
[gazebo_direct_motor_model-5] [INFO] [1786549827.386799922] [my_drone_gazebo_direct_motor_model]: MOTOR_DYNAMIC_STATE sim_s=143.196 cmd_min=0.4637 cmd_mean=0.4810 cmd_max=0.4978 filtered_mean=0.4810 filtered_max=0.4978 esc_throttle_mean=0.5575 total_thrust_n=45.2797 body_up_force_n=39.2134 saturated_motors=0 rated_cap_command=1.0000 voltage_v=14.8000 thrust_scale=1.000000 current_a=0.0000
[arm_coupling_monitor-9] [INFO] [1786549828.066857040] [my_drone_arm_coupling_monitor]: ARM_COUPLING_STATE {"com_body_flu_m": [-0.003996231037411417, 0.0002591565456577759, -0.2043213161760284], "com_shift_m": [3.956762855507334e-06, 0.0009318130639611438, 0.00016012888528640912], "feedforward_acceleration_ned_m_s2": [2.8259616540323667e-07, 1.0795309579424677e-06, 1.0442006998065025e-05], "filtered_joint_acceleration_peak_rad_s2": 0.0006167086620220729, "inertia_diag_kg_m2": [0.20779895134951826, 0.2084643444594088, 0.2128865387380835], "inertia_tensor_frame": "base_link_flu", "inertia_tensor_kg_m2": [[0.20779895134951826, -0.0003479406857546262, 0.0028053009170051044], [-0.0003479406857546262, 0.2084643444594088, 4.37705905922299e-05], [0.0028053009170051044, 4.37705905922299e-05, 0.2128865387380835]], "mass_kg": 4.0, "raw_joint_acceleration_peak_rad_s2": 0.3270509749886612, "reaction_force_body_n": [-4.189343403300471e-06, -1.4525445361248315e-06, 4.1771181949900917e-05], "reaction_torque_body_nm": [-8.139119628525994e-05, 0.012100478937890496, 0.02661451889153169]}
[gazebo_direct_motor_model-5] [INFO] [1786549828.385348388] [my_drone_gazebo_direct_motor_model]: MOTOR_DYNAMIC_STATE sim_s=144.196 cmd_min=0.4668 cmd_mean=0.4815 cmd_max=0.4956 filtered_mean=0.4815 filtered_max=0.4956 esc_throttle_mean=0.5606 total_thrust_n=45.3283 body_up_force_n=39.2555 saturated_motors=0 rated_cap_command=1.0000 voltage_v=14.8000 thrust_scale=1.000000 current_a=0.0000
[gazebo_direct_motor_model-5] [INFO] [1786549829.383772809] [my_drone_gazebo_direct_motor_model]: MOTOR_DYNAMIC_STATE sim_s=145.196 cmd_min=0.4671 cmd_mean=0.4821 cmd_max=0.4974 filtered_mean=0.4821 filtered_max=0.4973 esc_throttle_mean=0.5613 total_thrust_n=45.3845 body_up_force_n=39.3041 saturated_motors=0 rated_cap_command=1.0000 voltage_v=14.8000 thrust_scale=1.000000 current_a=0.0000
[arm_coupling_monitor-9] [INFO] [1786549829.393520170] [my_drone_arm_coupling_monitor]: ARM_COUPLING_STATE {"com_body_flu_m": [-0.0039911045096151804, 0.000260931396595776, -0.20437229715378158], "com_shift_m": [9.083290651744e-06, 0.0009335879148991439, 0.00010914790753321912], "feedforward_acceleration_ned_m_s2": [4.1130075658452703e-07, 1.1679397912469219e-06, 1.1768487127074133e-05], "filtered_joint_acceleration_peak_rad_s2": 0.0006953937701924025, "inertia_diag_kg_m2": [0.20781741829488035, 0.20848514302056295, 0.21288877818004384], "inertia_tensor_frame": "base_link_flu", "inertia_tensor_kg_m2": [[0.20781741829488035, -0.0003490537591456788, 0.0028242640550172225], [-0.0003490537591456788, 0.20848514302056295, 4.2936254732065665e-05], [0.0028242640550172225, 4.2936254732065665e-05, 0.21288877818004384]], "mass_kg": 4.0, "raw_joint_acceleration_peak_rad_s2": 0.5002993817570504, "reaction_force_body_n": [-4.693969044366143e-06, -1.6327674887165031e-06, 4.707217203182359e-05], "reaction_torque_body_nm": [-0.00010773109697836622, 0.006365514279278436, 0.029596549480331837]}
[gazebo_direct_motor_model-5] [INFO] [1786549830.388782964] [my_drone_gazebo_direct_motor_model]: MOTOR_DYNAMIC_STATE sim_s=146.196 cmd_min=0.4665 cmd_mean=0.4817 cmd_max=0.4970 filtered_mean=0.4817 filtered_max=0.4970 esc_throttle_mean=0.5606 total_thrust_n=45.3474 body_up_force_n=39.2720 saturated_motors=0 rated_cap_command=1.0000 voltage_v=14.8000 thrust_scale=1.000000 current_a=0.0000
[arm_coupling_monitor-9] [INFO] [1786549830.729743459] [my_drone_arm_coupling_monitor]: ARM_COUPLING_STATE {"com_body_flu_m": [-0.003983813660734407, 0.00026345909997557877, -0.2044449834437369], "com_shift_m": [1.637413953251704e-05, 0.0009361156182789467, 3.6461617577893124e-05], "feedforward_acceleration_ned_m_s2": [3.832328495513166e-07, 1.446529932596652e-06, 1.4145939151206594e-05], "filtered_joint_acceleration_peak_rad_s2": 0.0008366405232158811, "inertia_diag_kg_m2": [0.20784400603676034, 0.20851500250125343, 0.21289192279376057], "inertia_tensor_frame": "base_link_flu", "inertia_tensor_kg_m2": [[0.20784400603676034, -0.00035063968601892594, 0.0028513193379974713], [-0.00035063968601892594, 0.20851500250125343, 4.175879005008116e-05], [0.0028513193379974713, 4.175879005008116e-05, 0.21289192279376057]], "mass_kg": 4.0, "raw_joint_acceleration_peak_rad_s2": 0.6903886157517822, "reaction_force_body_n": [-5.60205726398323e-06, -1.9565369701440455e-06, 5.658921707547929e-05], "reaction_torque_body_nm": [-7.929629419962238e-05, 0.0027245275173118943, 0.030596125739442998]}
[gazebo_direct_motor_model-5] [INFO] [1786549831.381353486] [my_drone_gazebo_direct_motor_model]: MOTOR_DYNAMIC_STATE sim_s=147.196 cmd_min=0.4657 cmd_mean=0.4809 cmd_max=0.4960 filtered_mean=0.4809 filtered_max=0.4960 esc_throttle_mean=0.5588 total_thrust_n=45.2701 body_up_force_n=39.2051 saturated_motors=0 rated_cap_command=1.0000 voltage_v=14.8000 thrust_scale=1.000000 current_a=0.0000
[arm_coupling_monitor-9] [INFO] [1786549832.055807596] [my_drone_arm_coupling_monitor]: ARM_COUPLING_STATE {"com_body_flu_m": [-0.003974074181217905, 0.00026684224359188775, -0.20454241790440478], "com_shift_m": [2.6113619049019862e-05, 0.0009394987618952556, -6.097284308997919e-05], "feedforward_acceleration_ned_m_s2": [4.1034944236771384e-07, 1.4580294085895947e-06, 1.5051616738746909e-05], "filtered_joint_acceleration_peak_rad_s2": 0.0008909348600291055, "inertia_diag_kg_m2": [0.20788012294220035, 0.20855540810680695, 0.21289604897225067], "inertia_tensor_frame": "base_link_flu", "inertia_tensor_kg_m2": [[0.20788012294220035, -0.0003527635926389935, 0.0028876200301195284], [-0.0003527635926389935, 0.20855540810680695, 4.020267015414792e-05], [0.0028876200301195284, 4.020267015414792e-05, 0.21289604897225067]], "mass_kg": 4.0, "raw_joint_acceleration_peak_rad_s2": 0.879093388305172, "reaction_force_body_n": [-5.892230599634084e-06, -2.0705636128239376e-06, 6.0187380993249914e-05], "reaction_torque_body_nm": [-4.562539821606141e-06, 0.0012025148614590237, 0.030933298879154022]}
[gazebo_direct_motor_model-5] [INFO] [1786549832.387051689] [my_drone_gazebo_direct_motor_model]: MOTOR_DYNAMIC_STATE sim_s=148.196 cmd_min=0.4665 cmd_mean=0.4812 cmd_max=0.4959 filtered_mean=0.4812 filtered_max=0.4959 esc_throttle_mean=0.5602 total_thrust_n=45.3051 body_up_force_n=39.2354 saturated_motors=0 rated_cap_command=1.0000 voltage_v=14.8000 thrust_scale=1.000000 current_a=0.0000
[arm_coupling_monitor-9] [INFO] [1786549833.063148093] [my_drone_arm_coupling_monitor]: ARM_COUPLING_STATE {"com_body_flu_m": [-0.0039650185658079325, 0.0002699945399024413, -0.20463335967263419], "com_shift_m": [3.516923445899198e-05, 0.0009426510582058092, -0.000151914611319387], "feedforward_acceleration_ned_m_s2": [5.449071686102982e-07, 1.4937692842264735e-06, 1.5521874644077267e-05], "filtered_joint_acceleration_peak_rad_s2": 0.000920171376377877, "inertia_diag_kg_m2": [0.20791432574755014, 0.20859351350815217, 0.21289980799388566], "inertia_tensor_frame": "base_link_flu", "inertia_tensor_kg_m2": [[0.20791432574755014, -0.0003547438149183258, 0.002921535911670207], [-0.0003547438149183258, 0.20859351350815217, 3.877317423237568e-05], [0.002921535911670207, 3.877317423237568e-05, 0.21289980799388566]], "mass_kg": 4.0, "raw_joint_acceleration_peak_rad_s2": 1.0362566792138714, "reaction_force_body_n": [-6.01181583898999e-06, -2.1253841227554833e-06, 6.208583268397396e-05], "reaction_torque_body_nm": [7.56460144181318e-05, 0.0008198654488487281, 0.0310730734093555]}
[gazebo_direct_motor_model-5] [INFO] [1786549833.386442112] [my_drone_gazebo_direct_motor_model]: MOTOR_DYNAMIC_STATE sim_s=149.196 cmd_min=0.4658 cmd_mean=0.4811 cmd_max=0.4966 filtered_mean=0.4811 filtered_max=0.4966 esc_throttle_mean=0.5590 total_thrust_n=45.2921 body_up_force_n=39.2241 saturated_motors=0 rated_cap_command=1.0000 voltage_v=14.8000 thrust_scale=1.000000 current_a=0.0000
[arm_coupling_monitor-9] [INFO] [1786549834.062656015] [my_drone_arm_coupling_monitor]: ARM_COUPLING_STATE {"com_body_flu_m": [-0.003954384281703256, 0.00027370465166589274, -0.20474058925375077], "com_shift_m": [4.580351856366821e-05, 0.0009463611699692606, -0.00025914419243597275], "feedforward_acceleration_ned_m_s2": [5.289039919623476e-07, 1.6744928925616395e-06, 1.6747872169703277e-05], "filtered_joint_acceleration_peak_rad_s2": 0.0009945357519358553, "inertia_diag_kg_m2": [0.20795526541367831, 0.20863893019494473, 0.21290412574673076], "inertia_tensor_frame": "base_link_flu", "inertia_tensor_kg_m2": [[0.20795526541367831, -0.0003570758959010171, 0.0029615676376106726], [-0.0003570758959010171, 0.20863893019494473, 3.7116005587811696e-05], [0.0029615676376106726, 3.7116005587811696e-05, 0.21290412574673076]], "mass_kg": 4.0, "raw_joint_acceleration_peak_rad_s2": 1.269420772360214, "reaction_force_body_n": [-6.4143495460402075e-06, -2.2820384647261704e-06, 6.701377940266852e-05], "reaction_torque_body_nm": [0.00017413125547220676, 0.0007341100082144936, 0.03119210109645068]}
[gazebo_direct_motor_model-5] [INFO] [1786549834.385995051] [my_drone_gazebo_direct_motor_model]: MOTOR_DYNAMIC_STATE sim_s=150.196 cmd_min=0.4659 cmd_mean=0.4807 cmd_max=0.4952 filtered_mean=0.4807 filtered_max=0.4953 esc_throttle_mean=0.5591 total_thrust_n=45.2565 body_up_force_n=39.1933 saturated_motors=0 rated_cap_command=1.0000 voltage_v=14.8000 thrust_scale=1.000000 current_a=0.0000
[arm_coupling_monitor-9] [INFO] [1786549835.064787912] [my_drone_arm_coupling_monitor]: ARM_COUPLING_STATE {"com_body_flu_m": [-0.003942114645631765, 0.0002779964560704947, -0.20486489831943527], "com_shift_m": [5.8073154635159344e-05, 0.0009506529743738626, -0.00038345325812047526], "feedforward_acceleration_ned_m_s2": [4.3946353460760564e-07, 1.8088380185103966e-06, 1.9541433980030706e-05], "filtered_joint_acceleration_peak_rad_s2": 0.001160832176142385, "inertia_diag_kg_m2": [0.20800355370748635, 0.20869223978347765, 0.21290897590716593], "inertia_tensor_frame": "base_link_flu", "inertia_tensor_kg_m2": [[0.20800355370748635, -0.00035977544298221894, 0.0030080304350940277], [-0.00035977544298221894, 0.20869223978347765, 3.523315148420622e-05], [0.0030080304350940277, 3.523315148420622e-05, 0.21290897590716593]], "mass_kg": 4.0, "raw_joint_acceleration_peak_rad_s2": 1.4678326459394981, "reaction_force_body_n": [-7.403871549035348e-06, -2.6481049622057707e-06, 7.812485436105619e-05], "reaction_torque_body_nm": [0.0002903288983245021, 0.0007814909429295106, 0.03130862004402032]}
[gazebo_direct_motor_model-5] [INFO] [1786549835.388672163] [my_drone_gazebo_direct_motor_model]: MOTOR_DYNAMIC_STATE sim_s=151.196 cmd_min=0.4655 cmd_mean=0.4811 cmd_max=0.4967 filtered_mean=0.4811 filtered_max=0.4967 esc_throttle_mean=0.5594 total_thrust_n=45.2881 body_up_force_n=39.2206 saturated_motors=0 rated_cap_command=1.0000 voltage_v=14.8000 thrust_scale=1.000000 current_a=0.0000
[gazebo_direct_motor_model-5] [INFO] [1786549836.389677881] [my_drone_gazebo_direct_motor_model]: MOTOR_DYNAMIC_STATE sim_s=152.196 cmd_min=0.4671 cmd_mean=0.4820 cmd_max=0.4970 filtered_mean=0.4820 filtered_max=0.4970 esc_throttle_mean=0.5612 total_thrust_n=45.3776 body_up_force_n=39.2981 saturated_motors=0 rated_cap_command=1.0000 voltage_v=14.8000 thrust_scale=1.000000 current_a=0.0000
[arm_coupling_monitor-9] [INFO] [1786549836.404659513] [my_drone_arm_coupling_monitor]: ARM_COUPLING_STATE {"com_body_flu_m": [-0.003923134573708501, 0.00028465915302798225, -0.20505845874166906], "com_shift_m": [7.70532265584236e-05, 0.0009573156713313501, -0.0005770136803542603], "feedforward_acceleration_ned_m_s2": [-1.1945143267137708e-05, -3.8694645246752444e-05, -0.00037069426791387124], "filtered_joint_acceleration_peak_rad_s2": 0.021968990571071937, "inertia_diag_kg_m2": [0.20808051264092958, 0.20877665604275672, 0.2129161954201118], "inertia_tensor_frame": "base_link_flu", "inertia_tensor_kg_m2": [[0.20808051264092958, -0.00036396982019869305, 0.0030804907011994283], [-0.00036396982019869305, 0.20877665604275672, 3.238279535014779e-05], [0.0030804907011994283, 3.238279535014779e-05, 0.2129161954201118]], "mass_kg": 4.0, "raw_joint_acceleration_peak_rad_s2": 1.7197816572458005, "reaction_force_body_n": [0.0001450016042320163, 5.0992135343885854e-05, -0.0014836581727020342], "reaction_torque_body_nm": [0.0004888487662868536, 0.0014908521353607241, 0.030890989204382335]}
[gazebo_direct_motor_model-5] [INFO] [1786549837.386958443] [my_drone_gazebo_direct_motor_model]: MOTOR_DYNAMIC_STATE sim_s=153.196 cmd_min=0.4664 cmd_mean=0.4814 cmd_max=0.4965 filtered_mean=0.4814 filtered_max=0.4965 esc_throttle_mean=0.5602 total_thrust_n=45.3199 body_up_force_n=39.2482 saturated_motors=0 rated_cap_command=1.0000 voltage_v=14.8000 thrust_scale=1.000000 current_a=0.0000
[arm_coupling_monitor-9] [INFO] [1786549837.734780188] [my_drone_arm_coupling_monitor]: ARM_COUPLING_STATE {"com_body_flu_m": [-0.0039011270882043213, 0.00029242076733084973, -0.20528485793005705], "com_shift_m": [9.90607120626031e-05, 0.0009650772856342176, -0.0008034128687422482], "feedforward_acceleration_ned_m_s2": [5.770968792039302e-07, 1.79773320079265e-06, 2.0411876730365724e-05], "filtered_joint_acceleration_peak_rad_s2": 0.0012203591639306172, "inertia_diag_kg_m2": [0.208173263292573, 0.2088775701477438, 0.21292412459345483], "inertia_tensor_frame": "base_link_flu", "inertia_tensor_kg_m2": [[0.208173263292573, -0.00036886073446543285, 0.0031654123560509373], [-0.00036886073446543285, 0.2088775701477438, 2.9173893789140315e-05], [0.0031654123560509373, 2.9173893789140315e-05, 0.21292412459345483]], "mass_kg": 4.0, "raw_joint_acceleration_peak_rad_s2": 2.003590974301826, "reaction_force_body_n": [-7.3596607934595785e-06, -2.7024364581453234e-06, 8.162037603559995e-05], "reaction_torque_body_nm": [0.0006900777984453849, 0.0011074326269376305, 0.031629008031739604]}
[gazebo_direct_motor_model-5] [INFO] [1786549838.392043358] [my_drone_gazebo_direct_motor_model]: MOTOR_DYNAMIC_STATE sim_s=154.196 cmd_min=0.4660 cmd_mean=0.4809 cmd_max=0.4954 filtered_mean=0.4809 filtered_max=0.4954 esc_throttle_mean=0.5595 total_thrust_n=45.2710 body_up_force_n=39.2058 saturated_motors=0 rated_cap_command=1.0000 voltage_v=14.8000 thrust_scale=1.000000 current_a=0.0000
[arm_coupling_monitor-9] [INFO] [1786549839.070031077] [my_drone_arm_coupling_monitor]: ARM_COUPLING_STATE {"com_body_flu_m": [-0.003876135848958108, 0.0003012821738402338, -0.20554457974692428], "com_shift_m": [0.00012405195130881647, 0.0009739386921436017, -0.0010631346856094792], "feedforward_acceleration_ned_m_s2": [5.75913273889834e-07, 1.6183139306388934e-06, 1.914009120084118e-05], "filtered_joint_acceleration_peak_rad_s2": 0.0011504291334052822, "inertia_diag_kg_m2": [0.20828329811987634, 0.20899622636932988, 0.2129325348077889], "inertia_tensor_frame": "base_link_flu", "inertia_tensor_kg_m2": [[0.20828329811987634, -0.0003744497518933679, 0.0032630441649571422], [-0.0003744497518933679, 0.20899622636932988, 2.5657399458739634e-05], [0.0032630441649571422, 2.5657399458739634e-05, 0.2129325348077889]], "mass_kg": 4.0, "raw_joint_acceleration_peak_rad_s2": 2.257772866911092, "reaction_force_body_n": [-6.627426800887064e-06, -2.485814738325002e-06, 7.654147408525769e-05], "reaction_torque_body_nm": [0.0009407900591166246, 0.00129909307712083, 0.031792486774775114]}
[gazebo_direct_motor_model-5] [INFO] [1786549839.394695902] [my_drone_gazebo_direct_motor_model]: MOTOR_DYNAMIC_STATE sim_s=155.196 cmd_min=0.4665 cmd_mean=0.4811 cmd_max=0.4957 filtered_mean=0.4811 filtered_max=0.4957 esc_throttle_mean=0.5601 total_thrust_n=45.2931 body_up_force_n=39.2250 saturated_motors=0 rated_cap_command=1.0000 voltage_v=14.8000 thrust_scale=1.000000 current_a=0.0000
[arm_coupling_monitor-9] [INFO] [1786549840.083466104] [my_drone_arm_coupling_monitor]: ARM_COUPLING_STATE {"com_body_flu_m": [-0.003855423439830922, 0.00030866495567144145, -0.20576201126840346], "com_shift_m": [0.00014476436043600258, 0.0009813214739748093, -0.0012805662070886625], "feedforward_acceleration_ned_m_s2": [6.295777530152506e-07, 2.3772719098082564e-06, 2.4648428256528105e-05], "filtered_joint_acceleration_peak_rad_s2": 0.0014841551883003536, "inertia_diag_kg_m2": [0.20837840159051849, 0.20909793538272273, 0.21293901028131587], "inertia_tensor_frame": "base_link_flu", "inertia_tensor_kg_m2": [[0.20837840159051849, -0.0003791093320684503, 0.003344941603826853], [-0.0003791093320684503, 0.20909793538272273, 2.2847679682165035e-05], [0.003344941603826853, 2.2847679682165035e-05, 0.21293901028131587]], "mass_kg": 4.0, "raw_joint_acceleration_peak_rad_s2": 2.525615359612087, "reaction_force_body_n": [-8.522338646146906e-06, -3.1974462652264573e-06, 9.866423347769379e-05], "reaction_torque_body_nm": [0.0011520684195580084, 0.001446266412789563, 0.03191618517536055]}
[gazebo_direct_motor_model-5] [INFO] [1786549840.385296657] [my_drone_gazebo_direct_motor_model]: MOTOR_DYNAMIC_STATE sim_s=156.196 cmd_min=0.4654 cmd_mean=0.4814 cmd_max=0.4977 filtered_mean=0.4814 filtered_max=0.4977 esc_throttle_mean=0.5596 total_thrust_n=45.3238 body_up_force_n=39.2515 saturated_motors=0 rated_cap_command=1.0000 voltage_v=14.8000 thrust_scale=1.000000 current_a=0.0000
[gazebo_direct_motor_model-5] [INFO] [1786549841.390190654] [my_drone_gazebo_direct_motor_model]: MOTOR_DYNAMIC_STATE sim_s=157.196 cmd_min=0.4666 cmd_mean=0.4813 cmd_max=0.4959 filtered_mean=0.4813 filtered_max=0.4959 esc_throttle_mean=0.5600 total_thrust_n=45.3088 body_up_force_n=39.2386 saturated_motors=0 rated_cap_command=1.0000 voltage_v=14.8000 thrust_scale=1.000000 current_a=0.0000
[arm_coupling_monitor-9] [INFO] [1786549841.407557373] [my_drone_arm_coupling_monitor]: ARM_COUPLING_STATE {"com_body_flu_m": [-0.003825219243797728, 0.0003194942049806332, -0.20608273644783778], "com_shift_m": [0.00017496855646919642, 0.000992150723284001, -0.001601291386522985], "feedforward_acceleration_ned_m_s2": [4.0828536384409716e-07, 9.137110975256673e-07, 1.2216715516422107e-05], "filtered_joint_acceleration_peak_rad_s2": 0.0007510530630387705, "inertia_diag_kg_m2": [0.20852365289905928, 0.20925191025904552, 0.212947618582545], "inertia_tensor_frame": "base_link_flu", "inertia_tensor_kg_m2": [[0.20852365289905928, -0.00038594744655329476, 0.0034659969218252804], [-0.00038594744655329476, 0.20925191025904552, 1.8924146665761157e-05], [0.0034659969218252804, 1.8924146665761157e-05, 0.212947618582545]], "mass_kg": 4.0, "raw_joint_acceleration_peak_rad_s2": 2.7869898474543193, "reaction_force_body_n": [-3.5416863584374105e-06, -1.4600772349032222e-06, 4.888066978758299e-05], "reaction_torque_body_nm": [0.001467085503774267, 0.001645676071530902, 0.03207617117927869]}
[gazebo_direct_motor_model-5] [INFO] [1786549842.386318073] [my_drone_gazebo_direct_motor_model]: MOTOR_DYNAMIC_STATE sim_s=158.196 cmd_min=0.4673 cmd_mean=0.4810 cmd_max=0.4948 filtered_mean=0.4810 filtered_max=0.4948 esc_throttle_mean=0.5605 total_thrust_n=45.2799 body_up_force_n=39.2136 saturated_motors=0 rated_cap_command=1.0000 voltage_v=14.8000 thrust_scale=1.000000 current_a=0.0000
[arm_coupling_monitor-9] [INFO] [1786549842.420541406] [my_drone_arm_coupling_monitor]: ARM_COUPLING_STATE {"com_body_flu_m": [-0.0038007910761101247, 0.00032830784340297237, -0.20634540220731667], "com_shift_m": [0.00019939672415679975, 0.0010009643617063402, -0.0018639571460018767], "feedforward_acceleration_ned_m_s2": [4.582908812539751e-07, 1.1880726763442224e-06, 1.9198305539147048e-05], "filtered_joint_acceleration_peak_rad_s2": 0.0011721154362610644, "inertia_diag_kg_m2": [0.20864702109777522, 0.20938151570654975, 0.21295382839715585], "inertia_tensor_frame": "base_link_flu", "inertia_tensor_kg_m2": [[0.20864702109777522, -0.0003915140594333, 0.0035653438594393477], [-0.0003915140594333, 0.20938151570654975, 1.5904984722558448e-05], [0.0035653438594393477, 1.5904984722558448e-05, 0.21295382839715585]], "mass_kg": 4.0, "raw_joint_acceleration_peak_rad_s2": 0.0011760838047908048, "reaction_force_body_n": [-5.902077844826025e-06, -2.347284446274433e-06, 7.669940975972931e-05], "reaction_torque_body_nm": [0.001726314116644337, 0.0017923447600136952, 0.03219339776883596]}
[gazebo_direct_motor_model-5] [INFO] [1786549843.388305736] [my_drone_gazebo_direct_motor_model]: MOTOR_DYNAMIC_STATE sim_s=159.196 cmd_min=0.4656 cmd_mean=0.4817 cmd_max=0.4986 filtered_mean=0.4817 filtered_max=0.4986 esc_throttle_mean=0.5601 total_thrust_n=45.3538 body_up_force_n=39.2775 saturated_motors=0 rated_cap_command=1.0000 voltage_v=14.8000 thrust_scale=1.000000 current_a=0.0000
[arm_coupling_monitor-9] [INFO] [1786549843.749787247] [my_drone_arm_coupling_monitor]: ARM_COUPLING_STATE {"com_body_flu_m": [-0.0037659722365273856, 0.0003409567130182468, -0.20672505842050323], "com_shift_m": [0.00023421556373953885, 0.0010136132313216147, -0.0022436133591884344], "feedforward_acceleration_ned_m_s2": [4.1221118243949465e-07, 1.5495792360050295e-06, 1.8518569885405757e-05], "filtered_joint_acceleration_peak_rad_s2": 0.0011442799276085553, "inertia_diag_kg_m2": [0.20883235804864972, 0.2095744215439857, 0.21296146217867895], "inertia_tensor_frame": "base_link_flu", "inertia_tensor_kg_m2": [[0.20883235804864972, -0.00039950172851135066, 0.0037092333748908603], [-0.00039950172851135066, 0.2095744215439857, 1.1845892280721443e-05], [0.0037092333748908603, 1.1845892280721443e-05, 0.21296146217867895]], "mass_kg": 4.0, "raw_joint_acceleration_peak_rad_s2": 3.330572919723056, "reaction_force_body_n": [-5.321275421592643e-06, -2.188822561509193e-06, 7.412846818310541e-05], "reaction_torque_body_nm": [0.0021045539401661835, 0.0019897156056000865, 0.03234402630172381]}
[gazebo_direct_motor_model-5] [INFO] [1786549844.386066064] [my_drone_gazebo_direct_motor_model]: MOTOR_DYNAMIC_STATE sim_s=160.196 cmd_min=0.4678 cmd_mean=0.4815 cmd_max=0.4953 filtered_mean=0.4815 filtered_max=0.4953 esc_throttle_mean=0.5612 total_thrust_n=45.3261 body_up_force_n=39.2535 saturated_motors=0 rated_cap_command=1.0000 voltage_v=14.8000 thrust_scale=1.000000 current_a=0.0000
[arm_coupling_monitor-9] [INFO] [1786549845.061349386] [my_drone_arm_coupling_monitor]: ARM_COUPLING_STATE {"com_body_flu_m": [-0.0037287416826975294, 0.0003545950297523942, -0.2071381633119843], "com_shift_m": [0.00027144611756939503, 0.001027251548055762, -0.0026567182506695153], "feedforward_acceleration_ned_m_s2": [5.202882623109273e-07, 1.2300608094937034e-06, 1.8462248128488002e-05], "filtered_joint_acceleration_peak_rad_s2": 0.0011523531515269334, "inertia_diag_kg_m2": [0.20904345395092563, 0.20979180684177431, 0.21296795954127146], "inertia_tensor_frame": "base_link_flu", "inertia_tensor_kg_m2": [[0.20904345395092563, -0.0004081078331275693, 0.0038661449035437066], [-0.0004081078331275693, 0.20979180684177431, 7.832205220000867e-06], [0.0038661449035437066, 7.832205220000867e-06, 0.21296795954127146]], "mass_kg": 4.0, "raw_joint_acceleration_peak_rad_s2": 3.552119141247851, "reaction_force_body_n": [-4.931073380213116e-06, -2.098005058497049e-06, 7.384779331134023e-05], "reaction_torque_body_nm": [0.0025196883034411467, 0.0021833176708953173, 0.03248414919628067]}
[gazebo_direct_motor_model-5] [INFO] [1786549845.384903806] [my_drone_gazebo_direct_motor_model]: MOTOR_DYNAMIC_STATE sim_s=161.196 cmd_min=0.4668 cmd_mean=0.4815 cmd_max=0.4955 filtered_mean=0.4814 filtered_max=0.4955 esc_throttle_mean=0.5606 total_thrust_n=45.3255 body_up_force_n=39.2530 saturated_motors=0 rated_cap_command=1.0000 voltage_v=14.8000 thrust_scale=1.000000 current_a=0.0000
[gazebo_direct_motor_model-5] [INFO] [1786549846.381353419] [my_drone_gazebo_direct_motor_model]: MOTOR_DYNAMIC_STATE sim_s=162.196 cmd_min=0.4663 cmd_mean=0.4809 cmd_max=0.4955 filtered_mean=0.4809 filtered_max=0.4955 esc_throttle_mean=0.5597 total_thrust_n=45.2706 body_up_force_n=39.2055 saturated_motors=0 rated_cap_command=1.0000 voltage_v=14.8000 thrust_scale=1.000000 current_a=0.0000
[arm_coupling_monitor-9] [INFO] [1786549846.384268850] [my_drone_arm_coupling_monitor]: ARM_COUPLING_STATE {"com_body_flu_m": [-0.003689222261591239, 0.0003692013345061758, -0.20758518743095725], "com_shift_m": [0.0003109655386756855, 0.0010418578528095437, -0.003103742369642448], "feedforward_acceleration_ned_m_s2": [2.377650425151132e-07, 6.196211819544141e-07, 1.1968782021946927e-05], "filtered_joint_acceleration_peak_rad_s2": 0.0007760431116682873, "inertia_diag_kg_m2": [0.20928295601889452, 0.21003582462498285, 0.21297285724870268], "inertia_tensor_frame": "base_link_flu", "inertia_tensor_kg_m2": [[0.20928295601889452, -0.0004173107809074235, 0.004036276610336894], [-0.0004173107809074235, 0.21003582462498285, 3.953072052822158e-06], [0.004036276610336894, 3.953072052822158e-06, 0.21297285724870268]], "mass_kg": 4.0, "raw_joint_acceleration_peak_rad_s2": 3.887359235375053, "reaction_force_body_n": [-2.276251736920077e-06, -1.1626961611370119e-06, 4.7880498191666986e-05], "reaction_torque_body_nm": [0.0029732011207969774, 0.002375805701729207, 0.03261316506104458]}
[gazebo_direct_motor_model-5] [INFO] [1786549847.386346455] [my_drone_gazebo_direct_motor_model]: MOTOR_DYNAMIC_STATE sim_s=163.196 cmd_min=0.4664 cmd_mean=0.4815 cmd_max=0.4964 filtered_mean=0.4815 filtered_max=0.4964 esc_throttle_mean=0.5603 total_thrust_n=45.3265 body_up_force_n=39.2539 saturated_motors=0 rated_cap_command=1.0000 voltage_v=14.8000 thrust_scale=1.000000 current_a=0.0000
[arm_coupling_monitor-9] [INFO] [1786549847.392300650] [my_drone_arm_coupling_monitor]: ARM_COUPLING_STATE {"com_body_flu_m": [-0.0036583800241480335, 0.00038069412820636653, -0.20794048476129107], "com_shift_m": [0.0003418077761188909, 0.0010533506465097344, -0.0034590396999762685], "feedforward_acceleration_ned_m_s2": [5.166928519094799e-07, 1.528316269776089e-06, 2.3245266972326616e-05], "filtered_joint_acceleration_peak_rad_s2": 0.0014677328031231416, "inertia_diag_kg_m2": [0.20948152439714535, 0.210236280931596, 0.21297516192578858], "inertia_tensor_frame": "base_link_flu", "inertia_tensor_kg_m2": [[0.20948152439714535, -0.00042453695584516397, 0.004171697728770107], [-0.00042453695584516397, 0.210236280931596, 1.207118983120696e-06], [0.004171697728770107, 1.207118983120696e-06, 0.21297516192578858]], "mass_kg": 4.0, "raw_joint_acceleration_peak_rad_s2": 4.10282219998207, "reaction_force_body_n": [-5.900574062079194e-06, -2.5476906010032474e-06, 9.298287497251374e-05], "reaction_torque_body_nm": [0.0033355385360875657, 0.0025123945296384948, 0.032699756908590435]}
[gazebo_direct_motor_model-5] [INFO] [1786549848.386000342] [my_drone_gazebo_direct_motor_model]: MOTOR_DYNAMIC_STATE sim_s=164.196 cmd_min=0.4675 cmd_mean=0.4813 cmd_max=0.4951 filtered_mean=0.4813 filtered_max=0.4951 esc_throttle_mean=0.5609 total_thrust_n=45.3158 body_up_force_n=39.2447 saturated_motors=0 rated_cap_command=1.0000 voltage_v=14.8000 thrust_scale=1.000000 current_a=0.0000
[arm_coupling_monitor-9] [INFO] [1786549848.406914026] [my_drone_arm_coupling_monitor]: ARM_COUPLING_STATE {"com_body_flu_m": [-0.0036265966064971504, 0.00039262414176252647, -0.20831282937522455], "com_shift_m": [0.00037359119376977404, 0.0010652806600658943, -0.0038313843139097525], "feedforward_acceleration_ned_m_s2": [4.885536414944332e-07, 8.976696039568e-07, 1.8453394624291463e-05], "filtered_joint_acceleration_peak_rad_s2": 0.00119171816934292, "inertia_diag_kg_m2": [0.20969742464065144, 0.21045253999065705, 0.21297606197880115], "inertia_tensor_frame": "base_link_flu", "inertia_tensor_kg_m2": [[0.20969742464065144, -0.0004320194472320132, 0.004313759860760897], [-0.0004320194472320132, 0.21045253999065705, -1.356690703901292e-06], [0.004313759860760897, -1.356690703901292e-06, 0.21297606197880115]], "mass_kg": 4.0, "raw_joint_acceleration_peak_rad_s2": 4.271202752103471, "reaction_force_body_n": [-3.94574412698718e-06, -1.8495814065290158e-06, 7.379814664690435e-05], "reaction_torque_body_nm": [0.0037184398900615336, 0.0026497107964538716, 0.032777389558549995]}
[gazebo_direct_motor_model-5] [INFO] [1786549849.386019002] [my_drone_gazebo_direct_motor_model]: MOTOR_DYNAMIC_STATE sim_s=165.196 cmd_min=0.4666 cmd_mean=0.4814 cmd_max=0.4961 filtered_mean=0.4814 filtered_max=0.4961 esc_throttle_mean=0.5603 total_thrust_n=45.3169 body_up_force_n=39.2456 saturated_motors=0 rated_cap_command=1.0000 voltage_v=14.8000 thrust_scale=1.000000 current_a=0.0000
[arm_coupling_monitor-9] [INFO] [1786549849.741639504] [my_drone_arm_coupling_monitor]: ARM_COUPLING_STATE {"com_body_flu_m": [-0.0035830285790218065, 0.00040912122452413033, -0.20883405408936379], "com_shift_m": [0.000417159221245118, 0.0010817777428274982, -0.004352609028048987], "feedforward_acceleration_ned_m_s2": [1.9875391461423993e-07, 4.378650197942029e-07, 1.269273792805663e-05], "filtered_joint_acceleration_peak_rad_s2": 0.0008615772968473264, "inertia_diag_kg_m2": [0.21001306869952752, 0.2107658972709384, 0.21297470676770516], "inertia_tensor_frame": "base_link_flu", "inertia_tensor_kg_m2": [[0.21001306869952752, -0.00044232671866483364, 0.004512786747971946], [-0.00044232671866483364, 0.2107658972709384, -4.418626509605436e-06], [0.004512786747971946, -4.418626509605436e-06, 0.21297470676770516]], "mass_kg": 4.0, "raw_joint_acceleration_peak_rad_s2": 4.451401696473256, "reaction_force_body_n": [-1.6358071053188113e-06, -1.010250103104145e-06, 5.0770983148987226e-05], "reaction_torque_body_nm": [0.004258157717670741, 0.0028263411206221156, 0.03286436710951401]}
[gazebo_direct_motor_model-5] [INFO] [1786549850.385702656] [my_drone_gazebo_direct_motor_model]: MOTOR_DYNAMIC_STATE sim_s=166.196 cmd_min=0.4668 cmd_mean=0.4814 cmd_max=0.4960 filtered_mean=0.4814 filtered_max=0.4960 esc_throttle_mean=0.5605 total_thrust_n=45.3196 body_up_force_n=39.2480 saturated_motors=0 rated_cap_command=1.0000 voltage_v=14.8000 thrust_scale=1.000000 current_a=0.0000
[arm_coupling_monitor-9] [INFO] [1786549851.073642674] [my_drone_arm_coupling_monitor]: ARM_COUPLING_STATE {"com_body_flu_m": [-0.0035383530706940246, 0.00042621119878315586, -0.20938241130746782], "com_shift_m": [0.00046183472957289987, 0.0010988677170865237, -0.004900966246153021], "feedforward_acceleration_ned_m_s2": [2.1733519254588903e-07, 4.972891093332017e-07, 1.4228019939489482e-05], "filtered_joint_acceleration_peak_rad_s2": 0.0009761116120307839, "inertia_diag_kg_m2": [0.21036204036806588, 0.21110894470743718, 0.21296997306081278], "inertia_tensor_frame": "base_link_flu", "inertia_tensor_kg_m2": [[0.21036204036806588, -0.00045294327007683365, 0.00472225411430445], [-0.00045294327007683365, 0.21110894470743718, -6.995503916293333e-06], [0.00472225411430445, -6.995503916293333e-06, 0.21296997306081278]], "mass_kg": 4.0, "raw_joint_acceleration_peak_rad_s2": 4.691277491495351, "reaction_force_body_n": [-1.772496933869278e-06, -1.0871940302572351e-06, 5.6915495103205835e-05], "reaction_torque_body_nm": [0.004829951031806368, 0.0029930804440300514, 0.03293016847238069]}
[gazebo_direct_motor_model-5] [INFO] [1786549851.386265295] [my_drone_gazebo_direct_motor_model]: MOTOR_DYNAMIC_STATE sim_s=167.196 cmd_min=0.4675 cmd_mean=0.4813 cmd_max=0.4953 filtered_mean=0.4813 filtered_max=0.4953 esc_throttle_mean=0.5609 total_thrust_n=45.3143 body_up_force_n=39.2434 saturated_motors=0 rated_cap_command=1.0000 voltage_v=14.8000 thrust_scale=1.000000 current_a=0.0000
[gazebo_direct_motor_model-5] [INFO] [1786549852.376246912] [my_drone_gazebo_direct_motor_model]: MOTOR_DYNAMIC_STATE sim_s=168.196 cmd_min=0.4673 cmd_mean=0.4812 cmd_max=0.4950 filtered_mean=0.4812 filtered_max=0.4950 esc_throttle_mean=0.5607 total_thrust_n=45.3063 body_up_force_n=39.2364 saturated_motors=0 rated_cap_command=1.0000 voltage_v=14.8000 thrust_scale=1.000000 current_a=0.0000
[arm_coupling_monitor-9] [INFO] [1786549852.381628305] [my_drone_arm_coupling_monitor]: ARM_COUPLING_STATE {"com_body_flu_m": [-0.0034927700561165707, 0.0004438300210233906, -0.20995755909873007], "com_shift_m": [0.0005074177441503538, 0.0011164865393267585, -0.0054761140374152695], "feedforward_acceleration_ned_m_s2": [2.963477155494565e-07, 3.690587418992716e-07, 1.3699342447558809e-05], "filtered_joint_acceleration_peak_rad_s2": 0.0009671032337352467, "inertia_diag_kg_m2": [0.21074667690368798, 0.21148348434122427, 0.21296134562729965], "inertia_tensor_frame": "base_link_flu", "inertia_tensor_kg_m2": [[0.21074667690368798, -0.0004638069500926792, 0.004941886680776981], [-0.0004638069500926792, 0.21148348434122427, -9.013656120630473e-06], [0.004941886680776981, -9.013656120630473e-06, 0.21296134562729965]], "mass_kg": 4.0, "raw_joint_acceleration_peak_rad_s2": 4.996798218869851, "reaction_force_body_n": [-1.2424073062377086e-06, -8.982557675918019e-07, 5.480862813248402e-05], "reaction_torque_body_nm": [0.005434121522889386, 0.0031518622258982364, 0.03297279831439284]}
[gazebo_direct_motor_model-5] [INFO] [1786549853.384393644] [my_drone_gazebo_direct_motor_model]: MOTOR_DYNAMIC_STATE sim_s=169.196 cmd_min=0.4684 cmd_mean=0.4813 cmd_max=0.4947 filtered_mean=0.4813 filtered_max=0.4947 esc_throttle_mean=0.5614 total_thrust_n=45.3087 body_up_force_n=39.2385 saturated_motors=0 rated_cap_command=1.0000 voltage_v=14.8000 thrust_scale=1.000000 current_a=0.0000
[arm_coupling_monitor-9] [INFO] [1786549853.388465028] [my_drone_arm_coupling_monitor]: ARM_COUPLING_STATE {"com_body_flu_m": [-0.003458350662117707, 0.000457255338013364, -0.21040314791030318], "com_shift_m": [0.0005418371381492176, 0.0011299118563167319, -0.0059217028489883805], "feedforward_acceleration_ned_m_s2": [1.235619918816965e-07, 5.582123484246913e-08, 1.1856951588365405e-05], "filtered_joint_acceleration_peak_rad_s2": 0.0008719239175364993, "inertia_diag_kg_m2": [0.21105777165132128, 0.21178401930384602, 0.21295207199223498], "inertia_tensor_frame": "base_link_flu", "inertia_tensor_kg_m2": [[0.21105777165132128, -0.0004720181468178071, 0.005111889940950609], [-0.0004720181468178071, 0.21178401930384602, -1.0113271260590341e-05], [0.005111889940950609, -1.0113271260590341e-05, 0.21295207199223498]], "mass_kg": 4.0, "raw_joint_acceleration_peak_rad_s2": 5.207234551591895, "reaction_force_body_n": [-4.1549672570127844e-07, -5.80461590022506e-07, 4.74255351001172e-05], "reaction_torque_body_nm": [0.005905038390232835, 0.003264657900643604, 0.03298807119650345]}
[gazebo_direct_motor_model-5] [INFO] [1786549854.391767046] [my_drone_gazebo_direct_motor_model]: MOTOR_DYNAMIC_STATE sim_s=170.196 cmd_min=0.4661 cmd_mean=0.4808 cmd_max=0.4950 filtered_mean=0.4808 filtered_max=0.4950 esc_throttle_mean=0.5595 total_thrust_n=45.2643 body_up_force_n=39.2000 saturated_motors=0 rated_cap_command=1.0000 voltage_v=14.8000 thrust_scale=1.000000 current_a=0.0000
[arm_coupling_monitor-9] [INFO] [1786549854.724318796] [my_drone_arm_coupling_monitor]: ARM_COUPLING_STATE {"com_body_flu_m": [-0.0034123783176006756, 0.000475348838006236, -0.21101474479249288], "com_shift_m": [0.0005878094826662489, 0.001148005356309604, -0.006533299731178083], "feedforward_acceleration_ned_m_s2": [2.5333764771392374e-08, 5.8106685062113635e-08, 1.285090650561118e-05], "filtered_joint_acceleration_peak_rad_s2": 0.0009599105431098588, "inertia_diag_kg_m2": [0.21150339140702032, 0.21221124869285665, 0.21293564511635468], "inertia_tensor_frame": "base_link_flu", "inertia_tensor_kg_m2": [[0.21150339140702032, -0.0004829757430178938, 0.005344851319824862], [-0.0004829757430178938, 0.21221124869285665, -1.099108541828802e-05], [0.005344851319824862, -1.099108541828802e-05, 0.21293564511635468]], "mass_kg": 4.0, "raw_joint_acceleration_peak_rad_s2": 5.42579415647314, "reaction_force_body_n": [-3.8945642392242845e-07, -5.659154970676737e-07, 5.139966072439761e-05], "reaction_torque_body_nm": [0.006554799408709227, 0.00340471968698978, 0.032984541744975046]}
[gazebo_direct_motor_model-5] [INFO] [1786549855.387230441] [my_drone_gazebo_direct_motor_model]: MOTOR_DYNAMIC_STATE sim_s=171.196 cmd_min=0.4680 cmd_mean=0.4816 cmd_max=0.4956 filtered_mean=0.4816 filtered_max=0.4956 esc_throttle_mean=0.5615 total_thrust_n=45.3428 body_up_force_n=39.2680 saturated_motors=0 rated_cap_command=1.0000 voltage_v=14.8000 thrust_scale=1.000000 current_a=0.0000
[arm_coupling_monitor-9] [INFO] [1786549855.722567851] [my_drone_arm_coupling_monitor]: ARM_COUPLING_STATE {"com_body_flu_m": [-0.0033779537526456033, 0.0004890171764713111, -0.21148603046265035], "com_shift_m": [0.0006222340476213211, 0.001161673694774679, -0.007004585401335556], "feedforward_acceleration_ned_m_s2": [1.223397197297489e-07, -2.4370844033633276e-07, 7.89090222945191e-06], "filtered_joint_acceleration_peak_rad_s2": 0.0006706307101017448, "inertia_diag_kg_m2": [0.21186147618564333, 0.21255208342931725, 0.21292005552536955], "inertia_tensor_frame": "base_link_flu", "inertia_tensor_kg_m2": [[0.21186147618564333, -0.0004911572033714428, 0.005523950287354808], [-0.0004911572033714428, 0.21255208342931725, -1.119088972894363e-05], [0.005523950287354808, -1.119088972894363e-05, 0.21292005552536955]], "mass_kg": 4.0, "raw_joint_acceleration_peak_rad_s2": 5.549186544307121, "reaction_force_body_n": [1.2714258001701543e-06, 1.081651033553039e-07, 3.155666265047714e-05], "reaction_torque_body_nm": [0.007058296996535947, 0.0035040947057423093, 0.03296317961833957]}
[gazebo_direct_motor_model-5] [INFO] [1786549856.386004807] [my_drone_gazebo_direct_motor_model]: MOTOR_DYNAMIC_STATE sim_s=172.196 cmd_min=0.4689 cmd_mean=0.4820 cmd_max=0.4951 filtered_mean=0.4820 filtered_max=0.4951 esc_throttle_mean=0.5621 total_thrust_n=45.3804 body_up_force_n=39.3006 saturated_motors=0 rated_cap_command=1.0000 voltage_v=14.8000 thrust_scale=1.000000 current_a=0.0000
[arm_coupling_monitor-9] [INFO] [1786549857.051631065] [my_drone_arm_coupling_monitor]: ARM_COUPLING_STATE {"com_body_flu_m": [-0.0033324799105331343, 0.0005072261155087826, -0.2121277290314106], "com_shift_m": [0.0006677078897337901, 0.0011798826338121505, -0.007646283970095813], "feedforward_acceleration_ned_m_s2": [4.95165200124432e-09, -2.4412083376630213e-07, 1.0460207320763677e-05], "filtered_joint_acceleration_peak_rad_s2": 0.0008603388321092302, "inertia_diag_kg_m2": [0.21236960658350018, 0.21303241346089385, 0.21289470762448398], "inertia_tensor_frame": "base_link_flu", "inertia_tensor_kg_m2": [[0.21236960658350018, -0.0005019057004639891, 0.00576703703827193], [-0.0005019057004639891, 0.21303241346089385, -1.0832225532515956e-05], [0.00576703703827193, -1.0832225532515956e-05, 0.21289470762448398]], "mass_kg": 4.0, "raw_joint_acceleration_peak_rad_s2": 5.742149115588795, "reaction_force_body_n": [7.972872879675379e-07, -5.297703204176413e-08, 4.184459861814462e-05], "reaction_torque_body_nm": [0.007746579023009883, 0.0036235515061982817, 0.03290810262338134]}
[gazebo_direct_motor_model-5] [INFO] [1786549857.387151330] [my_drone_gazebo_direct_motor_model]: MOTOR_DYNAMIC_STATE sim_s=173.196 cmd_min=0.4673 cmd_mean=0.4811 cmd_max=0.4952 filtered_mean=0.4811 filtered_max=0.4952 esc_throttle_mean=0.5606 total_thrust_n=45.2938 body_up_force_n=39.2256 saturated_motors=0 rated_cap_command=1.0000 voltage_v=14.8000 thrust_scale=1.000000 current_a=0.0000
[arm_coupling_monitor-9] [INFO] [1786549858.065444695] [my_drone_arm_coupling_monitor]: ARM_COUPLING_STATE {"com_body_flu_m": [-0.0032987958904017543, 0.0005208229167240931, -0.21261838838783206], "com_shift_m": [0.0007013919098651702, 0.001193479435027461, -0.008136943326517265], "feedforward_acceleration_ned_m_s2": [-1.6682813490771028e-07, -3.777293796813214e-07, 9.34930046538011e-06], "filtered_joint_acceleration_peak_rad_s2": 0.0008124618526519551, "inertia_diag_kg_m2": [0.212774131195128, 0.21341232345961947, 0.21287210629201767], "inertia_tensor_frame": "base_link_flu", "inertia_tensor_kg_m2": [[0.212774131195128, -0.0005098023254606686, 0.005952167241484887], [-0.0005098023254606686, 0.21341232345961947, -1.0095017348533963e-05], [0.005952167241484887, -1.0095017348533963e-05, 0.21287210629201767]], "mass_kg": 4.0, "raw_joint_acceleration_peak_rad_s2": 5.871451216699492, "reaction_force_body_n": [1.2819853076392828e-06, 1.7127614850351089e-07, 3.741130929274192e-05], "reaction_torque_body_nm": [0.008275151435873635, 0.0037059587255083896, 0.03284627143053333]}
[gazebo_direct_motor_model-5] [INFO] [1786549858.385200204] [my_drone_gazebo_direct_motor_model]: MOTOR_DYNAMIC_STATE sim_s=174.196 cmd_min=0.4669 cmd_mean=0.4810 cmd_max=0.4948 filtered_mean=0.4810 filtered_max=0.4948 esc_throttle_mean=0.5603 total_thrust_n=45.2852 body_up_force_n=39.2181 saturated_motors=0 rated_cap_command=1.0000 voltage_v=14.8000 thrust_scale=1.000000 current_a=0.0000
[arm_coupling_monitor-9] [INFO] [1786549859.067952664] [my_drone_arm_coupling_monitor]: ARM_COUPLING_STATE {"com_body_flu_m": [-0.003265641066754286, 0.0005342920755159672, -0.2131153040937997], "com_shift_m": [0.0007345467335126386, 0.001206948593819335, -0.008633859032484897], "feedforward_acceleration_ned_m_s2": [6.777244982125391e-09, -2.2230054591745557e-07, 1.1865997486926708e-05], "filtered_joint_acceleration_peak_rad_s2": 0.000996013655458001, "inertia_diag_kg_m2": [0.21319793798358422, 0.21380823405764993, 0.2128463608077633], "inertia_tensor_frame": "base_link_flu", "inertia_tensor_kg_m2": [[0.21319793798358422, -0.0005174995395576304, 0.0061388776311535566], [-0.0005174995395576304, 0.21380823405764993, -8.965631728767055e-06], [0.0061388776311535566, -8.965631728767055e-06, 0.2128463608077633]], "mass_kg": 4.0, "raw_joint_acceleration_peak_rad_s2": 5.974128116342577, "reaction_force_body_n": [7.794340626249754e-07, 2.8387335646029407e-09, 4.746592705994335e-05], "reaction_torque_body_nm": [0.008811950062579663, 0.003780089491866265, 0.03276620647809154]}
[gazebo_direct_motor_model-5] [INFO] [1786549859.388290915] [my_drone_gazebo_direct_motor_model]: MOTOR_DYNAMIC_STATE sim_s=175.196 cmd_min=0.4674 cmd_mean=0.4811 cmd_max=0.4941 filtered_mean=0.4811 filtered_max=0.4941 esc_throttle_mean=0.5607 total_thrust_n=45.2935 body_up_force_n=39.2254 saturated_motors=0 rated_cap_command=1.0000 voltage_v=14.8000 thrust_scale=1.000000 current_a=0.0000
[gazebo_direct_motor_model-5] [INFO] [1786549860.386817231] [my_drone_gazebo_direct_motor_model]: MOTOR_DYNAMIC_STATE sim_s=176.196 cmd_min=0.4682 cmd_mean=0.4815 cmd_max=0.4954 filtered_mean=0.4815 filtered_max=0.4954 esc_throttle_mean=0.5616 total_thrust_n=45.3344 body_up_force_n=39.2608 saturated_motors=0 rated_cap_command=1.0000 voltage_v=14.8000 thrust_scale=1.000000 current_a=0.0000
[arm_coupling_monitor-9] [INFO] [1786549860.390329367] [my_drone_arm_coupling_monitor]: ARM_COUPLING_STATE {"com_body_flu_m": [-0.003222373242644105, 0.0005519885686107381, -0.21378674624123642], "com_shift_m": [0.0007778145576228194, 0.001224645086914106, -0.009305301179921621], "feedforward_acceleration_ned_m_s2": [2.995025375910266e-07, 2.646086365991114e-07, 1.749557438762043e-05], "filtered_joint_acceleration_peak_rad_s2": 0.0013931029941695397, "inertia_diag_kg_m2": [0.21379316574528154, 0.21436102117630554, 0.21280698771154813], "inertia_tensor_frame": "base_link_flu", "inertia_tensor_kg_m2": [[0.21379316574528154, -0.000527394825616275, 0.0063897070347768425], [-0.000527394825616275, 0.21436102117630554, -6.87267135758389e-06], [0.0063897070347768425, -6.87267135758389e-06, 0.21280698771154813]], "mass_kg": 4.0, "raw_joint_acceleration_peak_rad_s2": 6.100581159147918, "reaction_force_body_n": [-4.3579481205163804e-07, -4.3717650195753455e-07, 6.999783169528515e-05], "reaction_torque_body_nm": [0.00953939570965419, 0.003866766967001066, 0.032630276976638374]}
[gazebo_direct_motor_model-5] [INFO] [1786549861.383953664] [my_drone_gazebo_direct_motor_model]: MOTOR_DYNAMIC_STATE sim_s=177.196 cmd_min=0.4685 cmd_mean=0.4817 cmd_max=0.4951 filtered_mean=0.4817 filtered_max=0.4951 esc_throttle_mean=0.5618 total_thrust_n=45.3475 body_up_force_n=39.2721 saturated_motors=0 rated_cap_command=1.0000 voltage_v=14.8000 thrust_scale=1.000000 current_a=0.0000
[arm_coupling_monitor-9] [INFO] [1786549861.728145707] [my_drone_arm_coupling_monitor]: ARM_COUPLING_STATE {"com_body_flu_m": [-0.0031806346784648346, 0.0005691720443467274, -0.21446200292729015], "com_shift_m": [0.0008195531218020899, 0.0012418285626500953, -0.009980557865975348], "feedforward_acceleration_ned_m_s2": [-3.1817066408657897e-07, -1.0457371617898856e-06, -3.1815852198459324e-07], "filtered_joint_acceleration_peak_rad_s2": 0.00026648611834943515, "inertia_diag_kg_m2": [0.2144179307162222, 0.21493759904756607, 0.21276204983706887], "inertia_tensor_frame": "base_link_flu", "inertia_tensor_kg_m2": [[0.2144179307162222, -0.0005367275160465144, 0.006639996316334678], [-0.0005367275160465144, 0.21493759904756607, -4.171996621586335e-06], [0.006639996316334678, -4.171996621586335e-06, 0.21276204983706887]], "mass_kg": 4.0, "raw_joint_acceleration_peak_rad_s2": 6.167319120211785, "reaction_force_body_n": [4.113595547576793e-06, 1.505524954662805e-06, -1.244228408358059e-06], "reaction_torque_body_nm": [0.010273933121380896, 0.003946396903557896, 0.03246191593851475]}
[gazebo_direct_motor_model-5] [INFO] [1786549862.395289416] [my_drone_gazebo_direct_motor_model]: MOTOR_DYNAMIC_STATE sim_s=178.196 cmd_min=0.4678 cmd_mean=0.4814 cmd_max=0.4948 filtered_mean=0.4814 filtered_max=0.4948 esc_throttle_mean=0.5612 total_thrust_n=45.3250 body_up_force_n=39.2526 saturated_motors=0 rated_cap_command=1.0000 voltage_v=14.8000 thrust_scale=1.000000 current_a=0.0000
[arm_coupling_monitor-9] [INFO] [1786549863.056649916] [my_drone_arm_coupling_monitor]: ARM_COUPLING_STATE {"com_body_flu_m": [-0.003140516598636048, 0.0005857713415916288, -0.215140030464944], "com_shift_m": [0.0008596712016308763, 0.0012584278598949967, -0.010658585403629212], "feedforward_acceleration_ned_m_s2": [1.3972588063928662e-06, 4.857495155363763e-06, 0.00010106740400546148], "filtered_joint_acceleration_peak_rad_s2": 0.006996962485760223, "inertia_diag_kg_m2": [0.21507163949048516, 0.21553736507952903, 0.21271150899065114], "inertia_tensor_frame": "base_link_flu", "inertia_tensor_kg_m2": [[0.21507163949048516, -0.0005454374154706958, 0.0068890165510042956], [-0.0005454374154706958, 0.21553736507952903, -9.313591912149879e-07], [0.0068890165510042956, -9.313591912149879e-07, 0.21271150899065114]], "mass_kg": 4.0, "raw_joint_acceleration_peak_rad_s2": 6.309603831662792, "reaction_force_body_n": [-1.9325776066919816e-05, -8.126327446346501e-06, 0.0004042315686358495], "reaction_torque_body_nm": [0.011008064937834934, 0.0039761265195927846, 0.0322573663304068]}
[gazebo_direct_motor_model-5] [INFO] [1786549863.385291738] [my_drone_gazebo_direct_motor_model]: MOTOR_DYNAMIC_STATE sim_s=179.196 cmd_min=0.4677 cmd_mean=0.4816 cmd_max=0.4957 filtered_mean=0.4816 filtered_max=0.4957 esc_throttle_mean=0.5613 total_thrust_n=45.3424 body_up_force_n=39.2677 saturated_motors=0 rated_cap_command=1.0000 voltage_v=14.8000 thrust_scale=1.000000 current_a=0.0000
[gazebo_direct_motor_model-5] [INFO] [1786549864.378000778] [my_drone_gazebo_direct_motor_model]: MOTOR_DYNAMIC_STATE sim_s=180.196 cmd_min=0.4690 cmd_mean=0.4814 cmd_max=0.4942 filtered_mean=0.4814 filtered_max=0.4942 esc_throttle_mean=0.5615 total_thrust_n=45.3229 body_up_force_n=39.2508 saturated_motors=0 rated_cap_command=1.0000 voltage_v=14.8000 thrust_scale=1.000000 current_a=0.0000
[arm_coupling_monitor-9] [INFO] [1786549864.382584301] [my_drone_arm_coupling_monitor]: ARM_COUPLING_STATE {"com_body_flu_m": [-0.0031020977153212257, 0.0006017169504742032, -0.21581983790626838], "com_shift_m": [0.0008980900849456987, 0.001274373468777571, -0.011338392844953582], "feedforward_acceleration_ned_m_s2": [-3.9468005092872955e-07, -1.0990248726079668e-06, -1.253799991831145e-06], "filtered_joint_acceleration_peak_rad_s2": 0.00025154875744840384, "inertia_diag_kg_m2": [0.21575359053347268, 0.21615963753324546, 0.21265535362066468], "inertia_tensor_frame": "base_link_flu", "inertia_tensor_kg_m2": [[0.21575359053347268, -0.0005534678826481767, 0.007136054724867669], [-0.0005534678826481767, 0.21615963753324546, 2.771701793134393e-06], [0.007136054724867669, 2.771701793134393e-06, 0.21265535362066468]], "mass_kg": 4.0, "raw_joint_acceleration_peak_rad_s2": 6.379777939775599, "reaction_force_body_n": [4.321828459298853e-06, 1.7673310596976978e-06, -5.016833524990417e-06], "reaction_torque_body_nm": [0.011752881899078624, 0.004053193020650672, 0.032023424990992005]}
[gazebo_direct_motor_model-5] [INFO] [1786549865.384566088] [my_drone_gazebo_direct_motor_model]: MOTOR_DYNAMIC_STATE sim_s=181.196 cmd_min=0.4685 cmd_mean=0.4813 cmd_max=0.4940 filtered_mean=0.4813 filtered_max=0.4940 esc_throttle_mean=0.5614 total_thrust_n=45.3095 body_up_force_n=39.2392 saturated_motors=0 rated_cap_command=1.0000 voltage_v=14.8000 thrust_scale=1.000000 current_a=0.0000
[arm_coupling_monitor-9] [INFO] [1786549865.399582363] [my_drone_arm_coupling_monitor]: ARM_COUPLING_STATE {"com_body_flu_m": [-0.0030746300981656597, 0.0006131270175766569, -0.21632670936905585], "com_shift_m": [0.0009255577021012647, 0.0012857835358800248, -0.011845264307741049], "feedforward_acceleration_ned_m_s2": [1.5054529896308702e-06, 3.0863138651907584e-06, 7.886890826688415e-05], "filtered_joint_acceleration_peak_rad_s2": 0.0056908751413031625, "inertia_diag_kg_m2": [0.21627933790658901, 0.21663724053969416, 0.21260989218235296], "inertia_tensor_frame": "base_link_flu", "inertia_tensor_kg_m2": [[0.21627933790658901, -0.0005589754423548298, 0.007318330507881397], [-0.0005589754423548298, 0.21663724053969416, 5.778726164131984e-06], [0.007318330507881397, 5.778726164131984e-06, 0.21260989218235296]], "mass_kg": 4.0, "raw_joint_acceleration_peak_rad_s2": 6.411545543570583, "reaction_force_body_n": [-1.276808558699428e-05, -5.259304714694119e-06, 0.0003154724366967414], "reaction_torque_body_nm": [0.012302173820471695, 0.004053147299366702, 0.031823267659170804]}
[gazebo_direct_motor_model-5] [INFO] [1786549866.387948208] [my_drone_gazebo_direct_motor_model]: MOTOR_DYNAMIC_STATE sim_s=182.196 cmd_min=0.4666 cmd_mean=0.4804 cmd_max=0.4939 filtered_mean=0.4804 filtered_max=0.4939 esc_throttle_mean=0.5595 total_thrust_n=45.2283 body_up_force_n=39.1689 saturated_motors=0 rated_cap_command=1.0000 voltage_v=14.8000 thrust_scale=1.000000 current_a=0.0000
[arm_coupling_monitor-9] [INFO] [1786549866.732438113] [my_drone_arm_coupling_monitor]: ARM_COUPLING_STATE {"com_body_flu_m": [-0.0030398604622132105, 0.0006275504209156627, -0.21699690719063772], "com_shift_m": [0.0009603273380537139, 0.0013002069392190306, -0.012515462129322918], "feedforward_acceleration_ned_m_s2": [-3.5736505797443257e-07, -8.567988165666577e-07, 2.8493107320181434e-06], "filtered_joint_acceleration_peak_rad_s2": 0.0005728443102829669, "inertia_diag_kg_m2": [0.21699714378902982, 0.21728660180432552, 0.21254504498214918], "inertia_tensor_frame": "base_link_flu", "inertia_tensor_kg_m2": [[0.21699714378902982, -0.0005655985688098361, 0.007556552371078533], [-0.0005655985688098361, 0.21728660180432552, 1.0007845850789829e-05], [0.007556552371078533, 1.0007845850789829e-05, 0.21254504498214918]], "mass_kg": 4.0, "raw_joint_acceleration_peak_rad_s2": 6.440510151981446, "reaction_force_body_n": [3.4003129349614086e-06, 1.554596995980466e-06, 1.1388909975657042e-05], "reaction_torque_body_nm": [0.013040454912557604, 0.004114447746573105, 0.03154677158049656]}
[gazebo_direct_motor_model-5] [INFO] [1786549867.387658804] [my_drone_gazebo_direct_motor_model]: MOTOR_DYNAMIC_STATE sim_s=183.196 cmd_min=0.4681 cmd_mean=0.4818 cmd_max=0.4954 filtered_mean=0.4818 filtered_max=0.4954 esc_throttle_mean=0.5617 total_thrust_n=45.3558 body_up_force_n=39.2793 saturated_motors=0 rated_cap_command=1.0000 voltage_v=14.8000 thrust_scale=1.000000 current_a=0.0000
[arm_coupling_monitor-9] [INFO] [1786549867.740308626] [my_drone_arm_coupling_monitor]: ARM_COUPLING_STATE {"com_body_flu_m": [-0.0030151744421619917, 0.0006377520316581623, -0.21749481482531782], "com_shift_m": [0.0009850133581049327, 0.0013104085499615302, -0.013013369764003024], "feedforward_acceleration_ned_m_s2": [-3.831638807830731e-07, -8.828689546921003e-07, 2.2847769962995427e-06], "filtered_joint_acceleration_peak_rad_s2": 0.0005497022255265167, "inertia_diag_kg_m2": [0.21754711310164043, 0.2177821896532319, 0.21249335682418696], "inertia_tensor_frame": "base_link_flu", "inertia_tensor_kg_m2": [[0.21754711310164043, -0.0005700132810562597, 0.007731291340673302], [-0.0005700132810562597, 0.2177821896532319, 1.3287248338211821e-05], [0.007731291340673302, 1.3287248338211821e-05, 0.21249335682418696]], "mass_kg": 4.0, "raw_joint_acceleration_peak_rad_s2": 6.445312690736663, "reaction_force_body_n": [3.448487001313215e-06, 1.6465058747887945e-06, 9.150989289814878e-06], "reaction_torque_body_nm": [0.013578693386138317, 0.004111255466998622, 0.0313001313206736]}
[gazebo_direct_motor_model-5] [INFO] [1786549868.385966144] [my_drone_gazebo_direct_motor_model]: MOTOR_DYNAMIC_STATE sim_s=184.196 cmd_min=0.4686 cmd_mean=0.4815 cmd_max=0.4942 filtered_mean=0.4815 filtered_max=0.4942 esc_throttle_mean=0.5616 total_thrust_n=45.3322 body_up_force_n=39.2588 saturated_motors=0 rated_cap_command=1.0000 voltage_v=14.8000 thrust_scale=1.000000 current_a=0.0000
[arm_coupling_monitor-9] [INFO] [1786549869.055894976] [my_drone_arm_coupling_monitor]: ARM_COUPLING_STATE {"com_body_flu_m": [-0.0029842368243996175, 0.0006504492486713934, -0.2181488637317501], "com_shift_m": [0.001015950975867307, 0.0013231057669747612, -0.013667418670435305], "feedforward_acceleration_ned_m_s2": [-5.731788412215833e-07, -1.2781837518125692e-06, -7.234946964228294e-06], "filtered_joint_acceleration_peak_rad_s2": 0.00010267828296962747, "inertia_diag_kg_m2": [0.2182911647253042, 0.21845022505301406, 0.21242088169336343], "inertia_tensor_frame": "base_link_flu", "inertia_tensor_kg_m2": [[0.2182911647253042, -0.0005751288658336665, 0.007957648675804598], [-0.0005751288658336665, 0.21845022505301406, 1.7699301713055074e-05], [0.007957648675804598, 1.7699301713055074e-05, 0.21242088169336343]], "mass_kg": 4.0, "raw_joint_acceleration_peak_rad_s2": 6.444816070125503, "reaction_force_body_n": [5.093729490824429e-06, 2.4132562041082015e-06, -2.8933337840102833e-05], "reaction_torque_body_nm": [0.014284780016355532, 0.0041000241729758176, 0.030948843306089296]}
[gazebo_direct_motor_model-5] [INFO] [1786549869.382125098] [my_drone_gazebo_direct_motor_model]: MOTOR_DYNAMIC_STATE sim_s=185.196 cmd_min=0.4691 cmd_mean=0.4812 cmd_max=0.4936 filtered_mean=0.4812 filtered_max=0.4936 esc_throttle_mean=0.5614 total_thrust_n=45.3049 body_up_force_n=39.2352 saturated_motors=0 rated_cap_command=1.0000 voltage_v=14.8000 thrust_scale=1.000000 current_a=0.0000
[arm_coupling_monitor-9] [INFO] [1786549870.060373342] [my_drone_arm_coupling_monitor]: ARM_COUPLING_STATE {"com_body_flu_m": [-0.002962492531301184, 0.0006592816823607281, -0.2186316047581142], "com_shift_m": [0.0010376952689657402, 0.001331938200664096, -0.014150159696799391], "feedforward_acceleration_ned_m_s2": [-5.393788105500115e-07, -1.130583504060406e-06, -4.9348795029575686e-06], "filtered_joint_acceleration_peak_rad_s2": 6.692149476456655e-05, "inertia_diag_kg_m2": [0.21885607276117142, 0.2189556857335728, 0.212364034261706], "inertia_tensor_frame": "base_link_flu", "inertia_tensor_kg_m2": [[0.21885607276117142, -0.0005783878710656665, 0.008122216571443049], [-0.0005783878710656665, 0.2189556857335728, 2.0980200456124226e-05], [0.008122216571443049, 2.0980200456124226e-05, 0.212364034261706]], "mass_kg": 4.0, "raw_joint_acceleration_peak_rad_s2": 6.426333416942323, "reaction_force_body_n": [4.531973692821497e-06, 2.24755605367553e-06, -1.9727256640174623e-05], "reaction_torque_body_nm": [0.014805851281056943, 0.004085192692808153, 0.03067186450870516]}
[gazebo_direct_motor_model-5] [INFO] [1786549870.385155302] [my_drone_gazebo_direct_motor_model]: MOTOR_DYNAMIC_STATE sim_s=186.196 cmd_min=0.4679 cmd_mean=0.4810 cmd_max=0.4937 filtered_mean=0.4810 filtered_max=0.4938 esc_throttle_mean=0.5609 total_thrust_n=45.2787 body_up_force_n=39.2125 saturated_motors=0 rated_cap_command=1.0000 voltage_v=14.8000 thrust_scale=1.000000 current_a=0.0000
[gazebo_direct_motor_model-5] [INFO] [1786549871.383180496] [my_drone_gazebo_direct_motor_model]: MOTOR_DYNAMIC_STATE sim_s=187.196 cmd_min=0.4675 cmd_mean=0.4813 cmd_max=0.4954 filtered_mean=0.4813 filtered_max=0.4954 esc_throttle_mean=0.5609 total_thrust_n=45.3137 body_up_force_n=39.2428 saturated_motors=0 rated_cap_command=1.0000 voltage_v=14.8000 thrust_scale=1.000000 current_a=0.0000
[arm_coupling_monitor-9] [INFO] [1786549871.387782801] [my_drone_arm_coupling_monitor]: ARM_COUPLING_STATE {"com_body_flu_m": [-0.0029354372439232158, 0.0006701111571395663, -0.21926350848096285], "com_shift_m": [0.0010647505563437087, 0.0013427676754429341, -0.01478206341964805], "feedforward_acceleration_ned_m_s2": [3.10117171172117e-07, 7.736505857641113e-06, 0.00016759050403399825], "filtered_joint_acceleration_peak_rad_s2": 0.012596405255649932, "inertia_diag_kg_m2": [0.2196157243310175, 0.21963322449229644, 0.2122852841092691], "inertia_tensor_frame": "base_link_flu", "inertia_tensor_kg_m2": [[0.2196157243310175, -0.0005819640130523369, 0.008334151610862116], [-0.0005819640130523369, 0.21963322449229644, 2.52298670804698e-05], [0.008334151610862116, 2.52298670804698e-05, 0.2122852841092691]], "mass_kg": 4.0, "raw_joint_acceleration_peak_rad_s2": 6.3890825269762965, "reaction_force_body_n": [-2.433590268473786e-05, -9.109001143044672e-06, 0.0006705737973894679], "reaction_torque_body_nm": [0.015482878556946479, 0.004003709484100153, 0.03028251524984962]}
[gazebo_direct_motor_model-5] [INFO] [1786549872.385973175] [my_drone_gazebo_direct_motor_model]: MOTOR_DYNAMIC_STATE sim_s=188.196 cmd_min=0.4678 cmd_mean=0.4808 cmd_max=0.4940 filtered_mean=0.4808 filtered_max=0.4940 esc_throttle_mean=0.5607 total_thrust_n=45.2672 body_up_force_n=39.2025 saturated_motors=0 rated_cap_command=1.0000 voltage_v=14.8000 thrust_scale=1.000000 current_a=0.0000
[arm_coupling_monitor-9] [INFO] [1786549872.393219994] [my_drone_arm_coupling_monitor]: ARM_COUPLING_STATE {"com_body_flu_m": [-0.002916673363527928, 0.0006774756491707903, -0.21972550443372435], "com_shift_m": [0.0010835144367389964, 0.0013501321674741582, -0.015244059372409552], "feedforward_acceleration_ned_m_s2": [-4.6439575961762506e-07, -9.833751766809655e-07, -2.4514227814980332e-06], "filtered_joint_acceleration_peak_rad_s2": 0.00025862648396984817, "inertia_diag_kg_m2": [0.22018560283128935, 0.22013997906808488, 0.21222457425670044], "inertia_tensor_frame": "base_link_flu", "inertia_tensor_kg_m2": [[0.22018560283128935, -0.000584066144648556, 0.00848641979146701], [-0.000584066144648556, 0.22013997906808488, 2.825233841644275e-05], [0.00848641979146701, 2.825233841644275e-05, 0.21222457425670044]], "mass_kg": 4.0, "raw_joint_acceleration_peak_rad_s2": 6.320021091255975, "reaction_force_body_n": [3.776783655740874e-06, 2.0771050600344883e-06, -9.823245940129923e-06], "reaction_torque_body_nm": [0.015977807759910593, 0.004019005673616299, 0.029969993504706006]}
[gazebo_direct_motor_model-5] [INFO] [1786549873.386204777] [my_drone_gazebo_direct_motor_model]: MOTOR_DYNAMIC_STATE sim_s=189.196 cmd_min=0.4699 cmd_mean=0.4816 cmd_max=0.4934 filtered_mean=0.4816 filtered_max=0.4934 esc_throttle_mean=0.5617 total_thrust_n=45.3423 body_up_force_n=39.2676 saturated_motors=0 rated_cap_command=1.0000 voltage_v=14.8000 thrust_scale=1.000000 current_a=0.0000
[arm_coupling_monitor-9] [INFO] [1786549873.736707116] [my_drone_arm_coupling_monitor]: ARM_COUPLING_STATE {"com_body_flu_m": [-0.0028936308146777466, 0.0006862889349721554, -0.22032459779141836], "com_shift_m": [0.0011065569855891778, 0.0013589454532755233, -0.01584315273010356], "feedforward_acceleration_ned_m_s2": [-3.083821943824698e-06, -4.161463064076266e-06, -0.00014150615154213633], "filtered_joint_acceleration_peak_rad_s2": 0.010135676369002675, "inertia_diag_kg_m2": [0.22094280692474885, 0.22081142895207917, 0.21214187321839623], "inertia_tensor_frame": "base_link_flu", "inertia_tensor_kg_m2": [[0.22094280692474885, -0.0005861232638444747, 0.008680241592854798], [-0.0005861232638444747, 0.22081142895207917, 3.198983847010287e-05], [0.008680241592854798, 3.198983847010287e-05, 0.21214187321839623]], "mass_kg": 4.0, "raw_joint_acceleration_peak_rad_s2": 6.2899476291808405, "reaction_force_body_n": [2.4276119103393065e-05, 9.837388136217745e-06, -0.0005657976620188795], "reaction_torque_body_nm": [0.01661626989963056, 0.004009944966703683, 0.029542137611465503]}
[gazebo_direct_motor_model-5] [INFO] [1786549874.387871146] [my_drone_gazebo_direct_motor_model]: MOTOR_DYNAMIC_STATE sim_s=190.196 cmd_min=0.4683 cmd_mean=0.4813 cmd_max=0.4941 filtered_mean=0.4813 filtered_max=0.4941 esc_throttle_mean=0.5614 total_thrust_n=45.3132 body_up_force_n=39.2424 saturated_motors=0 rated_cap_command=1.0000 voltage_v=14.8000 thrust_scale=1.000000 current_a=0.0000
[arm_coupling_monitor-9] [INFO] [1786549875.065029177] [my_drone_arm_coupling_monitor]: ARM_COUPLING_STATE {"com_body_flu_m": [-0.002872765620257036, 0.0006939669398600846, -0.22090337921540032], "com_shift_m": [0.0011274221800098884, 0.0013666234581634525, -0.01642193415408552], "feedforward_acceleration_ned_m_s2": [-4.936138809419195e-07, -1.5331366850131379e-06, -1.705985551051378e-05], "filtered_joint_acceleration_peak_rad_s2": 0.0008516425675110374, "inertia_diag_kg_m2": [0.22169386822476925, 0.22147544742947542, 0.21205767409372034], "inertia_tensor_frame": "base_link_flu", "inertia_tensor_kg_m2": [[0.22169386822476925, -0.0005873673485005913, 0.008863311016795345], [-0.0005873673485005913, 0.22147544742947542, 3.53210115212315e-05], [0.008863311016795345, 3.53210115212315e-05, 0.21205767409372034]], "mass_kg": 4.0, "raw_joint_acceleration_peak_rad_s2": 6.196378381825207, "reaction_force_body_n": [5.395053235220027e-06, 2.7561840738615952e-06, -6.827460856503038e-05], "reaction_torque_body_nm": [0.017219931689013722, 0.0038952448343436115, 0.029091075357655278]}
[gazebo_direct_motor_model-5] [INFO] [1786549875.390146782] [my_drone_gazebo_direct_motor_model]: MOTOR_DYNAMIC_STATE sim_s=191.196 cmd_min=0.4678 cmd_mean=0.4818 cmd_max=0.4961 filtered_mean=0.4818 filtered_max=0.4961 esc_throttle_mean=0.5615 total_thrust_n=45.3596 body_up_force_n=39.2826 saturated_motors=0 rated_cap_command=1.0000 voltage_v=14.8000 thrust_scale=1.000000 current_a=0.0000
[gazebo_direct_motor_model-5] [INFO] [1786549876.390494395] [my_drone_gazebo_direct_motor_model]: MOTOR_DYNAMIC_STATE sim_s=192.196 cmd_min=0.4693 cmd_mean=0.4816 cmd_max=0.4938 filtered_mean=0.4816 filtered_max=0.4938 esc_throttle_mean=0.5617 total_thrust_n=45.3391 body_up_force_n=39.2649 saturated_motors=0 rated_cap_command=1.0000 voltage_v=14.8000 thrust_scale=1.000000 current_a=0.0000
[arm_coupling_monitor-9] [INFO] [1786549876.421069944] [my_drone_arm_coupling_monitor]: ARM_COUPLING_STATE {"com_body_flu_m": [-0.002853962777732113, 0.0007005411329279974, -0.2214614175349709], "com_shift_m": [0.0011462250225348115, 0.0013731976512313653, -0.016979972473656096], "feedforward_acceleration_ned_m_s2": [6.553775692347663e-06, 1.751306284857468e-05, 0.0005240977546411188], "filtered_joint_acceleration_peak_rad_s2": 0.04138000741261824, "inertia_diag_kg_m2": [0.22243618389832207, 0.22212991605458715, 0.2119724466240709], "inertia_tensor_frame": "base_link_flu", "inertia_tensor_kg_m2": [[0.22243618389832207, -0.0005878485391543175, 0.00903562881956652], [-0.0005878485391543175, 0.22212991605458715, 3.818279981341547e-05], [0.00903562881956652, 3.818279981341547e-05, 0.2119724466240709]], "mass_kg": 4.0, "raw_joint_acceleration_peak_rad_s2": 6.048737230572917, "reaction_force_body_n": [-6.380068159983951e-05, -2.019256670874706e-05, 0.0020966572408320644], "reaction_torque_body_nm": [0.018252883142134923, 0.004629126873396032, 0.029361603863250936]}
[gazebo_direct_motor_model-5] [INFO] [1786549877.387255647] [my_drone_gazebo_direct_motor_model]: MOTOR_DYNAMIC_STATE sim_s=193.196 cmd_min=0.4692 cmd_mean=0.4813 cmd_max=0.4935 filtered_mean=0.4813 filtered_max=0.4935 esc_throttle_mean=0.5615 total_thrust_n=45.3142 body_up_force_n=39.2432 saturated_motors=0 rated_cap_command=1.0000 voltage_v=14.8000 thrust_scale=1.000000 current_a=0.0000
[arm_coupling_monitor-9] [INFO] [1786549877.744615517] [my_drone_arm_coupling_monitor]: ARM_COUPLING_STATE {"com_body_flu_m": [-0.0028372021756555774, 0.000706018852445256, -0.22199516321947607], "com_shift_m": [0.001162985624611347, 0.0013786753707486239, -0.017513718158161273], "feedforward_acceleration_ned_m_s2": [-5.15695646606416e-07, -1.0597579904276636e-06, -1.4952417302042922e-05], "filtered_joint_acceleration_peak_rad_s2": 0.0007400353684118779, "inertia_diag_kg_m2": [0.22316287758158088, 0.22276896140396119, 0.2118871698778287], "inertia_tensor_frame": "base_link_flu", "inertia_tensor_kg_m2": [[0.22316287758158088, -0.00058762431194216, 0.009196311306941048], [-0.00058762431194216, 0.22276896140396119, 4.051236843465988e-05], [0.009196311306941048, 4.051236843465988e-05, 0.2118871698778287]], "mass_kg": 4.0, "raw_joint_acceleration_peak_rad_s2": 5.9378714691212275, "reaction_force_body_n": [4.422664714626263e-06, 2.3807270452195324e-06, -5.978455628605389e-05], "reaction_torque_body_nm": [0.01834239858717277, 0.0037098896379087953, 0.028149713348969235]}
[gazebo_direct_motor_model-5] [INFO] [1786549878.385460118] [my_drone_gazebo_direct_motor_model]: MOTOR_DYNAMIC_STATE sim_s=194.196 cmd_min=0.4676 cmd_mean=0.4815 cmd_max=0.4952 filtered_mean=0.4815 filtered_max=0.4952 esc_throttle_mean=0.5612 total_thrust_n=45.3308 body_up_force_n=39.2577 saturated_motors=0 rated_cap_command=1.0000 voltage_v=14.8000 thrust_scale=1.000000 current_a=0.0000
[arm_coupling_monitor-9] [INFO] [1786549879.069612688] [my_drone_arm_coupling_monitor]: ARM_COUPLING_STATE {"com_body_flu_m": [-0.0028223574124752234, 0.0007104550253717382, -0.22250389493143918], "com_shift_m": [0.001177830387791701, 0.001383111543675106, -0.018022449870124385], "feedforward_acceleration_ned_m_s2": [-3.834001028736906e-07, -1.0890592847451887e-06, -1.4970886972337026e-05], "filtered_joint_acceleration_peak_rad_s2": 0.0007742360187394401, "inertia_diag_kg_m2": [0.22387070889375718, 0.2233899297091329, 0.21180242573778532], "inertia_tensor_frame": "base_link_flu", "inertia_tensor_kg_m2": [[0.22387070889375718, -0.0005867650414405237, 0.009345433878118318], [-0.0005867650414405237, 0.2233899297091329, 4.228019921647796e-05], [0.009345433878118318, 4.228019921647796e-05, 0.21180242573778532]], "mass_kg": 4.0, "raw_joint_acceleration_peak_rad_s2": 5.719611650285, "reaction_force_body_n": [4.08559709583535e-06, 2.2230729133198577e-06, -5.988099768074665e-05], "reaction_torque_body_nm": [0.01885246906880389, 0.0035980257402796214, 0.027665260030551034]}
[gazebo_direct_motor_model-5] [INFO] [1786549879.383433450] [my_drone_gazebo_direct_motor_model]: MOTOR_DYNAMIC_STATE sim_s=195.196 cmd_min=0.4688 cmd_mean=0.4812 cmd_max=0.4937 filtered_mean=0.4812 filtered_max=0.4937 esc_throttle_mean=0.5614 total_thrust_n=45.3029 body_up_force_n=39.2335 saturated_motors=0 rated_cap_command=1.0000 voltage_v=14.8000 thrust_scale=1.000000 current_a=0.0000
[gazebo_direct_motor_model-5] [INFO] [1786549880.385194739] [my_drone_gazebo_direct_motor_model]: MOTOR_DYNAMIC_STATE sim_s=196.196 cmd_min=0.4699 cmd_mean=0.4811 cmd_max=0.4923 filtered_mean=0.4811 filtered_max=0.4924 esc_throttle_mean=0.5612 total_thrust_n=45.2907 body_up_force_n=39.2229 saturated_motors=0 rated_cap_command=1.0000 voltage_v=14.8000 thrust_scale=1.000000 current_a=0.0000
[arm_coupling_monitor-9] [INFO] [1786549880.394638082] [my_drone_arm_coupling_monitor]: ARM_COUPLING_STATE {"com_body_flu_m": [-0.0028092605402352012, 0.0007139227391188031, -0.22298846350560278], "com_shift_m": [0.0011909272600317232, 0.001386579257422171, -0.01850701844428798], "feedforward_acceleration_ned_m_s2": [-1.899867986898613e-06, -3.5637305834403427e-06, -0.000126881300433612], "filtered_joint_acceleration_peak_rad_s2": 0.01000921736640634, "inertia_diag_kg_m2": [0.22455871415943596, 0.22399215834057135, 0.21171852116077783], "inertia_tensor_frame": "base_link_flu", "inertia_tensor_kg_m2": [[0.22455871415943596, -0.0005853399768838531, 0.009483566484868722], [-0.0005853399768838531, 0.22399215834057135, 4.347655377171227e-05], [0.009483566484868722, 4.347655377171227e-05, 0.21171852116077783]], "mass_kg": 4.0, "raw_joint_acceleration_peak_rad_s2": 5.58727409395387, "reaction_force_body_n": [1.537794134212395e-05, 4.89697181861335e-06, -0.0005075256877905807], "reaction_torque_body_nm": [0.019330108159687453, 0.0035158592483998117, 0.02717598386397118]}
[gazebo_direct_motor_model-5] [INFO] [1786549881.387093262] [my_drone_gazebo_direct_motor_model]: MOTOR_DYNAMIC_STATE sim_s=197.196 cmd_min=0.4669 cmd_mean=0.4810 cmd_max=0.4949 filtered_mean=0.4810 filtered_max=0.4949 esc_throttle_mean=0.5603 total_thrust_n=45.2879 body_up_force_n=39.2204 saturated_motors=0 rated_cap_command=1.0000 voltage_v=14.8000 thrust_scale=1.000000 current_a=0.0000
[arm_coupling_monitor-9] [INFO] [1786549881.410852279] [my_drone_arm_coupling_monitor]: ARM_COUPLING_STATE {"com_body_flu_m": [-0.002800556289442554, 0.0007159171019180087, -0.22333386862826302], "com_shift_m": [0.0011996315108243703, 0.0013885736202213766, -0.018852423566948218], "feedforward_acceleration_ned_m_s2": [-2.849960539426166e-07, -9.466376931517091e-07, -1.6156295133950725e-05], "filtered_joint_acceleration_peak_rad_s2": 0.0009403766916129277, "inertia_diag_kg_m2": [0.2250573496664347, 0.22442782617196244, 0.2116567912920882], "inertia_tensor_frame": "base_link_flu", "inertia_tensor_kg_m2": [[0.2250573496664347, -0.0005839514231880947, 0.009579560946794552], [-0.0005839514231880947, 0.22442782617196244, 4.399559086418203e-05], [0.009579560946794552, 4.399559086418203e-05, 0.2116567912920882]], "mass_kg": 4.0, "raw_joint_acceleration_peak_rad_s2": 5.406594695353913, "reaction_force_body_n": [3.622961756879119e-06, 1.9356218224432565e-06, -6.461562509424114e-05], "reaction_torque_body_nm": [0.019660747958596937, 0.003372832906675549, 0.026805512486306582]}
[gazebo_direct_motor_model-5] [INFO] [1786549882.391588948] [my_drone_gazebo_direct_motor_model]: MOTOR_DYNAMIC_STATE sim_s=198.196 cmd_min=0.4694 cmd_mean=0.4817 cmd_max=0.4942 filtered_mean=0.4817 filtered_max=0.4942 esc_throttle_mean=0.5618 total_thrust_n=45.3528 body_up_force_n=39.2767 saturated_motors=0 rated_cap_command=1.0000 voltage_v=14.8000 thrust_scale=1.000000 current_a=0.0000
[arm_coupling_monitor-9] [INFO] [1786549882.419335528] [my_drone_arm_coupling_monitor]: ARM_COUPLING_STATE {"com_body_flu_m": [-0.0027927313933264475, 0.000717433361916351, -0.22366419750313643], "com_shift_m": [0.001207456406940477, 0.001390089880219719, -0.019182752441821632], "feedforward_acceleration_ned_m_s2": [-3.94660520464654e-07, -8.279049825387622e-07, -1.5149411781779312e-05], "filtered_joint_acceleration_peak_rad_s2": 0.0008895749540304349, "inertia_diag_kg_m2": [0.22554062301742434, 0.22484944719944783, 0.21159624087053305], "inertia_tensor_frame": "base_link_flu", "inertia_tensor_kg_m2": [[0.22554062301742434, -0.0005823250571605056, 0.009669341979682273], [-0.0005823250571605056, 0.22484944719944783, 4.420060697978099e-05], [0.009669341979682273, 4.420060697978099e-05, 0.21159624087053305]], "mass_kg": 4.0, "raw_joint_acceleration_peak_rad_s2": 0.000923644019638656, "reaction_force_body_n": [3.284227228912117e-06, 1.7694044423546203e-06, -6.0593867958360973e-05], "reaction_torque_body_nm": [0.01997218673677551, 0.003265157769277975, 0.0264372775905063]}
[gazebo_direct_motor_model-5] [INFO] [1786549883.389903725] [my_drone_gazebo_direct_motor_model]: MOTOR_DYNAMIC_STATE sim_s=199.196 cmd_min=0.4689 cmd_mean=0.4809 cmd_max=0.4927 filtered_mean=0.4809 filtered_max=0.4927 esc_throttle_mean=0.5611 total_thrust_n=45.2732 body_up_force_n=39.2077 saturated_motors=0 rated_cap_command=1.0000 voltage_v=14.8000 thrust_scale=1.000000 current_a=0.0000
[arm_coupling_monitor-9] [INFO] [1786549883.729692725] [my_drone_arm_coupling_monitor]: ARM_COUPLING_STATE {"com_body_flu_m": [-0.002783577145006771, 0.0007187720776022817, -0.22408049728808938], "com_shift_m": [0.0012166106552601533, 0.0013914285959056496, -0.019599052226774577], "feedforward_acceleration_ned_m_s2": [-4.260949487605236e-07, -8.558946307416587e-07, -1.5227125400552355e-05], "filtered_joint_acceleration_peak_rad_s2": 0.0009438602316134002, "inertia_diag_kg_m2": [0.226158592459711, 0.2253877052365878, 0.2115177951529826], "inertia_tensor_frame": "base_link_flu", "inertia_tensor_kg_m2": [[0.226158592459711, -0.0005798484896797308, 0.00977952800070348], [-0.0005798484896797308, 0.2253877052365878, 4.4008822080163386e-05], [0.00977952800070348, 4.4008822080163386e-05, 0.2115177951529826]], "mass_kg": 4.0, "raw_joint_acceleration_peak_rad_s2": 5.09948903086494, "reaction_force_body_n": [2.978377182444877e-06, 1.5685093990521444e-06, -6.093554312090104e-05], "reaction_torque_body_nm": [0.020354397446398748, 0.0031131425820716046, 0.025950110272460917]}
[gazebo_direct_motor_model-5] [INFO] [1786549884.387068208] [my_drone_gazebo_direct_motor_model]: MOTOR_DYNAMIC_STATE sim_s=200.196 cmd_min=0.4673 cmd_mean=0.4814 cmd_max=0.4954 filtered_mean=0.4814 filtered_max=0.4954 esc_throttle_mean=0.5609 total_thrust_n=45.3227 body_up_force_n=39.2506 saturated_motors=0 rated_cap_command=1.0000 voltage_v=14.8000 thrust_scale=1.000000 current_a=0.0000
[arm_coupling_monitor-9] [INFO] [1786549885.064189792] [my_drone_arm_coupling_monitor]: ARM_COUPLING_STATE {"com_body_flu_m": [-0.002775749197228639, 0.0007194147690466612, -0.2244695258397447], "com_shift_m": [0.0012244386030382855, 0.0013920712873500291, -0.019988080778429895], "feedforward_acceleration_ned_m_s2": [-2.8520212708867246e-07, -4.826661850755895e-07, -5.755076598880681e-06], "filtered_joint_acceleration_peak_rad_s2": 0.00016038189528491334, "inertia_diag_kg_m2": [0.22674507723538312, 0.2258976490765517, 0.21144230333137626], "inertia_tensor_frame": "base_link_flu", "inertia_tensor_kg_m2": [[0.22674507723538312, -0.0005770911465830765, 0.00987934910620605], [-0.0005770911465830765, 0.2258976490765517, 4.332577737850389e-05], [0.00987934910620605, 4.332577737850389e-05, 0.21144230333137626]], "mass_kg": 4.0, "raw_joint_acceleration_peak_rad_s2": 4.828134615295865, "reaction_force_body_n": [1.9517762777756877e-06, 1.3297695313104698e-06, -2.300838323939855e-05], "reaction_torque_body_nm": [0.020700888539181103, 0.0029507559014036325, 0.025471648118854086]}
[gazebo_direct_motor_model-5] [INFO] [1786549885.389909344] [my_drone_gazebo_direct_motor_model]: MOTOR_DYNAMIC_STATE sim_s=201.196 cmd_min=0.4696 cmd_mean=0.4812 cmd_max=0.4927 filtered_mean=0.4812 filtered_max=0.4927 esc_throttle_mean=0.5614 total_thrust_n=45.3067 body_up_force_n=39.2368 saturated_motors=0 rated_cap_command=1.0000 voltage_v=14.8000 thrust_scale=1.000000 current_a=0.0000
[arm_coupling_monitor-9] [INFO] [1786549886.070202544] [my_drone_arm_coupling_monitor]: ARM_COUPLING_STATE {"com_body_flu_m": [-0.002770663763827761, 0.0007194956575330008, -0.22474363701757277], "com_shift_m": [0.0012295240364391634, 0.0013921521758363687, -0.020262191956257974], "feedforward_acceleration_ned_m_s2": [-3.369968779159466e-07, -4.771124215446834e-07, -8.443381742119217e-06], "filtered_joint_acceleration_peak_rad_s2": 0.00042832369656558504, "inertia_diag_kg_m2": [0.22716354178862147, 0.22626097867490097, 0.21138782454622743], "inertia_tensor_frame": "base_link_flu", "inertia_tensor_kg_m2": [[0.22716354178862147, -0.0005748838203854633, 0.00994776168283584], [-0.0005748838203854633, 0.22626097867490097, 4.252250059199811e-05], [0.00994776168283584, 4.252250059199811e-05, 0.21138782454622743]], "mass_kg": 4.0, "raw_joint_acceleration_peak_rad_s2": 4.621380651052111, "reaction_force_body_n": [1.9743398754826358e-06, 1.20845556602541e-06, -3.3775020231344534e-05], "reaction_torque_body_nm": [0.02093373604499932, 0.00282159693584635, 0.02511528847349436]}
[gazebo_direct_motor_model-5] [INFO] [1786549886.385231517] [my_drone_gazebo_direct_motor_model]: MOTOR_DYNAMIC_STATE sim_s=202.196 cmd_min=0.4691 cmd_mean=0.4811 cmd_max=0.4934 filtered_mean=0.4811 filtered_max=0.4934 esc_throttle_mean=0.5613 total_thrust_n=45.2951 body_up_force_n=39.2267 saturated_motors=0 rated_cap_command=1.0000 voltage_v=14.8000 thrust_scale=1.000000 current_a=0.0000
[gazebo_direct_motor_model-5] [INFO] [1786549887.384331798] [my_drone_gazebo_direct_motor_model]: MOTOR_DYNAMIC_STATE sim_s=203.196 cmd_min=0.4673 cmd_mean=0.4808 cmd_max=0.4946 filtered_mean=0.4808 filtered_max=0.4946 esc_throttle_mean=0.5604 total_thrust_n=45.2688 body_up_force_n=39.2039 saturated_motors=0 rated_cap_command=1.0000 voltage_v=14.8000 thrust_scale=1.000000 current_a=0.0000
[arm_coupling_monitor-9] [INFO] [1786549887.397831489] [my_drone_arm_coupling_monitor]: ARM_COUPLING_STATE {"com_body_flu_m": [-0.002764823569044691, 0.0007191424711391683, -0.2250859064841724], "com_shift_m": [0.0012353642312222333, 0.0013917989894425362, -0.0206044614228576], "feedforward_acceleration_ned_m_s2": [-1.3228709617582234e-07, -5.210134807987914e-07, -9.075288752209286e-06], "filtered_joint_acceleration_peak_rad_s2": 0.0005285271352073198, "inertia_diag_kg_m2": [0.2276921282138665, 0.22671930650976105, 0.2113182828014948], "inertia_tensor_frame": "base_link_flu", "inertia_tensor_kg_m2": [[0.2276921282138665, -0.0005718120315512422, 0.010030842510604095], [-0.0005718120315512422, 0.22671930650976105, 4.111114569973172e-05], [0.010030842510604095, 4.111114569973172e-05, 0.2113182828014948]], "mass_kg": 4.0, "raw_joint_acceleration_peak_rad_s2": 4.426561032224746, "reaction_force_body_n": [1.783837592805672e-06, 1.0307968017573824e-06, -3.630637017300712e-05], "reaction_torque_body_nm": [0.02121484203720646, 0.0026451624972450623, 0.024652790249678286]}
[gazebo_direct_motor_model-5] [INFO] [1786549888.387971850] [my_drone_gazebo_direct_motor_model]: MOTOR_DYNAMIC_STATE sim_s=204.196 cmd_min=0.4696 cmd_mean=0.4815 cmd_max=0.4934 filtered_mean=0.4815 filtered_max=0.4934 esc_throttle_mean=0.5616 total_thrust_n=45.3335 body_up_force_n=39.2599 saturated_motors=0 rated_cap_command=1.0000 voltage_v=14.8000 thrust_scale=1.000000 current_a=0.0000
[arm_coupling_monitor-9] [INFO] [1786549888.731789869] [my_drone_arm_coupling_monitor]: ARM_COUPLING_STATE {"com_body_flu_m": [-0.002759971104369815, 0.0007183519098875775, -0.22540012295296952], "com_shift_m": [0.0012402166958971096, 0.0013910084281909454, -0.02091867789165472], "feedforward_acceleration_ned_m_s2": [-2.9692719283307324e-07, -4.49295364538601e-07, -1.5408281194516757e-05], "filtered_joint_acceleration_peak_rad_s2": 0.0011573450605709653, "inertia_diag_kg_m2": [0.228183331909846, 0.22714460988407978, 0.21125293469590137], "inertia_tensor_frame": "base_link_flu", "inertia_tensor_kg_m2": [[0.228183331909846, -0.0005686750408516661, 0.010104713661789218], [-0.0005686750408516661, 0.22714460988407978, 3.938245073370657e-05], [0.010104713661789218, 3.938245073370657e-05, 0.21125293469590137]], "mass_kg": 4.0, "raw_joint_acceleration_peak_rad_s2": 4.1137760582549125, "reaction_force_body_n": [1.9351889637798217e-06, 7.71945507612059e-07, -6.163555570476797e-05], "reaction_torque_body_nm": [0.02145918973729475, 0.002464914469352746, 0.02420667192065997]}
[gazebo_direct_motor_model-5] [INFO] [1786549889.382717931] [my_drone_gazebo_direct_motor_model]: MOTOR_DYNAMIC_STATE sim_s=205.196 cmd_min=0.4699 cmd_mean=0.4813 cmd_max=0.4929 filtered_mean=0.4813 filtered_max=0.4929 esc_throttle_mean=0.5615 total_thrust_n=45.3141 body_up_force_n=39.2432 saturated_motors=0 rated_cap_command=1.0000 voltage_v=14.8000 thrust_scale=1.000000 current_a=0.0000
[arm_coupling_monitor-9] [INFO] [1786549890.069202474] [my_drone_arm_coupling_monitor]: ARM_COUPLING_STATE {"com_body_flu_m": [-0.002755966687575292, 0.0007172163560340318, -0.22568774108751852], "com_shift_m": [0.0012442211126916323, 0.0013898728743373997, -0.02120629602620372], "feedforward_acceleration_ned_m_s2": [-1.600306836220628e-08, -4.2833161840369714e-07, -1.6794983193951905e-05], "filtered_joint_acceleration_peak_rad_s2": 0.0013418461387324945, "inertia_diag_kg_m2": [0.22863794702566348, 0.22753771134761716, 0.2111918327213913], "inertia_tensor_frame": "base_link_flu", "inertia_tensor_kg_m2": [[0.22863794702566348, -0.000565529965243447, 0.010170216932401412], [-0.000565529965243447, 0.22753771134761716, 3.7405846355355495e-05], [0.010170216932401412, 3.7405846355355495e-05, 0.2111918327213913]], "mass_kg": 4.0, "raw_joint_acceleration_peak_rad_s2": 3.8598454165799683, "reaction_force_body_n": [1.7650498223370545e-06, 5.371271630437085e-07, -6.717647688345794e-05], "reaction_torque_body_nm": [0.02166877598164672, 0.0022771326787683886, 0.0237779527028369]}
[gazebo_direct_motor_model-5] [INFO] [1786549890.393856716] [my_drone_gazebo_direct_motor_model]: MOTOR_DYNAMIC_STATE sim_s=206.196 cmd_min=0.4675 cmd_mean=0.4812 cmd_max=0.4949 filtered_mean=0.4812 filtered_max=0.4949 esc_throttle_mean=0.5609 total_thrust_n=45.3061 body_up_force_n=39.2363 saturated_motors=0 rated_cap_command=1.0000 voltage_v=14.8000 thrust_scale=1.000000 current_a=0.0000
[gazebo_direct_motor_model-5] [INFO] [1786549891.388256322] [my_drone_gazebo_direct_motor_model]: MOTOR_DYNAMIC_STATE sim_s=207.196 cmd_min=0.4682 cmd_mean=0.4813 cmd_max=0.4945 filtered_mean=0.4813 filtered_max=0.4945 esc_throttle_mean=0.5614 total_thrust_n=45.3132 body_up_force_n=39.2424 saturated_motors=0 rated_cap_command=1.0000 voltage_v=14.8000 thrust_scale=1.000000 current_a=0.0000
[arm_coupling_monitor-9] [INFO] [1786549891.401067129] [my_drone_arm_coupling_monitor]: ARM_COUPLING_STATE {"com_body_flu_m": [-0.0027526879548464746, 0.0007158204610816059, -0.2259500261887841], "com_shift_m": [0.0012474998454204498, 0.0013884769793849738, -0.0214685811274693], "feedforward_acceleration_ned_m_s2": [-1.1194146670539057e-07, -3.2576671856756913e-07, -7.52943883636774e-06], "filtered_joint_acceleration_peak_rad_s2": 0.0005152848702627181, "inertia_diag_kg_m2": [0.22905668492792725, 0.22789934620598626, 0.2111350230772917], "inertia_tensor_frame": "base_link_flu", "inertia_tensor_kg_m2": [[0.22905668492792725, -0.0005624276351225619, 0.010228105840914686], [-0.0005624276351225619, 0.22789934620598626, 3.52494764889336e-05], [0.010228105840914686, 3.52494764889336e-05, 0.2111350230772917]], "mass_kg": 4.0, "raw_joint_acceleration_peak_rad_s2": 3.5765666035541908, "reaction_force_body_n": [1.0939817384709584e-06, 5.49498463401905e-07, -3.0124390782131455e-05], "reaction_torque_body_nm": [0.021845523611062515, 0.0020800017317259495, 0.02336767705576751]}
[gazebo_direct_motor_model-5] [INFO] [1786549892.385181874] [my_drone_gazebo_direct_motor_model]: MOTOR_DYNAMIC_STATE sim_s=208.196 cmd_min=0.4701 cmd_mean=0.4813 cmd_max=0.4922 filtered_mean=0.4813 filtered_max=0.4922 esc_throttle_mean=0.5614 total_thrust_n=45.3087 body_up_force_n=39.2385 saturated_motors=0 rated_cap_command=1.0000 voltage_v=14.8000 thrust_scale=1.000000 current_a=0.0000
[arm_coupling_monitor-9] [INFO] [1786549892.721687955] [my_drone_arm_coupling_monitor]: ARM_COUPLING_STATE {"com_body_flu_m": [-0.002750048799781895, 0.00071425671189616, -0.22618604435923184], "com_shift_m": [0.0012501390004850295, 0.0013869132301995279, -0.021704599297917043], "feedforward_acceleration_ned_m_s2": [-1.503343145243856e-07, -1.2498866657208406e-07, -1.3785400894692323e-05], "filtered_joint_acceleration_peak_rad_s2": 0.0011604311477905326, "inertia_diag_kg_m2": [0.22943688830528874, 0.2282273317877537, 0.21108299948827122], "inertia_tensor_frame": "base_link_flu", "inertia_tensor_kg_m2": [[0.22943688830528874, -0.0005594399740723767, 0.01027862680187696], [-0.0005594399740723767, 0.2282273317877537, 3.300031948030944e-05], [0.01027862680187696, 3.300031948030944e-05, 0.21108299948827122]], "mass_kg": 4.0, "raw_joint_acceleration_peak_rad_s2": 3.3131133215570383, "reaction_force_body_n": [1.1914861335074074e-06, 2.1568954781207782e-07, -5.5133853894110167e-05], "reaction_torque_body_nm": [0.021989893311247195, 0.0018872971873448293, 0.022980609282928274]}
[gazebo_direct_motor_model-5] [INFO] [1786549893.384415180] [my_drone_gazebo_direct_motor_model]: MOTOR_DYNAMIC_STATE sim_s=209.196 cmd_min=0.4689 cmd_mean=0.4815 cmd_max=0.4941 filtered_mean=0.4815 filtered_max=0.4941 esc_throttle_mean=0.5616 total_thrust_n=45.3275 body_up_force_n=39.2548 saturated_motors=0 rated_cap_command=1.0000 voltage_v=14.8000 thrust_scale=1.000000 current_a=0.0000
[arm_coupling_monitor-9] [INFO] [1786549893.735364541] [my_drone_arm_coupling_monitor]: ARM_COUPLING_STATE {"com_body_flu_m": [-0.002748422035105825, 0.0007130167316339343, -0.22634695688127024], "com_shift_m": [0.0012517657651610996, 0.0013856732499373022, -0.02186551181995544], "feedforward_acceleration_ned_m_s2": [2.7177988891659278e-08, -3.110256790902467e-07, -1.0872582798479501e-05], "filtered_joint_acceleration_peak_rad_s2": 0.0009118397514543053, "inertia_diag_kg_m2": [0.22969795262930567, 0.22845233644089497, 0.2110470329498672], "inertia_tensor_frame": "base_link_flu", "inertia_tensor_kg_m2": [[0.22969795262930567, -0.000557294166878935, 0.01031218580567703], [-0.000557294166878935, 0.22845233644089497, 3.128941495906309e-05], [0.01031218580567703, 3.128941495906309e-05, 0.2110470329498672]], "mass_kg": 4.0, "raw_joint_acceleration_peak_rad_s2": 2.9413603821384218, "reaction_force_body_n": [9.441615532379226e-07, 1.804044614417232e-07, -4.3497638216419255e-05], "reaction_torque_body_nm": [0.02207858565555448, 0.001738393941938995, 0.02270530976490248]}
[gazebo_direct_motor_model-5] [INFO] [1786549894.389971509] [my_drone_gazebo_direct_motor_model]: MOTOR_DYNAMIC_STATE sim_s=210.196 cmd_min=0.4687 cmd_mean=0.4814 cmd_max=0.4944 filtered_mean=0.4814 filtered_max=0.4944 esc_throttle_mean=0.5615 total_thrust_n=45.3220 body_up_force_n=39.2500 saturated_motors=0 rated_cap_command=1.0000 voltage_v=14.8000 thrust_scale=1.000000 current_a=0.0000
[arm_coupling_monitor-9] [INFO] [1786549895.071489593] [my_drone_arm_coupling_monitor]: ARM_COUPLING_STATE {"com_body_flu_m": [-0.0027466563943189005, 0.0007113337174858708, -0.22654027181811126], "com_shift_m": [0.001253531405948024, 0.0013839902357892387, -0.022058826756796462], "feedforward_acceleration_ned_m_s2": [-9.657821446772122e-08, -1.1480359119182108e-07, -7.072711035730081e-07], "filtered_joint_acceleration_peak_rad_s2": 5.302724108153364e-05, "inertia_diag_kg_m2": [0.2300135716662453, 0.2287241366175565, 0.21100328254072112], "inertia_tensor_frame": "base_link_flu", "inertia_tensor_kg_m2": [[0.2300135716662453, -0.0005545970606426075, 0.01035152050175023], [-0.0005545970606426075, 0.2287241366175565, 2.9033731990370584e-05], [0.01035152050175023, 2.9033731990370584e-05, 0.21100328254072112]], "mass_kg": 4.0, "raw_joint_acceleration_peak_rad_s2": 2.6524682297887408, "reaction_force_body_n": [4.4164554126165617e-07, 4.0858807067714484e-07, -2.8287522133511643e-06], "reaction_torque_body_nm": [0.022172147412111282, 0.0015373311825817963, 0.022360215279243006]}
[gazebo_direct_motor_model-5] [INFO] [1786549895.384792406] [my_drone_gazebo_direct_motor_model]: MOTOR_DYNAMIC_STATE sim_s=211.196 cmd_min=0.4694 cmd_mean=0.4811 cmd_max=0.4929 filtered_mean=0.4811 filtered_max=0.4929 esc_throttle_mean=0.5612 total_thrust_n=45.2908 body_up_force_n=39.2230 saturated_motors=0 rated_cap_command=1.0000 voltage_v=14.8000 thrust_scale=1.000000 current_a=0.0000
[gazebo_direct_motor_model-5] [INFO] [1786549896.383956641] [my_drone_gazebo_direct_motor_model]: MOTOR_DYNAMIC_STATE sim_s=212.196 cmd_min=0.4685 cmd_mean=0.4811 cmd_max=0.4934 filtered_mean=0.4811 filtered_max=0.4934 esc_throttle_mean=0.5613 total_thrust_n=45.2919 body_up_force_n=39.2239 saturated_motors=0 rated_cap_command=1.0000 voltage_v=14.8000 thrust_scale=1.000000 current_a=0.0000
[arm_coupling_monitor-9] [INFO] [1786549896.400698432] [my_drone_arm_coupling_monitor]: ARM_COUPLING_STATE {"com_body_flu_m": [-0.002745272420478848, 0.0007096670608244329, -0.22671088487962857], "com_shift_m": [0.0012549153797880765, 0.0013823235791278008, -0.022229439818313768], "feedforward_acceleration_ned_m_s2": [9.699172467840126e-08, -1.7626976033644705e-07, -1.233284970451629e-05], "filtered_joint_acceleration_peak_rad_s2": 0.0011363810148612146, "inertia_diag_kg_m2": [0.23029392824767667, 0.22896536316425628, 0.21096417244666946], "inertia_tensor_frame": "base_link_flu", "inertia_tensor_kg_m2": [[0.23029392824767667, -0.0005521064898050317, 0.010385317406006457], [-0.0005521064898050317, 0.22896536316425628, 2.6852855756662533e-05], [0.010385317406006457, 2.6852855756662533e-05, 0.21096417244666946]], "mass_kg": 4.0, "raw_joint_acceleration_peak_rad_s2": 2.4269440494790127, "reaction_force_body_n": [7.022128503398602e-07, -1.6325353802742084e-07, -4.933269513731419e-05], "reaction_torque_body_nm": [0.02223952623245377, 0.0013473919583169044, 0.02204025611884068]}
[gazebo_direct_motor_model-5] [INFO] [1786549897.388633260] [my_drone_gazebo_direct_motor_model]: MOTOR_DYNAMIC_STATE sim_s=213.196 cmd_min=0.4681 cmd_mean=0.4813 cmd_max=0.4944 filtered_mean=0.4813 filtered_max=0.4944 esc_throttle_mean=0.5613 total_thrust_n=45.3141 body_up_force_n=39.2431 saturated_motors=0 rated_cap_command=1.0000 voltage_v=14.8000 thrust_scale=1.000000 current_a=0.0000
[arm_coupling_monitor-9] [INFO] [1786549897.403967580] [my_drone_arm_coupling_monitor]: ARM_COUPLING_STATE {"com_body_flu_m": [-0.0027444470845341615, 0.0007084662126407154, -0.2268239269798843], "com_shift_m": [0.001255740715732763, 0.0013811227309440833, -0.022342481918569496], "feedforward_acceleration_ned_m_s2": [7.767779134465587e-08, -2.213189697580443e-07, -1.2115011755501474e-05], "filtered_joint_acceleration_peak_rad_s2": 0.0011411864997485958, "inertia_diag_kg_m2": [0.2304806142767836, 0.22912588425311345, 0.2109379993009286], "inertia_tensor_frame": "base_link_flu", "inertia_tensor_kg_m2": [[0.2304806142767836, -0.0005503983772215089, 0.010407221783914424], [-0.0005503983772215089, 0.22912588425311345, 2.5305533143019955e-05], [0.010407221783914424, 2.5305533143019955e-05, 0.2109379993009286]], "mass_kg": 4.0, "raw_joint_acceleration_peak_rad_s2": 0.02430733189055903, "reaction_force_body_n": [6.032488170686528e-07, -2.4870600412357757e-07, -4.8464736132300646e-05], "reaction_torque_body_nm": [0.02227430532046394, 0.0012046424413924143, 0.02181826611495679]}
[gazebo_direct_motor_model-5] [INFO] [1786549898.386714634] [my_drone_gazebo_direct_motor_model]: MOTOR_DYNAMIC_STATE sim_s=214.196 cmd_min=0.4695 cmd_mean=0.4817 cmd_max=0.4940 filtered_mean=0.4817 filtered_max=0.4940 esc_throttle_mean=0.5618 total_thrust_n=45.3483 body_up_force_n=39.2728 saturated_motors=0 rated_cap_command=1.0000 voltage_v=14.8000 thrust_scale=1.000000 current_a=0.0000
[arm_coupling_monitor-9] [INFO] [1786549898.409502284] [my_drone_arm_coupling_monitor]: ARM_COUPLING_STATE {"com_body_flu_m": [-0.0027437724549210906, 0.000707326611335362, -0.22692491563110861], "com_shift_m": [0.0012564153453458338, 0.0013799831296387299, -0.022443470569793816], "feedforward_acceleration_ned_m_s2": [-8.183881283449353e-09, -1.2883945956208268e-07, -1.172762775425763e-05], "filtered_joint_acceleration_peak_rad_s2": 0.0011257699007195014, "inertia_diag_kg_m2": [0.23064802313640942, 0.2292697555269546, 0.21091443966309453], "inertia_tensor_frame": "base_link_flu", "inertia_tensor_kg_m2": [[0.23064802313640942, -0.0005488327413720271, 0.010426453513985356], [-0.0005488327413720271, 0.2292697555269546, 2.3851825247638535e-05], [0.010426453513985356, 2.3851825247638535e-05, 0.21091443966309453]], "mass_kg": 4.0, "raw_joint_acceleration_peak_rad_s2": 1.9530016471022433, "reaction_force_body_n": [5.121449485003815e-07, -3.154745614835403e-07, -4.6909496826844924e-05], "reaction_torque_body_nm": [0.022296803015091515, 0.0010680959282699067, 0.02161163936158007]}
[gazebo_direct_motor_model-5] [INFO] [1786549899.392192664] [my_drone_gazebo_direct_motor_model]: MOTOR_DYNAMIC_STATE sim_s=215.196 cmd_min=0.4704 cmd_mean=0.4819 cmd_max=0.4934 filtered_mean=0.4819 filtered_max=0.4934 esc_throttle_mean=0.5619 total_thrust_n=45.3638 body_up_force_n=39.2862 saturated_motors=0 rated_cap_command=1.0000 voltage_v=14.8000 thrust_scale=1.000000 current_a=0.0000
[arm_coupling_monitor-9] [INFO] [1786549899.414018941] [my_drone_arm_coupling_monitor]: ARM_COUPLING_STATE {"com_body_flu_m": [-0.002743225136442465, 0.0007062639003166463, -0.2270143307703238], "com_shift_m": [0.0012569626638244593, 0.0013789204186200141, -0.022532885709008993], "feedforward_acceleration_ned_m_s2": [1.9124668220841654e-08, -1.1354602659985028e-08, -8.235603980775087e-06], "filtered_joint_acceleration_peak_rad_s2": 0.000789904024442021, "inertia_diag_kg_m2": [0.23079674228898892, 0.22939750546168883, 0.2108934391467017], "inertia_tensor_frame": "base_link_flu", "inertia_tensor_kg_m2": [[0.23079674228898892, -0.0005474149125759482, 0.010443210671247236], [-0.0005474149125759482, 0.22939750546168883, 2.2506963788857144e-05], [0.010443210671247236, 2.2506963788857144e-05, 0.2108934391467017]], "mass_kg": 4.0, "raw_joint_acceleration_peak_rad_s2": 1.7770646675398873, "reaction_force_body_n": [3.5999039600415834e-07, -2.200641409706619e-07, -3.293983394642658e-05], "reaction_torque_body_nm": [0.02230833458168672, 0.0009441498036419887, 0.021420628733871835]}
[gazebo_direct_motor_model-5] [INFO] [1786549900.385692986] [my_drone_gazebo_direct_motor_model]: MOTOR_DYNAMIC_STATE sim_s=216.196 cmd_min=0.4676 cmd_mean=0.4812 cmd_max=0.4948 filtered_mean=0.4812 filtered_max=0.4948 esc_throttle_mean=0.5608 total_thrust_n=45.2986 body_up_force_n=39.2297 saturated_motors=0 rated_cap_command=1.0000 voltage_v=14.8000 thrust_scale=1.000000 current_a=0.0000
[arm_coupling_monitor-9] [INFO] [1786549900.737226495] [my_drone_arm_coupling_monitor]: ARM_COUPLING_STATE {"com_body_flu_m": [-0.0027426587747137847, 0.0007049886398575109, -0.22711634038604123], "com_shift_m": [0.0012575290255531398, 0.0013776451581608787, -0.02263489532472643], "feedforward_acceleration_ned_m_s2": [3.2224826503824197e-07, -1.7611640102798275e-07, -1.299988121912486e-05], "filtered_joint_acceleration_peak_rad_s2": 0.0013027710722927593, "inertia_diag_kg_m2": [0.23096697818371828, 0.2295436692686593, 0.21086931764928674], "inertia_tensor_frame": "base_link_flu", "inertia_tensor_kg_m2": [[0.23096697818371828, -0.0005457606740120725, 0.010462011949078216], [-0.0005457606740120725, 0.2295436692686593, 2.0904682556431055e-05], [0.010462011949078216, 2.0904682556431055e-05, 0.21086931764928674]], "mass_kg": 4.0, "raw_joint_acceleration_peak_rad_s2": 1.5573699868253819, "reaction_force_body_n": [3.890939960267108e-07, -5.404122085089418e-07, -5.2016006409424916e-05], "reaction_torque_body_nm": [0.022307335526034436, 0.0008393712726256947, 0.02118939753077925]}
[gazebo_direct_motor_model-5] [INFO] [1786549901.392810525] [my_drone_gazebo_direct_motor_model]: MOTOR_DYNAMIC_STATE sim_s=217.196 cmd_min=0.4687 cmd_mean=0.4810 cmd_max=0.4935 filtered_mean=0.4810 filtered_max=0.4935 esc_throttle_mean=0.5612 total_thrust_n=45.2821 body_up_force_n=39.2154 saturated_motors=0 rated_cap_command=1.0000 voltage_v=14.8000 thrust_scale=1.000000 current_a=0.0000
[arm_coupling_monitor-9] [INFO] [1786549901.762101233] [my_drone_arm_coupling_monitor]: ARM_COUPLING_STATE {"com_body_flu_m": [-0.00274233314159103, 0.0007041476334987695, -0.22718080024901446], "com_shift_m": [0.0012578546586758943, 0.0013768041518021374, -0.022699355187699666], "feedforward_acceleration_ned_m_s2": [9.371115843603368e-08, -1.1465496242695737e-07, -9.874111164437424e-06], "filtered_joint_acceleration_peak_rad_s2": 0.000994694018429357, "inertia_diag_kg_m2": [0.2310748631889819, 0.22963626048994218, 0.21085398501740532], "inertia_tensor_frame": "base_link_flu", "inertia_tensor_kg_m2": [[0.2310748631889819, -0.0005446949746579608, 0.010473715819840114], [-0.0005446949746579608, 0.22963626048994218, 1.9853971858115917e-05], [0.010473715819840114, 1.9853971858115917e-05, 0.21085398501740532]], "mass_kg": 4.0, "raw_joint_acceleration_peak_rad_s2": 1.2856327770940876, "reaction_force_body_n": [2.777456688539104e-07, -4.293634276220944e-07, -3.949757569344137e-05], "reaction_torque_body_nm": [0.022294333539815768, 0.0008681464140893042, 0.021030970409968625]}
[gazebo_direct_motor_model-5] [INFO] [1786549902.398437261] [my_drone_gazebo_direct_motor_model]: MOTOR_DYNAMIC_STATE sim_s=218.196 cmd_min=0.4696 cmd_mean=0.4816 cmd_max=0.4941 filtered_mean=0.4816 filtered_max=0.4941 esc_throttle_mean=0.5617 total_thrust_n=45.3420 body_up_force_n=39.2674 saturated_motors=0 rated_cap_command=1.0000 voltage_v=14.8000 thrust_scale=1.000000 current_a=0.0000
[arm_coupling_monitor-9] [INFO] [1786549903.076666666] [my_drone_arm_coupling_monitor]: ARM_COUPLING_STATE {"com_body_flu_m": [-0.0027420044532575176, 0.0007031916452448668, -0.227251625169388], "com_shift_m": [0.0012581833470094068, 0.0013758481635482347, -0.02277018010807319], "feedforward_acceleration_ned_m_s2": [4.755170837585537e-08, 4.989326143368328e-08, -9.005438294435499e-06], "filtered_joint_acceleration_peak_rad_s2": 0.0009195838351533605, "inertia_diag_kg_m2": [0.23119368091742057, 0.22973819995008712, 0.2108370571758216], "inertia_tensor_frame": "base_link_flu", "inertia_tensor_kg_m2": [[0.23119368091742057, -0.0005435056551118503, 0.010486415174647387], [-0.0005435056551118503, 0.22973819995008712, 1.8664635940993275e-05], [0.010486415174647387, 1.8664635940993275e-05, 0.2108370571758216]], "mass_kg": 4.0, "raw_joint_acceleration_peak_rad_s2": 1.078737028937129, "reaction_force_body_n": [2.1389641242635307e-07, -4.3481629837090926e-07, -3.6019548763826605e-05], "reaction_torque_body_nm": [0.022245455006935737, 0.00130707345441477, 0.02082223265352998]}
[gazebo_direct_motor_model-5] [INFO] [1786549903.385020703] [my_drone_gazebo_direct_motor_model]: MOTOR_DYNAMIC_STATE sim_s=219.196 cmd_min=0.4695 cmd_mean=0.4815 cmd_max=0.4926 filtered_mean=0.4815 filtered_max=0.4926 esc_throttle_mean=0.5616 total_thrust_n=45.3275 body_up_force_n=39.2548 saturated_motors=0 rated_cap_command=1.0000 voltage_v=14.8000 thrust_scale=1.000000 current_a=0.0000
[gazebo_direct_motor_model-5] [INFO] [1786549904.381181404] [my_drone_gazebo_direct_motor_model]: MOTOR_DYNAMIC_STATE sim_s=220.196 cmd_min=0.4683 cmd_mean=0.4816 cmd_max=0.4953 filtered_mean=0.4816 filtered_max=0.4953 esc_throttle_mean=0.5617 total_thrust_n=45.3441 body_up_force_n=39.2692 saturated_motors=0 rated_cap_command=1.0000 voltage_v=14.8000 thrust_scale=1.000000 current_a=0.0000
[arm_coupling_monitor-9] [INFO] [1786549904.385048632] [my_drone_arm_coupling_monitor]: ARM_COUPLING_STATE {"com_body_flu_m": [-0.0027417697145909175, 0.0007024234939073046, -0.227306793945664], "com_shift_m": [0.001258418085676007, 0.0013750800122106725, -0.0228253488843492], "feedforward_acceleration_ned_m_s2": [1.3787567392427345e-07, -7.491676044184977e-08, -7.091908231684017e-06], "filtered_joint_acceleration_peak_rad_s2": 0.000730964612257227, "inertia_diag_kg_m2": [0.23128643651136493, 0.229817754067517, 0.21082381203965914], "inertia_tensor_frame": "base_link_flu", "inertia_tensor_kg_m2": [[0.23128643651136493, -0.0005425657892973845, 0.01049618958380188], [-0.0005425657892973845, 0.229817754067517, 1.7712468695408462e-05], [0.01049618958380188, 1.7712468695408462e-05, 0.21082381203965914]], "mass_kg": 4.0, "raw_joint_acceleration_peak_rad_s2": 0.8861194422276636, "reaction_force_body_n": [1.473958711070582e-07, -3.6533348931535445e-07, -2.8371840957613032e-05], "reaction_torque_body_nm": [0.022069668103941505, 0.0028489110017422925, 0.020525343407068426]}
[gazebo_direct_motor_model-5] [INFO] [1786549905.384348894] [my_drone_gazebo_direct_motor_model]: MOTOR_DYNAMIC_STATE sim_s=221.196 cmd_min=0.4689 cmd_mean=0.4813 cmd_max=0.4939 filtered_mean=0.4813 filtered_max=0.4939 esc_throttle_mean=0.5614 total_thrust_n=45.3071 body_up_force_n=39.2371 saturated_motors=0 rated_cap_command=1.0000 voltage_v=14.8000 thrust_scale=1.000000 current_a=0.0000
[arm_coupling_monitor-9] [INFO] [1786549905.721607488] [my_drone_arm_coupling_monitor]: ARM_COUPLING_STATE {"com_body_flu_m": [-0.002741608130684482, 0.0007018417567199349, -0.22734761197418857], "com_shift_m": [0.0012585796695824426, 0.0013744982750233028, -0.02286616691287377], "feedforward_acceleration_ned_m_s2": [8.590034653780293e-08, -4.620357075608297e-08, -7.152954703137221e-06], "filtered_joint_acceleration_peak_rad_s2": 0.0007444011968118043, "inertia_diag_kg_m2": [0.2313551786098923, 0.22987669799544427, 0.21081397869958243], "inertia_tensor_frame": "base_link_flu", "inertia_tensor_kg_m2": [[0.2313551786098923, -0.0005418627683382022, 0.010503354342064668], [-0.0005418627683382022, 0.22987669799544427, 1.699325361899113e-05], [0.010503354342064668, 1.699325361899113e-05, 0.21081397869958243]], "mass_kg": 4.0, "raw_joint_acceleration_peak_rad_s2": 0.623600466211397, "reaction_force_body_n": [1.2617864902296995e-07, -3.9345178588908425e-07, -2.8611495393191395e-05], "reaction_torque_body_nm": [0.021400261882834216, 0.006517002888921586, 0.019797426801082818]}
[gazebo_direct_motor_model-5] [INFO] [1786549906.389455165] [my_drone_gazebo_direct_motor_model]: MOTOR_DYNAMIC_STATE sim_s=222.196 cmd_min=0.4695 cmd_mean=0.4812 cmd_max=0.4928 filtered_mean=0.4812 filtered_max=0.4928 esc_throttle_mean=0.5614 total_thrust_n=45.3042 body_up_force_n=39.2346 saturated_motors=0 rated_cap_command=1.0000 voltage_v=14.8000 thrust_scale=1.000000 current_a=0.0000
[arm_coupling_monitor-9] [INFO] [1786549906.770305661] [my_drone_arm_coupling_monitor]: ARM_COUPLING_STATE {"com_body_flu_m": [-0.0027415238586362776, 0.0007015176523130374, -0.2273700102390687], "com_shift_m": [0.0012586639416306469, 0.0013741741706164053, -0.022888565177753895], "feedforward_acceleration_ned_m_s2": [-5.307399983994586e-08, -3.67394877098936e-08, 6.00063425214323e-06], "filtered_joint_acceleration_peak_rad_s2": 0.000633810865630335, "inertia_diag_kg_m2": [0.23139294117656084, 0.22990907282276243, 0.2108085706195151], "inertia_tensor_frame": "base_link_flu", "inertia_tensor_kg_m2": [[0.23139294117656084, -0.0005414742218196088, 0.010507261453465613], [-0.0005414742218196088, 0.22990907282276243, 1.659321438650732e-05], [0.010507261453465613, 1.659321438650732e-05, 0.2108085706195151]], "mass_kg": 4.0, "raw_joint_acceleration_peak_rad_s2": 0.46889633382083884, "reaction_force_body_n": [-7.69517287525554e-08, 3.6211777066443136e-07, 2.40010707725756e-05], "reaction_torque_body_nm": [0.020685918494796545, 0.009043465843389322, 0.019080249297660015]}
[gazebo_direct_motor_model-5] [INFO] [1786549907.387014437] [my_drone_gazebo_direct_motor_model]: MOTOR_DYNAMIC_STATE sim_s=223.196 cmd_min=0.4690 cmd_mean=0.4810 cmd_max=0.4929 filtered_mean=0.4810 filtered_max=0.4929 esc_throttle_mean=0.5612 total_thrust_n=45.2859 body_up_force_n=39.2187 saturated_motors=0 rated_cap_command=1.0000 voltage_v=14.8000 thrust_scale=1.000000 current_a=0.0000
[arm_coupling_monitor-9] [INFO] [1786549908.068368024] [my_drone_arm_coupling_monitor]: ARM_COUPLING_STATE {"com_body_flu_m": [-0.002741449665175361, 0.0007012187719688534, -0.22739045517930936], "com_shift_m": [0.0012587381350915635, 0.0013738752902722213, -0.022909010117994566], "feedforward_acceleration_ned_m_s2": [1.2822844852353988e-07, -2.2219217792376242e-08, -5.689804120166235e-06], "filtered_joint_acceleration_peak_rad_s2": 0.0005973354750415542, "inertia_diag_kg_m2": [0.2314274361347066, 0.2299386429870915, 0.2108036266116435], "inertia_tensor_frame": "base_link_flu", "inertia_tensor_kg_m2": [[0.2314274361347066, -0.0005411178370972015, 0.010510812625834946], [-0.0005411178370972015, 0.2299386429870915, 1.6224707694890983e-05], [0.010510812625834946, 1.6224707694890983e-05, 0.2108036266116435]], "mass_kg": 4.0, "raw_joint_acceleration_peak_rad_s2": 0.35913789084709036, "reaction_force_body_n": [8.462583791818332e-08, -3.3053264858174546e-07, -2.2762611913133997e-05], "reaction_torque_body_nm": [0.015975403903701144, 0.015418754516204045, 0.01468850997052322]}
[gazebo_direct_motor_model-5] [INFO] [1786549908.386117272] [my_drone_gazebo_direct_motor_model]: MOTOR_DYNAMIC_STATE sim_s=224.196 cmd_min=0.4678 cmd_mean=0.4812 cmd_max=0.4950 filtered_mean=0.4812 filtered_max=0.4950 esc_throttle_mean=0.5610 total_thrust_n=45.3051 body_up_force_n=39.2354 saturated_motors=0 rated_cap_command=1.0000 voltage_v=14.8000 thrust_scale=1.000000 current_a=0.0000
[gazebo_direct_motor_model-5] [INFO] [1786549909.881034280] [my_drone_gazebo_direct_motor_model]: MOTOR_DYNAMIC_STATE sim_s=225.196 cmd_min=0.4685 cmd_mean=0.4811 cmd_max=0.4941 filtered_mean=0.4811 filtered_max=0.4941 esc_throttle_mean=0.5613 total_thrust_n=45.2922 body_up_force_n=39.2242 saturated_motors=0 rated_cap_command=1.0000 voltage_v=14.8000 thrust_scale=1.000000 current_a=0.0000
[arm_coupling_monitor-9] [INFO] [1786549909.883842452] [my_drone_arm_coupling_monitor]: ARM_COUPLING_STATE {"com_body_flu_m": [-0.002741408533798924, 0.0007010470654843365, -0.22740211156594967], "com_shift_m": [0.0012587792664680002, 0.0013737035837877044, -0.022920666504634868], "feedforward_acceleration_ned_m_s2": [5.447170242755542e-08, -3.577976583425015e-08, -3.8141783192941365e-06], "filtered_joint_acceleration_peak_rad_s2": 0.00040120434221608127, "inertia_diag_kg_m2": [0.23144711388138223, 0.22995550997574257, 0.21080080462178608], "inertia_tensor_frame": "base_link_flu", "inertia_tensor_kg_m2": [[0.23144711388138223, -0.000540913911714542, 0.010512830755911487], [-0.000540913911714542, 0.22995550997574257, 1.6013168816066646e-05], [0.010512830755911487, 1.6013168816066646e-05, 0.21080080462178608]], "mass_kg": 4.0, "raw_joint_acceleration_peak_rad_s2": 0.16376240956153054, "reaction_force_body_n": [5.4175746233114e-08, -2.243676595160844e-07, -1.5257194430562738e-05], "reaction_torque_body_nm": [0.009577722433525311, 0.013100830618294075, 0.008795342026784999]}
[gazebo_direct_motor_model-5] [INFO] [1786549910.887760355] [my_drone_gazebo_direct_motor_model]: MOTOR_DYNAMIC_STATE sim_s=226.196 cmd_min=0.4695 cmd_mean=0.4809 cmd_max=0.4920 filtered_mean=0.4809 filtered_max=0.4920 esc_throttle_mean=0.5611 total_thrust_n=45.2699 body_up_force_n=39.2049 saturated_motors=0 rated_cap_command=1.0000 voltage_v=14.8000 thrust_scale=1.000000 current_a=0.0000
[arm_coupling_monitor-9] [INFO] [1786549911.061383362] [my_drone_arm_coupling_monitor]: ARM_COUPLING_STATE {"com_body_flu_m": [-0.00274139200154638, 0.0007009767581811176, -0.2274068659037442], "com_shift_m": [0.0012587957987205446, 0.0013736332764844855, -0.022925420842429406], "feedforward_acceleration_ned_m_s2": [1.6940594859873397e-08, 1.9791481321375655e-08, -2.595239974363028e-06], "filtered_joint_acceleration_peak_rad_s2": 0.0002732107749160178, "inertia_diag_kg_m2": [0.23145514220653401, 0.22996239124804665, 0.21079965292985878], "inertia_tensor_frame": "base_link_flu", "inertia_tensor_kg_m2": [[0.23145514220653401, -0.0005408305817447283, 0.010513652536025164], [-0.0005408305817447283, 0.22996239124804665, 1.5926586293948594e-05], [0.010513652536025164, 1.5926586293948594e-05, 0.21079965292985878]], "mass_kg": 4.0, "raw_joint_acceleration_peak_rad_s2": 0.07041532030209148, "reaction_force_body_n": [3.609175720567127e-08, -1.5350645787572197e-07, -1.0380285185328715e-05], "reaction_torque_body_nm": [0.004162624820082191, 0.006427329638453314, 0.003821276824124463]}
[gazebo_direct_motor_model-5] [INFO] [1786549911.888506381] [my_drone_gazebo_direct_motor_model]: MOTOR_DYNAMIC_STATE sim_s=227.196 cmd_min=0.4682 cmd_mean=0.4816 cmd_max=0.4946 filtered_mean=0.4816 filtered_max=0.4946 esc_throttle_mean=0.5617 total_thrust_n=45.3442 body_up_force_n=39.2692 saturated_motors=0 rated_cap_command=1.0000 voltage_v=14.8000 thrust_scale=1.000000 current_a=0.0000
[arm_coupling_monitor-9] [INFO] [1786549912.399939398] [my_drone_arm_coupling_monitor]: ARM_COUPLING_STATE {"com_body_flu_m": [-0.002741386498446822, 0.0007009531850595985, -0.22740845758081502], "com_shift_m": [0.0012588013018201023, 0.0013736097033629664, -0.022927012519500217], "feedforward_acceleration_ned_m_s2": [1.6329851539449946e-08, -6.280906321345874e-09, -8.162901603702895e-07], "filtered_joint_acceleration_peak_rad_s2": 8.597500775493281e-05, "inertia_diag_kg_m2": [0.23145783025830327, 0.22996469520467594, 0.21079926727412532], "inertia_tensor_frame": "base_link_flu", "inertia_tensor_kg_m2": [[0.23145783025830327, -0.0005408026642237053, 0.010513927478358597], [-0.0005408026642237053, 0.22996469520467594, 1.5897560764386275e-05], [0.010513927478358597, 1.5897560764386275e-05, 0.21079926727412532]], "mass_kg": 4.0, "raw_joint_acceleration_peak_rad_s2": 0.044251947902359735, "reaction_force_body_n": [1.1275788724588829e-08, -4.8379166139663596e-08, -3.2655327511630016e-06], "reaction_torque_body_nm": [0.0004939769430610067, 0.0007828890002702627, 0.0004534262074314462]}
[gazebo_direct_motor_model-5] [INFO] [1786549912.888203342] [my_drone_gazebo_direct_motor_model]: MOTOR_DYNAMIC_STATE sim_s=228.196 cmd_min=0.4683 cmd_mean=0.4811 cmd_max=0.4942 filtered_mean=0.4811 filtered_max=0.4942 esc_throttle_mean=0.5613 total_thrust_n=45.2929 body_up_force_n=39.2248 saturated_motors=0 rated_cap_command=1.0000 voltage_v=14.8000 thrust_scale=1.000000 current_a=0.0000
[arm_coupling_monitor-9] [INFO] [1786549913.746435427] [my_drone_arm_coupling_monitor]: ARM_COUPLING_STATE {"com_body_flu_m": [-0.002741386287301858, 0.0007009522788421867, -0.22740851874543425], "com_shift_m": [0.0012588015129650666, 0.0013736087971455545, -0.022927073684119448], "feedforward_acceleration_ned_m_s2": [9.869883475781529e-11, -3.5401041509240123e-11, -8.308288282625e-09], "filtered_joint_acceleration_peak_rad_s2": 8.749433567376196e-07, "inertia_diag_kg_m2": [0.23145793355712893, 0.2299647837427689, 0.21079925245334738], "inertia_tensor_frame": "base_link_flu", "inertia_tensor_kg_m2": [[0.23145793355712893, -0.0005408015912148633, 0.010513938042004959], [-0.0005408015912148633, 0.2299647837427689, 1.589644498556017e-05], [0.010513938042004959, 1.589644498556017e-05, 0.21079925245334738]], "mass_kg": 4.0, "raw_joint_acceleration_peak_rad_s2": 0.0022313575043838396, "reaction_force_body_n": [1.1471087564135964e-10, -4.923712749858304e-10, -3.3231954411942134e-08], "reaction_torque_body_nm": [-1.650281603561694e-10, 3.874761576358993e-09, 6.156802679752356e-11]}
[gazebo_direct_motor_model-5] [INFO] [1786549913.885214536] [my_drone_gazebo_direct_motor_model]: MOTOR_DYNAMIC_STATE sim_s=229.196 cmd_min=0.4701 cmd_mean=0.4813 cmd_max=0.4925 filtered_mean=0.4813 filtered_max=0.4925 esc_throttle_mean=0.5614 total_thrust_n=45.3113 body_up_force_n=39.2407 saturated_motors=0 rated_cap_command=1.0000 voltage_v=14.8000 thrust_scale=1.000000 current_a=0.0000
[gazebo_direct_motor_model-5] [INFO] [1786549914.888304480] [my_drone_gazebo_direct_motor_model]: MOTOR_DYNAMIC_STATE sim_s=230.196 cmd_min=0.4692 cmd_mean=0.4816 cmd_max=0.4939 filtered_mean=0.4816 filtered_max=0.4939 esc_throttle_mean=0.5617 total_thrust_n=45.3430 body_up_force_n=39.2682 saturated_motors=0 rated_cap_command=1.0000 voltage_v=14.8000 thrust_scale=1.000000 current_a=0.0000
[arm_coupling_monitor-9] [INFO] [1786549915.076430104] [my_drone_arm_coupling_monitor]: ARM_COUPLING_STATE {"com_body_flu_m": [-0.002741386287302281, 0.0007009522788421693, -0.22740851874543455], "com_shift_m": [0.0012588015129646433, 0.0013736087971455372, -0.022927073684119753], "feedforward_acceleration_ned_m_s2": [1.9447470581612157e-13, 2.558993755830749e-14, -1.0644046136847753e-11], "filtered_joint_acceleration_peak_rad_s2": 1.121004797101226e-09, "inertia_diag_kg_m2": [0.23145793355712954, 0.22996478374276916, 0.21079925245334705], "inertia_tensor_frame": "base_link_flu", "inertia_tensor_kg_m2": [[0.23145793355712954, -0.0005408015912148588, 0.010513938042004713], [-0.0005408015912148588, 0.22996478374276916, 1.5896444985555834e-05], [0.010513938042004713, 1.5896444985555834e-05, 0.21079925245334705]], "mass_kg": 4.0, "raw_joint_acceleration_peak_rad_s2": 1.8544454166756685e-10, "reaction_force_body_n": [1.4279817668742534e-13, -6.32576777720708e-13, -4.2578475195951114e-11], "reaction_torque_body_nm": [-5.991670513042193e-13, 7.241203024347249e-12, 6.402556883187632e-13]}
[gazebo_direct_motor_model-5] [INFO] [1786549915.887222218] [my_drone_gazebo_direct_motor_model]: MOTOR_DYNAMIC_STATE sim_s=231.196 cmd_min=0.4684 cmd_mean=0.4812 cmd_max=0.4938 filtered_mean=0.4812 filtered_max=0.4938 esc_throttle_mean=0.5614 total_thrust_n=45.3032 body_up_force_n=39.2337 saturated_motors=0 rated_cap_command=1.0000 voltage_v=14.8000 thrust_scale=1.000000 current_a=0.0000
[arm_coupling_monitor-9] [INFO] [1786549916.073671837] [my_drone_arm_coupling_monitor]: ARM_COUPLING_STATE {"com_body_flu_m": [-0.0027413862873016392, 0.0007009522788421797, -0.2274085187454341], "com_shift_m": [0.0012588015129652852, 0.0013736087971455476, -0.02292707368411931], "feedforward_acceleration_ned_m_s2": [-3.2871201805246474e-16, 5.937220535100437e-15, -7.531693171513155e-14], "filtered_joint_acceleration_peak_rad_s2": 7.754109609323484e-12, "inertia_diag_kg_m2": [0.23145793355712863, 0.2299647837427688, 0.2107992524533475], "inertia_tensor_frame": "base_link_flu", "inertia_tensor_kg_m2": [[0.23145793355712863, -0.000540801591214861, 0.010513938042005098], [-0.000540801591214861, 0.2299647837427688, 1.5896444985552365e-05], [0.010513938042005098, 1.5896444985552365e-05, 0.2107992524533475]], "mass_kg": 4.0, "raw_joint_acceleration_peak_rad_s2": 1.5383657889258877e-10, "reaction_force_body_n": [-2.5979748570269658e-14, 8.504783483881567e-17, -3.0108641103040775e-13], "reaction_torque_body_nm": [2.0787829128017874e-14, -8.832353472807315e-12, -1.8831660340354312e-12]}
[gazebo_direct_motor_model-5] [INFO] [1786549916.885926162] [my_drone_gazebo_direct_motor_model]: MOTOR_DYNAMIC_STATE sim_s=232.196 cmd_min=0.4686 cmd_mean=0.4813 cmd_max=0.4947 filtered_mean=0.4813 filtered_max=0.4947 esc_throttle_mean=0.5615 total_thrust_n=45.3128 body_up_force_n=39.2420 saturated_motors=0 rated_cap_command=1.0000 voltage_v=14.8000 thrust_scale=1.000000 current_a=0.0000
[arm_coupling_monitor-9] [INFO] [1786549917.386671322] [my_drone_arm_coupling_monitor]: ARM_COUPLING_STATE {"com_body_flu_m": [-0.0027413862873021996, 0.0007009522788421832, -0.22740851874543447], "com_shift_m": [0.0012588015129647249, 0.001373608797145551, -0.02292707368411967], "feedforward_acceleration_ned_m_s2": [-7.444868765546926e-16, 1.0802159842239038e-14, -6.854089929431152e-15], "filtered_joint_acceleration_peak_rad_s2": 4.668003280896127e-13, "inertia_diag_kg_m2": [0.23145793355712935, 0.22996478374276907, 0.2107992524533471], "inertia_tensor_frame": "base_link_flu", "inertia_tensor_kg_m2": [[0.23145793355712935, -0.0005408015912148636, 0.010513938042004758], [-0.0005408015912148636, 0.22996478374276907, 1.589644498556017e-05], [0.010513938042004758, 1.589644498556017e-05, 0.2107992524533471]], "mass_kg": 4.0, "raw_joint_acceleration_peak_rad_s2": 1.4518984972553059e-10, "reaction_force_body_n": [-4.3046795531973615e-14, 8.079947692042807e-17, -2.7829450830207924e-14], "reaction_torque_body_nm": [3.4398304779788023e-13, -2.832215986001963e-12, 3.55863469068239e-13]}
[gazebo_direct_motor_model-5] [INFO] [1786549917.886888104] [my_drone_gazebo_direct_motor_model]: MOTOR_DYNAMIC_STATE sim_s=233.196 cmd_min=0.4698 cmd_mean=0.4810 cmd_max=0.4919 filtered_mean=0.4810 filtered_max=0.4919 esc_throttle_mean=0.5612 total_thrust_n=45.2834 body_up_force_n=39.2166 saturated_motors=0 rated_cap_command=1.0000 voltage_v=14.8000 thrust_scale=1.000000 current_a=0.0000
[arm_coupling_monitor-9] [INFO] [1786549918.388829555] [my_drone_arm_coupling_monitor]: ARM_COUPLING_STATE {"com_body_flu_m": [-0.0027413862873021076, 0.0007009522788421728, -0.2274085187454344], "com_shift_m": [0.0012588015129648168, 0.0013736087971455407, -0.022927073684119614], "feedforward_acceleration_ned_m_s2": [1.2576229208671962e-15, -6.861562118715374e-15, 3.365458725822475e-15], "filtered_joint_acceleration_peak_rad_s2": 2.8391530055026663e-13, "inertia_diag_kg_m2": [0.2314579335571292, 0.22996478374276902, 0.21079925245334713], "inertia_tensor_frame": "base_link_flu", "inertia_tensor_kg_m2": [[0.2314579335571292, -0.0005408015912148571, 0.010513938042004808], [-0.0005408015912148571, 0.22996478374276902, 1.58964449855541e-05], [0.010513938042004808, 1.58964449855541e-05, 0.21079925245334713]], "mass_kg": 4.0, "raw_joint_acceleration_peak_rad_s2": 2.564721438684769e-10, "reaction_force_body_n": [2.761482550916631e-14, -3.1239646215673376e-15, 1.3692540232776856e-14], "reaction_torque_body_nm": [-4.239653371400797e-13, 1.2322939047408958e-12, 8.47193315611013e-13]}
[gazebo_direct_motor_model-5] [INFO] [1786549918.878702515] [my_drone_gazebo_direct_motor_model]: MOTOR_DYNAMIC_STATE sim_s=234.196 cmd_min=0.4677 cmd_mean=0.4810 cmd_max=0.4942 filtered_mean=0.4810 filtered_max=0.4942 esc_throttle_mean=0.5608 total_thrust_n=45.2874 body_up_force_n=39.2200 saturated_motors=0 rated_cap_command=1.0000 voltage_v=14.8000 thrust_scale=1.000000 current_a=0.0000
[arm_coupling_monitor-9] [INFO] [1786549919.740011666] [my_drone_arm_coupling_monitor]: ARM_COUPLING_STATE {"com_body_flu_m": [-0.00274138665131159, 0.0007009538401636147, -0.2274084133641459], "com_shift_m": [0.0012588011489553345, 0.0013736103584669826, -0.022926968302831113], "feedforward_acceleration_ned_m_s2": [6.870380577418054e-09, -1.09938962100883e-08, -7.339269334467017e-07], "filtered_joint_acceleration_peak_rad_s2": 7.729364168565822e-05, "inertia_diag_kg_m2": [0.2314577555824654, 0.2299646311993916, 0.21079927798808326], "inertia_tensor_frame": "base_link_flu", "inertia_tensor_kg_m2": [[0.2314577555824654, -0.000540803439908986, 0.010513919841531645], [-0.000540803439908986, 0.2299646311993916, 1.589836736312373e-05], [0.010513919841531645, 1.589836736312373e-05, 0.21079927798808326]], "mass_kg": 4.0, "raw_joint_acceleration_peak_rad_s2": 0.006992437509736525, "reaction_force_body_n": [1.014075595553482e-08, -4.349130140839692e-08, -2.935826060262534e-06], "reaction_torque_body_nm": [-0.0006766636878137775, -0.001071162572512707, -0.0006210712553748821]}
[gazebo_direct_motor_model-5] [INFO] [1786549919.888535636] [my_drone_gazebo_direct_motor_model]: MOTOR_DYNAMIC_STATE sim_s=235.196 cmd_min=0.4695 cmd_mean=0.4817 cmd_max=0.4941 filtered_mean=0.4817 filtered_max=0.4941 esc_throttle_mean=0.5618 total_thrust_n=45.3465 body_up_force_n=39.2713 saturated_motors=0 rated_cap_command=1.0000 voltage_v=14.8000 thrust_scale=1.000000 current_a=0.0000
[gazebo_direct_motor_model-5] [INFO] [1786549920.887510449] [my_drone_gazebo_direct_motor_model]: MOTOR_DYNAMIC_STATE sim_s=236.196 cmd_min=0.4701 cmd_mean=0.4815 cmd_max=0.4932 filtered_mean=0.4815 filtered_max=0.4932 esc_throttle_mean=0.5616 total_thrust_n=45.3273 body_up_force_n=39.2546 saturated_motors=0 rated_cap_command=1.0000 voltage_v=14.8000 thrust_scale=1.000000 current_a=0.0000
[arm_coupling_monitor-9] [INFO] [1786549921.044985390] [my_drone_arm_coupling_monitor]: ARM_COUPLING_STATE {"com_body_flu_m": [-0.00274139316033146, 0.0007009817101899136, -0.2274065313879531], "com_shift_m": [0.0012587946399354646, 0.0013736382284932815, -0.02292508632663831], "feedforward_acceleration_ned_m_s2": [4.5990485730484777e-08, 1.377137125574804e-08, -2.3221836385203126e-06], "filtered_joint_acceleration_peak_rad_s2": 0.00024447995407966133, "inertia_diag_kg_m2": [0.23145457728937233, 0.2299619070492496, 0.2107997339757284], "inertia_tensor_frame": "base_link_flu", "inertia_tensor_kg_m2": [[0.23145457728937233, -0.0005408364477771945, 0.010513594741181282], [-0.0005408364477771945, 0.2299619070492496, 1.593268397571783e-05], [0.010513594741181282, 1.593268397571783e-05, 0.2107997339757284]], "mass_kg": 4.0, "raw_joint_acceleration_peak_rad_s2": 0.048655445412829894, "reaction_force_body_n": [3.2385665310692306e-08, -1.3729493404237816e-07, -9.289648394479498e-06], "reaction_torque_body_nm": [-0.004667610952115751, -0.007155346430017554, -0.004284822300194288]}
[gazebo_direct_motor_model-5] [INFO] [1786549921.886073628] [my_drone_gazebo_direct_motor_model]: MOTOR_DYNAMIC_STATE sim_s=237.196 cmd_min=0.4681 cmd_mean=0.4816 cmd_max=0.4948 filtered_mean=0.4816 filtered_max=0.4948 esc_throttle_mean=0.5616 total_thrust_n=45.3441 body_up_force_n=39.2692 saturated_motors=0 rated_cap_command=1.0000 voltage_v=14.8000 thrust_scale=1.000000 current_a=0.0000
[arm_coupling_monitor-9] [INFO] [1786549922.070229792] [my_drone_arm_coupling_monitor]: ARM_COUPLING_STATE {"com_body_flu_m": [-0.002741407872092653, 0.000701044265109807, -0.22740230113859014], "com_shift_m": [0.0012587799281742716, 0.0013737007834131749, -0.022920856077275342], "feedforward_acceleration_ned_m_s2": [6.805309166335292e-08, -2.558675444495146e-08, -3.426267051252417e-06], "filtered_joint_acceleration_peak_rad_s2": 0.0003604161203091627, "inertia_diag_kg_m2": [0.23144743397445972, 0.2299557843384041, 0.21080075870703635], "inertia_tensor_frame": "base_link_flu", "inertia_tensor_kg_m2": [[0.23144743397445972, -0.0005409105907606784, 0.010512863538236461], [-0.0005409105907606784, 0.2299557843384041, 1.600971981009173e-05], [0.010512863538236461, 1.600971981009173e-05, 0.21080075870703635]], "mass_kg": 4.0, "raw_joint_acceleration_peak_rad_s2": 0.1100770483610026, "reaction_force_body_n": [4.870789690316276e-08, -2.0152468876391112e-07, -1.3706585436540067e-05], "reaction_torque_body_nm": [-0.009394697220123774, -0.012924593386546716, -0.008626958823436847]}
[gazebo_direct_motor_model-5] [INFO] [1786549922.888572058] [my_drone_gazebo_direct_motor_model]: MOTOR_DYNAMIC_STATE sim_s=238.196 cmd_min=0.4693 cmd_mean=0.4812 cmd_max=0.4932 filtered_mean=0.4812 filtered_max=0.4932 esc_throttle_mean=0.5613 total_thrust_n=45.3003 body_up_force_n=39.2312 saturated_motors=0 rated_cap_command=1.0000 voltage_v=14.8000 thrust_scale=1.000000 current_a=0.0000
[arm_coupling_monitor-9] [INFO] [1786549923.388294956] [my_drone_arm_coupling_monitor]: ARM_COUPLING_STATE {"com_body_flu_m": [-0.002741448333158536, 0.0007012132802838682, -0.22739082898504942], "com_shift_m": [0.0012587394671083885, 0.001373869798587236, -0.022909383923734622], "feedforward_acceleration_ned_m_s2": [3.9126778407958377e-08, -1.6095638874721595e-08, -5.704958336506489e-06], "filtered_joint_acceleration_peak_rad_s2": 0.0005988392260815809, "inertia_diag_kg_m2": [0.23142806705208907, 0.2299391838002213, 0.2108035361503282], "inertia_tensor_frame": "base_link_flu", "inertia_tensor_kg_m2": [[0.23142806705208907, -0.0005411113057921932, 0.010510877418181401], [-0.0005411113057921932, 0.2299391838002213, 1.6217940177356768e-05], [0.010510877418181401, 1.6217940177356768e-05, 0.2108035361503282]], "mass_kg": 4.0, "raw_joint_acceleration_peak_rad_s2": 0.2244351814060476, "reaction_force_body_n": [8.464969561820018e-08, -3.314923482268583e-07, -2.2817896063891756e-05], "reaction_torque_body_nm": [-0.015831772490934058, -0.015462947808823813, -0.014555465190610583]}
[gazebo_direct_motor_model-5] [INFO] [1786549923.890922366] [my_drone_gazebo_direct_motor_model]: MOTOR_DYNAMIC_STATE sim_s=239.196 cmd_min=0.4690 cmd_mean=0.4812 cmd_max=0.4937 filtered_mean=0.4812 filtered_max=0.4937 esc_throttle_mean=0.5614 total_thrust_n=45.3064 body_up_force_n=39.2365 saturated_motors=0 rated_cap_command=1.0000 voltage_v=14.8000 thrust_scale=1.000000 current_a=0.0000
[arm_coupling_monitor-9] [INFO] [1786549924.402038026] [my_drone_arm_coupling_monitor]: ARM_COUPLING_STATE {"com_body_flu_m": [-0.0027414995253949356, 0.0007014210971897777, -0.22737663689301996], "com_shift_m": [0.0012586882748719889, 0.0013740776154931456, -0.02289519183170516], "feedforward_acceleration_ned_m_s2": [-8.050364259839203e-07, -7.73981516296747e-08, 3.615595412432979e-05], "filtered_joint_acceleration_peak_rad_s2": 0.003799416190986367, "inertia_diag_kg_m2": [0.23140411907144398, 0.22991865520703975, 0.21080696894896872], "inertia_tensor_frame": "base_link_flu", "inertia_tensor_kg_m2": [[0.23140411907144398, -0.0005413588900529439, 0.010508414058878285], [-0.0005413588900529439, 0.22991865520703975, 1.6474124883108024e-05], [0.010508414058878285, 1.6474124883108024e-05, 0.21080696894896872]], "mass_kg": 4.0, "raw_joint_acceleration_peak_rad_s2": 0.3162238611354604, "reaction_force_body_n": [-5.263914897576562e-07, 2.1128982148525033e-06, 0.00014464360358246061], "reaction_torque_body_nm": [-0.012717171628814552, -0.015276039321196993, -0.011710493980942507]}
[gazebo_direct_motor_model-5] [INFO] [1786549924.892285288] [my_drone_gazebo_direct_motor_model]: MOTOR_DYNAMIC_STATE sim_s=240.196 cmd_min=0.4684 cmd_mean=0.4816 cmd_max=0.4945 filtered_mean=0.4816 filtered_max=0.4945 esc_throttle_mean=0.5617 total_thrust_n=45.3365 body_up_force_n=39.2626 saturated_motors=0 rated_cap_command=1.0000 voltage_v=14.8000 thrust_scale=1.000000 current_a=0.0000
[arm_coupling_monitor-9] [INFO] [1786549925.729396030] [my_drone_arm_coupling_monitor]: ARM_COUPLING_STATE {"com_body_flu_m": [-0.0027416049872010188, 0.0007018299394732433, -0.22734843287910386], "com_shift_m": [0.0012585828130659057, 0.0013744864577766112, -0.022866987817789064], "feedforward_acceleration_ned_m_s2": [7.89363872825306e-08, -4.695784073003052e-08, -6.7616626203085634e-06], "filtered_joint_acceleration_peak_rad_s2": 0.0007035284654075487, "inertia_diag_kg_m2": [0.2313565621043848, 0.2298778841667159, 0.21081378064392847], "inertia_tensor_frame": "base_link_flu", "inertia_tensor_kg_m2": [[0.2313565621043848, -0.0005418485627379501, 0.010503497845628883], [-0.0005418485627379501, 0.2298778841667159, 1.6978659607532615e-05], [0.010503497845628883, 1.6978659607532615e-05, 0.21081378064392847]], "mass_kg": 4.0, "raw_joint_acceleration_peak_rad_s2": 0.47720144015933347, "reaction_force_body_n": [1.1981399758004473e-07, -3.7142768640462966e-07, -2.7046329958175418e-05], "reaction_torque_body_nm": [-0.021368027850079154, -0.006645512927905075, -0.019764940626306054]}
[gazebo_direct_motor_model-5] [INFO] [1786549925.888251072] [my_drone_gazebo_direct_motor_model]: MOTOR_DYNAMIC_STATE sim_s=241.196 cmd_min=0.4687 cmd_mean=0.4811 cmd_max=0.4934 filtered_mean=0.4811 filtered_max=0.4934 esc_throttle_mean=0.5612 total_thrust_n=45.2903 body_up_force_n=39.2226 saturated_motors=0 rated_cap_command=1.0000 voltage_v=14.8000 thrust_scale=1.000000 current_a=0.0000
[arm_coupling_monitor-9] [INFO] [1786549926.737193860] [my_drone_arm_coupling_monitor]: ARM_COUPLING_STATE {"com_body_flu_m": [-0.002741719182111163, 0.0007022467252415787, -0.22731928237917262], "com_shift_m": [0.0012584686181557614, 0.0013749032435449466, -0.022837837317857823], "feedforward_acceleration_ned_m_s2": [2.251365758306217e-08, -6.919665349892032e-08, -7.554604232732094e-06], "filtered_joint_acceleration_peak_rad_s2": 0.0007814552453588232, "inertia_diag_kg_m2": [0.23130745807996733, 0.22983578062785537, 0.21082080653087865], "inertia_tensor_frame": "base_link_flu", "inertia_tensor_kg_m2": [[0.23130745807996733, -0.0005423513890268285, 0.010498387754746097], [-0.0005423513890268285, 0.22983578062785537, 1.749376037845675e-05], [0.010498387754746097, 1.749376037845675e-05, 0.21082080653087865]], "mass_kg": 4.0, "raw_joint_acceleration_peak_rad_s2": 0.6086815784516832, "reaction_force_body_n": [1.4795601008524962e-07, -3.9931691864895275e-07, -3.0216818123275496e-05], "reaction_torque_body_nm": [-0.021961972084166507, -0.00360209636261654, -0.02039309197031643]}
[gazebo_direct_motor_model-5] [INFO] [1786549926.886999762] [my_drone_gazebo_direct_motor_model]: MOTOR_DYNAMIC_STATE sim_s=242.196 cmd_min=0.4695 cmd_mean=0.4814 cmd_max=0.4935 filtered_mean=0.4814 filtered_max=0.4935 esc_throttle_mean=0.5615 total_thrust_n=45.3177 body_up_force_n=39.2463 saturated_motors=0 rated_cap_command=1.0000 voltage_v=14.8000 thrust_scale=1.000000 current_a=0.0000
[gazebo_direct_motor_model-5] [INFO] [1786549927.887881731] [my_drone_gazebo_direct_motor_model]: MOTOR_DYNAMIC_STATE sim_s=243.196 cmd_min=0.4697 cmd_mean=0.4818 cmd_max=0.4938 filtered_mean=0.4818 filtered_max=0.4938 esc_throttle_mean=0.5619 total_thrust_n=45.3621 body_up_force_n=39.2848 saturated_motors=0 rated_cap_command=1.0000 voltage_v=14.8000 thrust_scale=1.000000 current_a=0.0000
[arm_coupling_monitor-9] [INFO] [1786549928.061193590] [my_drone_arm_coupling_monitor]: ARM_COUPLING_STATE {"com_body_flu_m": [-0.0027419313553800114, 0.0007029610957410056, -0.2272683402607741], "com_shift_m": [0.001258256444886913, 0.0013756176140443735, -0.02278689519945931], "feedforward_acceleration_ned_m_s2": [1.6076618151473016e-07, 1.0677170255167072e-08, -8.540005017670913e-06], "filtered_joint_acceleration_peak_rad_s2": 0.0008746866857362198, "inertia_diag_kg_m2": [0.23122176532154773, 0.2297622895847684, 0.2108330496468199], "inertia_tensor_frame": "base_link_flu", "inertia_tensor_kg_m2": [[0.23122176532154773, -0.000543222142150291, 0.010489387582303085], [-0.000543222142150291, 0.2297622895847684, 1.837854641317197e-05], [0.010489387582303085, 1.837854641317197e-05, 0.2108330496468199]], "mass_kg": 4.0, "raw_joint_acceleration_peak_rad_s2": 0.7164073873768733, "reaction_force_body_n": [1.948657041447568e-07, -4.2106040624584986e-07, -3.416294868705694e-05], "reaction_torque_body_nm": [-0.022217420239574927, -0.0015764089494179697, -0.02075622784393855]}
[gazebo_direct_motor_model-5] [INFO] [1786549928.887455084] [my_drone_gazebo_direct_motor_model]: MOTOR_DYNAMIC_STATE sim_s=244.196 cmd_min=0.4676 cmd_mean=0.4809 cmd_max=0.4941 filtered_mean=0.4809 filtered_max=0.4941 esc_throttle_mean=0.5606 total_thrust_n=45.2708 body_up_force_n=39.2056 saturated_motors=0 rated_cap_command=1.0000 voltage_v=14.8000 thrust_scale=1.000000 current_a=0.0000
[arm_coupling_monitor-9] [INFO] [1786549929.069492921] [my_drone_arm_coupling_monitor]: ARM_COUPLING_STATE {"com_body_flu_m": [-0.002742147046930923, 0.00070362153387463, -0.22722008488416118], "com_shift_m": [0.0012580407533360014, 0.001376278052177998, -0.02273863982284638], "feedforward_acceleration_ned_m_s2": [1.9621310488792046e-07, -9.241950783152415e-08, -9.162078877727098e-06], "filtered_joint_acceleration_peak_rad_s2": 0.0009295345147202937, "inertia_diag_kg_m2": [0.2311407319358488, 0.22969277696482612, 0.2108446061439327], "inertia_tensor_frame": "base_link_flu", "inertia_tensor_kg_m2": [[0.2311407319358488, -0.0005440376803758551, 0.01048078066239895], [-0.0005440376803758551, 0.22969277696482612, 1.9198832060846223e-05], [0.01048078066239895, 1.9198832060846223e-05, 0.2108446061439327]], "mass_kg": 4.0, "raw_joint_acceleration_peak_rad_s2": 1.0206498727255546, "reaction_force_body_n": [2.371967330039217e-07, -4.2085314843233334e-07, -3.665539940161226e-05], "reaction_torque_body_nm": [-0.02227550396266716, -0.0010074687121418289, -0.0209230621461609]}
[gazebo_direct_motor_model-5] [INFO] [1786549929.885345647] [my_drone_gazebo_direct_motor_model]: MOTOR_DYNAMIC_STATE sim_s=245.196 cmd_min=0.4691 cmd_mean=0.4809 cmd_max=0.4931 filtered_mean=0.4809 filtered_max=0.4931 esc_throttle_mean=0.5611 total_thrust_n=45.2723 body_up_force_n=39.2070 saturated_motors=0 rated_cap_command=1.0000 voltage_v=14.8000 thrust_scale=1.000000 current_a=0.0000
[arm_coupling_monitor-9] [INFO] [1786549930.387036890] [my_drone_arm_coupling_monitor]: ARM_COUPLING_STATE {"com_body_flu_m": [-0.002742530968663495, 0.0007046694719867325, -0.22714105232485432], "com_shift_m": [0.0012576568316034296, 0.0013773259902901003, -0.022659607263539522], "feedforward_acceleration_ned_m_s2": [8.792186235747515e-08, -3.352571585512319e-07, -0.00011729302325813088], "filtered_joint_acceleration_peak_rad_s2": 0.012046294001278018, "inertia_diag_kg_m2": [0.2310083093333957, 0.22957914484179473, 0.2108634478820789], "inertia_tensor_frame": "base_link_flu", "inertia_tensor_kg_m2": [[0.2310083093333957, -0.0005453539936227853, 0.010466515159211966], [-0.0005453539936227853, 0.22957914484179473, 2.050541165397532e-05], [0.010466515159211966, 2.050541165397532e-05, 0.2108634478820789]], "mass_kg": 4.0, "raw_joint_acceleration_peak_rad_s2": 1.2724558261178005, "reaction_force_body_n": [2.57156187737007e-06, -5.900304394175187e-06, -0.0004691299909406194], "reaction_torque_body_nm": [-0.022476246518124663, -0.000925822603768145, -0.021290946765422692]}
[gazebo_direct_motor_model-5] [INFO] [1786549930.886043849] [my_drone_gazebo_direct_motor_model]: MOTOR_DYNAMIC_STATE sim_s=246.196 cmd_min=0.4701 cmd_mean=0.4816 cmd_max=0.4931 filtered_mean=0.4816 filtered_max=0.4931 esc_throttle_mean=0.5617 total_thrust_n=45.3377 body_up_force_n=39.2636 saturated_motors=0 rated_cap_command=1.0000 voltage_v=14.8000 thrust_scale=1.000000 current_a=0.0000
[arm_coupling_monitor-9] [INFO] [1786549931.400727307] [my_drone_arm_coupling_monitor]: ARM_COUPLING_STATE {"com_body_flu_m": [-0.002742908330914765, 0.0007055763211567083, -0.22707000210193093], "com_shift_m": [0.0012572794693521596, 0.0013782328394600762, -0.02258855704061613], "feedforward_acceleration_ned_m_s2": [3.5244747134278576e-08, -2.706851652159764e-08, -4.0516476757355775e-06], "filtered_joint_acceleration_peak_rad_s2": 0.000372289372275868, "inertia_diag_kg_m2": [0.23088957262186616, 0.22947721835261692, 0.21088029656293883], "inertia_tensor_frame": "base_link_flu", "inertia_tensor_kg_m2": [[0.23088957262186616, -0.000546516996736664, 0.010453513555023893], [-0.000546516996736664, 0.22947721835261692, 2.1641624639804485e-05], [0.010453513555023893, 2.1641624639804485e-05, 0.21088029656293883]], "mass_kg": 4.0, "raw_joint_acceleration_peak_rad_s2": 1.444163191420843, "reaction_force_body_n": [2.2893425785326574e-07, -5.1894823446579734e-08, -1.6205865499694007e-05], "reaction_torque_body_nm": [-0.022309698275511314, -0.0008701093280798265, -0.021296022331342514]}
[gazebo_direct_motor_model-5] [INFO] [1786549931.889018102] [my_drone_gazebo_direct_motor_model]: MOTOR_DYNAMIC_STATE sim_s=247.196 cmd_min=0.4679 cmd_mean=0.4811 cmd_max=0.4938 filtered_mean=0.4811 filtered_max=0.4938 esc_throttle_mean=0.5610 total_thrust_n=45.2919 body_up_force_n=39.2240 saturated_motors=0 rated_cap_command=1.0000 voltage_v=14.8000 thrust_scale=1.000000 current_a=0.0000
[arm_coupling_monitor-9] [INFO] [1786549932.409321178] [my_drone_arm_coupling_monitor]: ARM_COUPLING_STATE {"com_body_flu_m": [-0.0027433793356480274, 0.0007065780256796626, -0.22698834316548794], "com_shift_m": [0.001256808464618897, 0.0013792345439830305, -0.02250689810417314], "feedforward_acceleration_ned_m_s2": [1.5645170904167345e-07, -9.644631078828546e-08, -1.1787257597430648e-05], "filtered_joint_acceleration_peak_rad_s2": 0.0011470222147493554, "inertia_diag_kg_m2": [0.2307534705566634, 0.22936034077491976, 0.21089955643817257], "inertia_tensor_frame": "base_link_flu", "inertia_tensor_kg_m2": [[0.2307534705566634, -0.0005478300719301233, 0.010438366844277364], [-0.0005478300719301233, 0.22936034077491976, 2.2903507828002205e-05], [0.010438366844277364, 2.2903507828002205e-05, 0.21089955643817257]], "mass_kg": 4.0, "raw_joint_acceleration_peak_rad_s2": 1.6599463082763966, "reaction_force_body_n": [4.638844460520358e-07, -3.715495720164454e-07, -4.715101582444706e-05], "reaction_torque_body_nm": [-0.022305721599252867, -0.0009698934623365405, -0.021476485257899143]}
[gazebo_direct_motor_model-5] [INFO] [1786549932.885180534] [my_drone_gazebo_direct_motor_model]: MOTOR_DYNAMIC_STATE sim_s=248.196 cmd_min=0.4690 cmd_mean=0.4815 cmd_max=0.4943 filtered_mean=0.4815 filtered_max=0.4943 esc_throttle_mean=0.5616 total_thrust_n=45.3296 body_up_force_n=39.2566 saturated_motors=0 rated_cap_command=1.0000 voltage_v=14.8000 thrust_scale=1.000000 current_a=0.0000
[arm_coupling_monitor-9] [INFO] [1786549933.424755597] [my_drone_arm_coupling_monitor]: ARM_COUPLING_STATE {"com_body_flu_m": [-0.002743963054782833, 0.0007076655712875725, -0.22689546209111885], "com_shift_m": [0.0012562247454840914, 0.0013803220895909404, -0.022414017029804056], "feedforward_acceleration_ned_m_s2": [8.581590576993191e-08, -2.2436219546352803e-07, -1.397332872371867e-05], "filtered_joint_acceleration_peak_rad_s2": 0.0013466669330889928, "inertia_diag_kg_m2": [0.23059913668634718, 0.22922774978410757, 0.2109213282502447], "inertia_tensor_frame": "base_link_flu", "inertia_tensor_kg_m2": [[0.23059913668634718, -0.0005492932562866041, 0.010420877775715333], [-0.0005492932562866041, 0.22922774978410757, 2.4282873747561752e-05], [0.010420877775715333, 2.4282873747561752e-05, 0.2109213282502447]], "mass_kg": 4.0, "raw_joint_acceleration_peak_rad_s2": 1.8041994593565762, "reaction_force_body_n": [5.941062938117962e-07, -3.9387817475759e-07, -5.5897028470784605e-05], "reaction_torque_body_nm": [-0.02229099726339294, -0.001096904899146722, -0.021672205934325457]}
[gazebo_direct_motor_model-5] [INFO] [1786549933.887675452] [my_drone_gazebo_direct_motor_model]: MOTOR_DYNAMIC_STATE sim_s=249.196 cmd_min=0.4692 cmd_mean=0.4815 cmd_max=0.4939 filtered_mean=0.4815 filtered_max=0.4939 esc_throttle_mean=0.5616 total_thrust_n=45.3297 body_up_force_n=39.2567 saturated_motors=0 rated_cap_command=1.0000 voltage_v=14.8000 thrust_scale=1.000000 current_a=0.0000
[arm_coupling_monitor-9] [INFO] [1786549934.733315150] [my_drone_arm_coupling_monitor]: ARM_COUPLING_STATE {"com_body_flu_m": [-0.00274495295502228, 0.000709223985631096, -0.2267534565614341], "com_shift_m": [0.0012552348452446443, 0.0013818805039344639, -0.022272011500119315], "feedforward_acceleration_ned_m_s2": [6.171286484112517e-08, -1.6275610407010697e-07, -1.2111366514806506e-05], "filtered_joint_acceleration_peak_rad_s2": 0.0011241899434497311, "inertia_diag_kg_m2": [0.23036414701980285, 0.22902575067502684, 0.21095434012076264], "inertia_tensor_frame": "base_link_flu", "inertia_tensor_kg_m2": [[0.23036414701980285, -0.0005514686809987772, 0.010393612880197913], [-0.0005514686809987772, 0.22902575067502684, 2.6279890450071897e-05], [0.010393612880197913, 2.6279890450071897e-05, 0.21095434012076264]], "mass_kg": 4.0, "raw_joint_acceleration_peak_rad_s2": 2.148978426935495, "reaction_force_body_n": [6.605509635652723e-07, -1.8973725194383223e-07, -4.844559445738035e-05], "reaction_torque_body_nm": [-0.022253404756623938, -0.0012841930449427282, -0.021957109216363183]}
[gazebo_direct_motor_model-5] [INFO] [1786549934.885503817] [my_drone_gazebo_direct_motor_model]: MOTOR_DYNAMIC_STATE sim_s=250.196 cmd_min=0.4688 cmd_mean=0.4813 cmd_max=0.4937 filtered_mean=0.4813 filtered_max=0.4937 esc_throttle_mean=0.5614 total_thrust_n=45.3113 body_up_force_n=39.2408 saturated_motors=0 rated_cap_command=1.0000 voltage_v=14.8000 thrust_scale=1.000000 current_a=0.0000
[gazebo_direct_motor_model-5] [INFO] [1786549935.892619258] [my_drone_gazebo_direct_motor_model]: MOTOR_DYNAMIC_STATE sim_s=251.196 cmd_min=0.4683 cmd_mean=0.4813 cmd_max=0.4942 filtered_mean=0.4813 filtered_max=0.4942 esc_throttle_mean=0.5614 total_thrust_n=45.3092 body_up_force_n=39.2389 saturated_motors=0 rated_cap_command=1.0000 voltage_v=14.8000 thrust_scale=1.000000 current_a=0.0000
[arm_coupling_monitor-9] [INFO] [1786549936.064427226] [my_drone_arm_coupling_monitor]: ARM_COUPLING_STATE {"com_body_flu_m": [-0.0027462386064080347, 0.0007108687837333941, -0.2265896845716364], "com_shift_m": [0.0012539491938588897, 0.001383525302036762, -0.022108239510321592], "feedforward_acceleration_ned_m_s2": [2.4945119509208857e-06, -1.4748462466927553e-06, -0.0001860367088662479], "filtered_joint_acceleration_peak_rad_s2": 0.018284952259013828, "inertia_diag_kg_m2": [0.23009459428034276, 0.22879387077466007, 0.21099200381146596], "inertia_tensor_frame": "base_link_flu", "inertia_tensor_kg_m2": [[0.23009459428034276, -0.0005538864705175481, 0.010361398611948743], [-0.0005538864705175481, 0.22879387077466007, 2.8420834665080462e-05], [0.010361398611948743, 2.8420834665080462e-05, 0.21099200381146596]], "mass_kg": 4.0, "raw_joint_acceleration_peak_rad_s2": 2.4485148202765568, "reaction_force_body_n": [6.798218070252961e-06, -6.472152308206974e-06, -0.0007441779171604896], "reaction_torque_body_nm": [-0.022448249064727987, -0.0018184321919469044, -0.022520680908184734]}
[gazebo_direct_motor_model-5] [INFO] [1786549936.888991369] [my_drone_gazebo_direct_motor_model]: MOTOR_DYNAMIC_STATE sim_s=252.196 cmd_min=0.4688 cmd_mean=0.4809 cmd_max=0.4929 filtered_mean=0.4809 filtered_max=0.4929 esc_throttle_mean=0.5611 total_thrust_n=45.2728 body_up_force_n=39.2074 saturated_motors=0 rated_cap_command=1.0000 voltage_v=14.8000 thrust_scale=1.000000 current_a=0.0000
[arm_coupling_monitor-9] [INFO] [1786549937.398150955] [my_drone_arm_coupling_monitor]: ARM_COUPLING_STATE {"com_body_flu_m": [-0.002747896861793022, 0.0007125581229544473, -0.22640213959020092], "com_shift_m": [0.0012522909384739024, 0.0013852146412578151, -0.02192069452888612], "feedforward_acceleration_ned_m_s2": [-8.138178017309352e-08, -2.730343929585733e-07, -1.679394278374784e-05], "filtered_joint_acceleration_peak_rad_s2": 0.001503721028017976, "inertia_diag_kg_m2": [0.2297878265765549, 0.22852975777704101, 0.21103460476807223], "inertia_tensor_frame": "base_link_flu", "inertia_tensor_kg_m2": [[0.2297878265765549, -0.0005565376379227278, 0.010323524786060282], [-0.0005565376379227278, 0.22852975777704101, 3.066823100666364e-05], [0.010323524786060282, 3.066823100666364e-05, 0.21103460476807223]], "mass_kg": 4.0, "raw_joint_acceleration_peak_rad_s2": 2.7155864802967673, "reaction_force_body_n": [1.1211024505579528e-06, -6.251021911104087e-08, -6.717605363320113e-05], "reaction_torque_body_nm": [-0.022106310463726707, -0.0016728637363903713, -0.022607795503578866]}
[gazebo_direct_motor_model-5] [INFO] [1786549937.888283671] [my_drone_gazebo_direct_motor_model]: MOTOR_DYNAMIC_STATE sim_s=253.196 cmd_min=0.4688 cmd_mean=0.4811 cmd_max=0.4935 filtered_mean=0.4811 filtered_max=0.4935 esc_throttle_mean=0.5613 total_thrust_n=45.2960 body_up_force_n=39.2275 saturated_motors=0 rated_cap_command=1.0000 voltage_v=14.8000 thrust_scale=1.000000 current_a=0.0000
[arm_coupling_monitor-9] [INFO] [1786549938.723409376] [my_drone_arm_coupling_monitor]: ARM_COUPLING_STATE {"com_body_flu_m": [-0.0027499923095777867, 0.0007142176886422782, -0.22619140744729938], "com_shift_m": [0.0012501954906891377, 0.0013868742069456461, -0.021709962385984577], "feedforward_acceleration_ned_m_s2": [1.7625237538292779e-07, -4.997814258918535e-07, -3.1222541948126045e-05], "filtered_joint_acceleration_peak_rad_s2": 0.0028482418538451418, "inertia_diag_kg_m2": [0.2294455652100378, 0.228234812872003, 0.21108180729133597], "inertia_tensor_frame": "base_link_flu", "inertia_tensor_kg_m2": [[0.2294455652100378, -0.0005593698900930233, 0.01027975701839303], [-0.0005593698900930233, 0.228234812872003, 3.2945662901996686e-05], [0.01027975701839303, 3.2945662901996686e-05, 0.21108180729133597]], "mass_kg": 4.0, "raw_joint_acceleration_peak_rad_s2": 2.982745569795399, "reaction_force_body_n": [1.9199140952809253e-06, -2.9743002038311174e-07, -0.0001248930463175011], "reaction_torque_body_nm": [-0.021992433211248125, -0.0018636395945364514, -0.022970645279056453]}
[gazebo_direct_motor_model-5] [INFO] [1786549938.885385861] [my_drone_gazebo_direct_motor_model]: MOTOR_DYNAMIC_STATE sim_s=254.196 cmd_min=0.4682 cmd_mean=0.4812 cmd_max=0.4942 filtered_mean=0.4812 filtered_max=0.4942 esc_throttle_mean=0.5613 total_thrust_n=45.3029 body_up_force_n=39.2334 saturated_motors=0 rated_cap_command=1.0000 voltage_v=14.8000 thrust_scale=1.000000 current_a=0.0000
[arm_coupling_monitor-9] [INFO] [1786549939.728078324] [my_drone_arm_coupling_monitor]: ARM_COUPLING_STATE {"com_body_flu_m": [-0.002751908553932607, 0.0007154067909338584, -0.2260170206796486], "com_shift_m": [0.0012482792463343172, 0.0013880633092372262, -0.021535575618333802], "feedforward_acceleration_ned_m_s2": [-3.372774816238125e-08, -4.4056934168220745e-07, -1.8347732559950623e-05], "filtered_joint_acceleration_peak_rad_s2": 0.001561492185444343, "inertia_diag_kg_m2": [0.22916427921732838, 0.2279921990683755, 0.21112034361765844], "inertia_tensor_frame": "base_link_flu", "inertia_tensor_kg_m2": [[0.22916427921732838, -0.0005615986611988138, 0.010242600378504016], [-0.0005615986611988138, 0.2279921990683755, 3.4641621020142614e-05], [0.010242600378504016, 3.4641621020142614e-05, 0.21112034361765844]], "mass_kg": 4.0, "raw_joint_acceleration_peak_rad_s2": 3.2341775806977604, "reaction_force_body_n": [1.5431288310592438e-06, 2.3181748418425804e-07, -7.339562301678185e-05], "reaction_torque_body_nm": [-0.021887272316819736, -0.0020164712190782553, -0.023258865782468763]}
[gazebo_direct_motor_model-5] [INFO] [1786549939.885719204] [my_drone_gazebo_direct_motor_model]: MOTOR_DYNAMIC_STATE sim_s=255.196 cmd_min=0.4696 cmd_mean=0.4818 cmd_max=0.4941 filtered_mean=0.4818 filtered_max=0.4941 esc_throttle_mean=0.5619 total_thrust_n=45.3626 body_up_force_n=39.2852 saturated_motors=0 rated_cap_command=1.0000 voltage_v=14.8000 thrust_scale=1.000000 current_a=0.0000
[gazebo_direct_motor_model-5] [INFO] [1786549940.889679513] [my_drone_gazebo_direct_motor_model]: MOTOR_DYNAMIC_STATE sim_s=256.196 cmd_min=0.4679 cmd_mean=0.4810 cmd_max=0.4939 filtered_mean=0.4810 filtered_max=0.4939 esc_throttle_mean=0.5609 total_thrust_n=45.2853 body_up_force_n=39.2182 saturated_motors=0 rated_cap_command=1.0000 voltage_v=14.8000 thrust_scale=1.000000 current_a=0.0000
[arm_coupling_monitor-9] [INFO] [1786549941.064066442] [my_drone_arm_coupling_monitor]: ARM_COUPLING_STATE {"com_body_flu_m": [-0.0027549944987057297, 0.000716853842380908, -0.22576258025482418], "com_shift_m": [0.0012451933015611948, 0.001389510360684276, -0.021281135193509382], "feedforward_acceleration_ned_m_s2": [-5.7173625274060206e-08, -3.9249887414329774e-07, -1.67800478213846e-05], "filtered_joint_acceleration_peak_rad_s2": 0.0013561118950332917, "inertia_diag_kg_m2": [0.2287570223707554, 0.22764059179933394, 0.21117572968245193], "inertia_tensor_frame": "base_link_flu", "inertia_tensor_kg_m2": [[0.2287570223707554, -0.0005646678137660095, 0.010186917651119093], [-0.0005646678137660095, 0.22764059179933394, 3.6826055647267396e-05], [0.010186917651119093, 3.6826055647267396e-05, 0.21117572968245193]], "mass_kg": 4.0, "raw_joint_acceleration_peak_rad_s2": 3.5244633018794076, "reaction_force_body_n": [1.6971769443980397e-06, 4.781888224238077e-07, -6.711578198241357e-05], "reaction_torque_body_nm": [-0.02171982465643426, -0.002211060508513409, -0.023661998006560606]}
[gazebo_direct_motor_model-5] [INFO] [1786549941.883109105] [my_drone_gazebo_direct_motor_model]: MOTOR_DYNAMIC_STATE sim_s=257.196 cmd_min=0.4695 cmd_mean=0.4812 cmd_max=0.4929 filtered_mean=0.4812 filtered_max=0.4929 esc_throttle_mean=0.5613 total_thrust_n=45.3014 body_up_force_n=39.2322 saturated_motors=0 rated_cap_command=1.0000 voltage_v=14.8000 thrust_scale=1.000000 current_a=0.0000
[arm_coupling_monitor-9] [INFO] [1786549942.074421353] [my_drone_arm_coupling_monitor]: ARM_COUPLING_STATE {"com_body_flu_m": [-0.0027577682347737446, 0.0007177923780933154, -0.22555456646144775], "com_shift_m": [0.0012424195654931799, 0.0013904488963966833, -0.021073121400132955], "feedforward_acceleration_ned_m_s2": [-1.2857334844058415e-07, -5.493159991475349e-07, -2.315708904212661e-05], "filtered_joint_acceleration_peak_rad_s2": 0.0019034270864715624, "inertia_diag_kg_m2": [0.22842685495920784, 0.227355244370423, 0.2112202786345834], "inertia_tensor_frame": "base_link_flu", "inertia_tensor_kg_m2": [[0.22842685495920784, -0.0005670192028310159, 0.010140144742146025], [-0.0005670192028310159, 0.227355244370423, 3.8369822796378676e-05], [0.010140144742146025, 3.8369822796378676e-05, 0.2112202786345834]], "mass_kg": 4.0, "raw_joint_acceleration_peak_rad_s2": 3.75535163165104, "reaction_force_body_n": [2.2487901292186942e-06, 5.514674676511448e-07, -9.262690570148673e-05], "reaction_torque_body_nm": [-0.02158411051675414, -0.002371566555892018, -0.023990820396736803]}
[gazebo_direct_motor_model-5] [INFO] [1786549942.886210892] [my_drone_gazebo_direct_motor_model]: MOTOR_DYNAMIC_STATE sim_s=258.196 cmd_min=0.4681 cmd_mean=0.4816 cmd_max=0.4951 filtered_mean=0.4816 filtered_max=0.4951 esc_throttle_mean=0.5615 total_thrust_n=45.3351 body_up_force_n=39.2613 saturated_motors=0 rated_cap_command=1.0000 voltage_v=14.8000 thrust_scale=1.000000 current_a=0.0000
[arm_coupling_monitor-9] [INFO] [1786549943.401497950] [my_drone_arm_coupling_monitor]: ARM_COUPLING_STATE {"com_body_flu_m": [-0.0027621749982869506, 0.0007187780531248272, -0.22525343680710025], "com_shift_m": [0.0012380128019799739, 0.0013914345714281951, -0.02077199174578545], "feedforward_acceleration_ned_m_s2": [1.3283656702894905e-07, -1.297872731670131e-06, -6.03732508851544e-05], "filtered_joint_acceleration_peak_rad_s2": 0.005245997444779656, "inertia_diag_kg_m2": [0.22795331432488472, 0.22694552468865725, 0.21128362228275066], "inertia_tensor_frame": "base_link_flu", "inertia_tensor_kg_m2": [[0.22795331432488472, -0.0005701778193725887, 0.010070521723473407], [-0.0005701778193725887, 0.22694552468865725, 4.024335105907127e-05], [0.010070521723473407, 4.024335105907127e-05, 0.21128362228275066]], "mass_kg": 4.0, "raw_joint_acceleration_peak_rad_s2": 4.021881596166144, "reaction_force_body_n": [4.824319432443682e-06, 4.125489088846801e-07, -0.00024150084971150457], "reaction_torque_body_nm": [-0.021345714732217247, -0.002523001732648857, -0.024416225910469144]}
[gazebo_direct_motor_model-5] [INFO] [1786549943.885924893] [my_drone_gazebo_direct_motor_model]: MOTOR_DYNAMIC_STATE sim_s=259.196 cmd_min=0.4692 cmd_mean=0.4810 cmd_max=0.4929 filtered_mean=0.4810 filtered_max=0.4929 esc_throttle_mean=0.5612 total_thrust_n=45.2860 body_up_force_n=39.2188 saturated_motors=0 rated_cap_command=1.0000 voltage_v=14.8000 thrust_scale=1.000000 current_a=0.0000
[arm_coupling_monitor-9] [INFO] [1786549944.744447891] [my_drone_arm_coupling_monitor]: ARM_COUPLING_STATE {"com_body_flu_m": [-0.002767474269788909, 0.0007193713284294363, -0.22492639046196397], "com_shift_m": [0.0012327135304780155, 0.0013920278467328042, -0.020444945400649173], "feedforward_acceleration_ned_m_s2": [-3.9480057971702927e-07, -8.367249839735677e-07, -3.755051715822512e-05], "filtered_joint_acceleration_peak_rad_s2": 0.0030579016550616803, "inertia_diag_kg_m2": [0.22744493929573772, 0.22650505845803043, 0.21135090413016866], "inertia_tensor_frame": "base_link_flu", "inertia_tensor_kg_m2": [[0.22744493929573772, -0.0005732878283472563, 0.009992453473648966], [-0.0005732878283472563, 0.22650505845803043, 4.182761660821103e-05], [0.009992453473648966, 4.182761660821103e-05, 0.21135090413016866]], "mass_kg": 4.0, "raw_joint_acceleration_peak_rad_s2": 4.308105876305372, "reaction_force_body_n": [3.871061930111578e-06, 1.0278816010585372e-06, -0.00015019425881069757], "reaction_torque_body_nm": [-0.021109838789157013, -0.0027588609077246356, -0.0249001912707698]}
[gazebo_direct_motor_model-5] [INFO] [1786549944.885770289] [my_drone_gazebo_direct_motor_model]: MOTOR_DYNAMIC_STATE sim_s=260.196 cmd_min=0.4692 cmd_mean=0.4814 cmd_max=0.4937 filtered_mean=0.4814 filtered_max=0.4937 esc_throttle_mean=0.5616 total_thrust_n=45.3254 body_up_force_n=39.2529 saturated_motors=0 rated_cap_command=1.0000 voltage_v=14.8000 thrust_scale=1.000000 current_a=0.0000
[arm_coupling_monitor-9] [INFO] [1786549945.753654327] [my_drone_arm_coupling_monitor]: ARM_COUPLING_STATE {"com_body_flu_m": [-0.0027721220758734587, 0.0007195047240523209, -0.22466301909545794], "com_shift_m": [0.0012280657243934658, 0.0013921612423556887, -0.02018157403414314], "feedforward_acceleration_ned_m_s2": [-2.4534704278255206e-07, -6.77032157192421e-07, -1.5558458341646696e-05], "filtered_joint_acceleration_peak_rad_s2": 0.0010502621291189503, "inertia_diag_kg_m2": [0.2270400199680423, 0.22615377642114307, 0.2114039585146461], "inertia_tensor_frame": "base_link_flu", "inertia_tensor_kg_m2": [[0.2270400199680423, -0.000575556069099855, 0.009927810700777934], [-0.000575556069099855, 0.22615377642114307, 4.278783096571797e-05], [0.009927810700777934, 4.278783096571797e-05, 0.2114039585146461]], "mass_kg": 4.0, "raw_joint_acceleration_peak_rad_s2": 4.395571348412296, "reaction_force_body_n": [2.547443996058167e-06, 1.2482263421535567e-06, -6.223583822041917e-05], "reaction_torque_body_nm": [-0.020864152182492855, -0.0028525060554739435, -0.025220025275045754]}
[gazebo_direct_motor_model-5] [INFO] [1786549945.890246027] [my_drone_gazebo_direct_motor_model]: MOTOR_DYNAMIC_STATE sim_s=261.196 cmd_min=0.4689 cmd_mean=0.4816 cmd_max=0.4942 filtered_mean=0.4816 filtered_max=0.4942 esc_throttle_mean=0.5617 total_thrust_n=45.3436 body_up_force_n=39.2687 saturated_motors=0 rated_cap_command=1.0000 voltage_v=14.8000 thrust_scale=1.000000 current_a=0.0000
[arm_coupling_monitor-9] [INFO] [1786549946.764129735] [my_drone_arm_coupling_monitor]: ARM_COUPLING_STATE {"com_body_flu_m": [-0.0027774034090457065, 0.00071932600160491, -0.22438429198351895], "com_shift_m": [0.001222784391221218, 0.0013919825199082778, -0.019902846922204148], "feedforward_acceleration_ned_m_s2": [-1.9231866866114077e-07, -8.990880200379489e-07, -1.845140276354372e-05], "filtered_joint_acceleration_peak_rad_s2": 0.0012644532291752229, "inertia_diag_kg_m2": [0.22661583783841868, 0.22578535014330825, 0.21145902550538742], "inertia_tensor_frame": "base_link_flu", "inertia_tensor_kg_m2": [[0.22661583783841868, -0.0005777325750526783, 0.00985774792028178], [-0.0005777325750526783, 0.22578535014330825, 4.351983601638687e-05], [0.00985774792028178, 4.351983601638687e-05, 0.21145902550538742]], "mass_kg": 4.0, "raw_joint_acceleration_peak_rad_s2": 4.672883665730824, "reaction_force_body_n": [2.9963556148178907e-06, 1.422619489458097e-06, -7.382270492001338e-05], "reaction_torque_body_nm": [-0.020623266900160975, -0.002977390991379461, -0.025576101156881]}
[gazebo_direct_motor_model-5] [INFO] [1786549946.891312362] [my_drone_gazebo_direct_motor_model]: MOTOR_DYNAMIC_STATE sim_s=262.196 cmd_min=0.4681 cmd_mean=0.4811 cmd_max=0.4942 filtered_mean=0.4811 filtered_max=0.4942 esc_throttle_mean=0.5610 total_thrust_n=45.2880 body_up_force_n=39.2205 saturated_motors=0 rated_cap_command=1.0000 voltage_v=14.8000 thrust_scale=1.000000 current_a=0.0000
[gazebo_direct_motor_model-5] [INFO] [1786549947.888947922] [my_drone_gazebo_direct_motor_model]: MOTOR_DYNAMIC_STATE sim_s=263.196 cmd_min=0.4683 cmd_mean=0.4813 cmd_max=0.4944 filtered_mean=0.4813 filtered_max=0.4944 esc_throttle_mean=0.5614 total_thrust_n=45.3115 body_up_force_n=39.2409 saturated_motors=0 rated_cap_command=1.0000 voltage_v=14.8000 thrust_scale=1.000000 current_a=0.0000
[arm_coupling_monitor-9] [INFO] [1786549948.072001035] [my_drone_arm_coupling_monitor]: ARM_COUPLING_STATE {"com_body_flu_m": [-0.002785518424887919, 0.0007185345369533844, -0.2239891102720208], "com_shift_m": [0.0012146693753790055, 0.0013911910552567523, -0.019507665210706016], "feedforward_acceleration_ned_m_s2": [-3.0067730411177286e-07, -8.1752438382934e-07, -1.6026237147498662e-05], "filtered_joint_acceleration_peak_rad_s2": 0.0010010550402200257, "inertia_diag_kg_m2": [0.22602208201983576, 0.22526888670250478, 0.21153522148672435], "inertia_tensor_frame": "base_link_flu", "inertia_tensor_kg_m2": [[0.22602208201983576, -0.0005804336146182823, 0.0097556312615642], [-0.0005804336146182823, 0.22526888670250478, 4.4096599192064434e-05], [0.0097556312615642, 4.4096599192064434e-05, 0.21153522148672435]], "mass_kg": 4.0, "raw_joint_acceleration_peak_rad_s2": 4.900737985827119, "reaction_force_body_n": [3.1149391868052807e-06, 1.623063817043092e-06, -6.4103410976203e-05], "reaction_torque_body_nm": [-0.02026988533229075, -0.0031384147376001953, -0.026058312609761537]}
[gazebo_direct_motor_model-5] [INFO] [1786549948.889393229] [my_drone_gazebo_direct_motor_model]: MOTOR_DYNAMIC_STATE sim_s=264.196 cmd_min=0.4690 cmd_mean=0.4809 cmd_max=0.4921 filtered_mean=0.4809 filtered_max=0.4921 esc_throttle_mean=0.5611 total_thrust_n=45.2779 body_up_force_n=39.2118 saturated_motors=0 rated_cap_command=1.0000 voltage_v=14.8000 thrust_scale=1.000000 current_a=0.0000
[arm_coupling_monitor-9] [INFO] [1786549949.071202223] [my_drone_arm_coupling_monitor]: ARM_COUPLING_STATE {"com_body_flu_m": [-0.0027924939666107186, 0.0007174745391009645, -0.22367455728080138], "com_shift_m": [0.0012076938336562058, 0.0013901310574043323, -0.01919311221948658], "feedforward_acceleration_ned_m_s2": [-1.3061517943331653e-06, -1.4469437795061125e-06, -7.694221030824725e-05], "filtered_joint_acceleration_peak_rad_s2": 0.006094709846101562, "inertia_diag_kg_m2": [0.22555588070770466, 0.22486274856567706, 0.21159431774612714], "inertia_tensor_frame": "base_link_flu", "inertia_tensor_kg_m2": [[0.22555588070770466, -0.0005822692525648907, 0.009672124693411532], [-0.0005822692525648907, 0.22486274856567706, 4.4202118804775176e-05], [0.009672124693411532, 4.4202118804775176e-05, 0.21159431774612714]], "mass_kg": 4.0, "raw_joint_acceleration_peak_rad_s2": 5.112114355374108, "reaction_force_body_n": [9.053963855850154e-06, 2.8386866416112196e-06, -0.00030772133837535346], "reaction_torque_body_nm": [-0.020036254328867697, -0.003337531771075892, -0.02649837896674296]}
[gazebo_direct_motor_model-5] [INFO] [1786549949.888230321] [my_drone_gazebo_direct_motor_model]: MOTOR_DYNAMIC_STATE sim_s=265.196 cmd_min=0.4683 cmd_mean=0.4813 cmd_max=0.4944 filtered_mean=0.4813 filtered_max=0.4944 esc_throttle_mean=0.5614 total_thrust_n=45.3070 body_up_force_n=39.2370 saturated_motors=0 rated_cap_command=1.0000 voltage_v=14.8000 thrust_scale=1.000000 current_a=0.0000
[arm_coupling_monitor-9] [INFO] [1786549950.419378890] [my_drone_arm_coupling_monitor]: ARM_COUPLING_STATE {"com_body_flu_m": [-0.002803106783529791, 0.0007153629717425308, -0.22323045090380633], "com_shift_m": [0.0011970810167371334, 0.0013880194900458987, -0.018749005842491534], "feedforward_acceleration_ned_m_s2": [-4.2944296933614157e-07, -1.1678025978232375e-06, -2.2638559837699845e-05], "filtered_joint_acceleration_peak_rad_s2": 0.0014690514674218001, "inertia_diag_kg_m2": [0.22490733558644863, 0.22429682537643775, 0.21167544286196563], "inertia_tensor_frame": "base_link_flu", "inertia_tensor_kg_m2": [[0.22490733558644863, -0.0005844002754049206, 0.009551041699510664], [-0.0005844002754049206, 0.22429682537643775, 4.387148811181921e-05], [0.009551041699510664, 4.387148811181921e-05, 0.21167544286196563]], "mass_kg": 4.0, "raw_joint_acceleration_peak_rad_s2": 5.289919549653631, "reaction_force_body_n": [4.342699355373608e-06, 2.1230601968375408e-06, -9.05619941744528e-05], "reaction_torque_body_nm": [-0.01955992143788837, -0.0033922829380974933, -0.02691642670410121]}
[gazebo_direct_motor_model-5] [INFO] [1786549950.889444927] [my_drone_gazebo_direct_motor_model]: MOTOR_DYNAMIC_STATE sim_s=266.196 cmd_min=0.4685 cmd_mean=0.4812 cmd_max=0.4943 filtered_mean=0.4812 filtered_max=0.4943 esc_throttle_mean=0.5614 total_thrust_n=45.3051 body_up_force_n=39.2354 saturated_motors=0 rated_cap_command=1.0000 voltage_v=14.8000 thrust_scale=1.000000 current_a=0.0000
[arm_coupling_monitor-9] [INFO] [1786549951.728084850] [my_drone_arm_coupling_monitor]: ARM_COUPLING_STATE {"com_body_flu_m": [-0.0028152695170071025, 0.0007123928828978582, -0.22276140946900827], "com_shift_m": [0.001184918283259822, 0.001385049401201226, -0.018279964407693472], "feedforward_acceleration_ned_m_s2": [-9.951984124413105e-07, -1.5819204940618613e-05, -0.000485571989280243], "filtered_joint_acceleration_peak_rad_s2": 0.03888217844749835, "inertia_diag_kg_m2": [0.22423465995272138, 0.223708667315309, 0.21175822601322733], "inertia_tensor_frame": "base_link_flu", "inertia_tensor_kg_m2": [[0.22423465995272138, -0.0005860827200746593, 0.009419332421275167], [-0.0005860827200746593, 0.223708667315309, 4.298013746899861e-05], [0.009419332421275167, 4.298013746899861e-05, 0.21175822601322733]], "mass_kg": 4.0, "raw_joint_acceleration_peak_rad_s2": 5.531984532164755, "reaction_force_body_n": [5.596035020152815e-05, 1.648067873203089e-05, -0.0019424466884443306], "reaction_torque_body_nm": [-0.01956483602659969, -0.004293245253468192, -0.0280666838765276]}
[gazebo_direct_motor_model-5] [INFO] [1786549951.887033351] [my_drone_gazebo_direct_motor_model]: MOTOR_DYNAMIC_STATE sim_s=267.196 cmd_min=0.4689 cmd_mean=0.4818 cmd_max=0.4950 filtered_mean=0.4818 filtered_max=0.4950 esc_throttle_mean=0.5619 total_thrust_n=45.3631 body_up_force_n=39.2856 saturated_motors=0 rated_cap_command=1.0000 voltage_v=14.8000 thrust_scale=1.000000 current_a=0.0000
[arm_coupling_monitor-9] [INFO] [1786549952.733804837] [my_drone_arm_coupling_monitor]: ARM_COUPLING_STATE {"com_body_flu_m": [-0.00282554077501666, 0.0007095434754712145, -0.2223915161227132], "com_shift_m": [0.0011746470252502646, 0.0013821999937745823, -0.017910071061398414], "feedforward_acceleration_ned_m_s2": [-5.431543371199416e-07, -1.0071442415466172e-06, -1.3249014466865593e-05], "filtered_joint_acceleration_peak_rad_s2": 0.0006285547182407209, "inertia_diag_kg_m2": [0.22371307270166751, 0.22325176186196444, 0.2118214389013007], "inertia_tensor_frame": "base_link_flu", "inertia_tensor_kg_m2": [[0.22371307270166751, -0.0005870102197502594, 0.009312844902418344], [-0.0005870102197502594, 0.22325176186196444, 4.19319152016465e-05], [0.009312844902418344, 4.19319152016465e-05, 0.2118214389013007]], "mass_kg": 4.0, "raw_joint_acceleration_peak_rad_s2": 5.662855136650374, "reaction_force_body_n": [3.96428091971397e-06, 2.203229761193644e-06, -5.2999642483848945e-05], "reaction_torque_body_nm": [-0.01873863798379344, -0.003617178191508976, -0.02777389464158468]}
[gazebo_direct_motor_model-5] [INFO] [1786549952.888377590] [my_drone_gazebo_direct_motor_model]: MOTOR_DYNAMIC_STATE sim_s=268.196 cmd_min=0.4694 cmd_mean=0.4813 cmd_max=0.4933 filtered_mean=0.4813 filtered_max=0.4933 esc_throttle_mean=0.5615 total_thrust_n=45.3132 body_up_force_n=39.2424 saturated_motors=0 rated_cap_command=1.0000 voltage_v=14.8000 thrust_scale=1.000000 current_a=0.0000
[gazebo_direct_motor_model-5] [INFO] [1786549953.884439976] [my_drone_gazebo_direct_motor_model]: MOTOR_DYNAMIC_STATE sim_s=269.196 cmd_min=0.4673 cmd_mean=0.4812 cmd_max=0.4951 filtered_mean=0.4812 filtered_max=0.4951 esc_throttle_mean=0.5607 total_thrust_n=45.3055 body_up_force_n=39.2357 saturated_motors=0 rated_cap_command=1.0000 voltage_v=14.8000 thrust_scale=1.000000 current_a=0.0000
[arm_coupling_monitor-9] [INFO] [1786549954.065383815] [my_drone_arm_coupling_monitor]: ARM_COUPLING_STATE {"com_body_flu_m": [-0.0028408040866025937, 0.0007048785156151295, -0.22187715008412023], "com_shift_m": [0.0011593837136643307, 0.0013775350339184974, -0.017395705022805436], "feedforward_acceleration_ned_m_s2": [-3.826041609570462e-07, -1.2794760873544276e-06, -1.7378963158391874e-05], "filtered_joint_acceleration_peak_rad_s2": 0.000924999401581637, "inertia_diag_kg_m2": [0.2230007974449661, 0.2226265670786215, 0.21190634369477201], "inertia_tensor_frame": "base_link_flu", "inertia_tensor_kg_m2": [[0.2230007974449661, -0.0005877327695568316, 0.009161146569235019], [-0.0005877327695568316, 0.2226265670786215, 4.003609075749464e-05], [0.009161146569235019, 4.003609075749464e-05, 0.21190634369477201]], "mass_kg": 4.0, "raw_joint_acceleration_peak_rad_s2": 5.82945394200902, "reaction_force_body_n": [4.796499065929799e-06, 2.5100960512433205e-06, -6.951030068939017e-05], "reaction_torque_body_nm": [-0.018220585267191634, -0.0037250265941216436, -0.02825663162307406]}
[gazebo_direct_motor_model-5] [INFO] [1786549954.887303057] [my_drone_gazebo_direct_motor_model]: MOTOR_DYNAMIC_STATE sim_s=270.196 cmd_min=0.4692 cmd_mean=0.4815 cmd_max=0.4937 filtered_mean=0.4815 filtered_max=0.4937 esc_throttle_mean=0.5616 total_thrust_n=45.3301 body_up_force_n=39.2570 saturated_motors=0 rated_cap_command=1.0000 voltage_v=14.8000 thrust_scale=1.000000 current_a=0.0000
[arm_coupling_monitor-9] [INFO] [1786549955.404751672] [my_drone_arm_coupling_monitor]: ARM_COUPLING_STATE {"com_body_flu_m": [-0.0028580497116455945, 0.0006991459806003873, -0.2213367761498309], "com_shift_m": [0.00114213808862133, 0.0013718024989037552, -0.016855331088516112], "feedforward_acceleration_ned_m_s2": [-7.380139347255463e-07, -1.5674090819206105e-06, -2.2901583271102803e-05], "filtered_joint_acceleration_peak_rad_s2": 0.0013223622401137948, "inertia_diag_kg_m2": [0.2222688356523013, 0.2219825242288021, 0.21199182955544277], "inertia_tensor_frame": "base_link_flu", "inertia_tensor_kg_m2": [[0.2222688356523013, -0.0005878035915064834, 0.008997513019013127], [-0.0005878035915064834, 0.2219825242288021, 3.7578123717739095e-05], [0.008997513019013127, 3.7578123717739095e-05, 0.21199182955544277]], "mass_kg": 4.0, "raw_joint_acceleration_peak_rad_s2": 5.97199684891327, "reaction_force_body_n": [5.890615420970381e-06, 2.915686033442359e-06, -9.163265061568223e-05], "reaction_torque_body_nm": [-0.0176670526134358, -0.0038196192406338998, -0.02873147747009616]}
[gazebo_direct_motor_model-5] [INFO] [1786549955.885372613] [my_drone_gazebo_direct_motor_model]: MOTOR_DYNAMIC_STATE sim_s=271.196 cmd_min=0.4681 cmd_mean=0.4811 cmd_max=0.4941 filtered_mean=0.4811 filtered_max=0.4941 esc_throttle_mean=0.5611 total_thrust_n=45.2929 body_up_force_n=39.2248 saturated_motors=0 rated_cap_command=1.0000 voltage_v=14.8000 thrust_scale=1.000000 current_a=0.0000
[arm_coupling_monitor-9] [INFO] [1786549956.412112365] [my_drone_arm_coupling_monitor]: ARM_COUPLING_STATE {"com_body_flu_m": [-0.002872290552384348, 0.0006941375490895629, -0.22091701979452563], "com_shift_m": [0.0011278972478825765, 0.0013667940673929308, -0.016435574733210834], "feedforward_acceleration_ned_m_s2": [-6.594137921146491e-07, -1.6499638952070704e-06, -2.1813428180542603e-05], "filtered_joint_acceleration_peak_rad_s2": 0.0012143644653905058, "inertia_diag_kg_m2": [0.22171180053354395, 0.22149127843807315, 0.21205563835270705], "inertia_tensor_frame": "base_link_flu", "inertia_tensor_kg_m2": [[0.22171180053354395, -0.0005873876276650354, 0.008867573413692625], [-0.0005873876276650354, 0.22149127843807315, 3.5395435410642134e-05], [0.008867573413692625, 3.5395435410642134e-05, 0.21205563835270705]], "mass_kg": 4.0, "raw_joint_acceleration_peak_rad_s2": 6.080518294184286, "reaction_force_body_n": [6.046649448353919e-06, 2.9899443258000884e-06, -8.728243789936133e-05], "reaction_torque_body_nm": [-0.01723171602063425, -0.003883388623508437, -0.02907883276276274]}
[gazebo_direct_motor_model-5] [INFO] [1786549956.892867944] [my_drone_gazebo_direct_motor_model]: MOTOR_DYNAMIC_STATE sim_s=272.196 cmd_min=0.4689 cmd_mean=0.4810 cmd_max=0.4933 filtered_mean=0.4810 filtered_max=0.4933 esc_throttle_mean=0.5612 total_thrust_n=45.2854 body_up_force_n=39.2183 saturated_motors=0 rated_cap_command=1.0000 voltage_v=14.8000 thrust_scale=1.000000 current_a=0.0000
[arm_coupling_monitor-9] [INFO] [1786549957.417689256] [my_drone_arm_coupling_monitor]: ARM_COUPLING_STATE {"com_body_flu_m": [-0.0028877155206160146, 0.0006884993891548494, -0.22048485426334752], "com_shift_m": [0.0011124722796509098, 0.0013611559074582173, -0.01600340920203272], "feedforward_acceleration_ned_m_s2": [-5.520126957942149e-07, -1.1522341302520909e-06, -1.1702856492588813e-05], "filtered_joint_acceleration_peak_rad_s2": 0.0004321107007328604, "inertia_diag_kg_m2": [0.2211488439830592, 0.220993778693468, 0.2121189847794889], "inertia_tensor_frame": "base_link_flu", "inertia_tensor_kg_m2": [[0.2211488439830592, -0.0005865420706094005, 0.008731355761014054], [-0.0005865420706094005, 0.220993778693468, 3.294371460225813e-05], [0.008731355761014054, 3.294371460225813e-05, 0.2121189847794889]], "mass_kg": 4.0, "raw_joint_acceleration_peak_rad_s2": 6.137455122682883, "reaction_force_body_n": [4.864875244889103e-06, 2.553004251494912e-06, -4.676796492939731e-05], "reaction_torque_body_nm": [-0.016779518035084477, -0.003942457295052109, -0.029417824478050175]}
[gazebo_direct_motor_model-5] [INFO] [1786549957.888605936] [my_drone_gazebo_direct_motor_model]: MOTOR_DYNAMIC_STATE sim_s=273.196 cmd_min=0.4676 cmd_mean=0.4807 cmd_max=0.4938 filtered_mean=0.4807 filtered_max=0.4938 esc_throttle_mean=0.5604 total_thrust_n=45.2551 body_up_force_n=39.1921 saturated_motors=0 rated_cap_command=1.0000 voltage_v=14.8000 thrust_scale=1.000000 current_a=0.0000
[arm_coupling_monitor-9] [INFO] [1786549958.724199559] [my_drone_arm_coupling_monitor]: ARM_COUPLING_STATE {"com_body_flu_m": [-0.0029101567285063495, 0.0006799972233234881, -0.21989113405858246], "com_shift_m": [0.001090031071760575, 0.001352653741626856, -0.015409688997267662], "feedforward_acceleration_ned_m_s2": [-6.229642533967285e-07, -1.793411917469176e-06, -2.0429616273950305e-05], "filtered_joint_acceleration_peak_rad_s2": 0.0010680253501144604, "inertia_diag_kg_m2": [0.22039288796718037, 0.2203239968069135, 0.21220216060331037], "inertia_tensor_frame": "base_link_flu", "inertia_tensor_kg_m2": [[0.22039288796718037, -0.0005847114388548532, 0.00854042655193606], [-0.0005847114388548532, 0.2203239968069135, 2.930946997653245e-05], [0.00854042655193606, 2.930946997653245e-05, 0.21220216060331037]], "mass_kg": 4.0, "raw_joint_acceleration_peak_rad_s2": 6.270875237321761, "reaction_force_body_n": [6.5269604492236586e-06, 3.1551340627965733e-06, -8.174975245357885e-05], "reaction_torque_body_nm": [-0.0161519333051309, -0.0040011794858081, -0.02985360792892237]}
[gazebo_direct_motor_model-5] [INFO] [1786549958.892135965] [my_drone_gazebo_direct_motor_model]: MOTOR_DYNAMIC_STATE sim_s=274.196 cmd_min=0.4677 cmd_mean=0.4812 cmd_max=0.4950 filtered_mean=0.4812 filtered_max=0.4950 esc_throttle_mean=0.5610 total_thrust_n=45.3028 body_up_force_n=39.2334 saturated_motors=0 rated_cap_command=1.0000 voltage_v=14.8000 thrust_scale=1.000000 current_a=0.0000
[arm_coupling_monitor-9] [INFO] [1786549959.729478603] [my_drone_arm_coupling_monitor]: ARM_COUPLING_STATE {"com_body_flu_m": [-0.002928460371188185, 0.0006728658777106385, -0.21943282630375927], "com_shift_m": [0.0010717274290787393, 0.0013455223960140063, -0.014951381242444467], "feedforward_acceleration_ned_m_s2": [-7.113889487751897e-07, -1.446808208240231e-06, -1.1845853515987556e-05], "filtered_joint_acceleration_peak_rad_s2": 0.0004299062329443095, "inertia_diag_kg_m2": [0.21982316019191447, 0.21981782930643767, 0.21226334293460375], "inertia_tensor_frame": "base_link_flu", "inertia_tensor_kg_m2": [[0.21982316019191447, -0.0005827855598706582, 0.008390228953327344], [-0.0005827855598706582, 0.21981782930643767, 2.6348576086463078e-05], [0.008390228953327344, 2.6348576086463078e-05, 0.21226334293460375]], "mass_kg": 4.0, "raw_joint_acceleration_peak_rad_s2": 6.279218408530927, "reaction_force_body_n": [5.403491381844726e-06, 2.6848987945455582e-06, -4.7438073099052685e-05], "reaction_torque_body_nm": [-0.01566385169371789, -0.0040404929051398725, -0.03016739752075586]}
[gazebo_direct_motor_model-5] [INFO] [1786549959.886407430] [my_drone_gazebo_direct_motor_model]: MOTOR_DYNAMIC_STATE sim_s=275.196 cmd_min=0.4699 cmd_mean=0.4815 cmd_max=0.4932 filtered_mean=0.4815 filtered_max=0.4932 esc_throttle_mean=0.5616 total_thrust_n=45.3335 body_up_force_n=39.2599 saturated_motors=0 rated_cap_command=1.0000 voltage_v=14.8000 thrust_scale=1.000000 current_a=0.0000
[arm_coupling_monitor-9] [INFO] [1786549960.764080014] [my_drone_arm_coupling_monitor]: ARM_COUPLING_STATE {"com_body_flu_m": [-0.002948032317385961, 0.0006650960299837139, -0.21896467659688662], "com_shift_m": [0.0010521554828809634, 0.0013377525482870817, -0.014483231535571822], "feedforward_acceleration_ned_m_s2": [-4.716092178325311e-07, -1.2973719550794206e-06, -8.982799023218873e-06], "filtered_joint_acceleration_peak_rad_s2": 0.0002200183345897479, "inertia_diag_kg_m2": [0.21925362664158943, 0.2193105663685609, 0.21232314072708602], "inertia_tensor_frame": "base_link_flu", "inertia_tensor_kg_m2": [[0.21925362664158943, -0.0005803720795747676, 0.00823443640404338], [-0.0005803720795747676, 0.2193105663685609, 2.323172751058679e-05], [0.00823443640404338, 2.323172751058679e-05, 0.21232314072708602]], "mass_kg": 4.0, "raw_joint_acceleration_peak_rad_s2": 6.345840924450447, "reaction_force_body_n": [5.1198736260718866e-06, 2.5237281963869063e-06, -3.590206081292862e-05], "reaction_torque_body_nm": [-0.01516239094228512, -0.004069827645815954, -0.030468541701994516]}
[gazebo_direct_motor_model-5] [INFO] [1786549960.886926149] [my_drone_gazebo_direct_motor_model]: MOTOR_DYNAMIC_STATE sim_s=276.196 cmd_min=0.4680 cmd_mean=0.4818 cmd_max=0.4955 filtered_mean=0.4818 filtered_max=0.4955 esc_throttle_mean=0.5617 total_thrust_n=45.3628 body_up_force_n=39.2853 saturated_motors=0 rated_cap_command=1.0000 voltage_v=14.8000 thrust_scale=1.000000 current_a=0.0000
[gazebo_direct_motor_model-5] [INFO] [1786549961.891880694] [my_drone_gazebo_direct_motor_model]: MOTOR_DYNAMIC_STATE sim_s=277.196 cmd_min=0.4682 cmd_mean=0.4816 cmd_max=0.4950 filtered_mean=0.4816 filtered_max=0.4950 esc_throttle_mean=0.5616 total_thrust_n=45.3404 body_up_force_n=39.2660 saturated_motors=0 rated_cap_command=1.0000 voltage_v=14.8000 thrust_scale=1.000000 current_a=0.0000
[arm_coupling_monitor-9] [INFO] [1786549962.058198964] [my_drone_arm_coupling_monitor]: ARM_COUPLING_STATE {"com_body_flu_m": [-0.0029760864153041307, 0.0006537707320937811, -0.21832740774514847], "com_shift_m": [0.0010241013849627938, 0.001326427250397149, -0.013845962683833674], "feedforward_acceleration_ned_m_s2": [-4.891478353447302e-07, -1.3743424956264056e-06, -8.855145582852953e-06], "filtered_joint_acceleration_peak_rad_s2": 0.00021511655095618424, "inertia_diag_kg_m2": [0.21849854129395063, 0.21863594569339967, 0.21240018953785433], "inertia_tensor_frame": "base_link_flu", "inertia_tensor_kg_m2": [[0.21849854129395063, -0.0005763863227712573, 0.00801877217432963], [-0.0005763863227712573, 0.21863594569339967, 1.8913033631372603e-05], [0.00801877217432963, 1.8913033631372603e-05, 0.21240018953785433]], "mass_kg": 4.0, "raw_joint_acceleration_peak_rad_s2": 6.413392495420991, "reaction_force_body_n": [5.332061667388133e-06, 2.533151556155578e-06, -3.540931008459148e-05], "reaction_torque_body_nm": [-0.014475932963495166, -0.004094687984812884, -0.030847924118489713]}
[gazebo_direct_motor_model-5] [INFO] [1786549962.894328098] [my_drone_gazebo_direct_motor_model]: MOTOR_DYNAMIC_STATE sim_s=278.196 cmd_min=0.4681 cmd_mean=0.4813 cmd_max=0.4946 filtered_mean=0.4813 filtered_max=0.4946 esc_throttle_mean=0.5613 total_thrust_n=45.3117 body_up_force_n=39.2411 saturated_motors=0 rated_cap_command=1.0000 voltage_v=14.8000 thrust_scale=1.000000 current_a=0.0000
[arm_coupling_monitor-9] [INFO] [1786549963.081345747] [my_drone_arm_coupling_monitor]: ARM_COUPLING_STATE {"com_body_flu_m": [-0.0029986362766638765, 0.0006445549644168956, -0.21783997964133506], "com_shift_m": [0.001001551523603048, 0.0013172114827202635, -0.01335853458002026], "feedforward_acceleration_ned_m_s2": [-7.937911475658126e-07, -1.9206780001875648e-06, -1.6940496248427263e-05], "filtered_joint_acceleration_peak_rad_s2": 0.0007876000546851355, "inertia_diag_kg_m2": [0.21793671750220125, 0.2181323262538103, 0.21245575891821564], "inertia_tensor_frame": "base_link_flu", "inertia_tensor_kg_m2": [[0.21793671750220125, -0.0005728115595369124, 0.007851216399176157], [-0.0005728115595369124, 0.2181323262538103, 1.5605935457561372e-05], [0.007851216399176157, 1.5605935457561372e-05, 0.21245575891821564]], "mass_kg": 4.0, "raw_joint_acceleration_peak_rad_s2": 6.439585068441796, "reaction_force_body_n": [7.023047911732766e-06, 3.1637213457034843e-06, -6.783406230962164e-05], "reaction_torque_body_nm": [-0.01394832913565355, -0.004100916979564348, -0.031115025104376807]}
[gazebo_direct_motor_model-5] [INFO] [1786549963.884630075] [my_drone_gazebo_direct_motor_model]: MOTOR_DYNAMIC_STATE sim_s=279.196 cmd_min=0.4687 cmd_mean=0.4810 cmd_max=0.4937 filtered_mean=0.4810 filtered_max=0.4937 esc_throttle_mean=0.5612 total_thrust_n=45.2851 body_up_force_n=39.2181 saturated_motors=0 rated_cap_command=1.0000 voltage_v=14.8000 thrust_scale=1.000000 current_a=0.0000
[arm_coupling_monitor-9] [INFO] [1786549964.387998910] [my_drone_arm_coupling_monitor]: ARM_COUPLING_STATE {"com_body_flu_m": [-0.003030731424973787, 0.0006313282764650284, -0.21717874970038709], "com_shift_m": [0.0009694563752931373, 0.0013039847947683963, -0.012697304639072288], "feedforward_acceleration_ned_m_s2": [-4.0084661182200014e-07, -1.126000685862252e-06, -2.471667266431893e-06], "filtered_joint_acceleration_peak_rad_s2": 0.00021020868001555784, "inertia_diag_kg_m2": [0.21719635072051052, 0.21746629711279675, 0.21252651577557044], "inertia_tensor_frame": "base_link_flu", "inertia_tensor_kg_m2": [[0.21719635072051052, -0.000567261866616868, 0.007620600571234424], [-0.000567261866616868, 0.21746629711279675, 1.1194505377680637e-05], [0.007620600571234424, 1.1194505377680637e-05, 0.21252651577557044]], "mass_kg": 4.0, "raw_joint_acceleration_peak_rad_s2": 6.4453109933312245, "reaction_force_body_n": [4.4163744878505414e-06, 1.99882287780778e-06, -9.854108661556996e-06], "reaction_torque_body_nm": [-0.013231170104793003, -0.004104270493487251, -0.0314472363251021]}
[gazebo_direct_motor_model-5] [INFO] [1786549964.888468047] [my_drone_gazebo_direct_motor_model]: MOTOR_DYNAMIC_STATE sim_s=280.196 cmd_min=0.4664 cmd_mean=0.4808 cmd_max=0.4949 filtered_mean=0.4808 filtered_max=0.4949 esc_throttle_mean=0.5597 total_thrust_n=45.2638 body_up_force_n=39.1996 saturated_motors=0 rated_cap_command=1.0000 voltage_v=14.8000 thrust_scale=1.000000 current_a=0.0000
[arm_coupling_monitor-9] [INFO] [1786549965.397674446] [my_drone_arm_coupling_monitor]: ARM_COUPLING_STATE {"com_body_flu_m": [-0.003056197312392879, 0.0006207786686970758, -0.21667776266062536], "com_shift_m": [0.0009439904878740454, 0.0012934351870004437, -0.012196317599310558], "feedforward_acceleration_ned_m_s2": [-4.595023797980105e-07, -1.4393294078149217e-06, -7.766513835190732e-06], "filtered_joint_acceleration_peak_rad_s2": 0.00016499959708605693, "inertia_diag_kg_m2": [0.21665211244171245, 0.2169748435193088, 0.21257659944949006], "inertia_tensor_frame": "base_link_flu", "inertia_tensor_kg_m2": [[0.21665211244171245, -0.0005625402293833919, 0.007443526552071117], [-0.0005625402293833919, 0.2169748435193088, 7.962752659445432e-06], [0.007443526552071117, 7.962752659445432e-06, 0.21257659944949006]], "mass_kg": 4.0, "raw_joint_acceleration_peak_rad_s2": 6.435913767133742, "reaction_force_body_n": [5.590989297062896e-06, 2.41490038645331e-06, -3.1056945673050896e-05], "reaction_torque_body_nm": [-0.012686021636925116, -0.004091795567205107, -0.0316757622481628]}
[gazebo_direct_motor_model-5] [INFO] [1786549965.888189767] [my_drone_gazebo_direct_motor_model]: MOTOR_DYNAMIC_STATE sim_s=281.196 cmd_min=0.4689 cmd_mean=0.4814 cmd_max=0.4940 filtered_mean=0.4814 filtered_max=0.4940 esc_throttle_mean=0.5616 total_thrust_n=45.3233 body_up_force_n=39.2511 saturated_motors=0 rated_cap_command=1.0000 voltage_v=14.8000 thrust_scale=1.000000 current_a=0.0000
[arm_coupling_monitor-9] [INFO] [1786549966.726192021] [my_drone_arm_coupling_monitor]: ARM_COUPLING_STATE {"com_body_flu_m": [-0.0030919678569432223, 0.000605925034821056, -0.21600461551600506], "com_shift_m": [0.0009082199433237022, 0.0012785815531244239, -0.011523170454690257], "feedforward_acceleration_ned_m_s2": [-4.2712870289042273e-07, -1.2091848800440864e-06, -3.1847764660516287e-06], "filtered_joint_acceleration_peak_rad_s2": 0.00012776142443067862, "inertia_diag_kg_m2": [0.21594354005755512, 0.21633239725733203, 0.2126391371412172], "inertia_tensor_frame": "base_link_flu", "inertia_tensor_kg_m2": [[0.21594354005755512, -0.000555524168889825, 0.007202701732007592], [-0.000555524168889825, 0.21633239725733203, 3.8459355176977475e-06], [0.007202701732007592, 3.8459355176977475e-06, 0.2126391371412172]], "mass_kg": 4.0, "raw_joint_acceleration_peak_rad_s2": 6.4113501639169055, "reaction_force_body_n": [4.73008383108296e-06, 1.9624751888006634e-06, -1.2742562079546309e-05], "reaction_torque_body_nm": [-0.011953032959898002, -0.004065862584020582, -0.03195292246153834]}
[gazebo_direct_motor_model-5] [INFO] [1786549966.888313354] [my_drone_gazebo_direct_motor_model]: MOTOR_DYNAMIC_STATE sim_s=282.196 cmd_min=0.4700 cmd_mean=0.4818 cmd_max=0.4936 filtered_mean=0.4818 filtered_max=0.4936 esc_throttle_mean=0.5619 total_thrust_n=45.3630 body_up_force_n=39.2855 saturated_motors=0 rated_cap_command=1.0000 voltage_v=14.8000 thrust_scale=1.000000 current_a=0.0000
[gazebo_direct_motor_model-5] [INFO] [1786549967.888787194] [my_drone_gazebo_direct_motor_model]: MOTOR_DYNAMIC_STATE sim_s=283.196 cmd_min=0.4667 cmd_mean=0.4815 cmd_max=0.4962 filtered_mean=0.4815 filtered_max=0.4962 esc_throttle_mean=0.5606 total_thrust_n=45.3300 body_up_force_n=39.2569 saturated_motors=0 rated_cap_command=1.0000 voltage_v=14.8000 thrust_scale=1.000000 current_a=0.0000
[arm_coupling_monitor-9] [INFO] [1786549968.064527454] [my_drone_arm_coupling_monitor]: ARM_COUPLING_STATE {"com_body_flu_m": [-0.0031297444920085696, 0.0005902387601338238, -0.21532744450124716], "com_shift_m": [0.0008704433082583549, 0.0012628952784371917, -0.010845999439932363], "feedforward_acceleration_ned_m_s2": [-3.5634689370659535e-07, -1.8088526021024905e-06, -1.1530138989184143e-05], "filtered_joint_acceleration_peak_rad_s2": 0.0004449404823042792, "inertia_diag_kg_m2": [0.2152569931238383, 0.21570682551138803, 0.21269657706862546], "inertia_tensor_frame": "base_link_flu", "inertia_tensor_kg_m2": [[0.2152569931238383, -0.0005477231115433546, 0.006957399377403941], [-0.0005477231115433546, 0.21570682551138803, 4.7602649262505625e-08], [0.006957399377403941, 4.7602649262505625e-08, 0.21269657706862546]], "mass_kg": 4.0, "raw_joint_acceleration_peak_rad_s2": 6.392791165415436, "reaction_force_body_n": [6.721794013964145e-06, 2.696829265190158e-06, -4.6141447446122835e-05], "reaction_torque_body_nm": [-0.011219756928211243, -0.004038154849394822, -0.03221123187354144]}
[gazebo_direct_motor_model-5] [INFO] [1786549968.887044154] [my_drone_gazebo_direct_motor_model]: MOTOR_DYNAMIC_STATE sim_s=284.196 cmd_min=0.4679 cmd_mean=0.4813 cmd_max=0.4948 filtered_mean=0.4813 filtered_max=0.4948 esc_throttle_mean=0.5611 total_thrust_n=45.3089 body_up_force_n=39.2387 saturated_motors=0 rated_cap_command=1.0000 voltage_v=14.8000 thrust_scale=1.000000 current_a=0.0000
[arm_coupling_monitor-9] [INFO] [1786549969.057067939] [my_drone_arm_coupling_monitor]: ARM_COUPLING_STATE {"com_body_flu_m": [-0.003159336678180932, 0.0005779758280953402, -0.21481817122471297], "com_shift_m": [0.0008408511220859925, 0.0012506323463987081, -0.010336726163398174], "feedforward_acceleration_ned_m_s2": [-4.146597196083669e-07, -1.373781275060876e-06, -5.382019743745708e-06], "filtered_joint_acceleration_peak_rad_s2": 5.4146676881267446e-05, "inertia_diag_kg_m2": [0.21475802929264934, 0.2152500560295092, 0.21273617957605234], "inertia_tensor_frame": "base_link_flu", "inertia_tensor_kg_m2": [[0.21475802929264934, -0.0005413877663689171, 0.006771113962474214], [-0.0005413877663689171, 0.2152500560295092, -2.530964498787848e-06], [0.006771113962474214, -2.530964498787848e-06, 0.21273617957605234]], "mass_kg": 4.0, "raw_joint_acceleration_peak_rad_s2": 6.327531992148762, "reaction_force_body_n": [5.3275606085649065e-06, 2.051354319386305e-06, -2.1536357876109828e-05], "reaction_torque_body_nm": [-0.010660738596106275, -0.003983106426739429, -0.03236033818229046]}
[gazebo_direct_motor_model-5] [INFO] [1786549969.883569889] [my_drone_gazebo_direct_motor_model]: MOTOR_DYNAMIC_STATE sim_s=285.196 cmd_min=0.4689 cmd_mean=0.4813 cmd_max=0.4938 filtered_mean=0.4813 filtered_max=0.4938 esc_throttle_mean=0.5614 total_thrust_n=45.3103 body_up_force_n=39.2399 saturated_motors=0 rated_cap_command=1.0000 voltage_v=14.8000 thrust_scale=1.000000 current_a=0.0000
[arm_coupling_monitor-9] [INFO] [1786549970.079992903] [my_drone_arm_coupling_monitor]: ARM_COUPLING_STATE {"com_body_flu_m": [-0.0031899013135033086, 0.0005653485395170979, -0.21430956800738601], "com_shift_m": [0.0008102864867636159, 0.0012380050578204658, -0.009828122946071216], "feedforward_acceleration_ned_m_s2": [-1.3166169720677681e-06, -3.041170634899109e-06, -3.5445489356289665e-05], "filtered_joint_acceleration_peak_rad_s2": 0.002029410792700488, "inertia_diag_kg_m2": [0.21427460228284284, 0.21480563118443446, 0.21277266385557161], "inertia_tensor_frame": "base_link_flu", "inertia_tensor_kg_m2": [[0.21427460228284284, -0.0005346768303797476, 0.0065836832281431345], [-0.0005346768303797476, 0.21480563118443446, -4.830245955603045e-06], [0.0065836832281431345, -4.830245955603045e-06, 0.21277266385557161]], "mass_kg": 4.0, "raw_joint_acceleration_peak_rad_s2": 6.264576042995623, "reaction_force_body_n": [1.2685598602380264e-05, 5.02378458583434e-06, -0.00014174510860397012], "reaction_torque_body_nm": [-0.010105856107872476, -0.003924041539164084, -0.03250188139015546]}
[gazebo_direct_motor_model-5] [INFO] [1786549970.884952895] [my_drone_gazebo_direct_motor_model]: MOTOR_DYNAMIC_STATE sim_s=286.196 cmd_min=0.4676 cmd_mean=0.4816 cmd_max=0.4954 filtered_mean=0.4816 filtered_max=0.4954 esc_throttle_mean=0.5612 total_thrust_n=45.3388 body_up_force_n=39.2645 saturated_motors=0 rated_cap_command=1.0000 voltage_v=14.8000 thrust_scale=1.000000 current_a=0.0000
[arm_coupling_monitor-9] [INFO] [1786549971.409529130] [my_drone_arm_coupling_monitor]: ARM_COUPLING_STATE {"com_body_flu_m": [-0.0032321037217619194, 0.0005479977727272031, -0.21363333869061155], "com_shift_m": [0.0007680840785050051, 0.001220654291030571, -0.009151893629296748], "feedforward_acceleration_ned_m_s2": [-2.012158828852643e-07, -7.146546223256301e-07, 4.655307167822763e-06], "filtered_joint_acceleration_peak_rad_s2": 0.000556467964908412, "inertia_diag_kg_m2": [0.21365488510688924, 0.21423291815988174, 0.21281644920823425], "inertia_tensor_frame": "base_link_flu", "inertia_tensor_kg_m2": [[0.21365488510688924, -0.0005251867831643131, 0.006332559656121759], [-0.0005251867831643131, 0.21423291815988174, -7.405398573389829e-06], [0.006332559656121759, -7.405398573389829e-06, 0.21281644920823425]], "mass_kg": 4.0, "raw_joint_acceleration_peak_rad_s2": 6.1312829863847655, "reaction_force_body_n": [2.7806707618758673e-06, 8.672434239394862e-07, 1.8630228693120793e-05], "reaction_torque_body_nm": [-0.009373143873798196, -0.0038579721954676363, -0.032664541020081185]}
[gazebo_direct_motor_model-5] [INFO] [1786549971.888392718] [my_drone_gazebo_direct_motor_model]: MOTOR_DYNAMIC_STATE sim_s=287.196 cmd_min=0.4672 cmd_mean=0.4810 cmd_max=0.4949 filtered_mean=0.4810 filtered_max=0.4949 esc_throttle_mean=0.5605 total_thrust_n=45.2835 body_up_force_n=39.2167 saturated_motors=0 rated_cap_command=1.0000 voltage_v=14.8000 thrust_scale=1.000000 current_a=0.0000
[arm_coupling_monitor-9] [INFO] [1786549972.717300062] [my_drone_arm_coupling_monitor]: ARM_COUPLING_STATE {"com_body_flu_m": [-0.003275524851172735, 0.0005302681576435445, -0.2129656474780323], "com_shift_m": [0.0007246629490941896, 0.0012029246759469123, -0.00848420241671749], "feedforward_acceleration_ned_m_s2": [-1.622555190118088e-06, -4.236435195597043e-06, -4.250437609117519e-05], "filtered_joint_acceleration_peak_rad_s2": 0.0024856491701171746, "inertia_diag_kg_m2": [0.21306880412083415, 0.21368781609593485, 0.21285441771112767], "inertia_tensor_frame": "base_link_flu", "inertia_tensor_kg_m2": [[0.21306880412083415, -0.0005152139989359952, 0.006082735485697324], [-0.0005152139989359952, 0.21368781609593485, -9.344830982223676e-06], [0.006082735485697324, -9.344830982223676e-06, 0.21285441771112767]], "mass_kg": 4.0, "raw_joint_acceleration_peak_rad_s2": 6.070043637834234, "reaction_force_body_n": [1.5166926752055997e-05, 5.8443930205550895e-06, -0.0001702088137838451], "reaction_torque_body_nm": [-0.008648109636210323, -0.0037530754606056446, -0.03279136832441186]}
[gazebo_direct_motor_model-5] [INFO] [1786549972.885291149] [my_drone_gazebo_direct_motor_model]: MOTOR_DYNAMIC_STATE sim_s=288.196 cmd_min=0.4678 cmd_mean=0.4813 cmd_max=0.4949 filtered_mean=0.4813 filtered_max=0.4949 esc_throttle_mean=0.5611 total_thrust_n=45.3155 body_up_force_n=39.2443 saturated_motors=0 rated_cap_command=1.0000 voltage_v=14.8000 thrust_scale=1.000000 current_a=0.0000
[arm_coupling_monitor-9] [INFO] [1786549973.736789850] [my_drone_arm_coupling_monitor]: ARM_COUPLING_STATE {"com_body_flu_m": [-0.0033088510424293116, 0.0005167546486614417, -0.2124704765740792], "com_shift_m": [0.0006913367578376128, 0.0011894111669648096, -0.007989031512764394], "feedforward_acceleration_ned_m_s2": [-1.8382788135730537e-06, -6.041509699827432e-06, -7.006511182597764e-05], "filtered_joint_acceleration_peak_rad_s2": 0.004230222270103633, "inertia_diag_kg_m2": [0.21265072589012435, 0.21329664486612288, 0.21287921412190916], "inertia_tensor_frame": "base_link_flu", "inertia_tensor_kg_m2": [[0.21265072589012435, -0.0005074522057908601, 0.005896434184822569], [-0.0005074522057908601, 0.21329664486612288, -1.0357889912371125e-05], [0.005896434184822569, -1.0357889912371125e-05, 0.21287921412190916]], "mass_kg": 4.0, "raw_joint_acceleration_peak_rad_s2": 5.915540034821624, "reaction_force_body_n": [2.292315128285611e-05, 8.908986314018736e-06, -0.00028031971596072334], "reaction_torque_body_nm": [-0.008112395823902396, -0.003668238265478137, -0.03286530565033407]}
[gazebo_direct_motor_model-5] [INFO] [1786549973.885658141] [my_drone_gazebo_direct_motor_model]: MOTOR_DYNAMIC_STATE sim_s=289.196 cmd_min=0.4677 cmd_mean=0.4814 cmd_max=0.4952 filtered_mean=0.4814 filtered_max=0.4952 esc_throttle_mean=0.5612 total_thrust_n=45.3226 body_up_force_n=39.2505 saturated_motors=0 rated_cap_command=1.0000 voltage_v=14.8000 thrust_scale=1.000000 current_a=0.0000
[gazebo_direct_motor_model-5] [INFO] [1786549974.890113477] [my_drone_gazebo_direct_motor_model]: MOTOR_DYNAMIC_STATE sim_s=290.196 cmd_min=0.4676 cmd_mean=0.4812 cmd_max=0.4950 filtered_mean=0.4812 filtered_max=0.4950 esc_throttle_mean=0.5609 total_thrust_n=45.3045 body_up_force_n=39.2349 saturated_motors=0 rated_cap_command=1.0000 voltage_v=14.8000 thrust_scale=1.000000 current_a=0.0000
[arm_coupling_monitor-9] [INFO] [1786549975.081596449] [my_drone_arm_coupling_monitor]: ARM_COUPLING_STATE {"com_body_flu_m": [-0.003353985218535128, 0.0004985933695241113, -0.2118214230548781], "com_shift_m": [0.0006462025817317966, 0.0011712498878274791, -0.0073399779935633125], "feedforward_acceleration_ned_m_s2": [1.1255774902401717e-08, -1.5002461453154295e-07, 1.1448152706527068e-05], "filtered_joint_acceleration_peak_rad_s2": 0.0009085974289513525, "inertia_diag_kg_m2": [0.2121240996760174, 0.21280079730834475, 0.21290740117766316], "inertia_tensor_frame": "base_link_flu", "inertia_tensor_kg_m2": [[0.2121240996760174, -0.0004968329726534127, 0.005651126955376324], [-0.0004968329726534127, 0.21280079730834475, -1.109162682515815e-05], [0.005651126955376324, -1.109162682515815e-05, 0.21290740117766316]], "mass_kg": 4.0, "raw_joint_acceleration_peak_rad_s2": 5.769237388102002, "reaction_force_body_n": [3.9549504576287894e-07, -2.2927416280616265e-07, 4.579428314252118e-05], "reaction_torque_body_nm": [-0.007418017921206856, -0.003577354950367992, -0.032938636849155545]}
[gazebo_direct_motor_model-5] [INFO] [1786549975.887225701] [my_drone_gazebo_direct_motor_model]: MOTOR_DYNAMIC_STATE sim_s=291.196 cmd_min=0.4675 cmd_mean=0.4820 cmd_max=0.4965 filtered_mean=0.4820 filtered_max=0.4965 esc_throttle_mean=0.5615 total_thrust_n=45.3813 body_up_force_n=39.3013 saturated_motors=0 rated_cap_command=1.0000 voltage_v=14.8000 thrust_scale=1.000000 current_a=0.0000
[arm_coupling_monitor-9] [INFO] [1786549976.410403802] [my_drone_arm_coupling_monitor]: ARM_COUPLING_STATE {"com_body_flu_m": [-0.003399829781506953, 0.0004803194867862917, -0.21118516357382547], "com_shift_m": [0.0006003580187599715, 0.0011529760050896596, -0.00670371851251067], "feedforward_acceleration_ned_m_s2": [3.828279475091106e-07, 1.0675236391555767e-06, 2.454218786955057e-05], "filtered_joint_acceleration_peak_rad_s2": 0.001696822853682728, "inertia_diag_kg_m2": [0.21163139972401157, 0.21233332879220504, 0.2129303029850531], "inertia_tensor_frame": "base_link_flu", "inertia_tensor_kg_m2": [[0.21163139972401157, -0.0004859613322621473, 0.005409662240921927], [-0.0004859613322621473, 0.21233332879220504, -1.1110066177087187e-05], [0.005409662240921927, -1.1110066177087187e-05, 0.2129303029850531]], "mass_kg": 4.0, "raw_joint_acceleration_peak_rad_s2": 5.648999346948075, "reaction_force_body_n": [-3.732190828375049e-06, -1.888773149910127e-06, 9.818444722927666e-05], "reaction_torque_body_nm": [-0.006737797493900895, -0.0034544603466123832, -0.03297968037809673]}
[gazebo_direct_motor_model-5] [INFO] [1786549976.884485480] [my_drone_gazebo_direct_motor_model]: MOTOR_DYNAMIC_STATE sim_s=292.196 cmd_min=0.4677 cmd_mean=0.4813 cmd_max=0.4949 filtered_mean=0.4813 filtered_max=0.4949 esc_throttle_mean=0.5610 total_thrust_n=45.3106 body_up_force_n=39.2401 saturated_motors=0 rated_cap_command=1.0000 voltage_v=14.8000 thrust_scale=1.000000 current_a=0.0000
[arm_coupling_monitor-9] [INFO] [1786549977.403722976] [my_drone_arm_coupling_monitor]: ARM_COUPLING_STATE {"com_body_flu_m": [-0.0034343291071650614, 0.0004666866000617616, -0.21072028209971663], "com_shift_m": [0.000565858693101863, 0.0011393431183651295, -0.006238837038401834], "feedforward_acceleration_ned_m_s2": [2.1206632137733959e-07, 1.0981298166159551e-07, 1.2266278178050626e-05], "filtered_joint_acceleration_peak_rad_s2": 0.0009108661291452002, "inertia_diag_kg_m2": [0.21128615125955838, 0.21200342594481153, 0.21294408935293813], "inertia_tensor_frame": "base_link_flu", "inertia_tensor_kg_m2": [[0.21128615125955838, -0.0004777466193833682, 0.005232753876747848], [-0.0004777466193833682, 0.21200342594481153, -1.0657697738842252e-05], [0.005232753876747848, -1.0657697738842252e-05, 0.21294408935293813]], "mass_kg": 4.0, "raw_joint_acceleration_peak_rad_s2": 5.383352799672236, "reaction_force_body_n": [-3.7132571223100054e-07, -5.612482657780384e-07, 4.906979620204669e-05], "reaction_torque_body_nm": [-0.0062422069616912285, -0.003348785598744042, -0.032990484188116474]}
[gazebo_direct_motor_model-5] [INFO] [1786549977.886523657] [my_drone_gazebo_direct_motor_model]: MOTOR_DYNAMIC_STATE sim_s=293.196 cmd_min=0.4676 cmd_mean=0.4813 cmd_max=0.4948 filtered_mean=0.4813 filtered_max=0.4948 esc_throttle_mean=0.5609 total_thrust_n=45.3073 body_up_force_n=39.2373 saturated_motors=0 rated_cap_command=1.0000 voltage_v=14.8000 thrust_scale=1.000000 current_a=0.0000
[arm_coupling_monitor-9] [INFO] [1786549978.728785191] [my_drone_arm_coupling_monitor]: ARM_COUPLING_STATE {"com_body_flu_m": [-0.00348026167115348, 0.0004486968608798589, -0.21011832501195166], "com_shift_m": [0.0005199261291134443, 0.0011213533791832268, -0.005636879950636858], "feedforward_acceleration_ned_m_s2": [1.8190936174571553e-07, 3.62175699597045e-07, 1.4256910223542769e-05], "filtered_joint_acceleration_peak_rad_s2": 0.0010080614204376883, "inertia_diag_kg_m2": [0.2108575991056727, 0.21159087238745758, 0.2129582610088645], "inertia_tensor_frame": "base_link_flu", "inertia_tensor_kg_m2": [[0.2108575991056727, -0.00046679084047467675, 0.005003243479442048], [-0.00046679084047467675, 0.21159087238745758, -9.456221211385715e-06], [0.005003243479442048, -9.456221211385715e-06, 0.2129582610088645]], "mass_kg": 4.0, "raw_joint_acceleration_peak_rad_s2": 5.251670085795289, "reaction_force_body_n": [-1.3163652549274703e-06, -9.303328829135495e-07, 5.702790269025709e-05], "reaction_torque_body_nm": [-0.005604693833772987, -0.003203600246010311, -0.032980959452939614]}
[gazebo_direct_motor_model-5] [INFO] [1786549978.887826406] [my_drone_gazebo_direct_motor_model]: MOTOR_DYNAMIC_STATE sim_s=294.196 cmd_min=0.4672 cmd_mean=0.4814 cmd_max=0.4956 filtered_mean=0.4814 filtered_max=0.4956 esc_throttle_mean=0.5608 total_thrust_n=45.3255 body_up_force_n=39.2530 saturated_motors=0 rated_cap_command=1.0000 voltage_v=14.8000 thrust_scale=1.000000 current_a=0.0000
[arm_coupling_monitor-9] [INFO] [1786549979.740532278] [my_drone_arm_coupling_monitor]: ARM_COUPLING_STATE {"com_body_flu_m": [-0.0035145435122434024, 0.0004353912080031011, -0.20968077693976644], "com_shift_m": [0.00048564428802352205, 0.001108047726306469, -0.005199331878451646], "feedforward_acceleration_ned_m_s2": [-3.9409830711398683e-07, -1.858301620346262e-06, -1.4193845036808404e-05], "filtered_joint_acceleration_peak_rad_s2": 0.00075242655841783, "inertia_diag_kg_m2": [0.21055919671061768, 0.2113013598401978, 0.21296596668791495], "inertia_tensor_frame": "base_link_flu", "inertia_tensor_kg_m2": [[0.21055919671061768, -0.0004586150442327159, 0.004836210585234768], [-0.0004586150442327159, 0.2113013598401978, -8.128214018124878e-06], [0.004836210585234768, -8.128214018124878e-06, 0.21296596668791495]], "mass_kg": 4.0, "raw_joint_acceleration_peak_rad_s2": 5.058587434996549, "reaction_force_body_n": [7.469803663228631e-06, 2.4695465759150856e-06, -5.673874106825704e-05], "reaction_torque_body_nm": [-0.00514625066295201, -0.0031062966555488606, -0.03297850154521908]}
[gazebo_direct_motor_model-5] [INFO] [1786549979.887749327] [my_drone_gazebo_direct_motor_model]: MOTOR_DYNAMIC_STATE sim_s=295.196 cmd_min=0.4665 cmd_mean=0.4811 cmd_max=0.4957 filtered_mean=0.4811 filtered_max=0.4957 esc_throttle_mean=0.5601 total_thrust_n=45.2945 body_up_force_n=39.2261 saturated_motors=0 rated_cap_command=1.0000 voltage_v=14.8000 thrust_scale=1.000000 current_a=0.0000
[gazebo_direct_motor_model-5] [INFO] [1786549980.886788878] [my_drone_gazebo_direct_motor_model]: MOTOR_DYNAMIC_STATE sim_s=296.196 cmd_min=0.4670 cmd_mean=0.4812 cmd_max=0.4954 filtered_mean=0.4812 filtered_max=0.4954 esc_throttle_mean=0.5605 total_thrust_n=45.3013 body_up_force_n=39.2321 saturated_motors=0 rated_cap_command=1.0000 voltage_v=14.8000 thrust_scale=1.000000 current_a=0.0000
[arm_coupling_monitor-9] [INFO] [1786549981.055535783] [my_drone_arm_coupling_monitor]: ARM_COUPLING_STATE {"com_body_flu_m": [-0.0035596337531525694, 0.00041804861158999465, -0.20911938724517048], "com_shift_m": [0.00044055404711435507, 0.0010907051298933625, -0.004637942183855687], "feedforward_acceleration_ned_m_s2": [-1.544500715166019e-05, -4.603571399876454e-05, -0.0005544569725926669], "filtered_joint_acceleration_peak_rad_s2": 0.03365534257546417, "inertia_diag_kg_m2": [0.210192491140532, 0.21094268771099334, 0.212972667939502], "inertia_tensor_frame": "base_link_flu", "inertia_tensor_kg_m2": [[0.210192491140532, -0.0004478812416124605, 0.004621780018391537], [-0.0004478812416124605, 0.21094268771099334, -5.840530634829491e-06], [0.004621780018391537, -5.840530634829491e-06, 0.212972667939502]], "mass_kg": 4.0, "raw_joint_acceleration_peak_rad_s2": 4.912399162430343, "reaction_force_body_n": [0.00018476573172981374, 7.007468617373093e-05, -0.002217529498651745], "reaction_torque_body_nm": [-0.004630343629504929, -0.003577338649140088, -0.033580383500430605]}
[gazebo_direct_motor_model-5] [INFO] [1786549981.886703221] [my_drone_gazebo_direct_motor_model]: MOTOR_DYNAMIC_STATE sim_s=297.196 cmd_min=0.4665 cmd_mean=0.4807 cmd_max=0.4949 filtered_mean=0.4807 filtered_max=0.4949 esc_throttle_mean=0.5597 total_thrust_n=45.2547 body_up_force_n=39.1917 saturated_motors=0 rated_cap_command=1.0000 voltage_v=14.8000 thrust_scale=1.000000 current_a=0.0000
[arm_coupling_monitor-9] [INFO] [1786549982.062027657] [my_drone_arm_coupling_monitor]: ARM_COUPLING_STATE {"com_body_flu_m": [-0.0035929496780951753, 0.0004053499266958062, -0.20871422351011498], "com_shift_m": [0.00040723812217174915, 0.001078006444999174, -0.004232778448800184], "feedforward_acceleration_ned_m_s2": [1.6136811736277174e-07, 1.0061026375891521e-07, 8.144117500737247e-06], "filtered_joint_acceleration_peak_rad_s2": 0.0005810176044745195, "inertia_diag_kg_m2": [0.20993911584845382, 0.21069275847174163, 0.21297528906146598], "inertia_tensor_frame": "base_link_flu", "inertia_tensor_kg_m2": [[0.20993911584845382, -0.00043997505355724935, 0.004467018792228528], [-0.00043997505355724935, 0.21069275847174163, -3.768275932736209e-06], [0.004467018792228528, -3.768275932736209e-06, 0.21297528906146598]], "mass_kg": 4.0, "raw_joint_acceleration_peak_rad_s2": 4.571759296301679, "reaction_force_body_n": [-2.087553945191268e-07, -4.6116650562630444e-07, 3.258141706562163e-05], "reaction_torque_body_nm": [-0.004134554208646617, -0.002795188367218984, -0.03284740769104393]}
[gazebo_direct_motor_model-5] [INFO] [1786549982.887178831] [my_drone_gazebo_direct_motor_model]: MOTOR_DYNAMIC_STATE sim_s=298.196 cmd_min=0.4672 cmd_mean=0.4814 cmd_max=0.4956 filtered_mean=0.4814 filtered_max=0.4956 esc_throttle_mean=0.5608 total_thrust_n=45.3239 body_up_force_n=39.2517 saturated_motors=0 rated_cap_command=1.0000 voltage_v=14.8000 thrust_scale=1.000000 current_a=0.0000
[arm_coupling_monitor-9] [INFO] [1786549983.062763172] [my_drone_arm_coupling_monitor]: ARM_COUPLING_STATE {"com_body_flu_m": [-0.003625565461908573, 0.00039301266249103413, -0.2083250183077445], "com_shift_m": [0.00037462233835835156, 0.001065669180794402, -0.003843573246429699], "feedforward_acceleration_ned_m_s2": [1.570424077385839e-07, 3.4981426507224995e-07, 1.0530910691448426e-05], "filtered_joint_acceleration_peak_rad_s2": 0.0007127664852066764, "inertia_diag_kg_m2": [0.20970462728998562, 0.21045972633699098, 0.21297606516747808], "inertia_tensor_frame": "base_link_flu", "inertia_tensor_kg_m2": [[0.20970462728998562, -0.0004322627578402709, 0.004318412330753944], [-0.0004322627578402709, 0.21045972633699098, -1.4352624761321264e-06], [0.004318412330753944, -1.4352624761321264e-06, 0.21297606516747808]], "mass_kg": 4.0, "raw_joint_acceleration_peak_rad_s2": 4.437556339141866, "reaction_force_body_n": [-1.256603338814371e-06, -8.373105448722051e-07, 4.212450185303741e-05], "reaction_torque_body_nm": [-0.003732223122063159, -0.0026635763828752592, -0.03278079967559875]}
[gazebo_direct_motor_model-5] [INFO] [1786549983.886409577] [my_drone_gazebo_direct_motor_model]: MOTOR_DYNAMIC_STATE sim_s=299.196 cmd_min=0.4669 cmd_mean=0.4813 cmd_max=0.4957 filtered_mean=0.4813 filtered_max=0.4957 esc_throttle_mean=0.5605 total_thrust_n=45.3115 body_up_force_n=39.2409 saturated_motors=0 rated_cap_command=1.0000 voltage_v=14.8000 thrust_scale=1.000000 current_a=0.0000
[arm_coupling_monitor-9] [INFO] [1786549984.396093938] [my_drone_arm_coupling_monitor]: ARM_COUPLING_STATE {"com_body_flu_m": [-0.003667859618374871, 0.0003771529570347383, -0.20783066346526458], "com_shift_m": [0.0003323281818920533, 0.0010498094753381062, -0.0033492184039497774], "feedforward_acceleration_ned_m_s2": [-4.925874194079421e-07, -2.24281928007355e-06, -1.9800178633930815e-05], "filtered_joint_acceleration_peak_rad_s2": 0.0011297636174324843, "inertia_diag_kg_m2": [0.20941937099126073, 0.21017370502509922, 0.2129746000866371], "inertia_tensor_frame": "base_link_flu", "inertia_tensor_kg_m2": [[0.20941937099126073, -0.0004223121015469592, 0.0041298233217907845], [-0.0004223121015469592, 0.21017370502509922, 2.02437690649971e-06], [0.0041298233217907845, 2.02437690649971e-06, 0.2129746000866371]], "mass_kg": 4.0, "raw_joint_acceleration_peak_rad_s2": 4.305889133810328, "reaction_force_body_n": [8.964510431292405e-06, 2.999942862243763e-06, -7.91691680488112e-05], "reaction_torque_body_nm": [-0.003227149875823822, -0.0025162904782617687, -0.0327121974751639]}
[gazebo_direct_motor_model-5] [INFO] [1786549984.889551286] [my_drone_gazebo_direct_motor_model]: MOTOR_DYNAMIC_STATE sim_s=300.196 cmd_min=0.4660 cmd_mean=0.4811 cmd_max=0.4962 filtered_mean=0.4811 filtered_max=0.4962 esc_throttle_mean=0.5597 total_thrust_n=45.2952 body_up_force_n=39.2268 saturated_motors=0 rated_cap_command=1.0000 voltage_v=14.8000 thrust_scale=1.000000 current_a=0.0000
[arm_coupling_monitor-9] [INFO] [1786549985.406637300] [my_drone_arm_coupling_monitor]: ARM_COUPLING_STATE {"com_body_flu_m": [-0.0036983924029875895, 0.0003658001089571275, -0.20748065162253537], "com_shift_m": [0.00030179539727933496, 0.0010384566272604954, -0.0029992065612205743], "feedforward_acceleration_ned_m_s2": [4.96736827194735e-07, 1.4099640208922698e-06, 1.9383820466124857e-05], "filtered_joint_acceleration_peak_rad_s2": 0.0012194273426129737, "inertia_diag_kg_m2": [0.2092259176947003, 0.20997794381573245, 0.2129719110707825], "inertia_tensor_frame": "base_link_flu", "inertia_tensor_kg_m2": [[0.2092259176947003, -0.000415169456333801, 0.0039964641765589904], [-0.000415169456333801, 0.20997794381573245, 4.817515905895103e-06], [0.0039964641765589904, 4.817515905895103e-06, 0.2129719110707825]], "mass_kg": 4.0, "raw_joint_acceleration_peak_rad_s2": 4.0246468052107724, "reaction_force_body_n": [-4.965527054375751e-06, -2.149391263653133e-06, 7.75770554244398e-05], "reaction_torque_body_nm": [-0.0028682878303080087, -0.0023425486059129165, -0.0325862851912257]}
[gazebo_direct_motor_model-5] [INFO] [1786549985.887468016] [my_drone_gazebo_direct_motor_model]: MOTOR_DYNAMIC_STATE sim_s=301.196 cmd_min=0.4667 cmd_mean=0.4808 cmd_max=0.4950 filtered_mean=0.4808 filtered_max=0.4950 esc_throttle_mean=0.5600 total_thrust_n=45.2657 body_up_force_n=39.2012 saturated_motors=0 rated_cap_command=1.0000 voltage_v=14.8000 thrust_scale=1.000000 current_a=0.0000
[arm_coupling_monitor-9] [INFO] [1786549986.731844040] [my_drone_arm_coupling_monitor]: ARM_COUPLING_STATE {"com_body_flu_m": [-0.003737324379749647, 0.0003514405584294864, -0.20704225588640543], "com_shift_m": [0.0002628634205172776, 0.0010240970767328543, -0.0025608108250906314], "feedforward_acceleration_ned_m_s2": [-2.0540440268036453e-07, -9.287216118166134e-07, -5.576410742144418e-06], "filtered_joint_acceleration_peak_rad_s2": 0.0002909727901197844, "inertia_diag_kg_m2": [0.20899356933538085, 0.20974064309086282, 0.21296661955465462], "inertia_tensor_frame": "base_link_flu", "inertia_tensor_kg_m2": [[0.20899356933538085, -0.00040611817195918974, 0.003829686944353233], [-0.00040611817195918974, 0.20974064309086282, 8.726991900036632e-06], [0.003829686944353233, 8.726991900036632e-06, 0.21296661955465462]], "mass_kg": 4.0, "raw_joint_acceleration_peak_rad_s2": 3.7598895748062793, "reaction_force_body_n": [3.632521380155718e-06, 1.0542615234108517e-06, -2.230942549952726e-05], "reaction_torque_body_nm": [-0.002424892825001042, -0.0021637776050688895, -0.0324707692475119]}
[gazebo_direct_motor_model-5] [INFO] [1786549986.888596668] [my_drone_gazebo_direct_motor_model]: MOTOR_DYNAMIC_STATE sim_s=302.196 cmd_min=0.4655 cmd_mean=0.4809 cmd_max=0.4962 filtered_mean=0.4809 filtered_max=0.4962 esc_throttle_mean=0.5593 total_thrust_n=45.2760 body_up_force_n=39.2102 saturated_motors=0 rated_cap_command=1.0000 voltage_v=14.8000 thrust_scale=1.000000 current_a=0.0000
[gazebo_direct_motor_model-5] [INFO] [1786549987.887317451] [my_drone_gazebo_direct_motor_model]: MOTOR_DYNAMIC_STATE sim_s=303.196 cmd_min=0.4669 cmd_mean=0.4816 cmd_max=0.4962 filtered_mean=0.4816 filtered_max=0.4962 esc_throttle_mean=0.5608 total_thrust_n=45.3383 body_up_force_n=39.2641 saturated_motors=0 rated_cap_command=1.0000 voltage_v=14.8000 thrust_scale=1.000000 current_a=0.0000
[arm_coupling_monitor-9] [INFO] [1786549988.060028786] [my_drone_arm_coupling_monitor]: ARM_COUPLING_STATE {"com_body_flu_m": [-0.003774032741301857, 0.0003380194494077768, -0.20663660550118912], "com_shift_m": [0.00022615505896506766, 0.0010106759677111447, -0.0021551604398743207], "feedforward_acceleration_ned_m_s2": [1.3639105832613314e-06, 6.526039688828993e-06, 8.15362669949782e-05], "filtered_joint_acceleration_peak_rad_s2": 0.004903389367051887, "inertia_diag_kg_m2": [0.2087884362935118, 0.20952888931766117, 0.21295982567001245], "inertia_tensor_frame": "base_link_flu", "inertia_tensor_kg_m2": [[0.2087884362935118, -0.0003976471954912704, 0.0036756807752815913], [-0.0003976471954912704, 0.20952888931766117, 1.2759648825120574e-05], [0.0036756807752815913, 1.2759648825120574e-05, 0.21295982567001245]], "mass_kg": 4.0, "raw_joint_acceleration_peak_rad_s2": 3.4458637058614516, "reaction_force_body_n": [-2.8381895864254197e-05, -1.0572594144896771e-05, 0.00032582891944302417], "reaction_torque_body_nm": [-0.0020210039085162817, -0.00197168941240763, -0.03231361378051381]}
[gazebo_direct_motor_model-5] [INFO] [1786549988.884980960] [my_drone_gazebo_direct_motor_model]: MOTOR_DYNAMIC_STATE sim_s=304.196 cmd_min=0.4661 cmd_mean=0.4814 cmd_max=0.4969 filtered_mean=0.4814 filtered_max=0.4969 esc_throttle_mean=0.5597 total_thrust_n=45.3211 body_up_force_n=39.2492 saturated_motors=0 rated_cap_command=1.0000 voltage_v=14.8000 thrust_scale=1.000000 current_a=0.0000
[arm_coupling_monitor-9] [INFO] [1786549989.062780028] [my_drone_arm_coupling_monitor]: ARM_COUPLING_STATE {"com_body_flu_m": [-0.0037999340991018617, 0.0003286179423529819, -0.2063546713732397], "com_shift_m": [0.0002002537011650627, 0.0010012744606563498, -0.0018732263119249082], "feedforward_acceleration_ned_m_s2": [2.020115763397845e-05, 6.865235229446131e-05, 0.0006873673825317539], "filtered_joint_acceleration_peak_rad_s2": 0.04104691156491483, "inertia_diag_kg_m2": [0.20865144718248005, 0.2093861469568192, 0.21295403368335766], "inertia_tensor_frame": "base_link_flu", "inertia_tensor_kg_m2": [[0.20865144718248005, -0.00039170991508812297, 0.003568852866328367], [-0.00039170991508812297, 0.2093861469568192, 1.580160911310302e-05], [0.003568852866328367, 1.580160911310302e-05, 0.21295403368335766]], "mass_kg": 4.0, "raw_joint_acceleration_peak_rad_s2": 3.1433033246444015, "reaction_force_body_n": [-0.0002540011243910223, -9.197325836056104e-05, 0.002751099191519012], "reaction_torque_body_nm": [-0.001714190252700323, -0.0009726624498079745, -0.031311743819684]}
[gazebo_direct_motor_model-5] [INFO] [1786549989.888749450] [my_drone_gazebo_direct_motor_model]: MOTOR_DYNAMIC_STATE sim_s=305.196 cmd_min=0.4670 cmd_mean=0.4817 cmd_max=0.4962 filtered_mean=0.4817 filtered_max=0.4962 esc_throttle_mean=0.5609 total_thrust_n=45.3471 body_up_force_n=39.2717 saturated_motors=0 rated_cap_command=1.0000 voltage_v=14.8000 thrust_scale=1.000000 current_a=0.0000
[arm_coupling_monitor-9] [INFO] [1786549990.401190807] [my_drone_arm_coupling_monitor]: ARM_COUPLING_STATE {"com_body_flu_m": [-0.003832340932788638, 0.00031693404551864576, -0.20600671660960773], "com_shift_m": [0.0001678468674782864, 0.0009895905638220136, -0.0015252715482929335], "feedforward_acceleration_ned_m_s2": [2.70032817055665e-07, 7.68619915717088e-07, 1.0450938273133716e-05], "filtered_joint_acceleration_peak_rad_s2": 0.0006440808597882974, "inertia_diag_kg_m2": [0.20848868927254652, 0.20921498897543986, 0.21294568006344783], "inertia_tensor_frame": "base_link_flu", "inertia_tensor_kg_m2": [[0.20848868927254652, -0.0003843305975613576, 0.0034372779299566055], [-0.0003843305975613576, 0.20921498897543986, 1.983044883046691e-05], [0.0034372779299566055, 1.983044883046691e-05, 0.21294568006344783]], "mass_kg": 4.0, "raw_joint_acceleration_peak_rad_s2": 3.032403024641581, "reaction_force_body_n": [-2.939510300109021e-06, -1.2337459894222938e-06, 4.180920988735304e-05], "reaction_torque_body_nm": [-0.0013933833995016878, -0.0016073603711302474, -0.03204095676823825]}
[gazebo_direct_motor_model-5] [INFO] [1786549990.885927608] [my_drone_gazebo_direct_motor_model]: MOTOR_DYNAMIC_STATE sim_s=306.196 cmd_min=0.4667 cmd_mean=0.4811 cmd_max=0.4954 filtered_mean=0.4811 filtered_max=0.4954 esc_throttle_mean=0.5602 total_thrust_n=45.2967 body_up_force_n=39.2281 saturated_motors=0 rated_cap_command=1.0000 voltage_v=14.8000 thrust_scale=1.000000 current_a=0.0000
[arm_coupling_monitor-9] [INFO] [1786549991.399159701] [my_drone_arm_coupling_monitor]: ARM_COUPLING_STATE {"com_body_flu_m": [-0.0038547333840571185, 0.000308911525690448, -0.2057692898635146], "com_shift_m": [0.00014545441620980593, 0.000981568043993816, -0.001287844802199789], "feedforward_acceleration_ned_m_s2": [3.5840937212816153e-07, 1.1596205317535173e-06, 1.4703963874220161e-05], "filtered_joint_acceleration_peak_rad_s2": 0.0008916816509382097, "inertia_diag_kg_m2": [0.208381632283287, 0.20910137753909178, 0.21293921812089048], "inertia_tensor_frame": "base_link_flu", "inertia_tensor_kg_m2": [[0.208381632283287, -0.00037926499136847107, 0.0033476856045792543], [-0.00037926499136847107, 0.20910137753909178, 2.2755725903072198e-05], [0.0033476856045792543, 2.2755725903072198e-05, 0.21293921812089048]], "mass_kg": 4.0, "raw_joint_acceleration_peak_rad_s2": 2.721167366321258, "reaction_force_body_n": [-4.735919210296898e-06, -1.845639279510135e-06, 5.8796601735172694e-05], "reaction_torque_body_nm": [-0.0011610635535103605, -0.0014605867498417482, -0.03192054393745789]}
[gazebo_direct_motor_model-5] [INFO] [1786549991.888400244] [my_drone_gazebo_direct_motor_model]: MOTOR_DYNAMIC_STATE sim_s=307.196 cmd_min=0.4657 cmd_mean=0.4813 cmd_max=0.4970 filtered_mean=0.4813 filtered_max=0.4970 esc_throttle_mean=0.5597 total_thrust_n=45.3114 body_up_force_n=39.2408 saturated_motors=0 rated_cap_command=1.0000 voltage_v=14.8000 thrust_scale=1.000000 current_a=0.0000
[arm_coupling_monitor-9] [INFO] [1786549992.748789848] [my_drone_arm_coupling_monitor]: ARM_COUPLING_STATE {"com_body_flu_m": [-0.003882025502308312, 0.00029918924818209125, -0.20548311550555792], "com_shift_m": [0.00011816229795861243, 0.0009718457664854591, -0.0010016704442431246], "feedforward_acceleration_ned_m_s2": [4.726140897035482e-07, 1.7792956446764053e-06, 1.945556524343179e-05], "filtered_joint_acceleration_peak_rad_s2": 0.0011682754844877018, "inertia_diag_kg_m2": [0.2082569072797496, 0.20896786708165035, 0.21293061082100523], "inertia_tensor_frame": "base_link_flu", "inertia_tensor_kg_m2": [[0.2082569072797496, -0.00037312929479439575, 0.003239919571665891], [-0.00037312929479439575, 0.20896786708165035, 2.6473776742370024e-05], [0.003239919571665891, 2.6473776742370024e-05, 0.21293061082100523]], "mass_kg": 4.0, "raw_joint_acceleration_peak_rad_s2": 2.4496813484921214, "reaction_force_body_n": [-6.807503298861201e-06, -2.539941955048216e-06, 7.783147827111526e-05], "reaction_torque_body_nm": [-0.0008831899831820874, -0.0012659389488599844, -0.031757188970538384]}
[gazebo_direct_motor_model-5] [INFO] [1786549992.888517360] [my_drone_gazebo_direct_motor_model]: MOTOR_DYNAMIC_STATE sim_s=308.196 cmd_min=0.4672 cmd_mean=0.4818 cmd_max=0.4963 filtered_mean=0.4818 filtered_max=0.4963 esc_throttle_mean=0.5610 total_thrust_n=45.3564 body_up_force_n=39.2798 saturated_motors=0 rated_cap_command=1.0000 voltage_v=14.8000 thrust_scale=1.000000 current_a=0.0000
[gazebo_direct_motor_model-5] [INFO] [1786549993.887960703] [my_drone_gazebo_direct_motor_model]: MOTOR_DYNAMIC_STATE sim_s=309.196 cmd_min=0.4659 cmd_mean=0.4815 cmd_max=0.4970 filtered_mean=0.4815 filtered_max=0.4970 esc_throttle_mean=0.5600 total_thrust_n=45.3280 body_up_force_n=39.2552 saturated_motors=0 rated_cap_command=1.0000 voltage_v=14.8000 thrust_scale=1.000000 current_a=0.0000
[arm_coupling_monitor-9] [INFO] [1786549994.061664887] [my_drone_arm_coupling_monitor]: ARM_COUPLING_STATE {"com_body_flu_m": [-0.003906340764879005, 0.0002905784774142779, -0.2052310294209529], "com_shift_m": [9.384703538791936e-05, 0.0009632349957176458, -0.0007495843596380947], "feedforward_acceleration_ned_m_s2": [4.989624667220612e-07, 1.7255171898223233e-06, 1.8447773777364456e-05], "filtered_joint_acceleration_peak_rad_s2": 0.0011033755634028005, "inertia_diag_kg_m2": [0.20815094371450132, 0.20885336430186188, 0.21292228976786162], "inertia_tensor_frame": "base_link_flu", "inertia_tensor_kg_m2": [[0.20815094371450132, -0.0003676994159918655, 0.003145205510114342], [-0.0003676994159918655, 0.20885336430186188, 2.9924675926949577e-05], [0.003145205510114342, 2.9924675926949577e-05, 0.21292228976786162]], "mass_kg": 4.0, "raw_joint_acceleration_peak_rad_s2": 2.0840513395591205, "reaction_force_body_n": [-6.650621855544159e-06, -2.443456111831951e-06, 7.380072112429712e-05], "reaction_torque_body_nm": [-0.0006403673398840624, -0.0010759266045037008, -0.03159389405761208]}
[gazebo_direct_motor_model-5] [INFO] [1786549994.893372788] [my_drone_gazebo_direct_motor_model]: MOTOR_DYNAMIC_STATE sim_s=310.196 cmd_min=0.4655 cmd_mean=0.4807 cmd_max=0.4959 filtered_mean=0.4807 filtered_max=0.4959 esc_throttle_mean=0.5589 total_thrust_n=45.2586 body_up_force_n=39.1951 saturated_motors=0 rated_cap_command=1.0000 voltage_v=14.8000 thrust_scale=1.000000 current_a=0.0000
[arm_coupling_monitor-9] [INFO] [1786549995.393925401] [my_drone_arm_coupling_monitor]: ARM_COUPLING_STATE {"com_body_flu_m": [-0.003927695613773962, 0.00028305543176641856, -0.20501180311393494], "com_shift_m": [7.249218649296209e-05, 0.0009557119500697864, -0.000530358052620139], "feedforward_acceleration_ned_m_s2": [4.3486405383864727e-07, 1.6921740733940937e-06, 1.848603505422228e-05], "filtered_joint_acceleration_peak_rad_s2": 0.0011010509505287463, "inertia_diag_kg_m2": [0.2080617653750551, 0.20875615154336472, 0.2129144923308569], "inertia_tensor_frame": "base_link_flu", "inertia_tensor_kg_m2": [[0.2080617653750551, -0.000362959858951702, 0.0030630125650515736], [-0.000362959858951702, 0.20875615154336472, 3.306080067956747e-05], [0.0030630125650515736, 3.306080067956747e-05, 0.2129144923308569]], "mass_kg": 4.0, "raw_joint_acceleration_peak_rad_s2": 1.8721437549528976, "reaction_force_body_n": [-6.858904968848879e-06, -2.4812509089306407e-06, 7.391465109442106e-05], "reaction_torque_body_nm": [-0.00043116981993459615, -0.0009002479307190115, -0.031432297239060325]}
[gazebo_direct_motor_model-5] [INFO] [1786549995.885989122] [my_drone_gazebo_direct_motor_model]: MOTOR_DYNAMIC_STATE sim_s=311.196 cmd_min=0.4667 cmd_mean=0.4816 cmd_max=0.4965 filtered_mean=0.4816 filtered_max=0.4965 esc_throttle_mean=0.5607 total_thrust_n=45.3437 body_up_force_n=39.2688 saturated_motors=0 rated_cap_command=1.0000 voltage_v=14.8000 thrust_scale=1.000000 current_a=0.0000
[arm_coupling_monitor-9] [INFO] [1786549996.724219142] [my_drone_arm_coupling_monitor]: ARM_COUPLING_STATE {"com_body_flu_m": [-0.003945969926512211, 0.0002766466250184972, -0.20482577021088064], "com_shift_m": [5.421787375471318e-05, 0.0009493031433218651, -0.0003443251495658384], "feedforward_acceleration_ned_m_s2": [1.1297546077747346e-05, 4.2730785978256254e-05, 0.0003891614608046467], "filtered_joint_acceleration_peak_rad_s2": 0.023053160894378637, "inertia_diag_kg_m2": [0.20798825839551152, 0.20867538350446485, 0.2129074672486506], "inertia_tensor_frame": "base_link_flu", "inertia_tensor_kg_m2": [[0.20798825839551152, -0.00035892619568279774, 0.002993399326819566], [-0.00035892619568279774, 0.20867538350446485, 3.5821385561405836e-05], [0.002993399326819566, 3.5821385561405836e-05, 0.2129074672486506]], "mass_kg": 4.0, "raw_joint_acceleration_peak_rad_s2": 1.529322604844588, "reaction_force_body_n": [-0.00015338705636873954, -5.3731805671750605e-05, 0.0015582003911855063], "reaction_torque_body_nm": [-0.0002743317790021706, -0.0008593447628464034, -0.03128556561277635]}
[gazebo_direct_motor_model-5] [INFO] [1786549996.886948780] [my_drone_gazebo_direct_motor_model]: MOTOR_DYNAMIC_STATE sim_s=312.196 cmd_min=0.4654 cmd_mean=0.4817 cmd_max=0.4981 filtered_mean=0.4817 filtered_max=0.4981 esc_throttle_mean=0.5597 total_thrust_n=45.3497 body_up_force_n=39.2740 saturated_motors=0 rated_cap_command=1.0000 voltage_v=14.8000 thrust_scale=1.000000 current_a=0.0000
[arm_coupling_monitor-9] [INFO] [1786549997.729031558] [my_drone_arm_coupling_monitor]: ARM_COUPLING_STATE {"com_body_flu_m": [-0.00395774402614487, 0.0002725315291411852, -0.20470666069012025], "com_shift_m": [4.24437741220543e-05, 0.0009451880474445531, -0.00022521562880545298], "feedforward_acceleration_ned_m_s2": [4.282108017937333e-07, 1.796484453728791e-06, 1.95433022311374e-05], "filtered_joint_acceleration_peak_rad_s2": 0.001158128965280025, "inertia_diag_kg_m2": [0.2079422401517547, 0.20862450293831125, 0.2129027729763519], "inertia_tensor_frame": "base_link_flu", "inertia_tensor_kg_m2": [[0.2079422401517547, -0.00035633833741849103, 0.0029488963858309283], [-0.00035633833741849103, 0.20862450293831125, 3.763703878008513e-05], [0.0029488963858309283, 3.763703878008513e-05, 0.2129027729763519]], "mass_kg": 4.0, "raw_joint_acceleration_peak_rad_s2": 1.3989656934296242, "reaction_force_body_n": [-7.5417454844748166e-06, -2.670355380424235e-06, 7.811282484255143e-05], "reaction_torque_body_nm": [-0.0001445277489466659, -0.0007492477460311985, -0.031158529990512638]}
[gazebo_direct_motor_model-5] [INFO] [1786549997.886355577] [my_drone_gazebo_direct_motor_model]: MOTOR_DYNAMIC_STATE sim_s=313.196 cmd_min=0.4659 cmd_mean=0.4810 cmd_max=0.4961 filtered_mean=0.4810 filtered_max=0.4961 esc_throttle_mean=0.5595 total_thrust_n=45.2791 body_up_force_n=39.2128 saturated_motors=0 rated_cap_command=1.0000 voltage_v=14.8000 thrust_scale=1.000000 current_a=0.0000
[arm_coupling_monitor-9] [INFO] [1786549998.781471090] [my_drone_arm_coupling_monitor]: ARM_COUPLING_STATE {"com_body_flu_m": [-0.003967897988926199, 0.0002689914994404956, -0.2046044061663857], "com_shift_m": [3.228981134072509e-05, 0.0009416480177438635, -0.0001229611050709012], "feedforward_acceleration_ned_m_s2": [-2.2551839334096953e-07, -8.800652002575748e-07, -8.637265824230014e-06], "filtered_joint_acceleration_peak_rad_s2": 0.0005079177418646395, "inertia_diag_kg_m2": [0.2079033848484959, 0.2085813406381345, 0.21289862088503522], "inertia_tensor_frame": "base_link_flu", "inertia_tensor_kg_m2": [[0.2079033848484959, -0.00035411359501874183, 0.0029107344361843208], [-0.00035411359501874183, 0.2085813406381345, 3.922589058287865e-05], [0.0029107344361843208, 3.922589058287865e-05, 0.21289862088503522]], "mass_kg": 4.0, "raw_joint_acceleration_peak_rad_s2": 1.1530503941591526, "reaction_force_body_n": [3.58070629562175e-06, 1.2191518405419881e-06, -3.453311394513704e-05], "reaction_torque_body_nm": [-4.993123359792915e-05, -0.0008932536493668864, -0.031035585915728872]}
[gazebo_direct_motor_model-5] [INFO] [1786549998.895738504] [my_drone_gazebo_direct_motor_model]: MOTOR_DYNAMIC_STATE sim_s=314.196 cmd_min=0.4656 cmd_mean=0.4808 cmd_max=0.4961 filtered_mean=0.4808 filtered_max=0.4961 esc_throttle_mean=0.5584 total_thrust_n=45.2679 body_up_force_n=39.2031 saturated_motors=0 rated_cap_command=1.0000 voltage_v=14.8000 thrust_scale=1.000000 current_a=0.0000
[gazebo_direct_motor_model-5] [INFO] [1786549999.886038876] [my_drone_gazebo_direct_motor_model]: MOTOR_DYNAMIC_STATE sim_s=315.196 cmd_min=0.4667 cmd_mean=0.4815 cmd_max=0.4961 filtered_mean=0.4815 filtered_max=0.4961 esc_throttle_mean=0.5602 total_thrust_n=45.3322 body_up_force_n=39.2588 saturated_motors=0 rated_cap_command=1.0000 voltage_v=14.8000 thrust_scale=1.000000 current_a=0.0000
[arm_coupling_monitor-9] [INFO] [1786550000.065958064] [my_drone_arm_coupling_monitor]: ARM_COUPLING_STATE {"com_body_flu_m": [-0.003979015763440421, 0.0002651247842171498, -0.20449293363708324], "com_shift_m": [2.117203682650351e-05, 0.0009377813025205177, -1.148857576843687e-05], "feedforward_acceleration_ned_m_s2": [4.5520557287971983e-07, 1.533305106540651e-06, 1.4557119452992587e-05], "filtered_joint_acceleration_peak_rad_s2": 0.0008619140200002382, "inertia_diag_kg_m2": [0.2078617119392428, 0.20853483288135222, 0.21289396616315148], "inertia_tensor_frame": "base_link_flu", "inertia_tensor_kg_m2": [[0.2078617119392428, -0.0003516852107757931, 0.0028691791366954366], [-0.0003516852107757931, 0.20853483288135222, 4.0989799794800656e-05], [0.0028691791366954366, 4.0989799794800656e-05, 0.21289396616315148]], "mass_kg": 4.0, "raw_joint_acceleration_peak_rad_s2": 1.0150631069553464, "reaction_force_body_n": [-5.736013579337376e-06, -2.0094740933348515e-06, 5.826274604752325e-05], "reaction_torque_body_nm": [4.356369521255134e-05, -0.0017318125206389375, -0.030811970926822755]}
[gazebo_direct_motor_model-5] [INFO] [1786550000.892451572] [my_drone_gazebo_direct_motor_model]: MOTOR_DYNAMIC_STATE sim_s=316.196 cmd_min=0.4657 cmd_mean=0.4818 cmd_max=0.4980 filtered_mean=0.4818 filtered_max=0.4980 esc_throttle_mean=0.5601 total_thrust_n=45.3605 body_up_force_n=39.2833 saturated_motors=0 rated_cap_command=1.0000 voltage_v=14.8000 thrust_scale=1.000000 current_a=0.0000
[arm_coupling_monitor-9] [INFO] [1786550001.409767248] [my_drone_arm_coupling_monitor]: ARM_COUPLING_STATE {"com_body_flu_m": [-0.003987584835020097, 0.00026215113117877137, -0.20440735984309025], "com_shift_m": [1.2602965246827358e-05, 0.0009348076494821392, 7.408521822455105e-05], "feedforward_acceleration_ned_m_s2": [2.043837782800786e-07, 1.2082141023567256e-06, 1.1994331042066488e-05], "filtered_joint_acceleration_peak_rad_s2": 0.0007088783954434433, "inertia_diag_kg_m2": [0.20783020586276924, 0.20849951653906576, 0.21289030217853797], "inertia_tensor_frame": "base_link_flu", "inertia_tensor_kg_m2": [[0.20783020586276924, -0.00034981893972156337, 0.002837312382223465], [-0.00034981893972156337, 0.20849951653906576, 4.236649178728912e-05], [0.002837312382223465, 4.236649178728912e-05, 0.21289030217853797]], "mass_kg": 4.0, "raw_joint_acceleration_peak_rad_s2": 0.7228641884120991, "reaction_force_body_n": [-4.762136422253039e-06, -1.6604368281949434e-06, 4.796262613032802e-05], "reaction_torque_body_nm": [9.82639446993415e-05, -0.0041378038103256475, -0.030262577244882898]}
[gazebo_direct_motor_model-5] [INFO] [1786550001.892108664] [my_drone_gazebo_direct_motor_model]: MOTOR_DYNAMIC_STATE sim_s=317.196 cmd_min=0.4667 cmd_mean=0.4817 cmd_max=0.4969 filtered_mean=0.4817 filtered_max=0.4969 esc_throttle_mean=0.5607 total_thrust_n=45.3494 body_up_force_n=39.2737 saturated_motors=0 rated_cap_command=1.0000 voltage_v=14.8000 thrust_scale=1.000000 current_a=0.0000
[arm_coupling_monitor-9] [INFO] [1786550002.718174356] [my_drone_arm_coupling_monitor]: ARM_COUPLING_STATE {"com_body_flu_m": [-0.003993799270938965, 0.00025999818925455387, -0.20434548584962378], "com_shift_m": [6.388529327959469e-06, 0.0009326547075579217, 0.00013595921169101688], "feedforward_acceleration_ned_m_s2": [4.839142950370055e-07, 1.4093491947371532e-06, 1.3939069655446162e-05], "filtered_joint_acceleration_peak_rad_s2": 0.0008234038012989084, "inertia_diag_kg_m2": [0.2078076877501661, 0.2084741900492043, 0.21288760391845277], "inertia_tensor_frame": "base_link_flu", "inertia_tensor_kg_m2": [[0.2078076877501661, -0.0003484684586667647, 0.0028142898440114035], [-0.0003484684586667647, 0.2084741900492043, 4.3374165993969975e-05], [0.0028142898440114035, 4.3374165993969975e-05, 0.21288760391845277]], "mass_kg": 4.0, "raw_joint_acceleration_peak_rad_s2": 0.5010226445505502, "reaction_force_body_n": [-5.583407818640957e-06, -1.937666619519071e-06, 5.5761641135414754e-05], "reaction_torque_body_nm": [0.00010073901911632045, -0.008957864926181048, -0.028547532874843053]}
[gazebo_direct_motor_model-5] [INFO] [1786550002.887108742] [my_drone_gazebo_direct_motor_model]: MOTOR_DYNAMIC_STATE sim_s=318.196 cmd_min=0.4661 cmd_mean=0.4811 cmd_max=0.4959 filtered_mean=0.4811 filtered_max=0.4959 esc_throttle_mean=0.5592 total_thrust_n=45.2919 body_up_force_n=39.2239 saturated_motors=0 rated_cap_command=1.0000 voltage_v=14.8000 thrust_scale=1.000000 current_a=0.0000
[arm_coupling_monitor-9] [INFO] [1786550003.731601891] [my_drone_arm_coupling_monitor]: ARM_COUPLING_STATE {"com_body_flu_m": [-0.003997113361053651, 0.00025885128437485097, -0.20431255248243108], "com_shift_m": [3.074439213273869e-06, 0.0009315078026782189, 0.00016889257888372256], "feedforward_acceleration_ned_m_s2": [2.534120782060847e-07, 1.022260352298568e-06, 9.778648673450312e-06], "filtered_joint_acceleration_peak_rad_s2": 0.0005775269392785044, "inertia_diag_kg_m2": [0.20779579191132022, 0.20846078115259012, 0.21288615096478064], "inertia_tensor_frame": "base_link_flu", "inertia_tensor_kg_m2": [[0.20779579191132022, -0.000347749287856137, 0.0028020422190218166], [-0.000347749287856137, 0.20846078115259012, 4.391471927749427e-05], [0.0028020422190218166, 4.391471927749427e-05, 0.21288615096478064]], "mass_kg": 4.0, "raw_joint_acceleration_peak_rad_s2": 0.3719600772895268, "reaction_force_body_n": [-3.926804159532614e-06, -1.3608814483930851e-06, 3.912067830936267e-05], "reaction_torque_body_nm": [6.851091468921186e-05, -0.013326428761749219, -0.02550114252301656]}
[gazebo_direct_motor_model-5] [INFO] [1786550003.885504910] [my_drone_gazebo_direct_motor_model]: MOTOR_DYNAMIC_STATE sim_s=319.196 cmd_min=0.4652 cmd_mean=0.4812 cmd_max=0.4972 filtered_mean=0.4812 filtered_max=0.4972 esc_throttle_mean=0.5590 total_thrust_n=45.3011 body_up_force_n=39.2319 saturated_motors=0 rated_cap_command=1.0000 voltage_v=14.8000 thrust_scale=1.000000 current_a=0.0000
[gazebo_direct_motor_model-5] [INFO] [1786550004.889671886] [my_drone_gazebo_direct_motor_model]: MOTOR_DYNAMIC_STATE sim_s=320.196 cmd_min=0.4646 cmd_mean=0.4805 cmd_max=0.4966 filtered_mean=0.4805 filtered_max=0.4966 esc_throttle_mean=0.5581 total_thrust_n=45.2401 body_up_force_n=39.1791 saturated_motors=0 rated_cap_command=1.0000 voltage_v=14.8000 thrust_scale=1.000000 current_a=0.0000
[arm_coupling_monitor-9] [INFO] [1786550005.053069954] [my_drone_arm_coupling_monitor]: ARM_COUPLING_STATE {"com_body_flu_m": [-0.00400000114292887, 0.00025785261124823197, -0.20428389126340452], "com_shift_m": [1.866573380547576e-07, 0.0009305091295515999, 0.0001975537979102826], "feedforward_acceleration_ned_m_s2": [4.249900484991014e-07, 2.070889571492115e-06, 2.059040743357596e-05], "filtered_joint_acceleration_peak_rad_s2": 0.0012148952317644181, "inertia_diag_kg_m2": [0.20778548996462107, 0.2084491521046303, 0.21288487701639183], "inertia_tensor_frame": "base_link_flu", "inertia_tensor_kg_m2": [[0.20778548996462107, -0.00034712321130253424, 0.0027913870560427813], [-0.00034712321130253424, 0.2084491521046303, 4.438753114355352e-05], [0.0027913870560427813, 4.438753114355352e-05, 0.21288487701639183]], "mass_kg": 4.0, "raw_joint_acceleration_peak_rad_s2": 0.2596484275742764, "reaction_force_body_n": [-8.2957623754968e-06, -2.868751729968656e-06, 8.232797729295834e-05], "reaction_torque_body_nm": [1.2162573491902321e-05, -0.015381821460800875, -0.018170683001646322]}
[gazebo_direct_motor_model-5] [INFO] [1786550005.888415064] [my_drone_gazebo_direct_motor_model]: MOTOR_DYNAMIC_STATE sim_s=321.196 cmd_min=0.4671 cmd_mean=0.4811 cmd_max=0.4949 filtered_mean=0.4811 filtered_max=0.4949 esc_throttle_mean=0.5601 total_thrust_n=45.2946 body_up_force_n=39.2263 saturated_motors=0 rated_cap_command=1.0000 voltage_v=14.8000 thrust_scale=1.000000 current_a=0.0000
[arm_coupling_monitor-9] [INFO] [1786550006.070977043] [my_drone_arm_coupling_monitor]: ARM_COUPLING_STATE {"com_body_flu_m": [-0.004001233573837401, 0.0002574266014520009, -0.2042716695047415], "com_shift_m": [-1.045773570476638e-06, 0.0009300831197553688, 0.0002097755565733106], "feedforward_acceleration_ned_m_s2": [2.3846725897286027e-07, 6.19560616243526e-07, 6.461628067585437e-06], "filtered_joint_acceleration_peak_rad_s2": 0.00038123656476146185, "inertia_diag_kg_m2": [0.20778111135789437, 0.2084442046734814, 0.21288433109708588], "inertia_tensor_frame": "base_link_flu", "inertia_tensor_kg_m2": [[0.20778111135789437, -0.00034685618375628036, 0.0027868445151056], [-0.00034685618375628036, 0.2084442046734814, 4.45898223041313e-05], [0.0027868445151056, 4.45898223041313e-05, 0.21288433109708588]], "mass_kg": 4.0, "raw_joint_acceleration_peak_rad_s2": 0.13600893988743143, "reaction_force_body_n": [-2.6046152326111514e-06, -9.004548063100798e-07, 2.5836000252082424e-05], "reaction_torque_body_nm": [-6.539685928006294e-06, -0.011623723452200422, -0.01123909931991112]}
[gazebo_direct_motor_model-5] [INFO] [1786550006.887639942] [my_drone_gazebo_direct_motor_model]: MOTOR_DYNAMIC_STATE sim_s=322.196 cmd_min=0.4656 cmd_mean=0.4816 cmd_max=0.4974 filtered_mean=0.4816 filtered_max=0.4974 esc_throttle_mean=0.5598 total_thrust_n=45.3368 body_up_force_n=39.2628 saturated_motors=0 rated_cap_command=1.0000 voltage_v=14.8000 thrust_scale=1.000000 current_a=0.0000
[arm_coupling_monitor-9] [INFO] [1786550007.392738321] [my_drone_arm_coupling_monitor]: ARM_COUPLING_STATE {"com_body_flu_m": [-0.004001972626784688, 0.0002571711926037702, -0.20426434336778387], "com_shift_m": [-1.7848265177634187e-06, 0.0009298277109071381, 0.00021710169353092446], "feedforward_acceleration_ned_m_s2": [8.049299955810305e-08, 4.218381784684572e-07, 3.816845808939214e-06], "filtered_joint_acceleration_peak_rad_s2": 0.0002254101563511168, "inertia_diag_kg_m2": [0.20777849078938568, 0.20844124229551242, 0.21288400308645167], "inertia_tensor_frame": "base_link_flu", "inertia_tensor_kg_m2": [[0.20777849078938568, -0.00034669610274016215, 0.00278412186357015], [-0.00034669610274016215, 0.20844124229551242, 4.47112757757228e-05], [0.00278412186357015, 4.47112757757228e-05, 0.21288400308645167]], "mass_kg": 4.0, "raw_joint_acceleration_peak_rad_s2": 0.08168928700954944, "reaction_force_body_n": [-1.541233845117789e-06, -5.326125376159803e-07, 1.527693484098071e-05], "reaction_torque_body_nm": [-4.511194182457091e-06, -0.003952820930471256, -0.0034734726994362355]}
[gazebo_direct_motor_model-5] [INFO] [1786550007.888362305] [my_drone_gazebo_direct_motor_model]: MOTOR_DYNAMIC_STATE sim_s=323.196 cmd_min=0.4656 cmd_mean=0.4815 cmd_max=0.4977 filtered_mean=0.4815 filtered_max=0.4977 esc_throttle_mean=0.5596 total_thrust_n=45.3322 body_up_force_n=39.2588 saturated_motors=0 rated_cap_command=1.0000 voltage_v=14.8000 thrust_scale=1.000000 current_a=0.0000
[arm_coupling_monitor-9] [INFO] [1786550008.423406581] [my_drone_arm_coupling_monitor]: ARM_COUPLING_STATE {"com_body_flu_m": [-0.004002104309321153, 0.00025712568898886637, -0.20426303824343212], "com_shift_m": [-1.9165090542287017e-06, 0.0009297822072922343, 0.00021840681788268257], "feedforward_acceleration_ned_m_s2": [3.7398093780962453e-08, 1.6334451744262308e-07, 1.5570525942750708e-06], "filtered_joint_acceleration_peak_rad_s2": 9.190403271300515e-05, "inertia_diag_kg_m2": [0.2077780242685821, 0.2084407148167927, 0.212883944592153], "inertia_tensor_frame": "base_link_flu", "inertia_tensor_kg_m2": [[0.2077780242685821, -0.0003466675836704433, 0.002783636856976937], [-0.0003466675836704433, 0.2084407148167927, 4.473292747179166e-05], [0.002783636856976937, 4.473292747179166e-05, 0.212883944592153]], "mass_kg": 4.0, "raw_joint_acceleration_peak_rad_s2": 0.021816309099529276, "reaction_force_body_n": [-6.284775861270181e-07, -2.1717089598582956e-07, 6.228783027834935e-06], "reaction_torque_body_nm": [-6.518723158381837e-07, -0.0005066457440524845, -0.0004408388269120554]}
[gazebo_direct_motor_model-5] [INFO] [1786550008.893484420] [my_drone_gazebo_direct_motor_model]: MOTOR_DYNAMIC_STATE sim_s=324.196 cmd_min=0.4660 cmd_mean=0.4812 cmd_max=0.4966 filtered_mean=0.4812 filtered_max=0.4966 esc_throttle_mean=0.5596 total_thrust_n=45.2992 body_up_force_n=39.2303 saturated_motors=0 rated_cap_command=1.0000 voltage_v=14.8000 thrust_scale=1.000000 current_a=0.0000
[arm_coupling_monitor-9] [INFO] [1786550009.744973470] [my_drone_arm_coupling_monitor]: ARM_COUPLING_STATE {"com_body_flu_m": [-0.0040021103496503865, 0.0002571236017488848, -0.20426297837851365], "com_shift_m": [-1.9225493834620216e-06, 0.0009297801200522527, 0.00021846668280114945], "feedforward_acceleration_ned_m_s2": [2.61837260628915e-10, 8.564050624582145e-10, 8.579537681472522e-09], "filtered_joint_acceleration_peak_rad_s2": 5.062293714271563e-07, "inertia_diag_kg_m2": [0.2077780028720279, 0.2084406906236772, 0.21288394190863516], "inertia_tensor_frame": "base_link_flu", "inertia_tensor_kg_m2": [[0.2077780028720279, -0.0003466662755139613, 0.0027836146103206857], [-0.0003466662755139613, 0.2084406906236772, 4.473392072632063e-05], [0.0027836146103206857, 4.473392072632063e-05, 0.21288394190863516]], "mass_kg": 4.0, "raw_joint_acceleration_peak_rad_s2": 0.0008076201878609874, "reaction_force_body_n": [-3.4618207746389586e-09, -1.1962399871362022e-09, 3.430965010278141e-08], "reaction_torque_body_nm": [-4.3791003334731856e-10, -2.0750983729155383e-09, -2.4031691511733367e-10]}
[gazebo_direct_motor_model-5] [INFO] [1786550009.885245298] [my_drone_gazebo_direct_motor_model]: MOTOR_DYNAMIC_STATE sim_s=325.196 cmd_min=0.4662 cmd_mean=0.4816 cmd_max=0.4964 filtered_mean=0.4816 filtered_max=0.4964 esc_throttle_mean=0.5601 total_thrust_n=45.3412 body_up_force_n=39.2667 saturated_motors=0 rated_cap_command=1.0000 voltage_v=14.8000 thrust_scale=1.000000 current_a=0.0000
[gazebo_direct_motor_model-5] [INFO] [1786550010.885918340] [my_drone_gazebo_direct_motor_model]: MOTOR_DYNAMIC_STATE sim_s=326.196 cmd_min=0.4525 cmd_mean=0.4674 cmd_max=0.4826 filtered_mean=0.4674 filtered_max=0.4826 esc_throttle_mean=0.5306 total_thrust_n=44.0057 body_up_force_n=38.1100 saturated_motors=0 rated_cap_command=1.0000 voltage_v=14.8000 thrust_scale=1.000000 current_a=0.0000
[arm_coupling_monitor-9] [INFO] [1786550011.058284462] [my_drone_arm_coupling_monitor]: ARM_COUPLING_STATE {"com_body_flu_m": [-0.004002110349650517, 0.0002571236017487894, -0.20426297837850718], "com_shift_m": [-1.922549383592126e-06, 0.0009297801200521573, 0.0002184666828076165], "feedforward_acceleration_ned_m_s2": [3.161970959376728e-13, 1.1612326538010801e-12, 1.0995422504254052e-11], "filtered_joint_acceleration_peak_rad_s2": 6.48823594735519e-10, "inertia_diag_kg_m2": [0.20777800287202566, 0.20844069062367454, 0.21288394190863477], "inertia_tensor_frame": "base_link_flu", "inertia_tensor_kg_m2": [[0.20777800287202566, -0.0003466662755139049, 0.002783614610317079], [-0.0003466662755139049, 0.20844069062367454, 4.4733920726404766e-05], [0.002783614610317079, 4.4733920726404766e-05, 0.21288394190863477]], "mass_kg": 4.0, "raw_joint_acceleration_peak_rad_s2": 3.052376060270693e-10, "reaction_force_body_n": [-4.4328107860692954e-12, -1.5328182962749948e-12, 4.399505407922746e-11], "reaction_torque_body_nm": [-4.0528047254181795e-12, 8.623850965513179e-11, -5.653343557798856e-13]}
[gazebo_direct_motor_model-5] [INFO] [1786550011.889274508] [my_drone_gazebo_direct_motor_model]: MOTOR_DYNAMIC_STATE sim_s=327.196 cmd_min=0.4639 cmd_mean=0.4792 cmd_max=0.4946 filtered_mean=0.4792 filtered_max=0.4946 esc_throttle_mean=0.5552 total_thrust_n=45.1111 body_up_force_n=39.0674 saturated_motors=0 rated_cap_command=1.0000 voltage_v=14.8000 thrust_scale=1.000000 current_a=0.0000
[arm_coupling_monitor-9] [INFO] [1786550012.059991452] [my_drone_arm_coupling_monitor]: ARM_COUPLING_STATE {"com_body_flu_m": [-0.0040021103496504055, 0.0002571236017488692, -0.20426297837851254], "com_shift_m": [-1.9225493834811036e-06, 0.0009297801200522371, 0.00021846668280225967], "feedforward_acceleration_ned_m_s2": [1.5937278826590077e-15, 7.114788327035267e-15, 8.714939627298763e-14], "filtered_joint_acceleration_peak_rad_s2": 4.7539709372467324e-12, "inertia_diag_kg_m2": [0.20777800287202744, 0.20844069062367676, 0.2128839419086351], "inertia_tensor_frame": "base_link_flu", "inertia_tensor_kg_m2": [[0.20777800287202744, -0.0003466662755139522, 0.0027836146103200677], [-0.0003466662755139522, 0.20844069062367676, 4.4733920726336245e-05], [0.0027836146103200677, 4.4733920726336245e-05, 0.2128839419086351]], "mass_kg": 4.0, "raw_joint_acceleration_peak_rad_s2": 1.0257506649575681e-10, "reaction_force_body_n": [-2.845413611213559e-14, -1.1235544002375407e-14, 3.4847519843607546e-13], "reaction_torque_body_nm": [-1.0434814444666726e-12, 2.5553492659531922e-11, 8.73576448251948e-14]}
[gazebo_direct_motor_model-5] [INFO] [1786550012.888186071] [my_drone_gazebo_direct_motor_model]: MOTOR_DYNAMIC_STATE sim_s=328.196 cmd_min=0.4652 cmd_mean=0.4811 cmd_max=0.4969 filtered_mean=0.4811 filtered_max=0.4969 esc_throttle_mean=0.5592 total_thrust_n=45.2944 body_up_force_n=39.2261 saturated_motors=0 rated_cap_command=1.0000 voltage_v=14.8000 thrust_scale=1.000000 current_a=0.0000
[arm_coupling_monitor-9] [INFO] [1786550013.065985449] [my_drone_arm_coupling_monitor]: ARM_COUPLING_STATE {"com_body_flu_m": [-0.004002110349650388, 0.0002571236017488831, -0.20426297837851348], "com_shift_m": [-1.9225493834637564e-06, 0.000929780120052251, 0.00021846668280131598], "feedforward_acceleration_ned_m_s2": [2.424080738278355e-17, -7.543769511616686e-17, -5.865604169508916e-15], "filtered_joint_acceleration_peak_rad_s2": 4.814491032419224e-13, "inertia_diag_kg_m2": [0.20777800287202777, 0.20844069062367718, 0.2128839419086352], "inertia_tensor_frame": "base_link_flu", "inertia_tensor_kg_m2": [[0.20777800287202777, -0.0003466662755139604, 0.002783614610320585], [-0.0003466662755139604, 0.20844069062367718, 4.473392072632237e-05], [0.002783614610320585, 4.473392072632237e-05, 0.2128839419086352]], "mass_kg": 4.0, "raw_joint_acceleration_peak_rad_s2": 9.21320311704263e-11, "reaction_force_body_n": [3.0305957386900254e-16, 4.838526609800921e-17, -2.3462550277748348e-14], "reaction_torque_body_nm": [-1.429470275074595e-13, -3.903832170711814e-12, 3.4814522529830695e-14]}
[gazebo_direct_motor_model-5] [INFO] [1786550013.894360639] [my_drone_gazebo_direct_motor_model]: MOTOR_DYNAMIC_STATE sim_s=329.196 cmd_min=0.4686 cmd_mean=0.4843 cmd_max=0.5000 filtered_mean=0.4843 filtered_max=0.5000 esc_throttle_mean=0.5641 total_thrust_n=45.5955 body_up_force_n=39.4868 saturated_motors=0 rated_cap_command=1.0000 voltage_v=14.8000 thrust_scale=1.000000 current_a=0.0000
[arm_coupling_monitor-9] [INFO] [1786550014.077786977] [my_drone_arm_coupling_monitor]: ARM_COUPLING_STATE {"com_body_flu_m": [-0.004002110349650352, 0.0002571236017489091, -0.20426297837851506], "com_shift_m": [-1.922549383427327e-06, 0.000929780120052277, 0.0002184666827997339], "feedforward_acceleration_ned_m_s2": [6.411079005295354e-16, 1.6125895533845604e-16, 4.994247205045571e-15], "filtered_joint_acceleration_peak_rad_s2": 3.8269815671038333e-13, "inertia_diag_kg_m2": [0.20777800287202833, 0.20844069062367784, 0.21288394190863535], "inertia_tensor_frame": "base_link_flu", "inertia_tensor_kg_m2": [[0.20777800287202833, -0.00034666627551397625, 0.0027836146103214746], [-0.00034666627551397625, 0.20844069062367784, 4.473392072630502e-05], [0.0027836146103214746, 4.473392072630502e-05, 0.21288394190863535]], "mass_kg": 4.0, "raw_joint_acceleration_peak_rad_s2": 1.1316815540175861e-10, "reaction_force_body_n": [-3.914872452996329e-16, -2.433862512007698e-15, 1.999988784928233e-14], "reaction_torque_body_nm": [-8.963654117496092e-13, 1.1047270642637425e-11, 1.435143332139411e-12]}
[gazebo_direct_motor_model-5] [INFO] [1786550014.885967608] [my_drone_gazebo_direct_motor_model]: MOTOR_DYNAMIC_STATE sim_s=330.196 cmd_min=0.4700 cmd_mean=0.4843 cmd_max=0.4987 filtered_mean=0.4843 filtered_max=0.4987 esc_throttle_mean=0.5641 total_thrust_n=45.5953 body_up_force_n=39.4867 saturated_motors=0 rated_cap_command=1.0000 voltage_v=14.8000 thrust_scale=1.000000 current_a=0.0000
[arm_coupling_monitor-9] [INFO] [1786550015.081763934] [my_drone_arm_coupling_monitor]: ARM_COUPLING_STATE {"com_body_flu_m": [-0.004002110349650355, 0.0002571236017489091, -0.20426297837851495], "com_shift_m": [-1.9225493834307966e-06, 0.000929780120052277, 0.00021846668279984494], "feedforward_acceleration_ned_m_s2": [-2.221281705483038e-16, 2.2038990950898297e-17, -7.809194085075432e-15], "filtered_joint_acceleration_peak_rad_s2": 6.10188082255824e-13, "inertia_diag_kg_m2": [0.20777800287202833, 0.2084406906236778, 0.21288394190863535], "inertia_tensor_frame": "base_link_flu", "inertia_tensor_kg_m2": [[0.20777800287202833, -0.00034666627551397625, 0.0027836146103214247], [-0.00034666627551397625, 0.2084406906236778, 4.473392072630415e-05], [0.0027836146103214247, 4.473392072630415e-05, 0.21288394190863535]], "mass_kg": 4.0, "raw_joint_acceleration_peak_rad_s2": 9.321449861943065e-11, "reaction_force_body_n": [-1.4183602534750968e-16, 5.00379200114757e-16, -3.12452064418274e-14], "reaction_torque_body_nm": [5.677848685942305e-13, -1.1291233809926113e-11, 3.99555103119419e-14]}
[gazebo_direct_motor_model-5] [INFO] [1786550015.885278114] [my_drone_gazebo_direct_motor_model]: MOTOR_DYNAMIC_STATE sim_s=331.196 cmd_min=0.4668 cmd_mean=0.4828 cmd_max=0.4985 filtered_mean=0.4828 filtered_max=0.4985 esc_throttle_mean=0.5617 total_thrust_n=45.4520 body_up_force_n=39.3626 saturated_motors=0 rated_cap_command=1.0000 voltage_v=14.8000 thrust_scale=1.000000 current_a=0.0000
[arm_coupling_monitor-9] [INFO] [1786550016.405568063] [my_drone_arm_coupling_monitor]: ARM_COUPLING_STATE {"com_body_flu_m": [-0.004002110349650373, 0.00025712360174889523, -0.20426297837851431], "com_shift_m": [-1.922549383448144e-06, 0.0009297801200522631, 0.00021846668280048331], "feedforward_acceleration_ned_m_s2": [-5.236018698009622e-17, -2.959482410091606e-16, 8.779667941368716e-15], "filtered_joint_acceleration_peak_rad_s2": 7.247415482251336e-13, "inertia_diag_kg_m2": [0.20777800287202808, 0.20844069062367748, 0.21288394190863527], "inertia_tensor_frame": "base_link_flu", "inertia_tensor_kg_m2": [[0.20777800287202808, -0.00034666627551396844, 0.002783614610321051], [-0.00034666627551396844, 0.20844069062367748, 4.4733920726310224e-05], [0.002783614610321051, 4.4733920726310224e-05, 0.21288394190863527]], "mass_kg": 4.0, "raw_joint_acceleration_peak_rad_s2": 8.612034696445738e-11, "reaction_force_body_n": [9.857589071871325e-16, -2.7776514552508156e-16, 3.5124314422926266e-14], "reaction_torque_body_nm": [-8.772145372787916e-14, 8.820247686314382e-12, -7.969871681412798e-14]}
[gazebo_direct_motor_model-5] [INFO] [1786550016.885762365] [my_drone_gazebo_direct_motor_model]: MOTOR_DYNAMIC_STATE sim_s=332.196 cmd_min=0.4675 cmd_mean=0.4829 cmd_max=0.4986 filtered_mean=0.4829 filtered_max=0.4986 esc_throttle_mean=0.5623 total_thrust_n=45.4607 body_up_force_n=39.3701 saturated_motors=0 rated_cap_command=1.0000 voltage_v=14.8000 thrust_scale=1.000000 current_a=0.0000
[arm_coupling_monitor-9] [INFO] [1786550017.722872295] [my_drone_arm_coupling_monitor]: ARM_COUPLING_STATE {"com_body_flu_m": [-0.004002110349650371, 0.0002571236017488935, -0.20426297837851393], "com_shift_m": [-1.922549383446409e-06, 0.0009297801200522614, 0.0002184666828008719], "feedforward_acceleration_ned_m_s2": [-2.699197981214683e-16, 2.013294615855359e-16, -6.033080223849391e-15], "filtered_joint_acceleration_peak_rad_s2": 5.09117207430423e-13, "inertia_diag_kg_m2": [0.207778002872028, 0.2084406906236774, 0.21288394190863524], "inertia_tensor_frame": "base_link_flu", "inertia_tensor_kg_m2": [[0.207778002872028, -0.00034666627551396844, 0.0027836146103208336], [-0.00034666627551396844, 0.2084406906236774, 4.473392072631803e-05], [0.0027836146103208336, 4.473392072631803e-05, 0.21288394190863524]], "mass_kg": 4.0, "raw_joint_acceleration_peak_rad_s2": 1.0261930194439401e-10, "reaction_force_body_n": [-1.0474956702242723e-15, 7.929179172579244e-16, -2.4134149866695505e-14], "reaction_torque_body_nm": [5.680653340094323e-13, -1.0471888949697606e-11, -2.7182341788594967e-13]}
[gazebo_direct_motor_model-5] [INFO] [1786550017.886466821] [my_drone_gazebo_direct_motor_model]: MOTOR_DYNAMIC_STATE sim_s=333.196 cmd_min=0.4538 cmd_mean=0.4757 cmd_max=0.5070 filtered_mean=0.4757 filtered_max=0.5070 esc_throttle_mean=0.5451 total_thrust_n=44.7816 body_up_force_n=38.7820 saturated_motors=0 rated_cap_command=1.0000 voltage_v=14.8000 thrust_scale=1.000000 current_a=0.0000
[arm_coupling_monitor-9] [INFO] [1786550018.724186067] [my_drone_arm_coupling_monitor]: ARM_COUPLING_STATE {"com_body_flu_m": [-0.0040021103496503466, 0.00025712360174882584, -0.20426297837851348], "com_shift_m": [-1.922549383422123e-06, 0.0009297801200521937, 0.00021846668280131598], "feedforward_acceleration_ned_m_s2": [-4.2227235003739074e-14, -9.6056550245814e-15, -8.304009988972836e-13], "filtered_joint_acceleration_peak_rad_s2": 3.9772448799901017e-11, "inertia_diag_kg_m2": [0.20777800287202777, 0.20844069062367718, 0.21288394190863516], "inertia_tensor_frame": "base_link_flu", "inertia_tensor_kg_m2": [[0.20777800287202777, -0.00034666627551391597, 0.0027836146103205374], [-0.00034666627551391597, 0.20844069062367718, 4.473392072631543e-05], [0.0027836146103205374, 4.473392072631543e-05, 0.21288394190863516]], "mass_kg": 4.0, "raw_joint_acceleration_peak_rad_s2": 4.8823238267401514e-06, "reaction_force_body_n": [2.8038587806807688e-14, 1.631166483812976e-13, -3.321997355188675e-12], "reaction_torque_body_nm": [-3.5728874375368457e-13, -1.4415794196277633e-12, 1.0209438144979129e-12]}
[gazebo_direct_motor_model-5] [INFO] [1786550018.884689275] [my_drone_gazebo_direct_motor_model]: MOTOR_DYNAMIC_STATE sim_s=334.196 cmd_min=0.4602 cmd_mean=0.4753 cmd_max=0.4973 filtered_mean=0.4753 filtered_max=0.4973 esc_throttle_mean=0.5480 total_thrust_n=44.7487 body_up_force_n=38.7535 saturated_motors=0 rated_cap_command=1.0000 voltage_v=14.8000 thrust_scale=1.000000 current_a=0.0000
[arm_coupling_monitor-9] [INFO] [1786550019.735577637] [my_drone_arm_coupling_monitor]: ARM_COUPLING_STATE {"com_body_flu_m": [-0.004002110349650102, 0.0002571236017494226, -0.20426297837849214], "com_shift_m": [-1.922549383177527e-06, 0.0009297801200527905, 0.00021846668282266002], "feedforward_acceleration_ned_m_s2": [-6.172103057393308e-15, -5.38695996571511e-15, 3.018378667263491e-13], "filtered_joint_acceleration_peak_rad_s2": 2.2084194434850568e-11, "inertia_diag_kg_m2": [0.20777800287202045, 0.20844069062366868, 0.21288394190863394], "inertia_tensor_frame": "base_link_flu", "inertia_tensor_kg_m2": [[0.20777800287202045, -0.000346666275514375, 0.0027836146103083566], [-0.000346666275514375, 0.20844069062366868, 4.47339207266589e-05], [0.0027836146103083566, 4.47339207266589e-05, 0.21288394190863394]], "mass_kg": 4.0, "raw_joint_acceleration_peak_rad_s2": 9.092372341102823e-08, "reaction_force_body_n": [2.003612310972749e-14, 2.7028714747619286e-14, 1.2073273765179059e-12], "reaction_torque_body_nm": [8.843525222824318e-11, 2.465299887538789e-10, 4.572891384413052e-12]}
[gazebo_direct_motor_model-5] [INFO] [1786550019.886995870] [my_drone_gazebo_direct_motor_model]: MOTOR_DYNAMIC_STATE sim_s=335.196 cmd_min=0.4583 cmd_mean=0.4740 cmd_max=0.4977 filtered_mean=0.4740 filtered_max=0.4977 esc_throttle_mean=0.5445 total_thrust_n=44.6243 body_up_force_n=38.6458 saturated_motors=0 rated_cap_command=1.0000 voltage_v=14.8000 thrust_scale=1.000000 current_a=0.0000
[gazebo_direct_motor_model-5] [INFO] [1786550020.888082566] [my_drone_gazebo_direct_motor_model]: MOTOR_DYNAMIC_STATE sim_s=336.196 cmd_min=0.4597 cmd_mean=0.4741 cmd_max=0.4976 filtered_mean=0.4741 filtered_max=0.4976 esc_throttle_mean=0.5454 total_thrust_n=44.6305 body_up_force_n=38.6511 saturated_motors=0 rated_cap_command=1.0000 voltage_v=14.8000 thrust_scale=1.000000 current_a=0.0000
[arm_coupling_monitor-9] [INFO] [1786550021.583153396] [my_drone_arm_coupling_monitor]: ARM_COUPLING_STATE {"com_body_flu_m": [-0.004002110349650085, 0.0002571236017493896, -0.20426297837849292], "com_shift_m": [-1.9225493831601798e-06, 0.0009297801200527575, 0.00021846668282188286], "feedforward_acceleration_ned_m_s2": [2.5296457273958143e-15, 3.645612292891093e-15, -1.821321185594804e-13], "filtered_joint_acceleration_peak_rad_s2": 1.369300092766586e-11, "inertia_diag_kg_m2": [0.20777800287202078, 0.208440690623669, 0.212883941908634], "inertia_tensor_frame": "base_link_flu", "inertia_tensor_kg_m2": [[0.20777800287202078, -0.00034666627551434553, 0.002783614610308737], [-0.00034666627551434553, 0.208440690623669, 4.473392072663982e-05], [0.002783614610308737, 4.473392072663982e-05, 0.212883941908634]], "mass_kg": 4.0, "raw_joint_acceleration_peak_rad_s2": 3.123186518462822e-08, "reaction_force_body_n": [-1.4206989981026339e-14, -1.0991556201185959e-14, -7.285232449601925e-13], "reaction_torque_body_nm": [-9.823585426375916e-11, -2.738022251377622e-10, -7.671789279711311e-12]}
[gazebo_direct_motor_model-5] [INFO] [1786550022.453490832] [my_drone_gazebo_direct_motor_model]: MOTOR_DYNAMIC_STATE sim_s=337.196 cmd_min=0.4573 cmd_mean=0.4722 cmd_max=0.4976 filtered_mean=0.4722 filtered_max=0.4976 esc_throttle_mean=0.5414 total_thrust_n=44.4554 body_up_force_n=38.4995 saturated_motors=0 rated_cap_command=1.0000 voltage_v=14.8000 thrust_scale=1.000000 current_a=0.0000
[arm_coupling_monitor-9] [INFO] [1786550022.736749093] [my_drone_arm_coupling_monitor]: ARM_COUPLING_STATE {"com_body_flu_m": [-0.004002110349649994, 0.00025712360174954575, -0.2042629783784865], "com_shift_m": [-1.922549383069974e-06, 0.0009297801200529136, 0.0002184666828282944], "feedforward_acceleration_ned_m_s2": [1.5027508534351706e-15, -9.855179455098638e-17, -4.0690579877759355e-14], "filtered_joint_acceleration_peak_rad_s2": 2.3052552501204185e-12, "inertia_diag_kg_m2": [0.20777800287201853, 0.20844069062366644, 0.21288394190863363], "inertia_tensor_frame": "base_link_flu", "inertia_tensor_kg_m2": [[0.20777800287201853, -0.0003466662755144661, 0.0027836146103050272], [-0.0003466662755144661, 0.20844069062366644, 4.4733920726740435e-05], [0.0027836146103050272, 4.4733920726740435e-05, 0.21288394190863363]], "mass_kg": 4.0, "raw_joint_acceleration_peak_rad_s2": 1.4108115717269914e-09, "reaction_force_body_n": [7.001992242708598e-16, -5.975831440453822e-15, -1.627625859145584e-13], "reaction_torque_body_nm": [-2.3720538046744904e-11, -7.964510936627985e-11, 7.127265695071043e-13]}
[gazebo_direct_motor_model-5] [INFO] [1786550023.445665816] [my_drone_gazebo_direct_motor_model]: MOTOR_DYNAMIC_STATE sim_s=338.196 cmd_min=0.4528 cmd_mean=0.4702 cmd_max=0.4992 filtered_mean=0.4702 filtered_max=0.4992 esc_throttle_mean=0.5365 total_thrust_n=44.2621 body_up_force_n=38.3321 saturated_motors=0 rated_cap_command=1.0000 voltage_v=14.8000 thrust_scale=1.000000 current_a=0.0000
[arm_coupling_monitor-9] [INFO] [1786550024.075478473] [my_drone_arm_coupling_monitor]: ARM_COUPLING_STATE {"com_body_flu_m": [-0.004002110349650095, 0.0002571236017492179, -0.2042629783784976], "com_shift_m": [-1.922549383170588e-06, 0.0009297801200525858, 0.00021846668281719217], "feedforward_acceleration_ned_m_s2": [2.891234679494666e-15, 1.4050648115250634e-16, -5.652111360719561e-14], "filtered_joint_acceleration_peak_rad_s2": 2.8526740304495694e-12, "inertia_diag_kg_m2": [0.20777800287202242, 0.2084406906236709, 0.21288394190863427], "inertia_tensor_frame": "base_link_flu", "inertia_tensor_kg_m2": [[0.20777800287202242, -0.0003466662755142111, 0.0027836146103113325], [-0.0003466662755142111, 0.2084406906236709, 4.4733920726553085e-05], [0.0027836146103113325, 4.4733920726553085e-05, 0.21288394190863427]], "mass_kg": 4.0, "raw_joint_acceleration_peak_rad_s2": 6.914444884676143e-08, "reaction_force_body_n": [1.4520852887195032e-16, -1.1796105432967277e-14, -2.2607316299408072e-13], "reaction_torque_body_nm": [1.1198892145631502e-10, 3.3677269701013727e-10, 4.8020962635257534e-12]}
[gazebo_direct_motor_model-5] [INFO] [1786550024.447113045] [my_drone_gazebo_direct_motor_model]: MOTOR_DYNAMIC_STATE sim_s=339.196 cmd_min=0.4507 cmd_mean=0.4700 cmd_max=0.5022 filtered_mean=0.4700 filtered_max=0.5022 esc_throttle_mean=0.5358 total_thrust_n=44.2438 body_up_force_n=38.3163 saturated_motors=0 rated_cap_command=1.0000 voltage_v=14.8000 thrust_scale=1.000000 current_a=0.0000
[arm_coupling_monitor-9] [INFO] [1786550025.398562847] [my_drone_arm_coupling_monitor]: ARM_COUPLING_STATE {"com_body_flu_m": [-0.004002110349650296, 0.000257123601748864, -0.20426297837851393], "com_shift_m": [-1.922549383371816e-06, 0.0009297801200522319, 0.0002184666828008719], "feedforward_acceleration_ned_m_s2": [1.8352597933423761e-16, 3.5956372203888663e-16, -2.6244954533079388e-14], "filtered_joint_acceleration_peak_rad_s2": 1.853966882167099e-12, "inertia_diag_kg_m2": [0.207778002872028, 0.20844069062367737, 0.2128839419086353], "inertia_tensor_frame": "base_link_flu", "inertia_tensor_kg_m2": [[0.207778002872028, -0.00034666627551394264, 0.0027836146103207334], [-0.00034666627551394264, 0.20844069062367737, 4.473392072631543e-05], [0.0027836146103207334, 4.473392072631543e-05, 0.2128839419086353]], "mass_kg": 4.0, "raw_joint_acceleration_peak_rad_s2": 3.736165890537636e-09, "reaction_force_body_n": [-1.3907685139850048e-15, -9.473069174031125e-16, -1.0497875057993388e-13], "reaction_torque_body_nm": [2.2797592017683533e-13, -3.691871857893078e-12, -7.380395440409881e-13]}
[gazebo_direct_motor_model-5] [INFO] [1786550025.446618442] [my_drone_gazebo_direct_motor_model]: MOTOR_DYNAMIC_STATE sim_s=340.196 cmd_min=0.4503 cmd_mean=0.4699 cmd_max=0.5034 filtered_mean=0.4699 filtered_max=0.5034 esc_throttle_mean=0.5349 total_thrust_n=44.2360 body_up_force_n=38.3095 saturated_motors=0 rated_cap_command=1.0000 voltage_v=14.8000 thrust_scale=1.000000 current_a=0.0000
[gazebo_direct_motor_model-5] [INFO] [1786550026.445546922] [my_drone_gazebo_direct_motor_model]: MOTOR_DYNAMIC_STATE sim_s=341.196 cmd_min=0.4542 cmd_mean=0.4704 cmd_max=0.5018 filtered_mean=0.4704 filtered_max=0.5018 esc_throttle_mean=0.5357 total_thrust_n=44.2853 body_up_force_n=38.3522 saturated_motors=0 rated_cap_command=1.0000 voltage_v=14.8000 thrust_scale=1.000000 current_a=0.0000
[arm_coupling_monitor-9] [INFO] [1786550026.730638589] [my_drone_arm_coupling_monitor]: ARM_COUPLING_STATE {"com_body_flu_m": [-0.0040021103496503, 0.0002571236017486593, -0.20426297837851393], "com_shift_m": [-1.9225493833752855e-06, 0.0009297801200520272, 0.0002184666828008719], "feedforward_acceleration_ned_m_s2": [-4.488604745706666e-16, 1.0993526599319786e-16, -3.883331279013579e-16], "filtered_joint_acceleration_peak_rad_s2": 9.113935180372041e-14, "inertia_diag_kg_m2": [0.207778002872028, 0.20844069062367737, 0.21288394190863527], "inertia_tensor_frame": "base_link_flu", "inertia_tensor_kg_m2": [[0.207778002872028, -0.00034666627551378565, 0.0027836146103207204], [-0.00034666627551378565, 0.20844069062367737, 4.4733920726286805e-05], [0.0027836146103207204, 4.4733920726286805e-05, 0.21288394190863527]], "mass_kg": 4.0, "raw_joint_acceleration_peak_rad_s2": 8.069392376481072e-09, "reaction_force_body_n": [-5.48502163856344e-16, 1.746798486754341e-15, -1.5740603952774105e-15], "reaction_torque_body_nm": [1.4344013767330312e-12, -1.7580121508671148e-12, -4.883856469925688e-12]}
[gazebo_direct_motor_model-5] [INFO] [1786550027.448095988] [my_drone_gazebo_direct_motor_model]: MOTOR_DYNAMIC_STATE sim_s=342.196 cmd_min=0.4547 cmd_mean=0.4716 cmd_max=0.4849 filtered_mean=0.4716 filtered_max=0.4849 esc_throttle_mean=0.5431 total_thrust_n=44.4001 body_up_force_n=38.4516 saturated_motors=0 rated_cap_command=1.0000 voltage_v=14.8000 thrust_scale=1.000000 current_a=0.0000
[arm_coupling_monitor-9] [INFO] [1786550027.738299421] [my_drone_arm_coupling_monitor]: ARM_COUPLING_STATE {"com_body_flu_m": [-0.004002110349650329, 0.00025712360174857604, -0.20426297837851343], "com_shift_m": [-1.9225493834047758e-06, 0.0009297801200519439, 0.0002184666828013715], "feedforward_acceleration_ned_m_s2": [-8.369429447186438e-17, -2.0352586708959628e-16, -9.828291374531972e-15], "filtered_joint_acceleration_peak_rad_s2": 7.065198154478003e-13, "inertia_diag_kg_m2": [0.20777800287202783, 0.20844069062367723, 0.21288394190863527], "inertia_tensor_frame": "base_link_flu", "inertia_tensor_kg_m2": [[0.20777800287202783, -0.00034666627551372124, 0.002783614610320481], [-0.00034666627551372124, 0.20844069062367723, 4.473392072628247e-05], [0.002783614610320481, 4.473392072628247e-05, 0.21288394190863527]], "mass_kg": 4.0, "raw_joint_acceleration_peak_rad_s2": 2.2170390523329088e-09, "reaction_force_body_n": [7.778480816943172e-16, -7.048982940049301e-16, -3.9309005233611976e-14], "reaction_torque_body_nm": [1.810829893599018e-13, -1.1946517485175472e-11, 1.4714073806964491e-12]}
[gazebo_direct_motor_model-5] [INFO] [1786550028.444150924] [my_drone_gazebo_direct_motor_model]: MOTOR_DYNAMIC_STATE sim_s=343.196 cmd_min=0.4297 cmd_mean=0.4718 cmd_max=0.4980 filtered_mean=0.4718 filtered_max=0.4980 esc_throttle_mean=0.5424 total_thrust_n=44.4172 body_up_force_n=38.4664 saturated_motors=0 rated_cap_command=1.0000 voltage_v=14.8000 thrust_scale=1.000000 current_a=0.0000
[arm_coupling_monitor-9] [INFO] [1786550029.062552947] [my_drone_arm_coupling_monitor]: ARM_COUPLING_STATE {"com_body_flu_m": [-0.004002110349650444, 0.00025712360174830196, -0.20426297837849863], "com_shift_m": [-1.9225493835192675e-06, 0.0009297801200516698, 0.00021846668281616521], "feedforward_acceleration_ned_m_s2": [2.379471259634515e-13, 2.533199342196664e-13, 9.32328432419925e-13], "filtered_joint_acceleration_peak_rad_s2": 4.936212376024186e-10, "inertia_diag_kg_m2": [0.20777800287202267, 0.20844069062367124, 0.2128839419086344], "inertia_tensor_frame": "base_link_flu", "inertia_tensor_kg_m2": [[0.20777800287202267, -0.00034666627551345214, 0.002783614610312392], [-0.00034666627551345214, 0.20844069062367124, 4.473392072637701e-05], [0.002783614610312392, 4.473392072637701e-05, 0.2128839419086344]], "mass_kg": 4.0, "raw_joint_acceleration_peak_rad_s2": 8.056899396740146e-07, "reaction_force_body_n": [-8.222708643495687e-13, -1.1200004572643166e-12, 3.729596181489923e-12], "reaction_torque_body_nm": [2.758708620096198e-09, -2.69015955202221e-10, 6.799791829913183e-10]}
[gazebo_direct_motor_model-5] [INFO] [1786550029.445266992] [my_drone_gazebo_direct_motor_model]: MOTOR_DYNAMIC_STATE sim_s=344.196 cmd_min=0.4373 cmd_mean=0.4714 cmd_max=0.4992 filtered_mean=0.4714 filtered_max=0.4992 esc_throttle_mean=0.5387 total_thrust_n=44.3810 body_up_force_n=38.4351 saturated_motors=0 rated_cap_command=1.0000 voltage_v=14.8000 thrust_scale=1.000000 current_a=0.0000
[arm_coupling_monitor-9] [INFO] [1786550030.381644801] [my_drone_arm_coupling_monitor]: ARM_COUPLING_STATE {"com_body_flu_m": [-0.004002110349650222, 0.0002571236017489889, -0.20426297837850396], "com_shift_m": [-1.922549383297223e-06, 0.0009297801200523568, 0.00021846668281083614], "feedforward_acceleration_ned_m_s2": [1.0107826697341645e-15, 8.245176835266461e-16, -5.604342126488441e-14], "filtered_joint_acceleration_peak_rad_s2": 3.902522210351101e-12, "inertia_diag_kg_m2": [0.2077780028720245, 0.2084406906236734, 0.21288394190863472], "inertia_tensor_frame": "base_link_flu", "inertia_tensor_kg_m2": [[0.2077780028720245, -0.00034666627551402916, 0.0027836146103150513], [-0.00034666627551402916, 0.2084406906236734, 4.473392072643686e-05], [0.0027836146103150513, 4.473392072643686e-05, 0.21288394190863472]], "mass_kg": 4.0, "raw_joint_acceleration_peak_rad_s2": 1.195445652185499e-09, "reaction_force_body_n": [-2.592392985482206e-15, -4.573970119398346e-15, -2.2417275379800858e-13], "reaction_torque_body_nm": [-2.8547129830599968e-12, -5.824077944474052e-12, -1.4708634741765254e-13]}
[gazebo_direct_motor_model-5] [INFO] [1786550030.446386160] [my_drone_gazebo_direct_motor_model]: MOTOR_DYNAMIC_STATE sim_s=345.196 cmd_min=0.4345 cmd_mean=0.4708 cmd_max=0.5030 filtered_mean=0.4708 filtered_max=0.5030 esc_throttle_mean=0.5345 total_thrust_n=44.3215 body_up_force_n=38.3835 saturated_motors=0 rated_cap_command=1.0000 voltage_v=14.8000 thrust_scale=1.000000 current_a=0.0000
[arm_coupling_monitor-9] [INFO] [1786550031.386899122] [my_drone_arm_coupling_monitor]: ARM_COUPLING_STATE {"com_body_flu_m": [-0.004002110349650279, 0.0002571236017488831, -0.20426297837850796], "com_shift_m": [-1.922549383354469e-06, 0.000929780120052251, 0.00021846668280683934], "feedforward_acceleration_ned_m_s2": [3.768614908871275e-15, 3.1909058434806503e-15, -2.0124972738196007e-13], "filtered_joint_acceleration_peak_rad_s2": 1.4210367022560344e-11, "inertia_diag_kg_m2": [0.20777800287202589, 0.20844069062367498, 0.2128839419086349], "inertia_tensor_frame": "base_link_flu", "inertia_tensor_kg_m2": [[0.20777800287202589, -0.0003466662755139461, 0.0027836146103173342], [-0.0003466662755139461, 0.20844069062367498, 4.4733920726375276e-05], [0.0027836146103173342, 4.4733920726375276e-05, 0.2128839419086349]], "mass_kg": 4.0, "raw_joint_acceleration_peak_rad_s2": 1.110407772685826e-09, "reaction_force_body_n": [-1.0112837557260987e-14, -1.714006394665807e-14, -8.04995243762589e-13], "reaction_torque_body_nm": [-7.013470412739331e-11, -2.0783274996294507e-10, -3.2275459255850392e-12]}
[gazebo_direct_motor_model-5] [INFO] [1786550031.443228248] [my_drone_gazebo_direct_motor_model]: MOTOR_DYNAMIC_STATE sim_s=346.196 cmd_min=0.4319 cmd_mean=0.4701 cmd_max=0.5069 filtered_mean=0.4701 filtered_max=0.5069 esc_throttle_mean=0.5343 total_thrust_n=44.2562 body_up_force_n=38.3270 saturated_motors=0 rated_cap_command=1.0000 voltage_v=14.8000 thrust_scale=1.000000 current_a=0.0000
[gazebo_direct_motor_model-5] [INFO] [1786550032.443561972] [my_drone_gazebo_direct_motor_model]: MOTOR_DYNAMIC_STATE sim_s=347.196 cmd_min=0.4286 cmd_mean=0.4693 cmd_max=0.5111 filtered_mean=0.4693 filtered_max=0.5111 esc_throttle_mean=0.5342 total_thrust_n=44.1827 body_up_force_n=38.2633 saturated_motors=0 rated_cap_command=1.0000 voltage_v=14.8000 thrust_scale=1.000000 current_a=0.0000
[arm_coupling_monitor-9] [INFO] [1786550032.720439612] [my_drone_arm_coupling_monitor]: ARM_COUPLING_STATE {"com_body_flu_m": [-0.004002110349650282, 0.000257123601748923, -0.20426297837851382], "com_shift_m": [-1.9225493833579382e-06, 0.0009297801200522909, 0.00021846668280098291], "feedforward_acceleration_ned_m_s2": [2.8523286386670106e-15, 1.877189418327181e-15, 2.8599267117056046e-14], "filtered_joint_acceleration_peak_rad_s2": 6.461433540709352e-12, "inertia_diag_kg_m2": [0.20777800287202794, 0.20844069062367737, 0.2128839419086353], "inertia_tensor_frame": "base_link_flu", "inertia_tensor_kg_m2": [[0.20777800287202794, -0.0003466662755139875, 0.0027836146103206736], [-0.0003466662755139875, 0.20844069062367737, 4.47339207263215e-05], [0.0027836146103206736, 4.47339207263215e-05, 0.2128839419086353]], "mass_kg": 4.0, "raw_joint_acceleration_peak_rad_s2": 2.127035310057288e-09, "reaction_force_body_n": [-5.270823187725565e-15, -1.2582634404859985e-14, 1.143990336885971e-13], "reaction_torque_body_nm": [1.808933684951133e-11, 5.263265306811485e-12, 4.782674377132959e-12]}
[gazebo_direct_motor_model-5] [INFO] [1786550033.443899734] [my_drone_gazebo_direct_motor_model]: MOTOR_DYNAMIC_STATE sim_s=348.196 cmd_min=0.4245 cmd_mean=0.4697 cmd_max=0.5182 filtered_mean=0.4697 filtered_max=0.5182 esc_throttle_mean=0.5349 total_thrust_n=44.2182 body_up_force_n=38.2941 saturated_motors=0 rated_cap_command=1.0000 voltage_v=14.8000 thrust_scale=1.000000 current_a=0.0000
[arm_coupling_monitor-9] [INFO] [1786550034.049994891] [my_drone_arm_coupling_monitor]: ARM_COUPLING_STATE {"com_body_flu_m": [-0.004002110349650425, 0.00025712360174885013, -0.20426297837851357], "com_shift_m": [-1.9225493835001856e-06, 0.000929780120052218, 0.00021846668280123271], "feedforward_acceleration_ned_m_s2": [7.564137102590861e-16, 6.805690860715342e-17, 2.326946221831139e-15], "filtered_joint_acceleration_peak_rad_s2": 2.3036830911385866e-13, "inertia_diag_kg_m2": [0.20777800287202788, 0.20844069062367718, 0.21288394190863513], "inertia_tensor_frame": "base_link_flu", "inertia_tensor_kg_m2": [[0.20777800287202788, -0.00034666627551393505, 0.0027836146103206285], [-0.00034666627551393505, 0.20844069062367718, 4.473392072631109e-05], [0.0027836146103206285, 4.473392072631109e-05, 0.21288394190863513]], "mass_kg": 4.0, "raw_joint_acceleration_peak_rad_s2": 4.802470920984644e-09, "reaction_force_body_n": [3.888712343436096e-16, -3.027344233108973e-15, 9.303091995035981e-15], "reaction_torque_body_nm": [-9.215507276682739e-13, 1.3507871570377493e-12, 2.9204351371982144e-12]}
[gazebo_direct_motor_model-5] [INFO] [1786550034.445392409] [my_drone_gazebo_direct_motor_model]: MOTOR_DYNAMIC_STATE sim_s=349.196 cmd_min=0.4329 cmd_mean=0.4688 cmd_max=0.5106 filtered_mean=0.4688 filtered_max=0.5106 esc_throttle_mean=0.5331 total_thrust_n=44.1322 body_up_force_n=38.2196 saturated_motors=0 rated_cap_command=1.0000 voltage_v=14.8000 thrust_scale=1.000000 current_a=0.0000
[arm_coupling_monitor-9] [INFO] [1786550035.387505474] [my_drone_arm_coupling_monitor]: ARM_COUPLING_STATE {"com_body_flu_m": [-0.004002110349650404, 0.00025712360174907564, -0.20426297837851362], "com_shift_m": [-1.922549383479369e-06, 0.0009297801200524435, 0.0002184666828011772], "feedforward_acceleration_ned_m_s2": [-1.777959262009814e-16, -1.2032584942966472e-16, -1.4209317158929948e-14], "filtered_joint_acceleration_peak_rad_s2": 1.0577304464303078e-12, "inertia_diag_kg_m2": [0.20777800287202786, 0.2084406906236772, 0.2128839419086351], "inertia_tensor_frame": "base_link_flu", "inertia_tensor_kg_m2": [[0.20777800287202786, -0.000346666275514107, 0.0027836146103206276], [-0.000346666275514107, 0.2084406906236772, 4.473392072633885e-05], [0.0027836146103206276, 4.473392072633885e-05, 0.2128839419086351]], "mass_kg": 4.0, "raw_joint_acceleration_peak_rad_s2": 4.403907794034356e-09, "reaction_force_body_n": [-1.3462180517744822e-16, 7.430996003142791e-16, -5.6838738736404016e-14], "reaction_torque_body_nm": [-1.107785094738028e-12, -1.1433209391685619e-11, 2.0030410369706845e-12]}
[gazebo_direct_motor_model-5] [INFO] [1786550035.445019394] [my_drone_gazebo_direct_motor_model]: MOTOR_DYNAMIC_STATE sim_s=350.196 cmd_min=0.4365 cmd_mean=0.4661 cmd_max=0.4948 filtered_mean=0.4661 filtered_max=0.4948 esc_throttle_mean=0.5304 total_thrust_n=43.8812 body_up_force_n=38.0023 saturated_motors=0 rated_cap_command=1.0000 voltage_v=14.8000 thrust_scale=1.000000 current_a=0.0000
[arm_coupling_monitor-9] [INFO] [1786550036.402002600] [my_drone_arm_coupling_monitor]: ARM_COUPLING_STATE {"com_body_flu_m": [-0.004002110349650119, 0.0002571236017490635, -0.20426297837850174], "com_shift_m": [-1.9225493831948742e-06, 0.0009297801200524314, 0.0002184666828130566], "feedforward_acceleration_ned_m_s2": [4.754381416594999e-15, 3.4133299803374595e-15, -2.0248331785525337e-13], "filtered_joint_acceleration_peak_rad_s2": 1.5275020806398623e-11, "inertia_diag_kg_m2": [0.20777800287202378, 0.20844069062367251, 0.21288394190863463], "inertia_tensor_frame": "base_link_flu", "inertia_tensor_kg_m2": [[0.20777800287202378, -0.00034666627551408315, 0.002783614610313672], [-0.00034666627551408315, 0.20844069062367251, 4.473392072647676e-05], [0.002783614610313672, 4.473392072647676e-05, 0.21288394190863463]], "mass_kg": 4.0, "raw_joint_acceleration_peak_rad_s2": 1.3065120226953064e-06, "reaction_force_body_n": [-1.2642573970903213e-14, -1.989309731042015e-14, -8.099286472183088e-13], "reaction_torque_body_nm": [-5.823037439976119e-11, -1.7661145783294315e-10, -2.3729910130415248e-12]}
[gazebo_direct_motor_model-5] [INFO] [1786550036.444577816] [my_drone_gazebo_direct_motor_model]: MOTOR_DYNAMIC_STATE sim_s=351.196 cmd_min=0.4296 cmd_mean=0.4635 cmd_max=0.4921 filtered_mean=0.4635 filtered_max=0.4921 esc_throttle_mean=0.5285 total_thrust_n=43.6373 body_up_force_n=37.7910 saturated_motors=0 rated_cap_command=1.0000 voltage_v=14.8000 thrust_scale=1.000000 current_a=0.0000
[gazebo_direct_motor_model-5] [INFO] [1786550037.450634626] [my_drone_gazebo_direct_motor_model]: MOTOR_DYNAMIC_STATE sim_s=352.196 cmd_min=0.4242 cmd_mean=0.4633 cmd_max=0.4906 filtered_mean=0.4633 filtered_max=0.4906 esc_throttle_mean=0.5284 total_thrust_n=43.6196 body_up_force_n=37.7757 saturated_motors=0 rated_cap_command=1.0000 voltage_v=14.8000 thrust_scale=1.000000 current_a=0.0000
[arm_coupling_monitor-9] [INFO] [1786550037.725573481] [my_drone_arm_coupling_monitor]: ARM_COUPLING_STATE {"com_body_flu_m": [-0.004002110349650248, 0.00025712360174884666, -0.20426297837851198], "com_shift_m": [-1.9225493833232438e-06, 0.0009297801200522145, 0.00021846668280281478], "feedforward_acceleration_ned_m_s2": [-3.2987032502455554e-15, -2.2744129369204678e-15, 1.5979220205432113e-13], "filtered_joint_acceleration_peak_rad_s2": 1.1278506259896501e-11, "inertia_diag_kg_m2": [0.2077780028720273, 0.2084406906236766, 0.2128839419086352], "inertia_tensor_frame": "base_link_flu", "inertia_tensor_kg_m2": [[0.2077780028720273, -0.00034666627551392117, 0.0027836146103195694], [-0.00034666627551392117, 0.2084406906236766, 4.4733920726323234e-05], [0.0027836146103195694, 4.4733920726323234e-05, 0.2128839419086352]], "mass_kg": 4.0, "raw_joint_acceleration_peak_rad_s2": 1.0242483944273793e-09, "reaction_force_body_n": [8.422375573874831e-15, 1.3778670710895386e-14, 6.391657434331804e-13], "reaction_torque_body_nm": [5.868318573099991e-11, 1.7663934244296074e-10, 2.154713701800101e-12]}
[gazebo_direct_motor_model-5] [INFO] [1786550038.447302321] [my_drone_gazebo_direct_motor_model]: MOTOR_DYNAMIC_STATE sim_s=353.196 cmd_min=0.4206 cmd_mean=0.4632 cmd_max=0.4935 filtered_mean=0.4632 filtered_max=0.4935 esc_throttle_mean=0.5295 total_thrust_n=43.6031 body_up_force_n=37.7614 saturated_motors=0 rated_cap_command=1.0000 voltage_v=14.8000 thrust_scale=1.000000 current_a=0.0000
[arm_coupling_monitor-9] [INFO] [1786550039.056026450] [my_drone_arm_coupling_monitor]: ARM_COUPLING_STATE {"com_body_flu_m": [-0.004002110349650293, 0.000257123601748805, -0.20426297837850976], "com_shift_m": [-1.9225493833683466e-06, 0.0009297801200521729, 0.00021846668280503523], "feedforward_acceleration_ned_m_s2": [-1.5601644620531875e-15, -1.2941327233812198e-15, 3.817146462278377e-14], "filtered_joint_acceleration_peak_rad_s2": 3.01546882414213e-12, "inertia_diag_kg_m2": [0.20777800287202655, 0.20844069062367568, 0.21288394190863502], "inertia_tensor_frame": "base_link_flu", "inertia_tensor_kg_m2": [[0.20777800287202655, -0.0003466662755138828, 0.0027836146103183794], [-0.0003466662755138828, 0.20844069062367568, 4.4733920726343183e-05], [0.0027836146103183794, 4.4733920726343183e-05, 0.21288394190863502]], "mass_kg": 4.0, "raw_joint_acceleration_peak_rad_s2": 1.6001209688774812e-09, "reaction_force_body_n": [4.799737326647277e-15, 6.575932817673116e-15, 1.5268409640436571e-13], "reaction_torque_body_nm": [-4.922684592553422e-12, 4.2704498760059104e-11, -4.593586729673355e-12]}
[gazebo_direct_motor_model-5] [INFO] [1786550039.882378203] [my_drone_gazebo_direct_motor_model]: MOTOR_DYNAMIC_STATE sim_s=354.196 cmd_min=0.4180 cmd_mean=0.4626 cmd_max=0.4974 filtered_mean=0.4626 filtered_max=0.4974 esc_throttle_mean=0.5297 total_thrust_n=43.5523 body_up_force_n=37.7174 saturated_motors=0 rated_cap_command=1.0000 voltage_v=14.8000 thrust_scale=1.000000 current_a=0.0000
[arm_coupling_monitor-9] [INFO] [1786550040.413573305] [my_drone_arm_coupling_monitor]: ARM_COUPLING_STATE {"com_body_flu_m": [-0.004002110349650355, 0.0002571236017486437, -0.20426297837851237], "com_shift_m": [-1.9225493834307966e-06, 0.0009297801200520116, 0.0002184666828024262], "feedforward_acceleration_ned_m_s2": [-3.618845941695851e-15, -2.0897325311285015e-15, -9.316632732714084e-14], "filtered_joint_acceleration_peak_rad_s2": 1.4560128390758026e-11, "inertia_diag_kg_m2": [0.2077780028720274, 0.2084406906236768, 0.21288394190863513], "inertia_tensor_frame": "base_link_flu", "inertia_tensor_kg_m2": [[0.2077780028720274, -0.0003466662755137568, 0.0027836146103199107], [-0.0003466662755137568, 0.2084406906236768, 4.473392072628941e-05], [0.0027836146103199107, 4.473392072628941e-05, 0.21288394190863513]], "mass_kg": 4.0, "raw_joint_acceleration_peak_rad_s2": 1.7403370411614899e-09, "reaction_force_body_n": [7.28843050287892e-15, 1.4975469160740486e-14, -3.7266802292964416e-13], "reaction_torque_body_nm": [-9.120822896546007e-11, -1.0426687409539372e-10, -1.4000723727485833e-11]}
[gazebo_direct_motor_model-5] [INFO] [1786550040.446380601] [my_drone_gazebo_direct_motor_model]: MOTOR_DYNAMIC_STATE sim_s=355.196 cmd_min=0.4201 cmd_mean=0.4635 cmd_max=0.4953 filtered_mean=0.4635 filtered_max=0.4953 esc_throttle_mean=0.5363 total_thrust_n=43.6316 body_up_force_n=37.7861 saturated_motors=0 rated_cap_command=1.0000 voltage_v=14.8000 thrust_scale=1.000000 current_a=0.0000
[gazebo_direct_motor_model-5] [INFO] [1786550041.451914110] [my_drone_gazebo_direct_motor_model]: MOTOR_DYNAMIC_STATE sim_s=356.196 cmd_min=0.4368 cmd_mean=0.4635 cmd_max=0.4888 filtered_mean=0.4635 filtered_max=0.4888 esc_throttle_mean=0.5279 total_thrust_n=43.6357 body_up_force_n=37.7896 saturated_motors=0 rated_cap_command=1.0000 voltage_v=14.8000 thrust_scale=1.000000 current_a=0.0000
[arm_coupling_monitor-9] [INFO] [1786550041.722605126] [my_drone_arm_coupling_monitor]: ARM_COUPLING_STATE {"com_body_flu_m": [-0.004002110349650229, 0.00025712360174894727, -0.20426297837851423], "com_shift_m": [-1.922549383304162e-06, 0.0009297801200523152, 0.00021846668280056658], "feedforward_acceleration_ned_m_s2": [-1.0848881536746682e-16, -8.826880194962406e-16, -1.992435131753595e-14], "filtered_joint_acceleration_peak_rad_s2": 1.4732649588349323e-12, "inertia_diag_kg_m2": [0.20777800287202802, 0.20844069062367748, 0.2128839419086353], "inertia_tensor_frame": "base_link_flu", "inertia_tensor_kg_m2": [[0.20777800287202802, -0.00034666627551400314, 0.0027836146103208162], [-0.00034666627551400314, 0.20844069062367748, 4.4733920726316295e-05], [0.0027836146103208162, 4.4733920726316295e-05, 0.2128839419086353]], "mass_kg": 4.0, "raw_joint_acceleration_peak_rad_s2": 1.2858810370602544e-08, "reaction_force_body_n": [3.4164272181021954e-15, 4.814655499686717e-16, -7.970211509230041e-14], "reaction_torque_body_nm": [-2.1691269165414844e-13, -1.7181979767469973e-11, 3.4456796529442534e-12]}
[gazebo_direct_motor_model-5] [INFO] [1786550042.451220816] [my_drone_gazebo_direct_motor_model]: MOTOR_DYNAMIC_STATE sim_s=357.196 cmd_min=0.4373 cmd_mean=0.4627 cmd_max=0.4995 filtered_mean=0.4627 filtered_max=0.4995 esc_throttle_mean=0.5216 total_thrust_n=43.5641 body_up_force_n=37.7276 saturated_motors=0 rated_cap_command=1.0000 voltage_v=14.8000 thrust_scale=1.000000 current_a=0.0000
[arm_coupling_monitor-9] [INFO] [1786550042.729001260] [my_drone_arm_coupling_monitor]: ARM_COUPLING_STATE {"com_body_flu_m": [-0.004002110349650324, 0.0002571236017492526, -0.204262978378514], "com_shift_m": [-1.9225493833995716e-06, 0.0009297801200526205, 0.00021846668280078863], "feedforward_acceleration_ned_m_s2": [-7.389376263673069e-17, 2.1273008355971306e-16, 8.061717554567285e-15], "filtered_joint_acceleration_peak_rad_s2": 6.259661926875201e-13, "inertia_diag_kg_m2": [0.20777800287202802, 0.20844069062367737, 0.2128839419086351], "inertia_tensor_frame": "base_link_flu", "inertia_tensor_kg_m2": [[0.20777800287202802, -0.0003466662755142399, 0.002783614610320777], [-0.0003466662755142399, 0.20844069062367737, 4.4733920726355327e-05], [0.002783614610320777, 4.4733920726355327e-05, 0.2128839419086351]], "mass_kg": 4.0, "raw_joint_acceleration_peak_rad_s2": 9.965552688570179e-11, "reaction_force_body_n": [-5.164922122113783e-16, -2.2220588763477513e-16, 3.2254548969685587e-14], "reaction_torque_body_nm": [-1.3077663835228237e-12, 7.897439048687185e-12, 5.261428037375283e-12]}
[gazebo_direct_motor_model-5] [INFO] [1786550043.447699520] [my_drone_gazebo_direct_motor_model]: MOTOR_DYNAMIC_STATE sim_s=358.196 cmd_min=0.4204 cmd_mean=0.4625 cmd_max=0.5102 filtered_mean=0.4625 filtered_max=0.5102 esc_throttle_mean=0.5285 total_thrust_n=43.5413 body_up_force_n=37.7079 saturated_motors=0 rated_cap_command=1.0000 voltage_v=14.8000 thrust_scale=1.000000 current_a=0.0000
[arm_coupling_monitor-9] [INFO] [1786550043.740364581] [my_drone_arm_coupling_monitor]: ARM_COUPLING_STATE {"com_body_flu_m": [-0.004002110349650444, 0.0002571236017496169, -0.20426297837851376], "com_shift_m": [-1.9225493835192675e-06, 0.0009297801200529848, 0.00021846668280103843], "feedforward_acceleration_ned_m_s2": [-8.412913565491021e-18, 3.010678733147704e-16, -3.266735691164671e-15], "filtered_joint_acceleration_peak_rad_s2": 3.1477438355593533e-13, "inertia_diag_kg_m2": [0.20777800287202786, 0.20844069062367712, 0.21288394190863502], "inertia_tensor_frame": "base_link_flu", "inertia_tensor_kg_m2": [[0.20777800287202786, -0.00034666627551452637, 0.002783614610320665], [-0.00034666627551452637, 0.20844069062367712, 4.4733920726408236e-05], [0.002783614610320665, 4.4733920726408236e-05, 0.21288394190863502]], "mass_kg": 4.0, "raw_joint_acceleration_peak_rad_s2": 1.4827078800778972e-08, "reaction_force_body_n": [-1.4328549680244827e-15, 7.187020793957125e-16, -1.3024084975147266e-14], "reaction_torque_body_nm": [-9.641283067059475e-13, -8.398147437019946e-12, 4.879697744077061e-12]}
[gazebo_direct_motor_model-5] [INFO] [1786550044.447818191] [my_drone_gazebo_direct_motor_model]: MOTOR_DYNAMIC_STATE sim_s=359.196 cmd_min=0.4081 cmd_mean=0.4609 cmd_max=0.5182 filtered_mean=0.4609 filtered_max=0.5182 esc_throttle_mean=0.5282 total_thrust_n=43.3895 body_up_force_n=37.5764 saturated_motors=0 rated_cap_command=1.0000 voltage_v=14.8000 thrust_scale=1.000000 current_a=0.0000
[arm_coupling_monitor-9] [INFO] [1786550045.051840151] [my_drone_arm_coupling_monitor]: ARM_COUPLING_STATE {"com_body_flu_m": [-0.004002110349650341, 0.0002571236017496238, -0.2042629783785142], "com_shift_m": [-1.922549383416919e-06, 0.0009297801200529917, 0.00021846668280059434], "feedforward_acceleration_ned_m_s2": [-6.489742803712501e-15, -6.474631317758708e-15, -1.2216431268110227e-13], "filtered_joint_acceleration_peak_rad_s2": 7.900237039005142e-12, "inertia_diag_kg_m2": [0.20777800287202808, 0.20844069062367732, 0.21288394190863508], "inertia_tensor_frame": "base_link_flu", "inertia_tensor_kg_m2": [[0.20777800287202808, -0.00034666627551452724, 0.0027836146103208574], [-0.00034666627551452724, 0.20844069062367732, 4.473392072639609e-05], [0.0027836146103208574, 4.473392072639609e-05, 0.21288394190863508]], "mass_kg": 4.0, "raw_joint_acceleration_peak_rad_s2": 1.571913346008191e-08, "reaction_force_body_n": [2.307687600229331e-14, 3.608751606373439e-14, -4.881553640610849e-13], "reaction_torque_body_nm": [1.3611846592866823e-11, -9.671190688889163e-11, -2.475846550309974e-11]}
[gazebo_direct_motor_model-5] [INFO] [1786550045.443795834] [my_drone_gazebo_direct_motor_model]: MOTOR_DYNAMIC_STATE sim_s=360.196 cmd_min=0.4095 cmd_mean=0.4612 cmd_max=0.5312 filtered_mean=0.4612 filtered_max=0.5312 esc_throttle_mean=0.5289 total_thrust_n=43.4211 body_up_force_n=37.6038 saturated_motors=0 rated_cap_command=1.0000 voltage_v=14.8000 thrust_scale=1.000000 current_a=0.0000
[arm_coupling_monitor-9] [INFO] [1786550046.067085733] [my_drone_arm_coupling_monitor]: ARM_COUPLING_STATE {"com_body_flu_m": [-0.004002110349650144, 0.00025712360174907217, -0.20426297837851295], "com_shift_m": [-1.9225493832191604e-06, 0.00092978012005244, 0.00021846668280184334], "feedforward_acceleration_ned_m_s2": [-3.582877937980099e-14, -1.1784798506803036e-13, 2.008366626047868e-12], "filtered_joint_acceleration_peak_rad_s2": 1.9747186097400587e-10, "inertia_diag_kg_m2": [0.2077780028720276, 0.208440690623677, 0.2128839419086353], "inertia_tensor_frame": "base_link_flu", "inertia_tensor_kg_m2": [[0.2077780028720276, -0.00034666627551410397, 0.002783614610320004], [-0.00034666627551410397, 0.208440690623677, 4.473392072634839e-05], [0.002783614610320004, 4.473392072634839e-05, 0.2128839419086353]], "mass_kg": 4.0, "raw_joint_acceleration_peak_rad_s2": 1.148226411407e-06, "reaction_force_body_n": [4.925016161303792e-13, 1.0790843436026382e-13, 8.032753673936e-12], "reaction_torque_body_nm": [-4.880666817227036e-11, 2.1361146391544257e-10, 5.36376331839308e-11]}
[gazebo_direct_motor_model-5] [INFO] [1786550046.446011426] [my_drone_gazebo_direct_motor_model]: MOTOR_DYNAMIC_STATE sim_s=361.196 cmd_min=0.4323 cmd_mean=0.4599 cmd_max=0.5109 filtered_mean=0.4599 filtered_max=0.5109 esc_throttle_mean=0.5160 total_thrust_n=43.2957 body_up_force_n=37.4952 saturated_motors=0 rated_cap_command=1.0000 voltage_v=14.8000 thrust_scale=1.000000 current_a=0.0000
[arm_coupling_monitor-9] [INFO] [1786550047.396598545] [my_drone_arm_coupling_monitor]: ARM_COUPLING_STATE {"com_body_flu_m": [-0.00400211034965026, 0.00025712360174887094, -0.20426297837851412], "com_shift_m": [-1.922549383335387e-06, 0.0009297801200522388, 0.0002184666828006776], "feedforward_acceleration_ned_m_s2": [1.611288378440733e-15, 5.966607885786916e-17, -3.1272931816705027e-15], "filtered_joint_acceleration_peak_rad_s2": 4.034124243756814e-13, "inertia_diag_kg_m2": [0.20777800287202805, 0.20844069062367748, 0.2128839419086353], "inertia_tensor_frame": "base_link_flu", "inertia_tensor_kg_m2": [[0.20777800287202805, -0.00034666627551394416, 0.0027836146103207716], [-0.00034666627551394416, 0.20844069062367748, 4.473392072630589e-05], [0.0027836146103207716, 4.473392072630589e-05, 0.2128839419086353]], "mass_kg": 4.0, "raw_joint_acceleration_peak_rad_s2": 5.6291117601057685e-09, "reaction_force_body_n": [6.801627923691222e-16, -6.404541626461879e-15, -1.2513816041008025e-14], "reaction_torque_body_nm": [-1.6284886527558745e-12, -7.397568100388754e-12, 5.370624015894631e-12]}
[gazebo_direct_motor_model-5] [INFO] [1786550047.444928339] [my_drone_gazebo_direct_motor_model]: MOTOR_DYNAMIC_STATE sim_s=362.196 cmd_min=0.4136 cmd_mean=0.4592 cmd_max=0.4858 filtered_mean=0.4592 filtered_max=0.4858 esc_throttle_mean=0.5295 total_thrust_n=43.2284 body_up_force_n=37.4369 saturated_motors=0 rated_cap_command=1.0000 voltage_v=14.8000 thrust_scale=1.000000 current_a=0.0000
[arm_coupling_monitor-9] [INFO] [1786550048.399687336] [my_drone_arm_coupling_monitor]: ARM_COUPLING_STATE {"com_body_flu_m": [-0.004002110349650395, 0.0002571236017488883, -0.20426297837851398], "com_shift_m": [-1.9225493834706953e-06, 0.0009297801200522562, 0.00021846668280081638], "feedforward_acceleration_ned_m_s2": [-3.081818660924347e-17, 8.14470667725586e-17, 1.4787363806109593e-14], "filtered_joint_acceleration_peak_rad_s2": 1.2562890172100251e-12, "inertia_diag_kg_m2": [0.20777800287202808, 0.20844069062367732, 0.21288394190863516], "inertia_tensor_frame": "base_link_flu", "inertia_tensor_kg_m2": [[0.20777800287202808, -0.00034666627551396215, 0.002783614610320747], [-0.00034666627551396215, 0.20844069062367732, 4.4733920726309356e-05], [0.002783614610320747, 4.4733920726309356e-05, 0.21288394190863516]], "mass_kg": 4.0, "raw_joint_acceleration_peak_rad_s2": 6.380204524394984e-09, "reaction_force_body_n": [6.99379636774541e-16, -1.4197272478501112e-17, 5.91463443847035e-14], "reaction_torque_body_nm": [-3.3013354256245324e-13, 8.215281602140262e-12, 3.5741017462980723e-13]}
[gazebo_direct_motor_model-5] [INFO] [1786550048.448056926] [my_drone_gazebo_direct_motor_model]: MOTOR_DYNAMIC_STATE sim_s=363.196 cmd_min=0.3881 cmd_mean=0.4589 cmd_max=0.5174 filtered_mean=0.4589 filtered_max=0.5174 esc_throttle_mean=0.5267 total_thrust_n=43.2062 body_up_force_n=37.4176 saturated_motors=0 rated_cap_command=1.0000 voltage_v=14.8000 thrust_scale=1.000000 current_a=0.0000
[arm_coupling_monitor-9] [INFO] [1786550049.406476387] [my_drone_arm_coupling_monitor]: ARM_COUPLING_STATE {"com_body_flu_m": [-0.004002110349650418, 0.00025712360174897503, -0.2042629783785139], "com_shift_m": [-1.9225493834932467e-06, 0.0009297801200523429, 0.00021846668280089965], "feedforward_acceleration_ned_m_s2": [4.029056872616724e-16, -1.4379143350014966e-16, -1.3350441535686244e-14], "filtered_joint_acceleration_peak_rad_s2": 9.988654478366074e-13, "inertia_diag_kg_m2": [0.20777800287202802, 0.20844069062367732, 0.2128839419086351], "inertia_tensor_frame": "base_link_flu", "inertia_tensor_kg_m2": [[0.20777800287202802, -0.0003466662755140285, 0.0027836146103207473], [-0.0003466662755140285, 0.20844069062367732, 4.473392072632497e-05], [0.0027836146103207473, 4.473392072632497e-05, 0.2128839419086351]], "mass_kg": 4.0, "raw_joint_acceleration_peak_rad_s2": 9.844989406990366e-11, "reaction_force_body_n": [1.983719921925349e-16, -6.755662859011689e-16, -5.3424535837172267e-14], "reaction_torque_body_nm": [-7.195656044196598e-13, -1.2149099026496808e-11, 2.2626090118003187e-12]}
[gazebo_direct_motor_model-5] [INFO] [1786550049.452716208] [my_drone_gazebo_direct_motor_model]: MOTOR_DYNAMIC_STATE sim_s=364.196 cmd_min=0.3992 cmd_mean=0.4587 cmd_max=0.5047 filtered_mean=0.4587 filtered_max=0.5047 esc_throttle_mean=0.5268 total_thrust_n=43.1809 body_up_force_n=37.3958 saturated_motors=0 rated_cap_command=1.0000 voltage_v=14.8000 thrust_scale=1.000000 current_a=0.0000
[gazebo_direct_motor_model-5] [INFO] [1786550050.441566847] [my_drone_gazebo_direct_motor_model]: MOTOR_DYNAMIC_STATE sim_s=365.196 cmd_min=0.4170 cmd_mean=0.4579 cmd_max=0.5215 filtered_mean=0.4579 filtered_max=0.5215 esc_throttle_mean=0.5185 total_thrust_n=43.1107 body_up_force_n=37.3350 saturated_motors=0 rated_cap_command=1.0000 voltage_v=14.8000 thrust_scale=1.000000 current_a=0.0000
[arm_coupling_monitor-9] [INFO] [1786550050.733070053] [my_drone_arm_coupling_monitor]: ARM_COUPLING_STATE {"com_body_flu_m": [-0.004002110349650142, 0.0002571236017492734, -0.20426297837851423], "com_shift_m": [-1.9225493832174256e-06, 0.0009297801200526413, 0.00021846668280056658], "feedforward_acceleration_ned_m_s2": [1.5868612634509319e-15, 3.293803483101365e-16, 2.60737890942868e-14], "filtered_joint_acceleration_peak_rad_s2": 2.0730782801459073e-12, "inertia_diag_kg_m2": [0.20777800287202805, 0.20844069062367748, 0.21288394190863516], "inertia_tensor_frame": "base_link_flu", "inertia_tensor_kg_m2": [[0.20777800287202805, -0.0003466662755142538, 0.0027836146103207456], [-0.0003466662755142538, 0.20844069062367748, 4.4733920726355327e-05], [0.0027836146103207456, 4.4733920726355327e-05, 0.21288394190863516]], "mass_kg": 4.0, "raw_joint_acceleration_peak_rad_s2": 1.783169185218071e-08, "reaction_force_body_n": [-1.1739373363133982e-15, -8.125652092913766e-15, 1.0417341894294162e-13], "reaction_torque_body_nm": [-7.850702610431198e-13, -1.7137192540127193e-12, 1.3422839301383905e-12]}
[gazebo_direct_motor_model-5] [INFO] [1786550051.445438953] [my_drone_gazebo_direct_motor_model]: MOTOR_DYNAMIC_STATE sim_s=366.196 cmd_min=0.3894 cmd_mean=0.4557 cmd_max=0.5517 filtered_mean=0.4557 filtered_max=0.5517 esc_throttle_mean=0.5260 total_thrust_n=42.9035 body_up_force_n=37.1555 saturated_motors=0 rated_cap_command=1.0000 voltage_v=14.8000 thrust_scale=1.000000 current_a=0.0000
[arm_coupling_monitor-9] [INFO] [1786550051.740394672] [my_drone_arm_coupling_monitor]: ARM_COUPLING_STATE {"com_body_flu_m": [-0.004002110349650095, 0.00025712360174918666, -0.20426297837851443], "com_shift_m": [-1.922549383170588e-06, 0.0009297801200525545, 0.0002184666828003723], "feedforward_acceleration_ned_m_s2": [7.149438224407634e-16, -2.8193439870735667e-17, -6.7824538528738034e-15], "filtered_joint_acceleration_peak_rad_s2": 4.4695266079538346e-13, "inertia_diag_kg_m2": [0.20777800287202813, 0.20844069062367765, 0.21288394190863527], "inertia_tensor_frame": "base_link_flu", "inertia_tensor_kg_m2": [[0.20777800287202813, -0.0003466662755141868, 0.002783614610320824], [-0.0003466662755141868, 0.20844069062367765, 4.4733920726343183e-05], [0.002783614610320824, 4.4733920726343183e-05, 0.21288394190863527]], "mass_kg": 4.0, "raw_joint_acceleration_peak_rad_s2": 1.8561168227315875e-09, "reaction_force_body_n": [-2.2197501398413512e-16, -2.787126275680557e-15, -2.7136701551720475e-14], "reaction_torque_body_nm": [1.535304332931722e-12, -4.344852908500553e-12, -3.5433548424440066e-12]}
[gazebo_direct_motor_model-5] [INFO] [1786550052.444976561] [my_drone_gazebo_direct_motor_model]: MOTOR_DYNAMIC_STATE sim_s=367.196 cmd_min=0.4185 cmd_mean=0.4554 cmd_max=0.5086 filtered_mean=0.4554 filtered_max=0.5086 esc_throttle_mean=0.5143 total_thrust_n=42.8734 body_up_force_n=37.1294 saturated_motors=0 rated_cap_command=1.0000 voltage_v=14.8000 thrust_scale=1.000000 current_a=0.0000
[arm_coupling_monitor-9] [INFO] [1786550053.060443525] [my_drone_arm_coupling_monitor]: ARM_COUPLING_STATE {"com_body_flu_m": [-0.0040021103496502165, 0.0002571236017489646, -0.20426297837851448], "com_shift_m": [-1.9225493832920187e-06, 0.0009297801200523325, 0.00021846668280031678], "feedforward_acceleration_ned_m_s2": [6.449850900157585e-16, -2.495788173564238e-16, 3.2731610710543906e-15], "filtered_joint_acceleration_peak_rad_s2": 3.1291679369739124e-13, "inertia_diag_kg_m2": [0.2077780028720282, 0.2084406906236776, 0.2128839419086353], "inertia_tensor_frame": "base_link_flu", "inertia_tensor_kg_m2": [[0.2077780028720282, -0.0003466662755140153, 0.002783614610320931], [-0.0003466662755140153, 0.2084406906236776, 4.4733920726310224e-05], [0.002783614610320931, 4.4733920726310224e-05, 0.2128839419086353]], "mass_kg": 4.0, "raw_joint_acceleration_peak_rad_s2": 2.3148327655639836e-08, "reaction_force_body_n": [1.37534915658768e-15, -2.550976658464588e-15, 1.3064110868220153e-14], "reaction_torque_body_nm": [-9.252834673293858e-13, 4.7429157137249774e-12, 3.534628535374645e-12]}
[gazebo_direct_motor_model-5] [INFO] [1786550053.447201055] [my_drone_gazebo_direct_motor_model]: MOTOR_DYNAMIC_STATE sim_s=368.196 cmd_min=0.4008 cmd_mean=0.4543 cmd_max=0.4813 filtered_mean=0.4543 filtered_max=0.4813 esc_throttle_mean=0.5231 total_thrust_n=42.7685 body_up_force_n=37.0386 saturated_motors=0 rated_cap_command=1.0000 voltage_v=14.8000 thrust_scale=1.000000 current_a=0.0000
[arm_coupling_monitor-9] [INFO] [1786550054.074731363] [my_drone_arm_coupling_monitor]: ARM_COUPLING_STATE {"com_body_flu_m": [-0.0040021103496505235, 0.0002571236017493792, -0.20426297837851418], "com_shift_m": [-1.922549383599065e-06, 0.0009297801200527471, 0.0002184666828006221], "feedforward_acceleration_ned_m_s2": [5.5100730242913815e-16, 6.207685316805025e-17, -1.41048416876596e-15], "filtered_joint_acceleration_peak_rad_s2": 2.2368853677120874e-13, "inertia_diag_kg_m2": [0.2077780028720281, 0.20844069062367726, 0.21288394190863508], "inertia_tensor_frame": "base_link_flu", "inertia_tensor_kg_m2": [[0.2077780028720281, -0.00034666627551433946, 0.0027836146103209516], [-0.00034666627551433946, 0.20844069062367726, 4.4733920726364e-05], [0.0027836146103209516, 4.4733920726364e-05, 0.21288394190863508]], "mass_kg": 4.0, "raw_joint_acceleration_peak_rad_s2": 3.20369598903605e-10, "reaction_force_body_n": [4.764051587773637e-17, -2.0532220047505522e-15, -5.703758458626837e-15], "reaction_torque_body_nm": [-2.8897784746088447e-12, -2.353162900501572e-12, 1.1610628873165854e-11]}
[gazebo_direct_motor_model-5] [INFO] [1786550054.962588580] [my_drone_gazebo_direct_motor_model]: MOTOR_DYNAMIC_STATE sim_s=369.196 cmd_min=0.4202 cmd_mean=0.4533 cmd_max=0.4815 filtered_mean=0.4533 filtered_max=0.4815 esc_throttle_mean=0.5131 total_thrust_n=42.6734 body_up_force_n=36.9563 saturated_motors=0 rated_cap_command=1.0000 voltage_v=14.8000 thrust_scale=1.000000 current_a=0.0000
[arm_coupling_monitor-9] [INFO] [1786550055.730513242] [my_drone_arm_coupling_monitor]: ARM_COUPLING_STATE {"com_body_flu_m": [-0.0040021103496508115, 0.00025712360174962555, -0.20426297837851226], "com_shift_m": [-1.922549383887029e-06, 0.0009297801200529934, 0.00021846668280253723], "feedforward_acceleration_ned_m_s2": [-7.401798418802213e-16, 7.556001561764202e-16, 9.126110488557414e-15], "filtered_joint_acceleration_peak_rad_s2": 7.294633049838892e-13, "inertia_diag_kg_m2": [0.2077780028720274, 0.20844069062367632, 0.2128839419086347], "inertia_tensor_frame": "base_link_flu", "inertia_tensor_kg_m2": [[0.2077780028720274, -0.0003466662755145383, 0.0027836146103200434], [-0.0003466662755145383, 0.20844069062367632, 4.4733920726418644e-05], [0.0027836146103200434, 4.4733920726418644e-05, 0.2128839419086347]], "mass_kg": 4.0, "raw_joint_acceleration_peak_rad_s2": 2.434233110244143e-08, "reaction_force_body_n": [-1.1935843989386902e-15, 5.025903952727633e-16, 3.6725982713555084e-14], "reaction_torque_body_nm": [6.286674036088356e-13, 5.3337108936173605e-12, -3.0282280251156514e-12]}
[gazebo_direct_motor_model-5] [INFO] [1786550055.962645664] [my_drone_gazebo_direct_motor_model]: MOTOR_DYNAMIC_STATE sim_s=370.196 cmd_min=0.4111 cmd_mean=0.4552 cmd_max=0.5047 filtered_mean=0.4552 filtered_max=0.5047 esc_throttle_mean=0.5205 total_thrust_n=42.8566 body_up_force_n=37.1149 saturated_motors=0 rated_cap_command=1.0000 voltage_v=14.8000 thrust_scale=1.000000 current_a=0.0000
[gazebo_direct_motor_model-5] [INFO] [1786550056.965481748] [my_drone_gazebo_direct_motor_model]: MOTOR_DYNAMIC_STATE sim_s=371.196 cmd_min=0.3855 cmd_mean=0.4553 cmd_max=0.5011 filtered_mean=0.4553 filtered_max=0.5011 esc_throttle_mean=0.5242 total_thrust_n=42.8648 body_up_force_n=37.1220 saturated_motors=0 rated_cap_command=1.0000 voltage_v=14.8000 thrust_scale=1.000000 current_a=0.0000
[arm_coupling_monitor-9] [INFO] [1786550057.065601153] [my_drone_arm_coupling_monitor]: ARM_COUPLING_STATE {"com_body_flu_m": [-0.004002110349650244, 0.0002571236017487599, -0.20426297837851368], "com_shift_m": [-1.9225493833197743e-06, 0.0009297801200521278, 0.0002184666828011217], "feedforward_acceleration_ned_m_s2": [1.0413328051229882e-16, 1.405492692982205e-15, 6.374345339462962e-15], "filtered_joint_acceleration_peak_rad_s2": 8.329079045061093e-13, "inertia_diag_kg_m2": [0.20777800287202786, 0.20844069062367732, 0.21288394190863524], "inertia_tensor_frame": "base_link_flu", "inertia_tensor_kg_m2": [[0.20777800287202786, -0.0003466662755138598, 0.0027836146103204663], [-0.0003466662755138598, 0.20844069062367732, 4.473392072629548e-05], [0.0027836146103204663, 4.473392072629548e-05, 0.21288394190863524]], "mass_kg": 4.0, "raw_joint_acceleration_peak_rad_s2": 2.8175729978585052e-08, "reaction_force_body_n": [-5.190721476504165e-15, -2.0242151830560527e-15, 2.5511869291683836e-14], "reaction_torque_body_nm": [2.3417508138289334e-12, 4.148781923462339e-12, -2.5361660311306608e-11]}
[gazebo_direct_motor_model-5] [INFO] [1786550057.965982774] [my_drone_gazebo_direct_motor_model]: MOTOR_DYNAMIC_STATE sim_s=372.196 cmd_min=0.3842 cmd_mean=0.4534 cmd_max=0.5140 filtered_mean=0.4534 filtered_max=0.5140 esc_throttle_mean=0.5222 total_thrust_n=42.6803 body_up_force_n=36.9622 saturated_motors=0 rated_cap_command=1.0000 voltage_v=14.8000 thrust_scale=1.000000 current_a=0.0000
[arm_coupling_monitor-9] [INFO] [1786550058.400106818] [my_drone_arm_coupling_monitor]: ARM_COUPLING_STATE {"com_body_flu_m": [-0.004002110349650463, 0.0002571236017480331, -0.2042629783784776], "com_shift_m": [-1.9225493835383495e-06, 0.000929780120051401, 0.00021846668283720394], "feedforward_acceleration_ned_m_s2": [-9.158815859267817e-14, -1.775112212926058e-13, -1.4311494524012423e-11], "filtered_joint_acceleration_peak_rad_s2": 8.004514002363136e-10, "inertia_diag_kg_m2": [0.20777800287201556, 0.2084406906236628, 0.21288394190863322], "inertia_tensor_frame": "base_link_flu", "inertia_tensor_kg_m2": [[0.20777800287201556, -0.0003466662755132377, 0.002783614610300462], [-0.0003466662755132377, 0.2084406906236628, 4.4733920726592116e-05], [0.002783614610300462, 4.4733920726592116e-05, 0.21288394190863322]], "mass_kg": 4.0, "raw_joint_acceleration_peak_rad_s2": 4.750640505956714e-05, "reaction_force_body_n": [5.5888759766039e-13, 5.57632301522676e-13, -5.724610971091877e-11], "reaction_torque_body_nm": [1.45126491412121e-10, -1.6141939355417565e-10, 2.598085740827596e-12]}
[gazebo_direct_motor_model-5] [INFO] [1786550058.960889991] [my_drone_gazebo_direct_motor_model]: MOTOR_DYNAMIC_STATE sim_s=373.196 cmd_min=0.3770 cmd_mean=0.4515 cmd_max=0.5209 filtered_mean=0.4515 filtered_max=0.5209 esc_throttle_mean=0.5214 total_thrust_n=42.5042 body_up_force_n=36.8097 saturated_motors=0 rated_cap_command=1.0000 voltage_v=14.8000 thrust_scale=1.000000 current_a=0.0000
[arm_coupling_monitor-9] [INFO] [1786550059.397216291] [my_drone_arm_coupling_monitor]: ARM_COUPLING_STATE {"com_body_flu_m": [-0.004002110349650475, 0.0002571236017481337, -0.20426297837846788], "com_shift_m": [-1.9225493835504925e-06, 0.0009297801200515016, 0.0002184666828469184], "feedforward_acceleration_ned_m_s2": [7.808928509805573e-16, 1.6191221865729126e-16, -1.835158765037573e-13], "filtered_joint_acceleration_peak_rad_s2": 8.446455789181731e-12, "inertia_diag_kg_m2": [0.20777800287201215, 0.20844069062365883, 0.21288394190863266], "inertia_tensor_frame": "base_link_flu", "inertia_tensor_kg_m2": [[0.20777800287201215, -0.0003466662755132893, 0.002783614610295001], [-0.0003466662755132893, 0.20844069062365883, 4.47339207266988e-05], [0.002783614610295001, 4.47339207266988e-05, 0.21288394190863266]], "mass_kg": 4.0, "raw_joint_acceleration_peak_rad_s2": 8.840764925646092e-09, "reaction_force_body_n": [3.352408705966519e-17, -3.1201294356608968e-15, -7.340638055911061e-13], "reaction_torque_body_nm": [-9.677747415545128e-11, -1.2764904502658926e-10, -5.58337550224514e-12]}
[gazebo_direct_motor_model-5] [INFO] [1786550059.960896792] [my_drone_gazebo_direct_motor_model]: MOTOR_DYNAMIC_STATE sim_s=374.196 cmd_min=0.3688 cmd_mean=0.4506 cmd_max=0.5288 filtered_mean=0.4506 filtered_max=0.5288 esc_throttle_mean=0.5216 total_thrust_n=42.4195 body_up_force_n=36.7364 saturated_motors=0 rated_cap_command=1.0000 voltage_v=14.8000 thrust_scale=1.000000 current_a=0.0000
[arm_coupling_monitor-9] [INFO] [1786550060.721893076] [my_drone_arm_coupling_monitor]: ARM_COUPLING_STATE {"com_body_flu_m": [-0.00400211034965051, 0.0002571236017477659, -0.20426297837845953], "com_shift_m": [-1.922549383585187e-06, 0.0009297801200511338, 0.00021846668285527282], "feedforward_acceleration_ned_m_s2": [-9.825007300620821e-15, 5.127445158709904e-16, -1.2678808990731398e-13], "filtered_joint_acceleration_peak_rad_s2": 1.6400034235079983e-11, "inertia_diag_kg_m2": [0.20777800287200932, 0.2084406906236555, 0.2128839419086321], "inertia_tensor_frame": "base_link_flu", "inertia_tensor_kg_m2": [[0.20777800287200932, -0.00034666627551300567, 0.0027836146102903224], [-0.00034666627551300567, 0.2084406906236555, 4.4733920726753446e-05], [0.0027836146102903224, 4.4733920726753446e-05, 0.2128839419086321]], "mass_kg": 4.0, "raw_joint_acceleration_peak_rad_s2": 8.886674165723451e-09, "reaction_force_body_n": [-1.3280168299688128e-14, 3.714273623907267e-14, -5.071452148630229e-13], "reaction_torque_body_nm": [6.359630206304532e-11, -1.72552829640682e-10, -2.411970096527206e-12]}
[gazebo_direct_motor_model-5] [INFO] [1786550060.967443352] [my_drone_gazebo_direct_motor_model]: MOTOR_DYNAMIC_STATE sim_s=375.196 cmd_min=0.3610 cmd_mean=0.4492 cmd_max=0.5364 filtered_mean=0.4492 filtered_max=0.5364 esc_throttle_mean=0.5218 total_thrust_n=42.2940 body_up_force_n=36.6276 saturated_motors=0 rated_cap_command=1.0000 voltage_v=14.8000 thrust_scale=1.000000 current_a=0.0000
[arm_coupling_monitor-9] [INFO] [1786550061.722109030] [my_drone_arm_coupling_monitor]: ARM_COUPLING_STATE {"com_body_flu_m": [-0.004002110349650763, 0.00025712360174702867, -0.2042629783784634], "com_shift_m": [-1.9225493838384566e-06, 0.0009297801200503965, 0.00021846668285138704], "feedforward_acceleration_ned_m_s2": [-1.768204882837466e-15, -2.4464431248670117e-16, -7.456077942864166e-14], "filtered_joint_acceleration_peak_rad_s2": 9.349768454334256e-12, "inertia_diag_kg_m2": [0.20777800287201065, 0.20844069062365705, 0.21288394190863227], "inertia_tensor_frame": "base_link_flu", "inertia_tensor_kg_m2": [[0.20777800287201065, -0.0003466662755124792, 0.0027836146102928807], [-0.0003466662755124792, 0.20844069062365705, 4.473392072666324e-05], [0.0027836146102928807, 4.473392072666324e-05, 0.21288394190863227]], "mass_kg": 4.0, "raw_joint_acceleration_peak_rad_s2": 8.354610840028983e-09, "reaction_force_body_n": [-1.1631406043164048e-15, 7.083627677704333e-15, -2.98242198517447e-13], "reaction_torque_body_nm": [1.6598957223795717e-10, -1.763337986799083e-11, 1.1248004356285986e-11]}
[gazebo_direct_motor_model-5] [INFO] [1786550061.961154694] [my_drone_gazebo_direct_motor_model]: MOTOR_DYNAMIC_STATE sim_s=376.196 cmd_min=0.3551 cmd_mean=0.4509 cmd_max=0.5477 filtered_mean=0.4509 filtered_max=0.5477 esc_throttle_mean=0.5249 total_thrust_n=42.4488 body_up_force_n=36.7617 saturated_motors=0 rated_cap_command=1.0000 voltage_v=14.8000 thrust_scale=1.000000 current_a=0.0000
[arm_coupling_monitor-9] [INFO] [1786550062.723077912] [my_drone_arm_coupling_monitor]: ARM_COUPLING_STATE {"com_body_flu_m": [-0.004002110349650919, 0.0002571236017467806, -0.20426297837846452], "com_shift_m": [-1.9225493839945818e-06, 0.0009297801200501485, 0.00021846668285027682], "feedforward_acceleration_ned_m_s2": [-7.085993084600053e-15, -2.723962971378022e-15, -8.517359475136356e-14], "filtered_joint_acceleration_peak_rad_s2": 3.1113152549097774e-11, "inertia_diag_kg_m2": [0.20777800287201104, 0.20844069062365742, 0.21288394190863247], "inertia_tensor_frame": "base_link_flu", "inertia_tensor_kg_m2": [[0.20777800287201104, -0.0003466662755122669, 0.0027836146102936344], [-0.0003466662755122669, 0.20844069062365742, 4.473392072659472e-05], [0.0027836146102936344, 4.473392072659472e-05, 0.21288394190863247]], "mass_kg": 4.0, "raw_joint_acceleration_peak_rad_s2": 8.542195759295308e-09, "reaction_force_body_n": [2.2962415385394005e-15, 3.02981034264829e-14, -3.4069269502837586e-13], "reaction_torque_body_nm": [1.0235234482424396e-10, -6.790686284492773e-11, 6.777044125426172e-12]}
[gazebo_direct_motor_model-5] [INFO] [1786550062.961738478] [my_drone_gazebo_direct_motor_model]: MOTOR_DYNAMIC_STATE sim_s=377.196 cmd_min=0.3519 cmd_mean=0.4525 cmd_max=0.5569 filtered_mean=0.4525 filtered_max=0.5569 esc_throttle_mean=0.5280 total_thrust_n=42.5983 body_up_force_n=36.8912 saturated_motors=0 rated_cap_command=1.0000 voltage_v=14.8000 thrust_scale=1.000000 current_a=0.0000
[gazebo_direct_motor_model-5] [INFO] [1786550063.962438235] [my_drone_gazebo_direct_motor_model]: MOTOR_DYNAMIC_STATE sim_s=378.196 cmd_min=0.3468 cmd_mean=0.4528 cmd_max=0.5655 filtered_mean=0.4528 filtered_max=0.5655 esc_throttle_mean=0.5301 total_thrust_n=42.6317 body_up_force_n=36.9201 saturated_motors=0 rated_cap_command=1.0000 voltage_v=14.8000 thrust_scale=1.000000 current_a=0.0000
[arm_coupling_monitor-9] [INFO] [1786550064.041248204] [my_drone_arm_coupling_monitor]: ARM_COUPLING_STATE {"com_body_flu_m": [-0.004002110349651172, 0.00025712360174708244, -0.2042629783784653], "com_shift_m": [-1.9225493842478514e-06, 0.0009297801200504503, 0.00021846668284949966], "feedforward_acceleration_ned_m_s2": [-4.528404906655453e-14, -5.70025086456816e-15, -9.228900862822783e-14], "filtered_joint_acceleration_peak_rad_s2": 9.358595031732238e-11, "inertia_diag_kg_m2": [0.20777800287201126, 0.20844069062365767, 0.21288394190863233], "inertia_tensor_frame": "base_link_flu", "inertia_tensor_kg_m2": [[0.20777800287201126, -0.00034666627551241825, 0.0027836146102943283], [-0.00034666627551241825, 0.20844069062365767, 4.473392072653574e-05], [0.0027836146102943283, 4.473392072653574e-05, 0.21288394190863233]], "mass_kg": 4.0, "raw_joint_acceleration_peak_rad_s2": 6.780897674927663e-09, "reaction_force_body_n": [-2.9659292560628045e-14, 1.8018905685433995e-13, -3.691322463948961e-13], "reaction_torque_body_nm": [3.201292045032824e-10, -7.61785407241706e-11, 7.0016808356845435e-12]}
[gazebo_direct_motor_model-5] [INFO] [1786550064.964188302] [my_drone_gazebo_direct_motor_model]: MOTOR_DYNAMIC_STATE sim_s=379.196 cmd_min=0.3422 cmd_mean=0.4527 cmd_max=0.5740 filtered_mean=0.4527 filtered_max=0.5740 esc_throttle_mean=0.5320 total_thrust_n=42.6195 body_up_force_n=36.9096 saturated_motors=0 rated_cap_command=1.0000 voltage_v=14.8000 thrust_scale=1.000000 current_a=0.0000
[arm_coupling_monitor-9] [INFO] [1786550065.067344605] [my_drone_arm_coupling_monitor]: ARM_COUPLING_STATE {"com_body_flu_m": [-0.00400211034965136, 0.0002571236017471397, -0.2042629783784612], "com_shift_m": [-1.9225493844352015e-06, 0.0009297801200505076, 0.00021846668285360749], "feedforward_acceleration_ned_m_s2": [-2.0612733072765e-15, -5.212598072798592e-16, 2.2077358430884663e-14], "filtered_joint_acceleration_peak_rad_s2": 4.109099597587626e-12, "inertia_diag_kg_m2": [0.20777800287200984, 0.20844069062365594, 0.21288394190863205], "inertia_tensor_frame": "base_link_flu", "inertia_tensor_kg_m2": [[0.20777800287200984, -0.0003466662755124269, 0.0027836146102922475], [-0.0003466662755124269, 0.20844069062365594, 4.4733920726556554e-05], [0.0027836146102922475, 4.4733920726556554e-05, 0.21288394190863205]], "mass_kg": 4.0, "raw_joint_acceleration_peak_rad_s2": 1.3506348708653595e-08, "reaction_force_body_n": [-3.121597846468735e-16, 8.491636426814243e-15, 8.831013363470431e-14], "reaction_torque_body_nm": [-1.8983602760560414e-11, -7.384589947074953e-12, -4.053041112314591e-12]}
[gazebo_direct_motor_model-5] [INFO] [1786550065.963751181] [my_drone_gazebo_direct_motor_model]: MOTOR_DYNAMIC_STATE sim_s=380.196 cmd_min=0.3378 cmd_mean=0.4513 cmd_max=0.5834 filtered_mean=0.4513 filtered_max=0.5834 esc_throttle_mean=0.5328 total_thrust_n=42.4874 body_up_force_n=36.7952 saturated_motors=0 rated_cap_command=1.0000 voltage_v=14.8000 thrust_scale=1.000000 current_a=0.0000
[arm_coupling_monitor-9] [INFO] [1786550066.391986248] [my_drone_arm_coupling_monitor]: ARM_COUPLING_STATE {"com_body_flu_m": [-0.004002110349651228, 0.000257123601746876, -0.2042629783784427], "com_shift_m": [-1.9225493843033625e-06, 0.0009297801200502439, 0.0002184666828720927], "feedforward_acceleration_ned_m_s2": [-2.1613929798421267e-14, -2.2404169429569934e-16, -2.0045337653408584e-13], "filtered_joint_acceleration_peak_rad_s2": 4.0579054296489843e-11, "inertia_diag_kg_m2": [0.2077780028720035, 0.20844069062364853, 0.2128839419086309], "inertia_tensor_frame": "base_link_flu", "inertia_tensor_kg_m2": [[0.2077780028720035, -0.00034666627551222656, 0.0027836146102816527], [-0.00034666627551222656, 0.20844069062364853, 4.473392072675431e-05], [0.0027836146102816527, 4.473392072675431e-05, 0.2128839419086309]], "mass_kg": 4.0, "raw_joint_acceleration_peak_rad_s2": 5.705327486463754e-09, "reaction_force_body_n": [-2.393007823336314e-14, 8.321874787907048e-14, -8.017994041379868e-13], "reaction_torque_body_nm": [2.6348326590091474e-10, -2.8066689398578247e-10, 3.669711234754721e-12]}
[gazebo_direct_motor_model-5] [INFO] [1786550066.959616671] [my_drone_gazebo_direct_motor_model]: MOTOR_DYNAMIC_STATE sim_s=381.196 cmd_min=0.3246 cmd_mean=0.4514 cmd_max=0.5939 filtered_mean=0.4514 filtered_max=0.5939 esc_throttle_mean=0.5348 total_thrust_n=42.4924 body_up_force_n=36.7995 saturated_motors=0 rated_cap_command=1.0000 voltage_v=14.8000 thrust_scale=1.000000 current_a=0.0000
[arm_coupling_monitor-9] [INFO] [1786550067.402010607] [my_drone_arm_coupling_monitor]: ARM_COUPLING_STATE {"com_body_flu_m": [-0.004002110349650843, 0.00025712360174699744, -0.20426297837842658], "com_shift_m": [-1.922549383918254e-06, 0.0009297801200503653, 0.0002184666828882187], "feedforward_acceleration_ned_m_s2": [-1.666936154520748e-14, -7.040306010963394e-16, -1.3584243740763453e-13], "filtered_joint_acceleration_peak_rad_s2": 3.2501960764871764e-11, "inertia_diag_kg_m2": [0.20777800287199802, 0.2084406906236421, 0.21288394190863008], "inertia_tensor_frame": "base_link_flu", "inertia_tensor_kg_m2": [[0.20777800287199802, -0.0003466662755122504, 0.0027836146102718866], [-0.0003466662755122504, 0.2084406906236421, 4.473392072688789e-05], [0.0027836146102718866, 4.473392072688789e-05, 0.21288394190863008]], "mass_kg": 4.0, "raw_joint_acceleration_peak_rad_s2": 9.041958262809138e-09, "reaction_force_body_n": [-1.6394327266035998e-14, 6.477811974407223e-14, -5.433594744035154e-13], "reaction_torque_body_nm": [1.0811922815354149e-10, -2.638416547599026e-10, -3.676268947339018e-12]}
[gazebo_direct_motor_model-5] [INFO] [1786550067.966963027] [my_drone_gazebo_direct_motor_model]: MOTOR_DYNAMIC_STATE sim_s=382.196 cmd_min=0.3072 cmd_mean=0.4506 cmd_max=0.6029 filtered_mean=0.4506 filtered_max=0.6029 esc_throttle_mean=0.5363 total_thrust_n=42.4216 body_up_force_n=36.7382 saturated_motors=0 rated_cap_command=1.0000 voltage_v=14.8000 thrust_scale=1.000000 current_a=0.0000
[arm_coupling_monitor-9] [INFO] [1786550068.404434666] [my_drone_arm_coupling_monitor]: ARM_COUPLING_STATE {"com_body_flu_m": [-0.004002110349650414, 0.00025712360174719173, -0.2042629783784093], "com_shift_m": [-1.9225493834897772e-06, 0.0009297801200505596, 0.0002184666829055104], "feedforward_acceleration_ned_m_s2": [1.0862135671962764e-15, 2.87437303494458e-16, -1.198597788097185e-14], "filtered_joint_acceleration_peak_rad_s2": 5.729817955011368e-13, "inertia_diag_kg_m2": [0.20777800287199216, 0.20844069062363535, 0.21288394190862917], "inertia_tensor_frame": "base_link_flu", "inertia_tensor_kg_m2": [[0.20777800287199216, -0.00034666627551237315, 0.0027836146102615386], [-0.00034666627551237315, 0.20844069062363535, 4.473392072709085e-05], [0.0027836146102615386, 4.473392072709085e-05, 0.21288394190862917]], "mass_kg": 4.0, "raw_joint_acceleration_peak_rad_s2": 2.0350697797842628e-08, "reaction_force_body_n": [8.155661606273754e-17, -4.492025953003411e-15, -4.794406517430792e-14], "reaction_torque_body_nm": [-3.798554324804037e-12, -8.163787712473223e-11, 5.46238468747318e-12]}
[gazebo_direct_motor_model-5] [INFO] [1786550068.971265974] [my_drone_gazebo_direct_motor_model]: MOTOR_DYNAMIC_STATE sim_s=383.196 cmd_min=0.3163 cmd_mean=0.4498 cmd_max=0.5861 filtered_mean=0.4498 filtered_max=0.5861 esc_throttle_mean=0.5317 total_thrust_n=42.3481 body_up_force_n=36.6745 saturated_motors=0 rated_cap_command=1.0000 voltage_v=14.8000 thrust_scale=1.000000 current_a=0.0000
[arm_coupling_monitor-9] [INFO] [1786550069.737385078] [my_drone_arm_coupling_monitor]: ARM_COUPLING_STATE {"com_body_flu_m": [-0.004002110349649547, 0.0002571236017488744, -0.2042629783783911], "com_shift_m": [-1.9225493826224155e-06, 0.0009297801200522423, 0.00021846668292369031], "feedforward_acceleration_ned_m_s2": [-2.6981686975119667e-15, -3.0377987928293565e-15, 2.5025653087679872e-14], "filtered_joint_acceleration_peak_rad_s2": 2.7844885498415545e-12, "inertia_diag_kg_m2": [0.20777800287198595, 0.20844069062362827, 0.21288394190862814], "inertia_tensor_frame": "base_link_flu", "inertia_tensor_kg_m2": [[0.20777800287198595, -0.0003466662755137388, 0.0027836146102504563], [-0.0003466662755137388, 0.20844069062362827, 4.473392072760346e-05], [0.0027836146102504563, 4.473392072760346e-05, 0.21288394190862814]], "mass_kg": 4.0, "raw_joint_acceleration_peak_rad_s2": 1.8575519269371912e-08, "reaction_force_body_n": [1.0655447201409237e-14, 1.2303703105605593e-14, 1.0009868484391136e-13], "reaction_torque_body_nm": [7.091269790211409e-12, -4.673720856947889e-11, 7.228979090384366e-12]}
[gazebo_direct_motor_model-5] [INFO] [1786550069.962299465] [my_drone_gazebo_direct_motor_model]: MOTOR_DYNAMIC_STATE sim_s=384.196 cmd_min=0.3334 cmd_mean=0.4490 cmd_max=0.5583 filtered_mean=0.4490 filtered_max=0.5583 esc_throttle_mean=0.5256 total_thrust_n=42.2691 body_up_force_n=36.6061 saturated_motors=0 rated_cap_command=1.0000 voltage_v=14.8000 thrust_scale=1.000000 current_a=0.0000
[gazebo_direct_motor_model-5] [INFO] [1786550070.967267739] [my_drone_gazebo_direct_motor_model]: MOTOR_DYNAMIC_STATE sim_s=385.196 cmd_min=0.3563 cmd_mean=0.4464 cmd_max=0.5228 filtered_mean=0.4464 filtered_max=0.5228 esc_throttle_mean=0.5179 total_thrust_n=42.0298 body_up_force_n=36.3989 saturated_motors=0 rated_cap_command=1.0000 voltage_v=14.8000 thrust_scale=1.000000 current_a=0.0000
[arm_coupling_monitor-9] [INFO] [1786550071.048247594] [my_drone_arm_coupling_monitor]: ARM_COUPLING_STATE {"com_body_flu_m": [-0.004002110349648435, 0.00025712360175066465, -0.20426297837836688], "com_shift_m": [-1.9225493815104577e-06, 0.0009297801200540325, 0.00021846668294792093], "feedforward_acceleration_ned_m_s2": [1.1430153158850586e-16, 3.77954400375353e-15, -9.307094507906975e-15], "filtered_joint_acceleration_peak_rad_s2": 2.9332029264256996e-12, "inertia_diag_kg_m2": [0.20777800287197767, 0.2084406906236188, 0.21288394190862697], "inertia_tensor_frame": "base_link_flu", "inertia_tensor_kg_m2": [[0.20777800287197767, -0.00034666627551518166, 0.0027836146102356196], [-0.00034666627551518166, 0.2084406906236188, 4.473392072820107e-05], [0.0027836146102356196, 4.473392072820107e-05, 0.21288394190862697]], "mass_kg": 4.0, "raw_joint_acceleration_peak_rad_s2": 2.0199137501412252e-09, "reaction_force_body_n": [-1.5138312028117603e-14, 1.198527855781647e-16, -3.7222809654536526e-14], "reaction_torque_body_nm": [-1.988923526176198e-12, -1.3553252888369308e-10, 9.065944786331119e-12]}
[gazebo_direct_motor_model-5] [INFO] [1786550071.968628026] [my_drone_gazebo_direct_motor_model]: MOTOR_DYNAMIC_STATE sim_s=386.196 cmd_min=0.3563 cmd_mean=0.4461 cmd_max=0.5166 filtered_mean=0.4461 filtered_max=0.5166 esc_throttle_mean=0.5171 total_thrust_n=42.0022 body_up_force_n=36.3750 saturated_motors=0 rated_cap_command=1.0000 voltage_v=14.8000 thrust_scale=1.000000 current_a=0.0000
[arm_coupling_monitor-9] [INFO] [1786550072.062801531] [my_drone_arm_coupling_monitor]: ARM_COUPLING_STATE {"com_body_flu_m": [-0.00400211034964814, 0.0002571236017514418, -0.20426297837835813], "com_shift_m": [-1.9225493812155547e-06, 0.0009297801200548097, 0.00021846668295666394], "feedforward_acceleration_ned_m_s2": [7.763138891331526e-15, 1.0451137341967655e-14, -3.1541170573360316e-13], "filtered_joint_acceleration_peak_rad_s2": 2.601072564283407e-11, "inertia_diag_kg_m2": [0.20777800287197468, 0.20844069062361537, 0.21288394190862647], "inertia_tensor_frame": "base_link_flu", "inertia_tensor_kg_m2": [[0.20777800287197468, -0.00034666627551581614, 0.0027836146102305217], [-0.00034666627551581614, 0.20844069062361537, 4.473392072844827e-05], [0.0027836146102305217, 4.473392072844827e-05, 0.21288394190862647]], "mass_kg": 4.0, "raw_joint_acceleration_peak_rad_s2": 1.4275447143964702e-09, "reaction_force_body_n": [-4.5094045097061507e-14, -2.6833952487005718e-14, -1.261630315689265e-12], "reaction_torque_body_nm": [-1.4068083610652426e-10, -3.6544809878521566e-10, -1.4684008757011807e-11]}
[gazebo_direct_motor_model-5] [INFO] [1786550072.963859951] [my_drone_gazebo_direct_motor_model]: MOTOR_DYNAMIC_STATE sim_s=387.196 cmd_min=0.3588 cmd_mean=0.4446 cmd_max=0.5081 filtered_mean=0.4446 filtered_max=0.5081 esc_throttle_mean=0.5134 total_thrust_n=41.8536 body_up_force_n=36.2463 saturated_motors=0 rated_cap_command=1.0000 voltage_v=14.8000 thrust_scale=1.000000 current_a=0.0000
[arm_coupling_monitor-9] [INFO] [1786550073.390928292] [my_drone_arm_coupling_monitor]: ARM_COUPLING_STATE {"com_body_flu_m": [-0.004002110349647682, 0.0002571236017521461, -0.2042629783783404], "com_shift_m": [-1.9225493807575877e-06, 0.000929780120055514, 0.00021846668297439975], "feedforward_acceleration_ned_m_s2": [-2.2496746723507697e-15, -1.372958185273612e-15, -7.407017919364091e-14], "filtered_joint_acceleration_peak_rad_s2": 8.821462454917402e-12, "inertia_diag_kg_m2": [0.2077780028719686, 0.2084406906236084, 0.2128839419086255], "inertia_tensor_frame": "base_link_flu", "inertia_tensor_kg_m2": [[0.2077780028719686, -0.00034666627551637233, 0.00278361461022006], [-0.00034666627551637233, 0.2084406906236084, 4.4733920728772664e-05], [0.00278361461022006, 4.4733920728772664e-05, 0.2128839419086255]], "mass_kg": 4.0, "raw_joint_acceleration_peak_rad_s2": 1.593530862812494e-09, "reaction_force_body_n": [6.233025932802029e-15, 8.421119586650952e-15, -2.9628303034435896e-13], "reaction_torque_body_nm": [-6.023115258674749e-11, -1.1945321467395455e-10, -7.0105208464154245e-12]}
[gazebo_direct_motor_model-5] [INFO] [1786550073.967332672] [my_drone_gazebo_direct_motor_model]: MOTOR_DYNAMIC_STATE sim_s=388.196 cmd_min=0.3615 cmd_mean=0.4435 cmd_max=0.5017 filtered_mean=0.4435 filtered_max=0.5017 esc_throttle_mean=0.5080 total_thrust_n=41.7571 body_up_force_n=36.1627 saturated_motors=0 rated_cap_command=1.0000 voltage_v=14.8000 thrust_scale=1.000000 current_a=0.0000
[arm_coupling_monitor-9] [INFO] [1786550074.396900042] [my_drone_arm_coupling_monitor]: ARM_COUPLING_STATE {"com_body_flu_m": [-0.004002110349647429, 0.0002571236017525347, -0.204262978378327], "com_shift_m": [-1.922549380504318e-06, 0.0009297801200559026, 0.0002184666829878057], "feedforward_acceleration_ned_m_s2": [-5.483555241140375e-15, -1.0283382981664933e-14, 7.294707556724674e-14], "filtered_joint_acceleration_peak_rad_s2": 1.067316941109416e-11, "inertia_diag_kg_m2": [0.20777800287196402, 0.20844069062360307, 0.21288394190862484], "inertia_tensor_frame": "base_link_flu", "inertia_tensor_kg_m2": [[0.20777800287196402, -0.0003466662755166718, 0.0027836146102122143], [-0.0003466662755166718, 0.20844069062360307, 4.4733920728989504e-05], [0.0027836146102122143, 4.4733920728989504e-05, 0.21288394190862484]], "mass_kg": 4.0, "raw_joint_acceleration_peak_rad_s2": 1.3946382026594505e-09, "reaction_force_body_n": [4.3181391208742877e-14, 1.7824295798023263e-14, 2.917724331935481e-13], "reaction_torque_body_nm": [-2.030336780041786e-11, 5.557025119400461e-11, -5.8047677676979965e-12]}
[gazebo_direct_motor_model-5] [INFO] [1786550074.963537595] [my_drone_gazebo_direct_motor_model]: MOTOR_DYNAMIC_STATE sim_s=389.196 cmd_min=0.3627 cmd_mean=0.4426 cmd_max=0.4960 filtered_mean=0.4426 filtered_max=0.4960 esc_throttle_mean=0.5107 total_thrust_n=41.6718 body_up_force_n=36.0888 saturated_motors=0 rated_cap_command=1.0000 voltage_v=14.8000 thrust_scale=1.000000 current_a=0.0000
[arm_coupling_monitor-9] [INFO] [1786550075.728351953] [my_drone_arm_coupling_monitor]: ARM_COUPLING_STATE {"com_body_flu_m": [-0.004002110349646966, 0.00025712360175302387, -0.2042629783783071], "com_shift_m": [-1.922549380041147e-06, 0.0009297801200563918, 0.00021846668300770644], "feedforward_acceleration_ned_m_s2": [-1.3998420784391613e-15, -3.125015790848923e-15, -1.479760107432203e-14], "filtered_joint_acceleration_peak_rad_s2": 2.0963378874757693e-12, "inertia_diag_kg_m2": [0.20777800287195722, 0.20844069062359522, 0.21288394190862367], "inertia_tensor_frame": "base_link_flu", "inertia_tensor_kg_m2": [[0.20777800287195722, -0.00034666627551704346, 0.0027836146102004347], [-0.00034666627551704346, 0.20844069062359522, 4.473392072929048e-05], [0.0027836146102004347, 4.473392072929048e-05, 0.21288394190862367]], "mass_kg": 4.0, "raw_joint_acceleration_peak_rad_s2": 1.2611180545971947e-09, "reaction_force_body_n": [1.2970694332918374e-14, 4.3384444920073e-15, -5.919499517180637e-14], "reaction_torque_body_nm": [-2.2809218747695084e-11, -4.8694396592642255e-11, -2.367295478008831e-12]}
[gazebo_direct_motor_model-5] [INFO] [1786550075.967451384] [my_drone_gazebo_direct_motor_model]: MOTOR_DYNAMIC_STATE sim_s=390.196 cmd_min=0.3626 cmd_mean=0.4427 cmd_max=0.4896 filtered_mean=0.4427 filtered_max=0.4896 esc_throttle_mean=0.5138 total_thrust_n=41.6783 body_up_force_n=36.0945 saturated_motors=0 rated_cap_command=1.0000 voltage_v=14.8000 thrust_scale=1.000000 current_a=0.0000
[arm_coupling_monitor-9] [INFO] [1786550076.722654368] [my_drone_arm_coupling_monitor]: ARM_COUPLING_STATE {"com_body_flu_m": [-0.004002110349647746, 0.00025712360175263356, -0.20426297837834143], "com_shift_m": [-1.9225493808217725e-06, 0.0009297801200560014, 0.0002184666829733728], "feedforward_acceleration_ned_m_s2": [-1.0414761783481758e-14, -5.250318339070668e-15, 4.738793251733495e-13], "filtered_joint_acceleration_peak_rad_s2": 3.33033622282706e-11, "inertia_diag_kg_m2": [0.20777800287196896, 0.2084406906236088, 0.2128839419086256], "inertia_tensor_frame": "base_link_flu", "inertia_tensor_kg_m2": [[0.20777800287196896, -0.000346666275516785, 0.0027836146102208667], [-0.000346666275516785, 0.2084406906236088, 4.473392072887241e-05], [0.0027836146102208667, 4.473392072887241e-05, 0.2128839419086256]], "mass_kg": 4.0, "raw_joint_acceleration_peak_rad_s2": 3.5401197598203533e-07, "reaction_force_body_n": [2.495796061672757e-14, 4.1240423844819015e-14, 1.8954784869688263e-12], "reaction_torque_body_nm": [1.3908951825229415e-10, 4.1785215356286e-10, 6.050936583344199e-12]}
[gazebo_direct_motor_model-5] [INFO] [1786550076.974577296] [my_drone_gazebo_direct_motor_model]: MOTOR_DYNAMIC_STATE sim_s=391.196 cmd_min=0.3646 cmd_mean=0.4427 cmd_max=0.4927 filtered_mean=0.4427 filtered_max=0.4927 esc_throttle_mean=0.5140 total_thrust_n=41.6742 body_up_force_n=36.0909 saturated_motors=0 rated_cap_command=1.0000 voltage_v=14.8000 thrust_scale=1.000000 current_a=0.0000
[arm_coupling_monitor-9] [INFO] [1786550077.737202562] [my_drone_arm_coupling_monitor]: ARM_COUPLING_STATE {"com_body_flu_m": [-0.004002110349647871, 0.0002571236017523699, -0.2042629783783575], "com_shift_m": [-1.9225493809466726e-06, 0.0009297801200557378, 0.00021846668295730232], "feedforward_acceleration_ned_m_s2": [1.9874690617115694e-14, 1.5991544830631557e-14, -4.932074947104818e-13], "filtered_joint_acceleration_peak_rad_s2": 4.033898005552391e-11, "inertia_diag_kg_m2": [0.20777800287197437, 0.20844069062361525, 0.21288394190862653], "inertia_tensor_frame": "base_link_flu", "inertia_tensor_kg_m2": [[0.20777800287197437, -0.0003466662755165933, 0.0027836146102300213], [-0.0003466662755165933, 0.20844069062361525, 4.4733920728644294e-05], [0.0027836146102300213, 4.4733920728644294e-05, 0.21288394190862653]], "mass_kg": 4.0, "raw_joint_acceleration_peak_rad_s2": 2.7570385210819364e-09, "reaction_force_body_n": [-7.140495686206447e-14, -7.478574456860521e-14, -1.972759051504624e-12], "reaction_torque_body_nm": [-8.628844073802527e-11, -5.106262229168331e-10, 1.360969459359714e-11]}
[gazebo_direct_motor_model-5] [INFO] [1786550077.958749701] [my_drone_gazebo_direct_motor_model]: MOTOR_DYNAMIC_STATE sim_s=392.196 cmd_min=0.3642 cmd_mean=0.4429 cmd_max=0.5068 filtered_mean=0.4429 filtered_max=0.5068 esc_throttle_mean=0.5147 total_thrust_n=41.6998 body_up_force_n=36.1131 saturated_motors=0 rated_cap_command=1.0000 voltage_v=14.8000 thrust_scale=1.000000 current_a=0.0000
[gazebo_direct_motor_model-5] [INFO] [1786550078.965176547] [my_drone_gazebo_direct_motor_model]: MOTOR_DYNAMIC_STATE sim_s=393.196 cmd_min=0.3656 cmd_mean=0.4435 cmd_max=0.5198 filtered_mean=0.4435 filtered_max=0.5198 esc_throttle_mean=0.5155 total_thrust_n=41.7560 body_up_force_n=36.1617 saturated_motors=0 rated_cap_command=1.0000 voltage_v=14.8000 thrust_scale=1.000000 current_a=0.0000
[arm_coupling_monitor-9] [INFO] [1786550079.059088418] [my_drone_arm_coupling_monitor]: ARM_COUPLING_STATE {"com_body_flu_m": [-0.004002110349648445, 0.0002571236017515164, -0.204262978378398], "com_shift_m": [-1.922549381520866e-06, 0.0009297801200548843, 0.00021846668291680693], "feedforward_acceleration_ned_m_s2": [3.3175497333509416e-15, 2.001054799335141e-15, -1.4706726895158707e-13], "filtered_joint_acceleration_peak_rad_s2": 1.04787138019908e-11, "inertia_diag_kg_m2": [0.20777800287198833, 0.20844069062363135, 0.21288394190862878], "inertia_tensor_frame": "base_link_flu", "inertia_tensor_kg_m2": [[0.20777800287198833, -0.0003466662755159469, 0.002783614610253416], [-0.0003466662755159469, 0.20844069062363135, 4.4733920728045815e-05], [0.002783614610253416, 4.4733920728045815e-05, 0.21288394190862878]], "mass_kg": 4.0, "raw_joint_acceleration_peak_rad_s2": 4.7738410447368525e-09, "reaction_force_body_n": [-9.13518889171008e-15, -1.293037799185873e-14, -5.882601677010323e-13], "reaction_torque_body_nm": [2.0672876350465674e-12, 4.344687484273151e-11, -2.4619401491887333e-12]}
[gazebo_direct_motor_model-5] [INFO] [1786550079.963564527] [my_drone_gazebo_direct_motor_model]: MOTOR_DYNAMIC_STATE sim_s=394.196 cmd_min=0.3656 cmd_mean=0.4430 cmd_max=0.5317 filtered_mean=0.4430 filtered_max=0.5317 esc_throttle_mean=0.5130 total_thrust_n=41.7066 body_up_force_n=36.1190 saturated_motors=0 rated_cap_command=1.0000 voltage_v=14.8000 thrust_scale=1.000000 current_a=0.0000
[arm_coupling_monitor-9] [INFO] [1786550080.068172173] [my_drone_arm_coupling_monitor]: ARM_COUPLING_STATE {"com_body_flu_m": [-0.004002110349649184, 0.00025712360175049465, -0.20426297837844], "com_shift_m": [-1.9225493822598583e-06, 0.0009297801200538625, 0.000218466682874785], "feedforward_acceleration_ned_m_s2": [-5.5579108814838e-15, -7.945004026128213e-15, -8.037401004455358e-14], "filtered_joint_acceleration_peak_rad_s2": 1.2111201063529606e-11, "inertia_diag_kg_m2": [0.20777800287200265, 0.20844069062364806, 0.21288394190863105], "inertia_tensor_frame": "base_link_flu", "inertia_tensor_kg_m2": [[0.20777800287200265, -0.00034666627551516974, 0.002783614610277905], [-0.00034666627551516974, 0.20844069062364806, 4.47339207274057e-05], [0.002783614610277905, 4.47339207274057e-05, 0.21288394190863105]], "mass_kg": 4.0, "raw_joint_acceleration_peak_rad_s2": 2.624577126836066e-07, "reaction_force_body_n": [3.4409558457309305e-14, 1.9030683543115602e-14, -3.214307617798803e-13], "reaction_torque_body_nm": [-1.0925077109449011e-11, 1.0936325587486969e-10, -9.773379009701742e-12]}
[gazebo_direct_motor_model-5] [INFO] [1786550080.966342049] [my_drone_gazebo_direct_motor_model]: MOTOR_DYNAMIC_STATE sim_s=395.196 cmd_min=0.3639 cmd_mean=0.4420 cmd_max=0.5443 filtered_mean=0.4420 filtered_max=0.5443 esc_throttle_mean=0.5101 total_thrust_n=41.6100 body_up_force_n=36.0354 saturated_motors=0 rated_cap_command=1.0000 voltage_v=14.8000 thrust_scale=1.000000 current_a=0.0000
[arm_coupling_monitor-9] [INFO] [1786550081.079567048] [my_drone_arm_coupling_monitor]: ARM_COUPLING_STATE {"com_body_flu_m": [-0.0040021103496496735, 0.0002571236017496828, -0.2042629783784789], "com_shift_m": [-1.9225493827490503e-06, 0.0009297801200530507, 0.00021846668283589943], "feedforward_acceleration_ned_m_s2": [-8.446575598770405e-15, -5.329207589174114e-15, 3.512920875304296e-13], "filtered_joint_acceleration_peak_rad_s2": 2.507916232130802e-11, "inertia_diag_kg_m2": [0.20777800287201598, 0.2084406906236634, 0.21288394190863327], "inertia_tensor_frame": "base_link_flu", "inertia_tensor_kg_m2": [[0.20777800287201598, -0.0003466662755145563, 0.0027836146103003075], [-0.0003466662755145563, 0.2084406906236634, 4.473392072682804e-05], [0.0027836146103003075, 4.473392072682804e-05, 0.21288394190863327]], "mass_kg": 4.0, "raw_joint_acceleration_peak_rad_s2": 5.411347585278755e-09, "reaction_force_body_n": [2.1819780182311742e-14, 3.154929527111465e-14, 1.4052126361623966e-12], "reaction_torque_body_nm": [1.5732165232530514e-10, 4.724833817043024e-10, 6.8593759131927765e-12]}
[gazebo_direct_motor_model-5] [INFO] [1786550081.962718922] [my_drone_gazebo_direct_motor_model]: MOTOR_DYNAMIC_STATE sim_s=396.196 cmd_min=0.3661 cmd_mean=0.4426 cmd_max=0.5564 filtered_mean=0.4426 filtered_max=0.5564 esc_throttle_mean=0.5102 total_thrust_n=41.6695 body_up_force_n=36.0868 saturated_motors=0 rated_cap_command=1.0000 voltage_v=14.8000 thrust_scale=1.000000 current_a=0.0000
[arm_coupling_monitor-9] [INFO] [1786550082.415387914] [my_drone_arm_coupling_monitor]: ARM_COUPLING_STATE {"com_body_flu_m": [-0.00400211034965006, 0.000257123601748923, -0.20426297837851531], "com_shift_m": [-1.9225493831358936e-06, 0.0009297801200522909, 0.0002184666827994841], "feedforward_acceleration_ned_m_s2": [1.1166142329108055e-16, 2.323547218351183e-16, -2.854534111715738e-15], "filtered_joint_acceleration_peak_rad_s2": 3.249834139785572e-13, "inertia_diag_kg_m2": [0.20777800287202847, 0.20844069062367798, 0.2128839419086354], "inertia_tensor_frame": "base_link_flu", "inertia_tensor_kg_m2": [[0.20777800287202847, -0.00034666627551398384, 0.0027836146103212217], [-0.00034666627551398384, 0.20844069062367798, 4.473392072629721e-05], [0.0027836146103212217, 4.473392072629721e-05, 0.2128839419086354]], "mass_kg": 4.0, "raw_joint_acceleration_peak_rad_s2": 9.17038840693225e-09, "reaction_force_body_n": [-8.106825872444054e-16, -3.576627596722272e-16, -1.1430311581738704e-14], "reaction_torque_body_nm": [-3.242477236326687e-13, -1.2922167898668538e-12, -2.0341440730118536e-12]}
